<?xml version="1.0" encoding="UTF-8"?>
<wiki:nominee year="1944" span="1" winner="true" award="supporting-actress" xmlns:wiki="http://marklogic.com/wikipedia">
  <!--
                            Copyright (c) 2010 MarkLogic Corporation.
                            Permission is granted to copy, distribute and/or modify this document
                            under the terms of the GNU Free Documentation License, Version 1.2
                            or any later version published by the Free Software Foundation;
                            with no Invariant Sections, no Front-Cover Texts, and no Back-Cover Texts.
                            A copy of the license is included in the section entitled "GNU
                            Free Documentation License"
                            
                            Content derived from http://en.wikipedia.org/wiki/None_but_the_Lonely_Heart_(film) and http://en.wikipedia.org/wiki/Ethel_Barrymore
                            Modified in May 2009 by Mark Logic Corporation under the terms of the GNU Free Documentation License.
                        -->
  <wiki:name link="/wiki/Ethel_Barrymore">Ethel Barrymore</wiki:name>
  <wiki:person link="/wiki/Ethel_Barrymore" name="Ethel Barrymore">
    <wiki:oscar year="1944" span="1" winner="true" award="supporting-actress" film-link="/wiki/None_but_the_Lonely_Heart_(film)" film-title="None but the Lonely Heart"/>
    <wiki:oscar year="1946" span="1" winner="false" award="supporting-actress" film-link="/wiki/The_Spiral_Staircase" film-title="The Spiral Staircase"/>
    <wiki:oscar year="1947" span="1" winner="false" award="supporting-actress" film-link="/wiki/The_Paradine_Case" film-title="The Paradine Case"/>
    <wiki:oscar year="1949" span="1" winner="false" award="supporting-actress" film-link="/wiki/Pinky_(film)" film-title="Pinky"/>
    <wiki:image link="http://upload.wikimedia.org/wikipedia/commons/thumb/2/2d/EthelBarrymore1896.jpg/200px-EthelBarrymore1896.jpg"/>
    <wiki:birth>
      <wiki:date>1879-08-15</wiki:date>
      <wiki:place>
	<wiki:primary link="/wiki/Philadelphia,_Pennsylvania">Philadelphia, Pennsylvania</wiki:primary>
	<wiki:secondary link=""/>
      <enrich><woeid xmlns="http://where.yahooapis.com/v1/schema.rng">12589778</woeid><placeTypeName code="9" xmlns="http://where.yahooapis.com/v1/schema.rng">County</placeTypeName><name xmlns="http://where.yahooapis.com/v1/schema.rng">Philadelphia</name><country code="US" type="Country" xmlns="http://where.yahooapis.com/v1/schema.rng">United States</country><admin1 code="US-PA" type="State" xmlns="http://where.yahooapis.com/v1/schema.rng">Pennsylvania</admin1><admin2 code="" type="County" xmlns="http://where.yahooapis.com/v1/schema.rng">Philadelphia</admin2><admin3 xmlns="http://where.yahooapis.com/v1/schema.rng"/><locality1 xmlns="http://where.yahooapis.com/v1/schema.rng"/><locality2 xmlns="http://where.yahooapis.com/v1/schema.rng"/><postal xmlns="http://where.yahooapis.com/v1/schema.rng"/><centroid xmlns="http://where.yahooapis.com/v1/schema.rng"><latitude>40.001850</latitude><longitude>-75.118042</longitude></centroid><boundingBox xmlns="http://where.yahooapis.com/v1/schema.rng"><southWest><latitude>39.865780</latitude><longitude>-75.280327</longitude></southWest><northEast><latitude>40.137932</latitude><longitude>-74.955750</longitude></northEast></boundingBox><areaRank xmlns="http://where.yahooapis.com/v1/schema.rng">6</areaRank><popRank xmlns="http://where.yahooapis.com/v1/schema.rng">0</popRank></enrich></wiki:place>
    </wiki:birth>
    <wiki:death>
      <wiki:date>June 18, 1959</wiki:date>
      <wiki:place>
	<wiki:primary link="/wiki/Los_Angeles,_California">Los Angeles, California</wiki:primary>
	<wiki:secondary link=""/>
      </wiki:place>
    </wiki:death>
    <wiki:description>
      <wiki:abstract>
	<p xmlns="http://www.w3.org/1999/xhtml"><b>Ethel Barrymore</b> (August 15, 1879 â€“ June 18, 1959) was an American actress and a member of the <a class="external" href="http://en.wikipedia.org/wiki/Barrymore_family" title="Barrymore family">Barrymore family</a> of actors.</p>
	<h2 xmlns="http://www.w3.org/1999/xhtml"> <span class="mw-headline" id="Early_life">Early life</span></h2>
	<p xmlns="http://www.w3.org/1999/xhtml">Ethel Barrymore was born <b>Ethel Mae Blythe</b> in <a class="external" href="http://en.wikipedia.org/wiki/Philadelphia" title="Philadelphia">Philadelphia</a>, <a class="external" href="http://en.wikipedia.org/wiki/Pennsylvania" title="Pennsylvania">Pennsylvania</a>, the second child of the actors <a class="external" href="http://en.wikipedia.org/wiki/Maurice_Barrymore" title="Maurice Barrymore">Maurice Barrymore</a> (whose real name was Herbert Blythe) and <a class="external" href="http://en.wikipedia.org/wiki/Georgiana_Drew" title="Georgiana Drew">Georgiana Drew</a>. She spent her childhood in Philadelphia, and attended <a class="external" href="http://en.wikipedia.org/wiki/Roman_Catholic" title="Roman Catholic">Roman Catholic</a> schools there.</p>
	<p xmlns="http://www.w3.org/1999/xhtml">She was the sister of actors <a class="external" href="http://en.wikipedia.org/wiki/John_Barrymore" title="John Barrymore">John Barrymore</a> and <a class="external" href="http://en.wikipedia.org/wiki/Lionel_Barrymore" title="Lionel Barrymore">Lionel Barrymore</a>, the aunt of actor <a class="external" href="http://en.wikipedia.org/wiki/John_Drew_Barrymore" title="John Drew Barrymore">John Drew Barrymore</a>, and the great-aunt of actress <a class="external" href="http://en.wikipedia.org/wiki/Drew_Barrymore" title="Drew Barrymore">Drew Barrymore</a>. She was also the niece of Broadway matinÃ©e idol <a class="external" href="http://en.wikipedia.org/wiki/John_Drew_Jr" title="John Drew Jr">John Drew Jr</a> and early <a class="external" href="http://en.wikipedia.org/wiki/Vitagraph" title="Vitagraph">Vitagraph</a> movie star <a class="external" href="http://en.wikipedia.org/wiki/Mr._%26_Mrs._Sidney_Drew" title="Mr. &amp; Mrs. Sidney Drew">Sidney Drew</a>.</p>
	<h2 xmlns="http://www.w3.org/1999/xhtml"> <span class="mw-headline" id="Career">Career</span></h2>
	<p xmlns="http://www.w3.org/1999/xhtml">Ethel Barrymore was a highly regarded <a class="external" href="http://en.wikipedia.org/wiki/Theater" title="Theater">stage</a> actress in <a class="external" href="http://en.wikipedia.org/wiki/New_York_City" title="New York City">New York City</a> and a major <a class="external" href="http://en.wikipedia.org/wiki/Broadway_theatre" title="Broadway theatre">Broadway</a> performer. Many today consider her to be the greatest actress of her generation.</p>
	<p xmlns="http://www.w3.org/1999/xhtml">Her first appearance in Broadway was in 1895, in a play called <i>The Imprudent Young Couple</i> which starred her uncle <a class="external" href="http://en.wikipedia.org/wiki/John_Drew,_Jr." title="John Drew, Jr.">John Drew, Jr.</a> and <a class="external" href="http://en.wikipedia.org/wiki/Maude_Adams" title="Maude Adams">Maude Adams</a>. She appeared with Drew and Adams again in 1896 in <i>Rosemary</i>. She portrayed Nora in <i><a class="external" href="http://en.wikipedia.org/wiki/A_Doll%27s_House" title="A Doll's House">A Doll's House</a></i> by <a class="external" href="http://en.wikipedia.org/wiki/Henrik_Ibsen" title="Henrik Ibsen">Ibsen</a> (1905), and <a class="external" href="http://en.wikipedia.org/wiki/Juliet_Capulet" title="Juliet Capulet">Juliet</a> in <i><a class="external" href="http://en.wikipedia.org/wiki/Romeo_and_Juliet" title="Romeo and Juliet">Romeo and Juliet</a></i> by <a class="external" href="http://en.wikipedia.org/wiki/William_Shakespeare" title="William Shakespeare">Shakespeare</a> (1922).</p>
	<p xmlns="http://www.w3.org/1999/xhtml">She was also a strong supporter of the <a class="external" href="http://en.wikipedia.org/wiki/Actors%27_Equity_Association" title="Actors' Equity Association">Actors' Equity Association</a> and had a high-profile role in the 1919 strike. In 1926, she scored one of her greatest successes as the sophisticated spouse of a philandering husband in <a class="external" href="http://en.wikipedia.org/wiki/W._Somerset_Maugham" title="W. Somerset Maugham">W. Somerset Maugham</a>'s comedy, <i><a class="external" href="http://en.wikipedia.org/wiki/The_Constant_Wife" title="The Constant Wife">The Constant Wife</a></i>. She starred in <i>Rasputin and the Empress</i> (1932), with John and Lionel Barrymore, playing the Czarina married to Czar Nicholas. In July 1934, she starred in the play <i>Laura Garnett</i>, by <a class="external" href="http://en.wikipedia.org/wiki/Leslie_Stokes" title="Leslie Stokes">Leslie</a> and <a class="external" href="http://en.wikipedia.org/wiki/Sewell_Stokes" title="Sewell Stokes">Sewell Stokes</a>, at <a class="external" href="http://en.wikipedia.org/wiki/Dobbs_Ferry" title="Dobbs Ferry">Dobbs Ferry</a>, New York State.</p>
	<p xmlns="http://www.w3.org/1999/xhtml">After she became a stage star, she would often dismiss adoring audiences who kept demanding curtain calls by saying "That's all there is - there isn't any more!" This became a popular catch phrase in the 1920s and 1930s. Many references to it can be found in the media of the period, including the <a class="external" href="http://en.wikipedia.org/wiki/Laurel_and_Hardy" title="Laurel and Hardy">Laurel and Hardy</a> 1933 film <i>Sons of the Desert</i>, and <a class="external" href="http://en.wikipedia.org/wiki/Arthur_Train" title="Arthur Train">Arthur Train</a>'s 1930 Wall Street Crash novel <i>Paper Profits</i>.</p>
	<p xmlns="http://www.w3.org/1999/xhtml">Barrymore was a baseball and boxing fan. Her admiration for boxing ended when she witnessed as a spectator the brutality of the July 4, 1919, <a class="external" href="http://en.wikipedia.org/wiki/Jess_Willard" title="Jess Willard">Dempsey/Willard</a> fight in which <a class="external" href="http://en.wikipedia.org/wiki/Jack_Dempsey" title="Jack Dempsey">Dempsey</a> broke Willard's jaw and knocked out several of his teeth. Ethel vowed never to attend another boxing match though she would later watch boxing on television.</p>
	<p xmlns="http://www.w3.org/1999/xhtml">She appeared in her first motion picture, <i>The Nightingale</i>, in 1914. Members of her family were already in pictures; uncle Sidney and Lionel had entered films in 1911 and John made his first feature in 1913. She made 15 silent pictures between 1914 and 1919 most of them for the old <a class="external" href="http://en.wikipedia.org/wiki/Metro_Pictures" title="Metro Pictures">Metro</a> studio. Most of these pictures were made on the East Coast, as her Broadway career and children came first. All of her silent films are lost with the exception of <i>The Awakening of Helena Ritchie</i>(1916) which survives incomplete at the <a class="external" href="http://en.wikipedia.org/wiki/Library_of_Congress" title="Library of Congress">Library of Congress</a> and <i>The Call of Her People</i>(1917) held at George Eastman House, Rochester.  In the 1940s, she moved to <a class="external" href="http://en.wikipedia.org/wiki/Hollywood,_California" title="Hollywood, California">Hollywood, California</a>. The only two films that featured all three siblingsâ€”Ethel, John and Lionelâ€”were <i>National Red Cross Pageant</i> (1917) and <i><a class="external" href="http://en.wikipedia.org/wiki/Rasputin_and_the_Empress" title="Rasputin and the Empress">Rasputin and the Empress</a></i> (1932). The former film is now <a class="external" href="http://en.wikipedia.org/wiki/Lost_films" title="Lost films">lost</a>.</p>
	<p xmlns="http://www.w3.org/1999/xhtml">She won the <a class="external" href="http://en.wikipedia.org/wiki/Academy_Award" title="Academy Award">Oscar</a> for <a class="external" href="http://en.wikipedia.org/wiki/Best_Supporting_Actress" title="Best Supporting Actress">Best Supporting Actress</a> for her role in the 1944 film <i><a class="external" href="http://en.wikipedia.org/wiki/None_but_the_Lonely_Heart_(film)" title="None but the Lonely Heart (film)">None but the Lonely Heart</a></i> opposite <a class="external" href="http://en.wikipedia.org/wiki/Cary_Grant" title="Cary Grant">Cary Grant</a>, but made plain that she was not overly impressed by it. On March 22, 2007, her Oscar was offered for sale on <a class="external" href="http://en.wikipedia.org/wiki/EBay" title="EBay">eBay</a>.</p>
	<p xmlns="http://www.w3.org/1999/xhtml">She appeared in <i><a class="external" href="http://en.wikipedia.org/wiki/The_Spiral_Staircase" title="The Spiral Staircase">The Spiral Staircase</a></i> (1946) directed by <a class="external" href="http://en.wikipedia.org/wiki/Robert_Siodmak" title="Robert Siodmak">Robert Siodmak</a>, <i><a class="external" href="http://en.wikipedia.org/wiki/The_Paradine_Case" title="The Paradine Case">The Paradine Case</a></i> (1947) directed by <a class="external" href="http://en.wikipedia.org/wiki/Alfred_Hitchcock" title="Alfred Hitchcock">Alfred Hitchcock</a>, and <i><a class="external" href="http://en.wikipedia.org/wiki/Portrait_of_Jennie" title="Portrait of Jennie">Portrait of Jennie</a></i> (1948), among others. Her last film appearance was in <i>Johnny Trouble</i> (1957). She also made a number of television appearances in the 1950s, including one memorable encounter with comedian <a class="external" href="http://en.wikipedia.org/wiki/Jimmy_Durante" title="Jimmy Durante">Jimmy Durante</a> on <a class="external" href="http://en.wikipedia.org/wiki/NBC" title="NBC">NBC</a>'s <i><a class="external" href="http://en.wikipedia.org/w/index.php?title=All_Star_Revue&amp;action=edit&amp;redlink=1" title="All Star Revue (page does not exist)">All Star Revue</a></i> on December 1, 1951 (preserved on a <a class="external" href="http://en.wikipedia.org/wiki/Kinescope" title="Kinescope">kinescope</a>).</p>
      </wiki:abstract>
      <h2 xmlns="http://www.w3.org/1999/xhtml"> <span class="mw-headline" id="Private_life">Private life</span></h2>
      <p xmlns="http://www.w3.org/1999/xhtml"><a class="external" href="http://en.wikipedia.org/wiki/Winston_Churchill" title="Winston Churchill">Winston Churchill</a> was among her closest of many dear friends. Some have claimed Churchill proposed to her in 1900; however, Barrymore mentions no such thing in her autobiography, <i>Memories.</i> She had, at the age of 19, while on tour in England, been rumored to be engaged to the <a class="external" href="http://en.wikipedia.org/wiki/William_Montagu,_9th_Duke_of_Manchester" title="William Montagu, 9th Duke of Manchester">Duke of Manchester</a>, actor <a class="external" href="http://en.wikipedia.org/wiki/Gerald_Du_Maurier" title="Gerald Du Maurier">Gerald Du Maurier</a>, writer <a class="external" href="http://en.wikipedia.org/wiki/Richard_Harding_Davis" title="Richard Harding Davis">Richard Harding Davis</a> and the aforementioned Churchill. Barrymore married <a class="external" href="http://en.wikipedia.org/w/index.php?title=Russell_Griswold_Colt&amp;action=edit&amp;redlink=1" title="Russell Griswold Colt (page does not exist)">Russell Griswold Colt</a> (1882â€“1959), grandnephew of American arms maker <a class="external" href="http://en.wikipedia.org/wiki/Samuel_Colt" title="Samuel Colt">Samuel Colt</a> (1814â€“1862), on March 14, 1909. The couple had been introduced, according to Barrymore's autobiography, when Colt had strolled by the table where she was having lunch with her uncle, actor John (Jack) Drew, in Sherry's Restaurant in New York. A New York Times article of 1911, when Ethel first took preliminary divorce measures against Russell, mentions that Ethel and Russell had been introduced by her brother <i>Jack Barrymore</i> while Colt was still a student at Yale. The couple had three children: actress/singer Ethel Barrymore Colt (1912â€“1977), who appeared on <a class="external" href="http://en.wikipedia.org/wiki/Broadway_theater" title="Broadway theater">Broadway</a> in <a class="external" href="http://en.wikipedia.org/wiki/Stephen_Sondheim" title="Stephen Sondheim">Stephen Sondheim</a>'s <i><a class="external" href="http://en.wikipedia.org/wiki/Follies" title="Follies">Follies</a></i>; Samuel Colt (1909â€“1986); and John Drew Colt (1913â€“1975). Her marriage to Colt was a precarious one from the start, with Ethel filing divorce papers as early in the marriage as 1911, much to Russell's surprise. At least one source claims that he abused Ethel and also that Colt fathered a child with another woman while married to Ethel. They divorced in 1923 and, quite surprisingly, she did not seek alimony from Colt, which was her right. She never remarried. Now in her 40s with three children she simply did not receive more offers as she had as a young woman in her early twenties nor did she find the right man the second time around. She had platonic relationships with other men, most notably actors <a class="external" href="http://en.wikipedia.org/wiki/Henry_Daniell" title="Henry Daniell">Henry Daniell</a> and <a class="external" href="http://en.wikipedia.org/wiki/Louis_Calhern" title="Louis Calhern">Louis Calhern</a>.</p>
      <h2 xmlns="http://www.w3.org/1999/xhtml"> <span class="mw-headline" id="Death">Death</span></h2>
      <p xmlns="http://www.w3.org/1999/xhtml">Ethel Barrymore died of cardiovascular disease in 1959, at her home in <a class="external" href="http://en.wikipedia.org/wiki/Hollywood,_California" title="Hollywood, California">Hollywood, California</a>, after having lived for many years with a heart condition. She was two months shy of her 80th birthday. She was entombed at <a class="external" href="http://en.wikipedia.org/wiki/Calvary_Cemetery,_East_Los_Angeles" title="Calvary Cemetery, East Los Angeles">Calvary Cemetery</a>. The <b><a class="external" href="http://en.wikipedia.org/wiki/Ethel_Barrymore_Theatre" title="Ethel Barrymore Theatre">Ethel Barrymore Theatre</a></b> in <a class="external" href="http://en.wikipedia.org/wiki/New_York_City" title="New York City">New York City</a> is named after her.</p>
      <h2 xmlns="http://www.w3.org/1999/xhtml"> <span class="mw-headline" id="Partial_filmography">Partial filmography</span></h2>
      <ul xmlns="http://www.w3.org/1999/xhtml">
	<li><i><a class="external" href="http://en.wikipedia.org/wiki/Camille_(1926_film)" title="Camille (1926 film)">Camille</a></i> (1926)</li>
	<li><i><a class="external" href="http://en.wikipedia.org/wiki/Rasputin_and_the_Empress" title="Rasputin and the Empress">Rasputin and the Empress</a></i> (1932)</li>
	<li><i><a class="external" href="http://en.wikipedia.org/wiki/None_but_the_Lonely_Heart_(film)" title="None but the Lonely Heart (film)">None but the Lonely Heart</a></i> (1944)</li>
	<li><i><a class="external" href="http://en.wikipedia.org/wiki/The_Spiral_Staircase" title="The Spiral Staircase">The Spiral Staircase</a></i> (1946)</li>
	<li><i><a class="external" href="http://en.wikipedia.org/wiki/The_Farmer%27s_Daughter_(1947_film)" title="The Farmer's Daughter (1947 film)">The Farmer's Daughter</a></i> (1947)</li>
	<li><i><a class="external" href="http://en.wikipedia.org/wiki/The_Paradine_Case" title="The Paradine Case">The Paradine Case</a></i> (1947)</li>
	<li><i><a class="external" href="http://en.wikipedia.org/wiki/Moonrise_(film)" title="Moonrise (film)">Moonrise</a></i> (1948)</li>
	<li><i><a class="external" href="http://en.wikipedia.org/wiki/Portrait_of_Jennie" title="Portrait of Jennie">Portrait of Jennie</a></i> (1948)</li>
	<li><i><a class="external" href="http://en.wikipedia.org/wiki/The_Great_Sinner" title="The Great Sinner">The Great Sinner</a></i> (1949)</li>
	<li><i><a class="external" href="http://en.wikipedia.org/wiki/That_Midnight_Kiss" title="That Midnight Kiss">That Midnight Kiss</a></i> (1949)</li>
	<li><i><a class="external" href="http://en.wikipedia.org/wiki/The_Red_Danube" title="The Red Danube">The Red Danube</a></i> (1949)</li>
	<li><i><a class="external" href="http://en.wikipedia.org/wiki/Pinky_(film)" title="Pinky (film)">Pinky</a></i> (1949)</li>
	<li><i><a class="external" href="http://en.wikipedia.org/wiki/Kind_Lady_(1951_film)" title="Kind Lady (1951 film)">Kind Lady</a></i> (1951)</li>
	<li><i><a class="external" href="http://en.wikipedia.org/wiki/The_Secret_of_Convict_Lake" title="The Secret of Convict Lake">The Secret of Convict Lake</a></i> (1951)</li>
	<li><i><a class="external" href="http://en.wikipedia.org/wiki/Deadline_%E2%80%93_U.S.A." title="Deadline â€“ U.S.A.">Deadline â€“ U.S.A.</a></i> (1952)</li>
	<li><i><a class="external" href="http://en.wikipedia.org/wiki/The_Story_of_Three_Loves" title="The Story of Three Loves">The Story of Three Loves</a></i> (1953)</li>
	<li><i><a class="external" href="http://en.wikipedia.org/wiki/Young_at_Heart_(1954_film)" title="Young at Heart (1954 film)">Young at Heart</a></i> (1954)</li>
      </ul>
      <h2 xmlns="http://www.w3.org/1999/xhtml"> <span class="mw-headline" id="See_also">See also</span></h2>
      <ul xmlns="http://www.w3.org/1999/xhtml">
	<li><a class="external" href="http://en.wikipedia.org/wiki/List_of_people_on_the_cover_of_Time_Magazine:_1920s" title="List of people on the cover of Time Magazine: 1920s">List of people on the cover of Time Magazine: 1920s</a> â€“ 10 Nov. 1924</li>
	<li><a href="http://www.coverbrowser.com/image/time/89-1.jpg" rel="nofollow">Ethel on the actual Time Magazine cover</a></li>
      </ul>
      <h2 xmlns="http://www.w3.org/1999/xhtml"> <span class="mw-headline" id="References">References</span></h2>
      <h2 xmlns="http://www.w3.org/1999/xhtml"> <span class="mw-headline" id="External_links">External links</span></h2>
      <ul xmlns="http://www.w3.org/1999/xhtml">
	<li><a href="http://www.ibdb.com/person.asp?ID=31140" rel="nofollow">Ethel Barrymore</a> at the <a class="external" href="http://en.wikipedia.org/wiki/Internet_Broadway_Database" title="Internet Broadway Database">Internet Broadway Database</a></li>
	<li><a href="http://www.imdb.com/name/nm0000856/" rel="nofollow">Ethel Barrymore</a> at the <a class="external" href="http://en.wikipedia.org/wiki/Internet_Movie_Database" title="Internet Movie Database">Internet Movie Database</a></li>
	<li><a href="http://www.allmovie.com/artist/4290" rel="nofollow">Ethel Barrymore</a> at <a class="external" href="http://en.wikipedia.org/wiki/Allmovie" title="Allmovie">Allmovie</a></li>
	<li><a href="http://www.findagrave.com/cgi-bin/fg.cgi?page=gr&amp;GRid=59" rel="nofollow">Ethel Barrymore</a> at <a class="external" href="http://en.wikipedia.org/wiki/Find_a_Grave" title="Find a Grave">Find a Grave</a></li>
	<li><a href="http://digitalgallery.nypl.org/nypldigital/dgkeysearchresult.cfm?parent_id=141534&amp;word=" rel="nofollow">Ethel Barrymore</a> photo gallery NYP Library</li>
	<li><a href="http://www.imageenvision.com/stock_photo/details/0003-0706-0118-2740/ethel_barrymore_standing_on_ship_steps=" rel="nofollow">Ethel Barrymore returning from Europe in 1925 on</a> <a class="external" href="http://en.wikipedia.org/wiki/RMS_Olympic" title="RMS Olympic">RMS Olympic</a> *note life saving buoy behind her with ship's name</li>
	<li><a href="http://pro.corbis.com/Enlargement/Enlargement.aspx?id=U299879INP&amp;caller=search" rel="nofollow">another shot of Ethel Barrymore on RMS Olympic 1925</a></li>
	<li><a href="http://pro.corbis.com/Enlargement/Enlargement.aspx?id=U91096P-A&amp;caller=search" rel="nofollow">Ethel Barrymore smiling on first class steps of RMS Olympic, 1925</a></li>
	<li><a href="http://books.google.com/books?id=8OVEcM0pMesC&amp;pg=PA188&amp;dq=ethel+barrymore+the+actor's+birthday+book&amp;lr=&amp;cd=1#v=onepage&amp;q=&amp;f=false" rel="nofollow">Ethel Barrymore</a> in The Actor's Birthday Book by Johnson Briscoe</li>
	<li><a href="http://content.lib.washington.edu/sayrepublicweb/index.html" rel="nofollow">Ethel Barrymore</a> portraits University of Washington (Sayre collection)(enter her name)</li>
	<li><a href="http://www.corbisimages.com/Enlargement/Enlargement.aspx?id=CN000013878&amp;caller=search" rel="nofollow">Ethel Barrymore in her great role in <b>The Constant Wife</b>(1926), a play by</a> <a class="external" href="http://en.wikipedia.org/wiki/Somerset_Maugham" title="Somerset Maugham">Somerset Maugham</a> photographed by <a class="external" href="http://en.wikipedia.org/wiki/Edward_Steichen" title="Edward Steichen">Edward Steichen</a></li>
	<li><a href="http://www.geh.org/ar/strip64/m198701430006.jpg" rel="nofollow">a glass slide preview plate from <i>The Divorcee</i>(1919) last of Ethel Barrymore's silent films</a> from the George Eastman House</li>
	<li><a href="http://www.otrcat.com/ethel-barrymore-p-48563.html" rel="nofollow">Ethel Barrymore &amp; Gene Kelly in a 1946 radio broadcast of "Suspense"</a></li>
	<li><a href="http://oldtimeradiohour.podbean.com/2010/07/03/happy-birthday-usa/" rel="nofollow">Ethel Barrymore July 5 1943 broadcast; HAPPY BIRTHDAY, USA Cavalcade of America "Listen To The People" written by Stephen Vincent Benet</a></li>
      </ul>
    </wiki:description>
  </wiki:person>
  <wiki:film-title link="/wiki/None_but_the_Lonely_Heart_(film)">None but the Lonely Heart</wiki:film-title>
  <wiki:film link="/wiki/None_but_the_Lonely_Heart_(film)" title="None but the Lonely Heart">
    <wiki:oscar-ref year="1944" span="1" winner="false" award="lead-actor" person-link="/wiki/Cary_Grant" person-name="Cary Grant"/>
    <wiki:oscar-ref year="1944" span="1" winner="true" award="supporting-actress" person-link="/wiki/Ethel_Barrymore" person-name="Ethel Barrymore"/>
    <wiki:producer link="/w/index.php?title=David_Hempstead&amp;action=edit&amp;redlink=1">David Hempstead</wiki:producer>
    <wiki:director link="/wiki/Clifford_Odets">Clifford Odets</wiki:director>
    <wiki:writer link="/wiki/Clifford_Odets">Clifford Odets</wiki:writer>
    <wiki:writer link="/wiki/Richard_Llewellyn">Richard Llewellyn</wiki:writer>
    <wiki:distributor link="/wiki/RKO_Radio_Pictures">RKO Radio Pictures</wiki:distributor>
    <wiki:starring link="/wiki/Cary_Grant">Cary Grant</wiki:starring>
    <wiki:starring link="/wiki/Ethel_Barrymore">Ethel Barrymore</wiki:starring>
    <wiki:starring link="/wiki/Barry_Fitzgerald">Barry Fitzgerald</wiki:starring>
    <wiki:starring link="/wiki/June_Duprez">June Duprez</wiki:starring>
    <wiki:starring link="/wiki/Jane_Wyatt">Jane Wyatt</wiki:starring>
    <wiki:starring link="/wiki/George_Coulouris">George Coulouris</wiki:starring>
    <wiki:starring link="/wiki/Dan_Duryea">Dan Duryea</wiki:starring>
    <wiki:description>
      <wiki:abstract>
	<p xmlns="http://www.w3.org/1999/xhtml"><i><b>None but the Lonely Heart</b></i> is a <a class="external" href="http://en.wikipedia.org/wiki/1944_in_film" title="1944 in film">1944 film</a> which tells the story of a <a class="external" href="http://en.wikipedia.org/wiki/Cockney" title="Cockney">Cockney</a> lad who returns home with no ambitions but finds that his family needs him. Adapted by <a class="external" href="http://en.wikipedia.org/wiki/Clifford_Odets" title="Clifford Odets">Clifford Odets</a> from the novel by <a class="external" href="http://en.wikipedia.org/wiki/Richard_Llewellyn" title="Richard Llewellyn">Richard Llewellyn</a> and directed by Odets, the movie stars <a class="external" href="http://en.wikipedia.org/wiki/Cary_Grant" title="Cary Grant">Cary Grant</a>, <a class="external" href="http://en.wikipedia.org/wiki/Ethel_Barrymore" title="Ethel Barrymore">Ethel Barrymore</a>, <a class="external" href="http://en.wikipedia.org/wiki/Barry_Fitzgerald" title="Barry Fitzgerald">Barry Fitzgerald</a>, <a class="external" href="http://en.wikipedia.org/wiki/June_Duprez" title="June Duprez">June Duprez</a>, <a class="external" href="http://en.wikipedia.org/wiki/Jane_Wyatt" title="Jane Wyatt">Jane Wyatt</a>, <a class="external" href="http://en.wikipedia.org/wiki/George_Coulouris" title="George Coulouris">George Coulouris</a>, and <a class="external" href="http://en.wikipedia.org/wiki/Dan_Duryea" title="Dan Duryea">Dan Duryea</a>.</p>
	<p xmlns="http://www.w3.org/1999/xhtml">The title of the film is provided by one of <a class="external" href="http://en.wikipedia.org/wiki/Tchaikovsky" title="Tchaikovsky">Tchaikovsky's</a> <a class="external" href="http://en.wikipedia.org/wiki/None_but_the_lonely_heart" title="None but the lonely heart">songs</a> - perhaps the best-known outside Russia - the poignant melody featured in the background music.</p>
	<p xmlns="http://www.w3.org/1999/xhtml"><i>None but the Lonely Heart</i> won the <a class="external" href="http://en.wikipedia.org/wiki/Academy_Award_for_Best_Supporting_Actress" title="Academy Award for Best Supporting Actress">Academy Award for Best Supporting Actress</a> (<a class="external" href="http://en.wikipedia.org/wiki/Ethel_Barrymore" title="Ethel Barrymore">Ethel Barrymore</a>) and was nominated for <a class="external" href="http://en.wikipedia.org/wiki/Academy_Award_for_Best_Actor" title="Academy Award for Best Actor">Best Actor in a Leading Role</a> (<a class="external" href="http://en.wikipedia.org/wiki/Cary_Grant" title="Cary Grant">Cary Grant</a>), <a class="external" href="http://en.wikipedia.org/wiki/Academy_Award_for_Film_Editing" title="Academy Award for Film Editing">Best Film Editing</a> and <a class="external" href="http://en.wikipedia.org/wiki/Academy_Award_for_Original_Music_Score" title="Academy Award for Original Music Score">Best Music, Scoring of a Dramatic or Comedy Picture</a> (<a class="external" href="http://en.wikipedia.org/wiki/Hanns_Eisler" title="Hanns Eisler">Hanns Eisler</a> and <a class="external" href="http://en.wikipedia.org/wiki/Constantin_Bakaleinikoff" title="Constantin Bakaleinikoff">Constantin Bakaleinikoff</a>).</p>
	<p xmlns="http://www.w3.org/1999/xhtml">The screenplay was published in <i>Best Film Playsâ€”1945</i>, eds. John Gassner and Dudley Nichols (New York: Crown, 1946).</p>
	<p xmlns="http://www.w3.org/1999/xhtml">Musical comedian and parodist <a class="external" href="http://en.wikipedia.org/wiki/Spike_Jones" title="Spike Jones">Spike Jones</a> recorded a three minute spoof of radio <a class="external" href="http://en.wikipedia.org/wiki/Soap_operas" title="Soap operas">soap operas</a> entitled <i>None but the lonely heart (A Soaperetta)</i> in the 1940s.</p>
	<p xmlns="http://www.w3.org/1999/xhtml"><i>None but the Lonely Heart</i> and <i><a class="external" href="http://en.wikipedia.org/wiki/Sylvia_Scarlett" title="Sylvia Scarlett">Sylvia Scarlett</a></i> (1935) were the only two films in which Cary Grant used a <a class="external" href="http://en.wikipedia.org/wiki/Cockney" title="Cockney">Cockney</a> accent, though that was not his original accent, as he was from Bristol, which has a very different accent to London. The unique vocal intonations with which he spoke in every other film were the happy results of an unsuccessful attempt to go from an English to an American accent so that he wouldn't be limited to playing British roles in American movies.</p>
	<h2 xmlns="http://www.w3.org/1999/xhtml"> <span class="mw-headline" id="Plot">Plot</span></h2>
	<p xmlns="http://www.w3.org/1999/xhtml">Ernie Mott (<a class="external" href="http://en.wikipedia.org/wiki/Cary_Grant" title="Cary Grant">Cary Grant</a>) is a restless, irresponsible, wandering cockney with a good musical ear. His father died in <a class="external" href="http://en.wikipedia.org/wiki/World_War_I" title="World War I">World War I</a>. Ernie wants a better life but doesn't want to settle down or work for it. This extends to his love life; musician Aggie Hunter (<a class="external" href="http://en.wikipedia.org/wiki/Jane_Wyatt" title="Jane Wyatt">Jane Wyatt</a>) genuinely cares for him, but he prefers the company of fickle gangster's ex-wife Ada Brantline (<a class="external" href="http://en.wikipedia.org/wiki/June_Duprez" title="June Duprez">June Duprez</a>).</p>
	<p xmlns="http://www.w3.org/1999/xhtml">When Ernie finds out that his mother is very ill with cancer, he decides to stay put, be a good son, and help his mum run her shop, even though prior to that his mother and he were arguing fiercely all of the time. A series of unfortunate incidents leads to his mother dying in prison, and he fails to win the lasting affection of Ada. At the end of the film there is a mention of the on-going war (<a class="external" href="http://en.wikipedia.org/wiki/World_War_II" title="World War II">World War II</a>) and some indication that Ernie may be going to straighten out his life and perhaps think seriously about Aggie as a life partner.</p>
	<h2 xmlns="http://www.w3.org/1999/xhtml"> <span class="mw-headline" id="Cast">Cast</span></h2>
	<ul xmlns="http://www.w3.org/1999/xhtml">
	  <li><a class="external" href="http://en.wikipedia.org/wiki/Cary_Grant" title="Cary Grant">Cary Grant</a> as Ernie Mott</li>
	  <li><a class="external" href="http://en.wikipedia.org/wiki/Ethel_Barrymore" title="Ethel Barrymore">Ethel Barrymore</a> as Ma Mott</li>
	  <li><a class="external" href="http://en.wikipedia.org/wiki/Barry_Fitzgerald" title="Barry Fitzgerald">Barry Fitzgerald</a> as Henry Twite</li>
	  <li><a class="external" href="http://en.wikipedia.org/wiki/June_Duprez" title="June Duprez">June Duprez</a> as Ada Brantline</li>
	  <li><a class="external" href="http://en.wikipedia.org/wiki/Jane_Wyatt" title="Jane Wyatt">Jane Wyatt</a> as Aggie Hunter</li>
	  <li><a class="external" href="http://en.wikipedia.org/wiki/George_Coulouris" title="George Coulouris">George Coulouris</a> as Jim Mordinoy</li>
	  <li><a class="external" href="http://en.wikipedia.org/wiki/Dan_Duryea" title="Dan Duryea">Dan Duryea</a> as Lew Tate</li>
	  <li><a class="external" href="http://en.wikipedia.org/wiki/Roman_Bohnen" title="Roman Bohnen">Roman Bohnen</a> as Dad Pettyjohn</li>
	  <li><a class="external" href="http://en.wikipedia.org/w/index.php?title=Konstantin_Shayne&amp;action=edit&amp;redlink=1" title="Konstantin Shayne (page does not exist)">Konstantin Shayne</a> as Ike Weber</li>
	</ul>
	<h2 xmlns="http://www.w3.org/1999/xhtml"> <span class="mw-headline" id="References">References</span></h2>
	<h2 xmlns="http://www.w3.org/1999/xhtml"> <span class="mw-headline" id="External_links">External links</span></h2>
	<ul xmlns="http://www.w3.org/1999/xhtml">
	  <li><a href="http://www.imdb.com/title/tt0037135/" rel="nofollow"><i>None But the Lonely Heart</i></a> at the <a class="external" href="http://en.wikipedia.org/wiki/Internet_Movie_Database" title="Internet Movie Database">Internet Movie Database</a></li>
	  <li><a href="http://www.carygrant.net/reviews/none.html" rel="nofollow">Historic reviews, photo gallery at CaryGrant.net</a></li>
	  <li><a href="http://tcmdb.com/title/title.jsp?stid=694" rel="nofollow"><i>None but the Lonely Heart (film)</i></a> at the <a class="external" href="http://en.wikipedia.org/wiki/Turner_Classic_Movies" title="Turner Classic Movies">TCM Movie Database</a></li>
	  <li><a href="http://www.allmovie.com/work/35601" rel="nofollow"><i>None but the Lonely Heart (film)</i></a> at <a class="external" href="http://en.wikipedia.org/wiki/Allmovie" title="Allmovie">Allmovie</a></li>
	</ul>
      </wiki:abstract>
    </wiki:description>
  </wiki:film>
</wiki:nominee>