<?xml version="1.0" encoding="UTF-8"?>
<wiki:nominee year="1942" span="1" winner="true" award="supporting-actress" xmlns:wiki="http://marklogic.com/wikipedia">
  <!--
                            Copyright (c) 2010 MarkLogic Corporation.
                            Permission is granted to copy, distribute and/or modify this document
                            under the terms of the GNU Free Documentation License, Version 1.2
                            or any later version published by the Free Software Foundation;
                            with no Invariant Sections, no Front-Cover Texts, and no Back-Cover Texts.
                            A copy of the license is included in the section entitled "GNU
                            Free Documentation License"
                            
                            Content derived from http://en.wikipedia.org/wiki/Mrs._Miniver_(film) and http://en.wikipedia.org/wiki/Teresa_Wright
                            Modified in May 2009 by Mark Logic Corporation under the terms of the GNU Free Documentation License.
                        -->
  <wiki:name link="/wiki/Teresa_Wright">Teresa Wright</wiki:name>
  <wiki:person link="/wiki/Teresa_Wright" name="Teresa Wright">
    <wiki:oscar year="1942" span="1" winner="false" award="lead-actress" film-link="/wiki/The_Pride_of_the_Yankees" film-title="The Pride of the Yankees"/>
    <wiki:oscar year="1941" span="1" winner="false" award="supporting-actress" film-link="/wiki/The_Little_Foxes_(film)" film-title="The Little Foxes"/>
    <wiki:oscar year="1942" span="1" winner="true" award="supporting-actress" film-link="/wiki/Mrs._Miniver_(film)" film-title="Mrs. Miniver"/>
    <wiki:image link="http://upload.wikimedia.org/wikipedia/commons/thumb/6/6f/Teresa_Wright_in_Best_Years_of_Our_Lives_trailer.jpg/220px-Teresa_Wright_in_Best_Years_of_Our_Lives_trailer.jpg"/>
    <wiki:birth>
      <wiki:date>1918-10-27</wiki:date>
      <wiki:place>
	<wiki:primary link="/wiki/Manhattan">Manhattan</wiki:primary>
	<wiki:secondary link="/wiki/New_York_City">New York City</wiki:secondary>
      <enrich><woeid xmlns="http://where.yahooapis.com/v1/schema.rng">2459115</woeid><placeTypeName code="7" xmlns="http://where.yahooapis.com/v1/schema.rng">Town</placeTypeName><name xmlns="http://where.yahooapis.com/v1/schema.rng">New York</name><country code="US" type="Country" xmlns="http://where.yahooapis.com/v1/schema.rng">United States</country><admin1 code="US-NY" type="State" xmlns="http://where.yahooapis.com/v1/schema.rng">New York</admin1><admin2 xmlns="http://where.yahooapis.com/v1/schema.rng"/><admin3 xmlns="http://where.yahooapis.com/v1/schema.rng"/><locality1 type="Town" xmlns="http://where.yahooapis.com/v1/schema.rng">New York</locality1><locality2 xmlns="http://where.yahooapis.com/v1/schema.rng"/><postal xmlns="http://where.yahooapis.com/v1/schema.rng"/><centroid xmlns="http://where.yahooapis.com/v1/schema.rng"><latitude>40.714550</latitude><longitude>-74.007118</longitude></centroid><boundingBox xmlns="http://where.yahooapis.com/v1/schema.rng"><southWest><latitude>40.495682</latitude><longitude>-74.255653</longitude></southWest><northEast><latitude>40.917622</latitude><longitude>-73.689484</longitude></northEast></boundingBox><areaRank xmlns="http://where.yahooapis.com/v1/schema.rng">4</areaRank><popRank xmlns="http://where.yahooapis.com/v1/schema.rng">13</popRank></enrich></wiki:place>
    </wiki:birth>
    <wiki:death>
      <wiki:date>March 6, 2005</wiki:date>
      <wiki:place>
	<wiki:primary link="/wiki/New_Haven">New Haven</wiki:primary>
	<wiki:secondary link="/wiki/Connecticut">Connecticut</wiki:secondary>
      </wiki:place>
    </wiki:death>
    <wiki:description>
      <p xmlns="http://www.w3.org/1999/xhtml"><b>Teresa Wright</b> (October 27, 1918 â€“ March 6, 2005) was an American actress.</p>
      <h2 xmlns="http://www.w3.org/1999/xhtml"> <span class="mw-headline" id="Early_life">Early life</span></h2>
      <p xmlns="http://www.w3.org/1999/xhtml">She was born <b>Muriel Teresa Wright</b> in <a class="external" href="http://en.wikipedia.org/wiki/Harlem" title="Harlem">Harlem</a>, <a class="external" href="http://en.wikipedia.org/wiki/New_York_City" title="New York City">New York City</a>, the daughter of Martha (<a class="external" href="http://en.wikipedia.org/wiki/Married_and_maiden_names" title="Married and maiden names">nÃ©e</a> Espy) and Arthur Wright, who was an insurance agent. She grew up in <a class="external" href="http://en.wikipedia.org/wiki/Maplewood,_New_Jersey" title="Maplewood, New Jersey">Maplewood, New Jersey</a>. During her years at <a class="external" href="http://en.wikipedia.org/wiki/Columbia_High_School_(New_Jersey)" title="Columbia High School (New Jersey)">Columbia High School</a>, she became seriously interested in acting and spent her summers working in <a class="external" href="http://en.wikipedia.org/wiki/Provincetown,_Massachusetts" title="Provincetown, Massachusetts">Provincetown</a> <a class="external" href="http://en.wikipedia.org/wiki/Theater" title="Theater">theater</a> productions. Following her high school graduation in 1938, she returned to New York and was hired to understudy the role of Emily (played by <a class="external" href="http://en.wikipedia.org/wiki/Dorothy_McGuire" title="Dorothy McGuire">Dorothy McGuire</a> and later <a class="external" href="http://en.wikipedia.org/wiki/Martha_Scott" title="Martha Scott">Martha Scott</a>) in <a class="external" href="http://en.wikipedia.org/wiki/Thornton_Wilder" title="Thornton Wilder">Thornton Wilder</a>'s <i><a class="external" href="http://en.wikipedia.org/wiki/Our_Town" title="Our Town">Our Town</a></i>. She took over the role when Martha Scott went to <a class="external" href="http://en.wikipedia.org/wiki/Hollywood" title="Hollywood">Hollywood</a> to make the film version of the play.</p>
      <h2 xmlns="http://www.w3.org/1999/xhtml"> <span class="mw-headline" id="Career">Career</span></h2>
      <p xmlns="http://www.w3.org/1999/xhtml">In the fall of 1939, she appeared in the stage play <i><a class="external" href="http://en.wikipedia.org/wiki/Life_with_Father" title="Life with Father">Life with Father</a></i>, playing the role of Mary Skinner for two years. It was there that she was discovered by a talent scout hired by <a class="external" href="http://en.wikipedia.org/wiki/Samuel_Goldwyn" title="Samuel Goldwyn">Samuel Goldwyn</a> to find a young actress for the role of <a class="external" href="http://en.wikipedia.org/wiki/Bette_Davis" title="Bette Davis">Bette Davis</a>' daughter in the <a class="external" href="http://en.wikipedia.org/wiki/1941_in_film" title="1941 in film">1941 adaptation</a> of <a class="external" href="http://en.wikipedia.org/wiki/Lillian_Hellman" title="Lillian Hellman">Lillian Hellman</a>'s <i><a class="external" href="http://en.wikipedia.org/wiki/The_Little_Foxes" title="The Little Foxes">The Little Foxes</a></i>. She was immediately signed to a five-year <a class="external" href="http://en.wikipedia.org/wiki/Hollywood" title="Hollywood">Hollywood</a> contract but asserted her seriousness as an actress. Her contract was unique by Hollywood standards because it contained the following clause:</p>
      <p xmlns="http://www.w3.org/1999/xhtml">Wright was nominated for the <a class="external" href="http://en.wikipedia.org/wiki/Academy_Award_for_Best_Supporting_Actress" title="Academy Award for Best Supporting Actress">Academy Award for Best Supporting Actress</a> for her screen debut in <i><a class="external" href="http://en.wikipedia.org/wiki/The_Little_Foxes_(film)" title="The Little Foxes (film)">The Little Foxes</a></i> (1941). The following year, she was nominated again, this time for <a class="external" href="http://en.wikipedia.org/wiki/Academy_Award_for_Best_Actress" title="Academy Award for Best Actress">Best Actress</a> for <i><a class="external" href="http://en.wikipedia.org/wiki/The_Pride_of_the_Yankees" title="The Pride of the Yankees">The Pride of the Yankees</a></i>, in which she played opposite <a class="external" href="http://en.wikipedia.org/wiki/Gary_Cooper" title="Gary Cooper">Gary Cooper</a> as the wife of <a class="external" href="http://en.wikipedia.org/wiki/Lou_Gehrig" title="Lou Gehrig">Lou Gehrig</a>; that same year, she won Best Supporting Actress as the daughter-in-law of <a class="external" href="http://en.wikipedia.org/wiki/Greer_Garson" title="Greer Garson">Greer Garson</a>'s character in <i><a class="external" href="http://en.wikipedia.org/wiki/Mrs._Miniver_(film)" title="Mrs. Miniver (film)">Mrs. Miniver</a></i>. No other actor has ever duplicated her feat of receiving an Oscar nomination for each of her first three films.[citation needed]</p>
      <p xmlns="http://www.w3.org/1999/xhtml">In 1943, Wright was loaned out by Goldwyn for the <a class="external" href="http://en.wikipedia.org/wiki/Universal_Studios" title="Universal Studios">Universal</a> film <i><a class="external" href="http://en.wikipedia.org/wiki/Shadow_of_a_Doubt" title="Shadow of a Doubt">Shadow of a Doubt</a></i>, directed by <a class="external" href="http://en.wikipedia.org/wiki/Alfred_Hitchcock" title="Alfred Hitchcock">Alfred Hitchcock</a>. She played an innocent young woman who discovers that her beloved uncle, played by <a class="external" href="http://en.wikipedia.org/wiki/Joseph_Cotten" title="Joseph Cotten">Joseph Cotten</a>, is a serial murderer. Other notable films include <i><a class="external" href="http://en.wikipedia.org/wiki/The_Best_Years_of_Our_Lives" title="The Best Years of Our Lives">The Best Years of Our Lives</a></i> (1946), an award-winning film about the adjustments of servicemen returning home after World War II, and <i><a class="external" href="http://en.wikipedia.org/wiki/The_Men" title="The Men">The Men</a></i> (1950), another story of war veterans, which starred <a class="external" href="http://en.wikipedia.org/wiki/Marlon_Brando" title="Marlon Brando">Marlon Brando</a>.</p>
      <p xmlns="http://www.w3.org/1999/xhtml">Wright rebelled against the <a class="external" href="http://en.wikipedia.org/wiki/Studio_system" title="Studio system">studio system of the time</a>. When <a class="external" href="http://en.wikipedia.org/wiki/Samuel_Goldwyn" title="Samuel Goldwyn">Samuel Goldwyn</a> fired her, citing her refusal to publicize the film <i><a class="external" href="http://en.wikipedia.org/wiki/Enchantment_(film)" title="Enchantment (film)">Enchantment</a></i> (1948), she expressed no regret about losing her $5,000 per week contract. She said, "The type of contract between players and producers is, I feel, antiquated in form and abstract in concept... We have no privacies which producers cannot invade, they trade us like cattle, boss us like children." However, before a March 2006 screening of <i>Enchantment</i> on <a class="external" href="http://en.wikipedia.org/wiki/Turner_Classic_Movies" title="Turner Classic Movies">Turner Classic Movies</a>, host <a class="external" href="http://en.wikipedia.org/wiki/Robert_Osborne" title="Robert Osborne">Robert Osborne</a> said that Wright did later have some regrets about leaving Goldwyn, since her salary per film went from $125,000 under Goldwyn to about $25,000 per film afterwards.</p>
      <p xmlns="http://www.w3.org/1999/xhtml">After 1959, she worked mainly in <a class="external" href="http://en.wikipedia.org/wiki/Television" title="Television">television</a> and on the stage. She was nominated for <a class="external" href="http://en.wikipedia.org/wiki/Emmy_Award" title="Emmy Award">Emmy Awards</a> in 1957 for <i>The Miracle Worker</i> and in 1960 for <i>The <a class="external" href="http://en.wikipedia.org/wiki/Margaret_Bourke-White" title="Margaret Bourke-White">Margaret Bourke-White</a> Story</i>. She was in the 1975 <a class="external" href="http://en.wikipedia.org/wiki/Broadway_theatre" title="Broadway theatre">Broadway</a> revival of <i><a class="external" href="http://en.wikipedia.org/wiki/Death_of_a_Salesman" title="Death of a Salesman">Death of a Salesman</a></i> and the 1980 revival of <i><a class="external" href="http://en.wikipedia.org/wiki/Morning%27s_at_Seven" title="Morning's at Seven">Morning's at Seven</a></i>, for which she won a <a class="external" href="http://en.wikipedia.org/wiki/Drama_Desk_Award" title="Drama Desk Award">Drama Desk Award</a> as a member of the Outstanding Ensemble Performance.</p>
      <p xmlns="http://www.w3.org/1999/xhtml">Her later movie appearances included a major role in <i><a class="external" href="http://en.wikipedia.org/wiki/Somewhere_in_Time_(film)" title="Somewhere in Time (film)">Somewhere in Time</a></i> (1980) and the role of Miss Birdie in <a class="external" href="http://en.wikipedia.org/wiki/John_Grisham" title="John Grisham">John Grisham</a>'s <i><a class="external" href="http://en.wikipedia.org/wiki/The_Rainmaker_(1997_film)" title="The Rainmaker (1997 film)">The Rainmaker</a></i> (1997), directed by <a class="external" href="http://en.wikipedia.org/wiki/Francis_Ford_Coppola" title="Francis Ford Coppola">Francis Ford Coppola</a>.</p>
      <p xmlns="http://www.w3.org/1999/xhtml">She has two stars on the <a class="external" href="http://en.wikipedia.org/wiki/Hollywood_Walk_of_Fame" title="Hollywood Walk of Fame">Hollywood Walk of Fame</a>, one for motion pictures at 1658 Vine Street and one for television at 6405 Hollywood Blvd.</p>
      <h2 xmlns="http://www.w3.org/1999/xhtml"> <span class="mw-headline" id="Personal_life">Personal life</span></h2>
      <p xmlns="http://www.w3.org/1999/xhtml">Wright was married to writer <a class="external" href="http://en.wikipedia.org/wiki/Niven_Busch" title="Niven Busch">Niven Busch</a> from 1942 to 1952; they had two children. She married playwright <a class="external" href="http://en.wikipedia.org/wiki/Robert_Anderson_(screenwriter)" title="Robert Anderson (screenwriter)">Robert Anderson</a> in 1959; they later divorced, but maintained a close relationship until the end of her life.</p>
      <p xmlns="http://www.w3.org/1999/xhtml">She died of a <a class="external" href="http://en.wikipedia.org/wiki/Myocardial_infarction" title="Myocardial infarction">heart attack</a> at Yale-New Haven Hospital in <a class="external" href="http://en.wikipedia.org/wiki/Connecticut" title="Connecticut">Connecticut</a> at the age of 86.</p>
      <h2 xmlns="http://www.w3.org/1999/xhtml"> <span class="mw-headline" id="Filmography_and_awards">Filmography and awards</span></h2>
      <h2 xmlns="http://www.w3.org/1999/xhtml"> <span class="mw-headline" id="References">References</span></h2>
      <h2 xmlns="http://www.w3.org/1999/xhtml"> <span class="mw-headline" id="External_links">External links</span></h2>
      <ul xmlns="http://www.w3.org/1999/xhtml">
	<li><a href="http://www.imdb.com/name/nm0942863/" rel="nofollow">Teresa Wright</a> at the <a class="external" href="http://en.wikipedia.org/wiki/Internet_Movie_Database" title="Internet Movie Database">Internet Movie Database</a></li>
	<li><a href="http://www.ibdb.com/person.asp?ID=65730" rel="nofollow">Teresa Wright</a> at the <a class="external" href="http://en.wikipedia.org/wiki/Internet_Broadway_Database" title="Internet Broadway Database">Internet Broadway Database</a></li>
	<li><a href="http://www.lortel.org/LLA_archive/index.cfm?search_by=people&amp;first=Teresa&amp;last=Wright&amp;middle=" rel="nofollow">Teresa Wright</a> at the <a class="external" href="http://en.wikipedia.org/wiki/Lortel_Archives" title="Lortel Archives">Internet Off-Broadway Database</a></li>
	<li><a href="http://www.allmovie.com/artist/77640" rel="nofollow">Teresa Wright</a> at <a class="external" href="http://en.wikipedia.org/wiki/Allmovie" title="Allmovie">Allmovie</a></li>
	<li><a href="http://tcmdb.com/participant/participant.jsp?participantId=209792" rel="nofollow">Teresa Wright</a> at the <a class="external" href="http://en.wikipedia.org/wiki/Turner_Classic_Movies" title="Turner Classic Movies">TCM Movie Database</a></li>
	<li><a href="http://www.reelclassics.com/Actresses/Teresa/teresa.htm" rel="nofollow">Teresa Wright at Reel Classics</a></li>
	<li><a href="http://www.findagrave.com/cgi-bin/fg.cgi?page=gr&amp;GRid=10585852" rel="nofollow">Teresa Wright</a> at <a class="external" href="http://en.wikipedia.org/wiki/Find_a_Grave" title="Find a Grave">Find a Grave</a></li>
	<li><a href="http://www.legacy.com/Obituaries.asp?page=lifestory&amp;personid=3261597" rel="nofollow">Obituary</a> on <a class="external" href="http://en.wikipedia.org/wiki/Legacy.com" title="Legacy.com">Legacy.com</a></li>
      </ul>
    </wiki:description>
  </wiki:person>
  <wiki:film-title link="/wiki/Mrs._Miniver_(film)">Mrs. Miniver</wiki:film-title>
  <wiki:film link="/wiki/Mrs._Miniver_(film)" title="Mrs. Miniver">
    <wiki:oscar-ref year="1942" span="1" winner="false" award="lead-actor" person-link="/wiki/Walter_Pidgeon" person-name="Walter Pidgeon"/>
    <wiki:oscar-ref year="1942" span="1" winner="true" award="lead-actress" person-link="/wiki/Greer_Garson" person-name="Greer Garson"/>
    <wiki:oscar-ref year="1942" span="1" winner="true" award="best-director" person-link="/wiki/William_Wyler" person-name="William Wyler"/>
    <wiki:oscar-ref year="1942" span="1" winner="false" award="supporting-actor" person-link="/wiki/Henry_Travers" person-name="Henry Travers"/>
    <wiki:oscar-ref year="1942" span="1" winner="true" award="supporting-actress" person-link="/wiki/Teresa_Wright" person-name="Teresa Wright"/>
    <wiki:oscar-ref year="1942" span="1" winner="false" award="supporting-actress" person-link="/wiki/May_Whitty" person-name="May Whitty"/>
    <wiki:oscar year="1942" span="1" winner="true" award="best-picture"/>
    <wiki:producer link="/wiki/Sidney_Franklin_(director)">Sidney Franklin</wiki:producer>
    <wiki:director link="/wiki/William_Wyler">William Wyler</wiki:director>
    <wiki:writer link="/wiki/Jan_Struther">Jan Struther</wiki:writer>
    <wiki:writer link="/wiki/George_Froeschel">George Froeschel</wiki:writer>
    <wiki:writer link="/wiki/James_Hilton">James Hilton</wiki:writer>
    <wiki:writer link="/w/index.php?title=Claudine_West&amp;action=edit&amp;redlink=1">Claudine West</wiki:writer>
    <wiki:writer link="/wiki/Arthur_Wimperis">Arthur Wimperis</wiki:writer>
    <wiki:distributor link="/wiki/Metro-Goldwyn-Mayer">Metro-Goldwyn-Mayer</wiki:distributor>
    <wiki:starring link="/wiki/Greer_Garson">Greer Garson</wiki:starring>
    <wiki:starring link="/wiki/Walter_Pidgeon">Walter Pidgeon</wiki:starring>
    <wiki:starring link="/wiki/Teresa_Wright">Teresa Wright</wiki:starring>
    <wiki:starring link="/wiki/Dame_May_Whitty">Dame May Whitty</wiki:starring>
    <wiki:starring link="/wiki/Reginald_Owen">Reginald Owen</wiki:starring>
    <wiki:starring link="/wiki/Henry_Travers">Henry Travers</wiki:starring>
    <wiki:starring link="/wiki/Richard_Ney">Richard Ney</wiki:starring>
    <wiki:starring link="/wiki/Henry_Wilcoxon">Henry Wilcoxon</wiki:starring>
    <wiki:description>
      <p xmlns="http://www.w3.org/1999/xhtml"><i><b>Mrs. Miniver</b></i> is a 1942 <a class="external" href="http://en.wikipedia.org/wiki/Drama_film" title="Drama film">drama film</a> directed by <a class="external" href="http://en.wikipedia.org/wiki/William_Wyler" title="William Wyler">William Wyler</a> and starring <a class="external" href="http://en.wikipedia.org/wiki/Greer_Garson" title="Greer Garson">Greer Garson</a> in the title role. It was based on the fictional English <a class="external" href="http://en.wikipedia.org/wiki/Homemaker" title="Homemaker">housewife</a> created by <a class="external" href="http://en.wikipedia.org/wiki/Jan_Struther" title="Jan Struther">Jan Struther</a> in 1937 for a series of newspaper columns, <a class="external" href="http://en.wikipedia.org/wiki/Mrs._Miniver" title="Mrs. Miniver">Mrs. Miniver</a>. The film won six <a class="external" href="http://en.wikipedia.org/wiki/Academy_Awards" title="Academy Awards">Academy Awards</a>, including Best Picture, Best Actress, and Best Director.</p>
      <h2 xmlns="http://www.w3.org/1999/xhtml"> <span class="mw-headline" id="Plot">Plot</span></h2>
      <p xmlns="http://www.w3.org/1999/xhtml">Mrs. Kay Miniver (<a class="external" href="http://en.wikipedia.org/wiki/Greer_Garson" title="Greer Garson">Greer Garson</a>) and her family live a comfortable life at a house called 'Starlings' in a village outside London. The house has a large garden, with a private landing stage on the river <a class="external" href="http://en.wikipedia.org/wiki/Thames" title="Thames">Thames</a>, and a motorboat. Her husband Clem (Canadian-born actor <a class="external" href="http://en.wikipedia.org/wiki/Walter_Pidgeon" title="Walter Pidgeon">Walter Pidgeon</a>) is a successful architect. They have three children: the youngsters Toby and Judy (<a class="external" href="http://en.wikipedia.org/w/index.php?title=Christopher_Severn&amp;action=edit&amp;redlink=1" title="Christopher Severn (page does not exist)">Christopher Severn</a> and <a class="external" href="http://en.wikipedia.org/w/index.php?title=Clare_Sandars&amp;action=edit&amp;redlink=1" title="Clare Sandars (page does not exist)">Clare Sandars</a>), and an older son Vin (<a class="external" href="http://en.wikipedia.org/wiki/Richard_Ney" title="Richard Ney">Richard Ney</a>) at university. They have live-in staff: Gladys the housemaid (<a class="external" href="http://en.wikipedia.org/wiki/Brenda_Forbes" title="Brenda Forbes">Brenda Forbes</a>) and Ada the cook (<a class="external" href="http://en.wikipedia.org/w/index.php?title=Marie_De_Becker&amp;action=edit&amp;redlink=1" title="Marie De Becker (page does not exist)">Marie De Becker</a>).</p>
      <p xmlns="http://www.w3.org/1999/xhtml">As <a class="external" href="http://en.wikipedia.org/wiki/World_War_II" title="World War II">World War II</a> looms, Vin comes down from university and meets Carol Beldon (<a class="external" href="http://en.wikipedia.org/wiki/Teresa_Wright" title="Teresa Wright">Teresa Wright</a>), granddaughter of Lady Beldon (<a class="external" href="http://en.wikipedia.org/wiki/Dame_May_Whitty" title="Dame May Whitty">Dame May Whitty</a>) from nearby Beldon Hall. Despite initial disagreements, mainly contrasting Vin's idealistic attitude to class differences with Carol's practical altruism, they fall in love. Vin proposes to Carol at a yacht club dinner-dance. They eventually marry, but as the war comes closer to home, Vin feels he must 'do his bit' and enlists in the <a class="external" href="http://en.wikipedia.org/wiki/Royal_Air_Force" title="Royal Air Force">Royal Air Force</a> qualifying as a fighter pilot. He is posted to a base near to his parents' home.</p>
      <p xmlns="http://www.w3.org/1999/xhtml">Together with other boat owners, Clem volunteers to take his motorboat to assist in the <a class="external" href="http://en.wikipedia.org/wiki/Dunkirk_evacuation" title="Dunkirk evacuation">Dunkirk evacuation</a>.</p>
      <p xmlns="http://www.w3.org/1999/xhtml">Early one morning, Kay hears a plane crash nearby. The wounded <a class="external" href="http://en.wikipedia.org/wiki/Germany" title="Germany">German</a> pilot (<a class="external" href="http://en.wikipedia.org/wiki/Helmut_Dantine" title="Helmut Dantine">Helmut Dantine</a>) hides in her garden and then holds her at gunpoint. She feeds him, calmly disarms him and then calls the police.</p>
      <p xmlns="http://www.w3.org/1999/xhtml">After the flower show's competition, in which the entry of Mr Ballard, the local stationmaster (<a class="external" href="http://en.wikipedia.org/wiki/Henry_Travers" title="Henry Travers">Henry Travers</a>), named the 'Mrs. Miniver' rose, is declared the winner over Lady Beldon's rose, Kay and Carol drive Vin to join his squadron just as an air attack begins. On their return home, Kay stops the car; Carol is wounded in an attack from a German plane. She dies a few minutes after they reach home. Kay is devastated. When Vin returns from battle, he is told the terrible news.</p>
      <p xmlns="http://www.w3.org/1999/xhtml">The local inhabitants assemble at the badly damaged church where their vicar (<a class="external" href="http://en.wikipedia.org/wiki/Henry_Wilcoxon" title="Henry Wilcoxon">Henry Wilcoxon</a>), affirms their determination in a powerful sermon:</p>
      <p xmlns="http://www.w3.org/1999/xhtml">The congregation stand in unity and sing "<a class="external" href="http://en.wikipedia.org/wiki/Onward,_Christian_Soldiers" title="Onward, Christian Soldiers">Onward, Christian Soldiers</a>" at the top of their voices, while through a gaping hole in the bombed-out roof in the sky above can be seen flight after flight of RAF fighters in the V-for-Victory formation.</p>
      <p xmlns="http://www.w3.org/1999/xhtml">Wilcoxon and director <a class="external" href="http://en.wikipedia.org/wiki/William_Wyler" title="William Wyler">William Wyler</a> "wrote and re-wrote" this key sermon "the night before the sequence was to be shot." The speech "made such an impact that it was used in essence by <a class="external" href="http://en.wikipedia.org/wiki/Franklin_D._Roosevelt" title="Franklin D. Roosevelt">President Roosevelt</a> as a morale builder and part of it was the basis for leaflets printed in various languages and dropped over enemy and occupied territory."</p>
      <h2 xmlns="http://www.w3.org/1999/xhtml"> <span class="mw-headline" id="Background">Background</span></h2>
      <p xmlns="http://www.w3.org/1999/xhtml">The film adaptation of <i>Mrs. Miniver</i> was produced by <a class="external" href="http://en.wikipedia.org/wiki/MGM" title="MGM">MGM</a> in <a class="external" href="http://en.wikipedia.org/wiki/1942" title="1942">1942</a> with <a class="external" href="http://en.wikipedia.org/wiki/Greer_Garson" title="Greer Garson">Greer Garson</a> in the leading role and <a class="external" href="http://en.wikipedia.org/wiki/William_Wyler" title="William Wyler">William Wyler</a> directing.</p>
      <p xmlns="http://www.w3.org/1999/xhtml">The film exceeded all expectations, grossing $5,358,000 in <a class="external" href="http://en.wikipedia.org/wiki/North_America" title="North America">North America</a> (the highest for any MGM film at the time) and $3,520,000 abroad. In <a class="external" href="http://en.wikipedia.org/wiki/United_Kingdom" title="United Kingdom">Britain</a>, it was named the top box office attraction of 1942. Of the 592 film critics polled by American magazine <i><a class="external" href="http://en.wikipedia.org/wiki/Film_Daily" title="Film Daily">Film Daily</a></i>, 555 named it the best film of 1942.</p>
      <p xmlns="http://www.w3.org/1999/xhtml"></p>
      <h2 xmlns="http://www.w3.org/1999/xhtml"> <span class="mw-headline" id="Cast">Cast</span></h2>
      <ul xmlns="http://www.w3.org/1999/xhtml">
	<li><a class="external" href="http://en.wikipedia.org/wiki/Greer_Garson" title="Greer Garson">Greer Garson</a> as Mrs. Kay Miniver</li>
	<li><a class="external" href="http://en.wikipedia.org/wiki/Walter_Pidgeon" title="Walter Pidgeon">Walter Pidgeon</a> as Clem Miniver</li>
	<li><a class="external" href="http://en.wikipedia.org/wiki/Teresa_Wright" title="Teresa Wright">Teresa Wright</a> as Carol Beldon</li>
	<li><a class="external" href="http://en.wikipedia.org/wiki/Dame_May_Whitty" title="Dame May Whitty">Dame May Whitty</a> as Lady Beldon</li>
	<li><a class="external" href="http://en.wikipedia.org/wiki/Reginald_Owen" title="Reginald Owen">Reginald Owen</a> as Foley</li>
	<li><a class="external" href="http://en.wikipedia.org/wiki/Henry_Travers" title="Henry Travers">Henry Travers</a> as James Ballard</li>
	<li><a class="external" href="http://en.wikipedia.org/wiki/Richard_Ney" title="Richard Ney">Richard Ney</a> as Vin Miniver</li>
	<li><a class="external" href="http://en.wikipedia.org/wiki/Henry_Wilcoxon" title="Henry Wilcoxon">Henry Wilcoxon</a> as Vicar</li>
	<li><a class="external" href="http://en.wikipedia.org/w/index.php?title=Christopher_Severn&amp;action=edit&amp;redlink=1" title="Christopher Severn (page does not exist)">Christopher Severn</a> as Toby Miniver</li>
	<li><a class="external" href="http://en.wikipedia.org/wiki/Brenda_Forbes" title="Brenda Forbes">Brenda Forbes</a> as Gladys - Housemaid</li>
	<li><a class="external" href="http://en.wikipedia.org/w/index.php?title=Clare_Sandars&amp;action=edit&amp;redlink=1" title="Clare Sandars (page does not exist)">Clare Sandars</a> as Judy Miniver</li>
	<li><a class="external" href="http://en.wikipedia.org/w/index.php?title=Marie_De_Becker&amp;action=edit&amp;redlink=1" title="Marie De Becker (page does not exist)">Marie De Becker</a> as Ada - Cook</li>
	<li><a class="external" href="http://en.wikipedia.org/wiki/Helmut_Dantine" title="Helmut Dantine">Helmut Dantine</a> as German Flyer</li>
	<li><a class="external" href="http://en.wikipedia.org/wiki/John_Abbott_(actor,_born_1905)" title="John Abbott (actor, born 1905)">John Abbott</a> as Fred</li>
	<li><a class="external" href="http://en.wikipedia.org/w/index.php?title=Connie_Leon&amp;action=edit&amp;redlink=1" title="Connie Leon (page does not exist)">Connie Leon</a> as Simpson</li>
      </ul>
      <h2 xmlns="http://www.w3.org/1999/xhtml"> <span class="mw-headline" id="Awards_and_nominations">Awards and nominations</span></h2>
      <p xmlns="http://www.w3.org/1999/xhtml">It was the Winner of 6 <a class="external" href="http://en.wikipedia.org/wiki/Academy_Award" title="Academy Award">Academy Awards</a>.</p>
      <p xmlns="http://www.w3.org/1999/xhtml"><br/>
<b>Notes</b></p>
      <ul xmlns="http://www.w3.org/1999/xhtml">
	<li>In 2009, it was named to the <a class="external" href="http://en.wikipedia.org/wiki/National_Film_Registry" title="National Film Registry">National Film Registry</a> by the <a class="external" href="http://en.wikipedia.org/wiki/Library_of_Congress" title="Library of Congress">Library of Congress</a> for being â€œculturally, historically or aestheticallyâ€&#157; significant and will be preserved for all time.</li>
      </ul>
      <ul xmlns="http://www.w3.org/1999/xhtml">
	<li><a class="external" href="http://en.wikipedia.org/wiki/Greer_Garson" title="Greer Garson">Greer Garson</a> has the longest <a class="external" href="http://en.wikipedia.org/wiki/Oscar" title="Oscar">Oscar</a> acceptance speech of all time. It took an hour to finish it after winning the prize for <a class="external" href="http://en.wikipedia.org/wiki/Best_Actress" title="Best Actress">Best Actress</a>.</li>
      </ul>
      <h2 xmlns="http://www.w3.org/1999/xhtml"> <span class="mw-headline" id="Romantic_interest">Romantic interest</span></h2>
      <p xmlns="http://www.w3.org/1999/xhtml">Soon after filming, <a class="external" href="http://en.wikipedia.org/wiki/Richard_Ney" title="Richard Ney">Richard Ney</a>, who played <a class="external" href="http://en.wikipedia.org/wiki/Greer_Garson" title="Greer Garson">Greer Garson</a>'s son and was 11 years her junior, married Garson.</p>
      <h2 xmlns="http://www.w3.org/1999/xhtml"> <span class="mw-headline" id="Radio_adaptations">Radio adaptations</span></h2>
      <p xmlns="http://www.w3.org/1999/xhtml">The film was adapted into an episode of the <a class="external" href="http://en.wikipedia.org/wiki/Lux_Radio_Theater" title="Lux Radio Theater">Lux Radio Theater</a> in 1943. That episode in turn was popular enough to inspire a 5 day a week serial, starring radio veteran <a class="external" href="http://en.wikipedia.org/wiki/Gertrude_Warner_(actor)" title="Gertrude Warner (actor)">Trudy Warner</a> on <a class="external" href="http://en.wikipedia.org/wiki/CBS_Radio" title="CBS Radio">CBS</a>.</p>
      <h2 xmlns="http://www.w3.org/1999/xhtml"> <span class="mw-headline" id="Television_adaptation">Television adaptation</span></h2>
      <p xmlns="http://www.w3.org/1999/xhtml">A 90 minutes television adaptation was broadcast on CBS in 1960 with <a class="external" href="http://en.wikipedia.org/wiki/Maureen_O%27Hara" title="Maureen O'Hara">Maureen O'Hara</a> as Mrs Miniver and <a class="external" href="http://en.wikipedia.org/wiki/Leo_Genn" title="Leo Genn">Leo Genn</a> as Clem Miniver, directed by <a class="external" href="http://en.wikipedia.org/wiki/Marc_Daniels" title="Marc Daniels">Marc Daniels</a>.</p>
      <h2 xmlns="http://www.w3.org/1999/xhtml"> <span class="mw-headline" id="Legacy">Legacy</span></h2>
      <p xmlns="http://www.w3.org/1999/xhtml">Mrs Miniver ("a movie ... something with Greer Garson in it ... [her] son's plane was missing in action.") is briefly mentioned in a <a class="external" href="http://en.wikipedia.org/wiki/J._D._Salinger" title="J. D. Salinger">J. D. Salinger</a> story, "<a class="external" href="http://en.wikipedia.org/wiki/Raise_High_the_Roof_Beam,_Carpenters_and_Seymour:_An_Introduction" title="Raise High the Roof Beam, Carpenters and Seymour: An Introduction">Raise High the Roof Beam, Carpenters</a>".</p>
      <p xmlns="http://www.w3.org/1999/xhtml">In June 2006 it was placed #40 on the <a class="external" href="http://en.wikipedia.org/wiki/AFI%27s_100_Years..._100_Movies" title="AFI's 100 Years... 100 Movies">American Film Institute's</a> list celebrating the most inspirational films of all time.</p>
      <h2 xmlns="http://www.w3.org/1999/xhtml"> <span class="mw-headline" id="References">References</span></h2>
      <h2 xmlns="http://www.w3.org/1999/xhtml"> <span class="mw-headline" id="External_links">External links</span></h2>
      <ul xmlns="http://www.w3.org/1999/xhtml">
	<li><a href="http://www.imdb.com/title/tt0035093/" rel="nofollow"><i>Mrs. Miniver</i></a> at the <a class="external" href="http://en.wikipedia.org/wiki/Internet_Movie_Database" title="Internet Movie Database">Internet Movie Database</a></li>
	<li><a href="http://www.allmovie.com/work/33719" rel="nofollow"><i>Mrs. Miniver</i></a> at <a class="external" href="http://en.wikipedia.org/wiki/Allmovie" title="Allmovie">Allmovie</a></li>
	<li><a href="http://tcmdb.com/title/title.jsp?stid=329" rel="nofollow"><i>Mrs. Miniver</i></a> at the <a class="external" href="http://en.wikipedia.org/wiki/Turner_Classic_Movies" title="Turner Classic Movies">TCM Movie Database</a></li>
	<li><a href="http://www.rottentomatoes.com/m/mrs_miniver/" rel="nofollow"><i>Mrs. Miniver</i></a> at <a class="external" href="http://en.wikipedia.org/wiki/Rotten_Tomatoes" title="Rotten Tomatoes">Rotten Tomatoes</a></li>
	<li><span class="citation web"><a href="http://www.objectivistcenter.org/cth--1681-Miniver2006.aspx" rel="nofollow">"Where Is Today's Mrs. Miniver?"</a><span class="printonly">. <a href="http://www.objectivistcenter.org/cth--1681-Miniver2006.aspx" rel="nofollow">http://www.objectivistcenter.org/cth--1681-Miniver2006.aspx</a></span><span class="reference-accessdate">. Retrieved 2008-04-28</span>.</span><span class="Z3988" title="ctx_ver=Z39.88-2004&amp;rft_val_fmt=info%3Aofi%2Ffmt%3Akev%3Amtx%3Abook&amp;rft.genre=bookitem&amp;rft.btitle=Where+Is+Today%27s+Mrs.+Miniver%3F&amp;rft.atitle=&amp;rft_id=http%3A%2F%2Fwww.objectivistcenter.org%2Fcth--1681-Miniver2006.aspx&amp;rfr_id=info:sid/en.wikipedia.org:Mrs._Miniver_(film)"><span style="display: none;">Â </span></span></li>
	<li><span class="citation web"><a href="http://uk.youtube.com/watch?v=XIsjGh42OiQ&amp;feature=related" rel="nofollow">"Mrs. Miniver Opening Scenes"</a><span class="printonly">. <a href="http://uk.youtube.com/watch?v=XIsjGh42OiQ&amp;feature=related" rel="nofollow">http://uk.youtube.com/watch?v=XIsjGh42OiQ&amp;feature=related</a></span><span class="reference-accessdate">. Retrieved 2008-08-20</span>.</span><span class="Z3988" title="ctx_ver=Z39.88-2004&amp;rft_val_fmt=info%3Aofi%2Ffmt%3Akev%3Amtx%3Abook&amp;rft.genre=bookitem&amp;rft.btitle=Mrs.+Miniver+Opening+Scenes&amp;rft.atitle=&amp;rft_id=http%3A%2F%2Fuk.youtube.com%2Fwatch%3Fv%3DXIsjGh42OiQ%26feature%3Drelated&amp;rfr_id=info:sid/en.wikipedia.org:Mrs._Miniver_(film)"><span style="display: none;">Â </span></span></li>
	<li><span class="citation web"><a href="http://uk.youtube.com/watch?v=yTPVp1-Io5g" rel="nofollow">"Mrs. Miniver and the German Soldier"</a><span class="printonly">. <a href="http://uk.youtube.com/watch?v=yTPVp1-Io5g" rel="nofollow">http://uk.youtube.com/watch?v=yTPVp1-Io5g</a></span><span class="reference-accessdate">. Retrieved 2008-08-20</span>.</span><span class="Z3988" title="ctx_ver=Z39.88-2004&amp;rft_val_fmt=info%3Aofi%2Ffmt%3Akev%3Amtx%3Abook&amp;rft.genre=bookitem&amp;rft.btitle=Mrs.+Miniver+and+the+German+Soldier&amp;rft.atitle=&amp;rft_id=http%3A%2F%2Fuk.youtube.com%2Fwatch%3Fv%3DyTPVp1-Io5g&amp;rfr_id=info:sid/en.wikipedia.org:Mrs._Miniver_(film)"><span style="display: none;">Â </span></span></li>
	<li><span class="citation web"><a href="http://www.cinema.com/film/8071/mrs-miniver/cast.phtml" rel="nofollow">"The full Cast of Mrs. Miniver"</a><span class="printonly">. <a href="http://www.cinema.com/film/8071/mrs-miniver/cast.phtml" rel="nofollow">http://www.cinema.com/film/8071/mrs-miniver/cast.phtml</a></span><span class="reference-accessdate">. Retrieved 2008-10-09</span>.</span><span class="Z3988" title="ctx_ver=Z39.88-2004&amp;rft_val_fmt=info%3Aofi%2Ffmt%3Akev%3Amtx%3Abook&amp;rft.genre=bookitem&amp;rft.btitle=The+full+Cast+of+Mrs.+Miniver&amp;rft.atitle=&amp;rft_id=http%3A%2F%2Fwww.cinema.com%2Ffilm%2F8071%2Fmrs-miniver%2Fcast.phtml&amp;rfr_id=info:sid/en.wikipedia.org:Mrs._Miniver_(film)"><span style="display: none;">Â </span></span></li>
	<li><span class="citation web"><a href="http://www.script-o-rama.com/movie_scripts/m/mrs-miniver-script-transcript-greer.html" rel="nofollow">"Mrs. Miniver Script transcript"</a><span class="printonly">. <a href="http://www.script-o-rama.com/movie_scripts/m/mrs-miniver-script-transcript-greer.html" rel="nofollow">http://www.script-o-rama.com/movie_scripts/m/mrs-miniver-script-transcript-greer.html</a></span><span class="reference-accessdate">. Retrieved 2008-10-08</span>.</span><span class="Z3988" title="ctx_ver=Z39.88-2004&amp;rft_val_fmt=info%3Aofi%2Ffmt%3Akev%3Amtx%3Abook&amp;rft.genre=bookitem&amp;rft.btitle=Mrs.+Miniver+Script+transcript&amp;rft.atitle=&amp;rft_id=http%3A%2F%2Fwww.script-o-rama.com%2Fmovie_scripts%2Fm%2Fmrs-miniver-script-transcript-greer.html&amp;rfr_id=info:sid/en.wikipedia.org:Mrs._Miniver_(film)"><span style="display: none;">Â </span></span></li>
      </ul>
    </wiki:description>
  </wiki:film>
</wiki:nominee>