<?xml version="1.0" encoding="UTF-8"?>
<wiki:nominee year="1987" span="1" winner="false" award="supporting-actress" xmlns:wiki="http://marklogic.com/wikipedia">
  <!--
                            Copyright (c) 2010 MarkLogic Corporation.
                            Permission is granted to copy, distribute and/or modify this document
                            under the terms of the GNU Free Documentation License, Version 1.2
                            or any later version published by the Free Software Foundation;
                            with no Invariant Sections, no Front-Cover Texts, and no Back-Cover Texts.
                            A copy of the license is included in the section entitled "GNU
                            Free Documentation License"
                            
                            Content derived from http://en.wikipedia.org/wiki/Fatal_Attraction and http://en.wikipedia.org/wiki/Anne_Archer
                            Modified in May 2009 by Mark Logic Corporation under the terms of the GNU Free Documentation License.
                        -->
  <wiki:name link="/wiki/Anne_Archer">Anne Archer</wiki:name>
  <wiki:person link="/wiki/Anne_Archer" name="Anne Archer">
    <wiki:oscar year="1987" span="1" winner="false" award="supporting-actress" film-link="/wiki/Fatal_Attraction" film-title="Fatal Attraction"/>
    <wiki:image link="http://upload.wikimedia.org/wikipedia/commons/thumb/d/dc/Anne_Archer%2C_1989-03-cropped.jpg/220px-Anne_Archer%2C_1989-03-cropped.jpg"/>
    <wiki:birth>
      <wiki:date>1947-08-25</wiki:date>
      <wiki:place>
	<wiki:primary link="/wiki/Los_Angeles,_California">Los Angeles, California</wiki:primary>
	<wiki:secondary link=""/>
      <enrich><woeid xmlns="http://where.yahooapis.com/v1/schema.rng">12587688</woeid><placeTypeName code="9" xmlns="http://where.yahooapis.com/v1/schema.rng">County</placeTypeName><name xmlns="http://where.yahooapis.com/v1/schema.rng">Los Angeles</name><country code="US" type="Country" xmlns="http://where.yahooapis.com/v1/schema.rng">United States</country><admin1 code="US-CA" type="State" xmlns="http://where.yahooapis.com/v1/schema.rng">California</admin1><admin2 code="" type="County" xmlns="http://where.yahooapis.com/v1/schema.rng">Los Angeles</admin2><admin3 xmlns="http://where.yahooapis.com/v1/schema.rng"/><locality1 xmlns="http://where.yahooapis.com/v1/schema.rng"/><locality2 xmlns="http://where.yahooapis.com/v1/schema.rng"/><postal xmlns="http://where.yahooapis.com/v1/schema.rng"/><centroid xmlns="http://where.yahooapis.com/v1/schema.rng"><latitude>34.263512</latitude><longitude>-118.295502</longitude></centroid><boundingBox xmlns="http://where.yahooapis.com/v1/schema.rng"><southWest><latitude>32.800701</latitude><longitude>-118.944817</longitude></southWest><northEast><latitude>34.823299</latitude><longitude>-117.646187</longitude></northEast></boundingBox><areaRank xmlns="http://where.yahooapis.com/v1/schema.rng">9</areaRank><popRank xmlns="http://where.yahooapis.com/v1/schema.rng">0</popRank></enrich></wiki:place>
    </wiki:birth>
    <wiki:description>
      <p xmlns="http://www.w3.org/1999/xhtml"><b>Anne Archer</b> (born August 25, 1947) is an American movie, television and stage actress.</p>
      <h2 xmlns="http://www.w3.org/1999/xhtml"> <span class="mw-headline" id="Personal_life">Personal life</span></h2>
      <p xmlns="http://www.w3.org/1999/xhtml">Archer was born in <a class="external" href="http://en.wikipedia.org/wiki/Los_Angeles,_California" title="Los Angeles, California">Los Angeles</a>, <a class="external" href="http://en.wikipedia.org/wiki/California" title="California">California</a>, the daughter of actors <a class="external" href="http://en.wikipedia.org/wiki/Marjorie_Lord" title="Marjorie Lord">Marjorie Lord</a> and <a class="external" href="http://en.wikipedia.org/wiki/John_Archer_(actor)" title="John Archer (actor)">John Archer</a>. Archer married William Davis in 1968 though the couple divorced in the mid 1970s. She then married Terry Jastrow in 1978. Archer has two sons, one from each marriage.</p>
      <h2 xmlns="http://www.w3.org/1999/xhtml"> <span class="mw-headline" id="Career">Career</span></h2>
      <p xmlns="http://www.w3.org/1999/xhtml">Archer's first TV appearance was in 1970 on the series <i>Men at Law</i>. Her first feature film was <i>The Honkers</i> (1972). Archer was nominated for a <i>Best Supporting Actress <a class="external" href="http://en.wikipedia.org/wiki/Academy_Award" title="Academy Award">Oscar</a></i> as Beth Gallagher in <a class="external" href="http://en.wikipedia.org/wiki/Adrian_Lyne" title="Adrian Lyne">Adrian Lyne</a>'s 1987 blockbuster <i><a class="external" href="http://en.wikipedia.org/wiki/Fatal_Attraction" title="Fatal Attraction">Fatal Attraction</a></i>. She played a deceived, then violently protective mother of a six-year old daughter, and wife of stalked philanderer Dan Gallagher (<a class="external" href="http://en.wikipedia.org/wiki/Michael_Douglas" title="Michael Douglas">Michael Douglas</a>), whose weekend tryst with psychopathic book editor Alex Forrest (<a class="external" href="http://en.wikipedia.org/wiki/Glenn_Close" title="Glenn Close">Glenn Close</a>) buys him more than he bargained for. Other prominent movie roles include <i><a class="external" href="http://en.wikipedia.org/wiki/Patriot_Games" title="Patriot Games">Patriot Games</a></i> (1993) and <i><a class="external" href="http://en.wikipedia.org/wiki/Clear_and_Present_Danger" title="Clear and Present Danger">Clear and Present Danger</a></i> (1994). In 2001 Archer portrayed 'Mrs. Robinson' at the Gielgud Theatre in London's West End production of <i>The Graduate</i>. She has made several appearances on television, including <i><a class="external" href="http://en.wikipedia.org/wiki/Hawaii_Five-0" title="Hawaii Five-0">Hawaii Five-0</a></i>, <i><a class="external" href="http://en.wikipedia.org/wiki/Little_House_on_the_Prairie_(TV_series)" title="Little House on the Prairie (TV series)">Little House on the Prairie</a></i>, <i><a class="external" href="http://en.wikipedia.org/wiki/Falcon_Crest" title="Falcon Crest">Falcon Crest</a></i>, <i><a class="external" href="http://en.wikipedia.org/wiki/Boston_Public" title="Boston Public">Boston Public</a></i>, and <i><a class="external" href="http://en.wikipedia.org/wiki/Privileged_(TV_series)" title="Privileged (TV series)">Privileged</a></i>. In 1993, Archer starred in the independent film <i>Question of Faith</i>, based on a true story about one woman's will to survive through cancer and have a baby.</p>
      <h2 xmlns="http://www.w3.org/1999/xhtml"> <span class="mw-headline" id="Scientology">Scientology</span></h2>
      <p xmlns="http://www.w3.org/1999/xhtml">Archer, along with her husband Terry Jastrow, have been members of the <a class="external" href="http://en.wikipedia.org/wiki/Church_of_Scientology" title="Church of Scientology">Church of Scientology</a> since 1975. Between 1982 and 1986 Archer was a spokeswoman for <a class="external" href="http://en.wikipedia.org/wiki/Applied_Scholastics" title="Applied Scholastics">Applied Scholastics</a>, the literacy training organization sponsored by the Church of Scientology.</p>
      <p xmlns="http://www.w3.org/1999/xhtml">Her son <a class="external" href="http://en.wikipedia.org/wiki/Tom_Davis_(scientologist)" title="Tom Davis (scientologist)">Tommy Davis</a> is the head of the <a class="external" href="http://en.wikipedia.org/wiki/Church_of_Scientology" title="Church of Scientology">Church of Scientology</a>'s <a class="external" href="http://en.wikipedia.org/wiki/Celebrity_Centre" title="Celebrity Centre">Celebrity Centre</a> International in <a class="external" href="http://en.wikipedia.org/wiki/Los_Angeles" title="Los Angeles">Los Angeles</a>, <a class="external" href="http://en.wikipedia.org/wiki/California" title="California">California</a>.</p>
      <p xmlns="http://www.w3.org/1999/xhtml">In 1998, Archer and fellow entertainers <a class="external" href="http://en.wikipedia.org/wiki/Isaac_Hayes" title="Isaac Hayes">Isaac Hayes</a>, <a class="external" href="http://en.wikipedia.org/wiki/Chick_Corea" title="Chick Corea">Chick Corea</a>, and <a class="external" href="http://en.wikipedia.org/wiki/Haywood_Nelson" title="Haywood Nelson">Haywood Nelson</a> attended the 30th anniversary of <i><a class="external" href="http://en.wikipedia.org/wiki/Freedom_Magazine" title="Freedom Magazine">Freedom Magazine</a></i>, the Church of Scientology's investigative news journal, at the <a class="external" href="http://en.wikipedia.org/wiki/National_Press_Club_(USA)" title="National Press Club (USA)">National Press Club</a> in <a class="external" href="http://en.wikipedia.org/wiki/Washington,_D.C." title="Washington, D.C.">Washington, D.C.</a></p>
      <h2 xmlns="http://www.w3.org/1999/xhtml"> <span class="mw-headline" id="Filmography">Filmography</span></h2>
      <h2 xmlns="http://www.w3.org/1999/xhtml"> <span class="mw-headline" id="References">References</span></h2>
      <h2 xmlns="http://www.w3.org/1999/xhtml"> <span class="mw-headline" id="External_links">External links</span></h2>
      <ul xmlns="http://www.w3.org/1999/xhtml">
	<li><span class="official website"><a href="http://www.annearcher.com/" rel="nofollow">Official website</a></span></li>
	<li><a href="http://www.imdb.com/name/nm0000271/" rel="nofollow">Anne Archer</a> at the <a class="external" href="http://en.wikipedia.org/wiki/Internet_Movie_Database" title="Internet Movie Database">Internet Movie Database</a></li>
	<li><a href="http://www.artistsforhumanrights/" rel="nofollow">Artists for Human Rights website</a></li>
	<li><a href="http://www.allmovie.com/artist/2102" rel="nofollow">Anne Archer</a> at <a class="external" href="http://en.wikipedia.org/wiki/Allmovie" title="Allmovie">Allmovie</a></li>
	<li><a href="http://tcmdb.com/participant/participant.jsp?participantId=5155" rel="nofollow">Anne Archer</a> at the <a class="external" href="http://en.wikipedia.org/wiki/Turner_Classic_Movies" title="Turner Classic Movies">TCM Movie Database</a></li>
	<li><a href="http://www.filmreference.com/film/40/Anne-Archer.html" rel="nofollow">Anne Archer Biography (1947-)</a> at filmreference.com</li>
      </ul>
    </wiki:description>
  </wiki:person>
  <wiki:film-title link="/wiki/Fatal_Attraction">Fatal Attraction</wiki:film-title>
  <wiki:film link="/wiki/Fatal_Attraction" title="Fatal Attraction">
    <wiki:oscar-ref year="1987" span="1" winner="false" award="lead-actress" person-link="/wiki/Glenn_Close" person-name="Glenn Close"/>
    <wiki:oscar-ref year="1987" span="1" winner="false" award="best-director" person-link="/wiki/Adrian_Lyne" person-name="Adrian Lyne"/>
    <wiki:oscar-ref year="1987" span="1" winner="false" award="supporting-actress" person-link="/wiki/Anne_Archer" person-name="Anne Archer"/>
    <wiki:oscar year="1987" span="1" winner="false" award="best-picture"/>
    <wiki:producer link="/wiki/Stanley_R._Jaffe">Stanley R. Jaffe</wiki:producer>
    <wiki:producer link="/wiki/Sherry_Lansing">Sherry Lansing</wiki:producer>
    <wiki:director link="/wiki/Adrian_Lyne">Adrian Lyne</wiki:director>
    <wiki:writer link="/wiki/James_Dearden">James Dearden</wiki:writer>
    <wiki:distributor link="/wiki/Paramount_Pictures">Paramount Pictures</wiki:distributor>
    <wiki:starring link="/wiki/Michael_Douglas">Michael Douglas</wiki:starring>
    <wiki:starring link="/wiki/Glenn_Close">Glenn Close</wiki:starring>
    <wiki:starring link="/wiki/Anne_Archer">Anne Archer</wiki:starring>
    <wiki:description>
      <wiki:abstract>
	<p xmlns="http://www.w3.org/1999/xhtml"><i><b>Fatal Attraction</b></i> is a 1987 American <a class="external" href="http://en.wikipedia.org/wiki/Thriller_(genre)" title="Thriller (genre)">thriller</a>/<a class="external" href="http://en.wikipedia.org/wiki/Slasher_film" title="Slasher film">slasher film</a> directed by <a class="external" href="http://en.wikipedia.org/wiki/Adrian_Lyne" title="Adrian Lyne">Adrian Lyne</a> and stars <a class="external" href="http://en.wikipedia.org/wiki/Michael_Douglas" title="Michael Douglas">Michael Douglas</a>, <a class="external" href="http://en.wikipedia.org/wiki/Glenn_Close" title="Glenn Close">Glenn Close</a> and <a class="external" href="http://en.wikipedia.org/wiki/Anne_Archer" title="Anne Archer">Anne Archer</a>. It is about a married man, who has a weekend <a class="external" href="http://en.wikipedia.org/wiki/Affair" title="Affair">affair</a> with a woman who refuses to allow it to end and who becomes obsessed with him. The film was adapted by James Dearden and <a class="external" href="http://en.wikipedia.org/wiki/Nicholas_Meyer" title="Nicholas Meyer">Nicholas Meyer</a> from an earlier short film by Dearden for British television, <i>Diversion</i> (1980).</p>
	<p xmlns="http://www.w3.org/1999/xhtml"><i>Fatal Attraction</i> was a hit, becoming the second highest grossing film of 1987 in the <a class="external" href="http://en.wikipedia.org/wiki/United_States" title="United States">United States</a> and hugely popular internationally. Critics were enthusiastic about the film, and it received six <a class="external" href="http://en.wikipedia.org/wiki/Academy_Award" title="Academy Award">Academy Award</a> nominations, including that for <a class="external" href="http://en.wikipedia.org/wiki/Academy_Award_for_Best_Picture" title="Academy Award for Best Picture">Best Picture</a>, <a class="external" href="http://en.wikipedia.org/wiki/Academy_Award_for_Best_Actress" title="Academy Award for Best Actress">Best Actress</a> for Close and <a class="external" href="http://en.wikipedia.org/wiki/Academy_Award_for_Best_Supporting_Actress" title="Academy Award for Best Supporting Actress">Best Supporting Actress</a> for Archer.</p>
	<h2 xmlns="http://www.w3.org/1999/xhtml"> <span class="mw-headline" id="Plot">Plot</span></h2>
	<p xmlns="http://www.w3.org/1999/xhtml">Dan Gallagher (<a class="external" href="http://en.wikipedia.org/wiki/Michael_Douglas" title="Michael Douglas">Michael Douglas</a>) is a successful, happily married <a class="external" href="http://en.wikipedia.org/wiki/New_York" title="New York">New York</a> attorney living in <a class="external" href="http://en.wikipedia.org/wiki/Manhattan" title="Manhattan">Manhattan</a> when he meets Alexandra (Alex) Forrest (<a class="external" href="http://en.wikipedia.org/wiki/Glenn_Close" title="Glenn Close">Glenn Close</a>), an editor for a publishing company, through business. While his wife (<a class="external" href="http://en.wikipedia.org/wiki/Anne_Archer" title="Anne Archer">Anne Archer</a>) and daughter (<a class="external" href="http://en.wikipedia.org/wiki/Ellen_Hamilton_Latzen" title="Ellen Hamilton Latzen">Ellen Hamilton Latzen</a>) are out of town for the weekend, Dan has an affair with Alex. Though Dan thought it would be a simple fling, Alex begins clinging to him.</p>
	<p xmlns="http://www.w3.org/1999/xhtml">Alex's mental instability surfaces quickly when she attempts <a class="external" href="http://en.wikipedia.org/wiki/Suicide" title="Suicide">suicide</a> after Dan explains that he must go home. Dan thinks the affair is forgotten, but Alex shows up at various places to see him. She waits at his office one day to apologize and invite him to the <a class="external" href="http://en.wikipedia.org/wiki/Opera" title="Opera">opera</a> <i><a class="external" href="http://en.wikipedia.org/wiki/Madama_Butterfly" title="Madama Butterfly">Madama Butterfly</a></i>, but he turns her down. She then calls Dan's office until he tells his secretary he will no longer take her calls. Alex then calls Dan's home at all hours and informs him that she is pregnant and plans to keep the baby. Although Dan wants nothing to do with her, she argues that he must take responsibility. Alex shows up at Dan's apartment (which is for sale) and meets his wife, Beth, feigning interest as a buyer. Later that night, Dan goes to Alex's apartment to confront her about her actions. In response, she replies that she will not be ignored.</p>
	<p xmlns="http://www.w3.org/1999/xhtml">Dan moves his family to the New York village of <a class="external" href="http://en.wikipedia.org/wiki/Bedford_(town),_New_York" title="Bedford (town), New York">Bedford</a>, but this doesn't deter Alex. She has a voice recording delivered to Dan filled with verbal abuse. She <a class="external" href="http://en.wikipedia.org/wiki/Stalking" title="Stalking">stalks</a> him in a parking garage, pours acid on his vehicle, and follows him home one night to spy on him, Beth, and their daughter Ellen from the bushes in his yard; the sight of their family life literally makes her sick to her stomach. Alex's obsession eventually turns into madness. Dan approaches the police to apply for a <a class="external" href="http://en.wikipedia.org/wiki/Restraining_order" title="Restraining order">restraining order</a> against Alex (claiming that it is "for a client"), to which a police lieutenant claims that he cannot violate Alex's rights without <a class="external" href="http://en.wikipedia.org/wiki/Probable_cause" title="Probable cause">probable cause</a> and that the adulterer has to own up to his adultery.</p>
	<p xmlns="http://www.w3.org/1999/xhtml">At one point, while the Gallaghers are away from home, Alex kills Ellen's pet rabbit, and <a class="external" href="http://en.wikipedia.org/wiki/Bunny_boiler" title="Bunny boiler">puts it on their stove to boil</a>. After this, Dan tells Beth of the affair and Alex's pregnancy; infuriated, Beth asks him to leave. Before he goes, Dan calls Alex to tell her that Beth knows about the affair. Beth gets on the phone and warns Alex over the phone that if she persists, Beth will kill her. Alex <a class="external" href="http://en.wikipedia.org/wiki/Kidnapping" title="Kidnapping">kidnaps</a> Ellen from school and takes her to an amusement park, buying her ice cream as well as taking her on a roller coaster. Beth is injured in a car accident while searching in a panic for her child. Infuriated by what's happened to his family because of Alex, Dan barges into her apartment and attacks her, choking her nearly to the point of death. However, he stops himself, but as he does Alex turns the tables, lunging at him with a kitchen knife. Dan overpowers her, but puts the knife down and leaves. Alex just smiles, clearly deranged and misinterpreting his actions. Dan approaches the police about having Alex arrested, but the police still say they lack cause to take action against her, although they can drive by his residence to watch for intruders. Following her release from the hospital, Beth forgives Dan and he returns home.</p>
      </wiki:abstract>
      <h2 xmlns="http://www.w3.org/1999/xhtml"> <span class="mw-headline" id="Cast">Cast</span></h2>
      <ul xmlns="http://www.w3.org/1999/xhtml">
	<li><a class="external" href="http://en.wikipedia.org/wiki/Michael_Douglas" title="Michael Douglas">Michael Douglas</a> as Dan Gallagher</li>
	<li><a class="external" href="http://en.wikipedia.org/wiki/Glenn_Close" title="Glenn Close">Glenn Close</a> as Alexandra (Alex) Forrest</li>
	<li><a class="external" href="http://en.wikipedia.org/wiki/Anne_Archer" title="Anne Archer">Anne Archer</a> as Beth Gallagher</li>
	<li><a class="external" href="http://en.wikipedia.org/wiki/Ellen_Hamilton_Latzen" title="Ellen Hamilton Latzen">Ellen Hamilton Latzen</a> as Ellen Gallagher</li>
	<li><a class="external" href="http://en.wikipedia.org/wiki/Stuart_Pankin" title="Stuart Pankin">Stuart Pankin</a> as Jimmy</li>
	<li><a class="external" href="http://en.wikipedia.org/wiki/Ellen_Foley" title="Ellen Foley">Ellen Foley</a> as Hildy</li>
	<li><a class="external" href="http://en.wikipedia.org/wiki/Fred_Gwynne" title="Fred Gwynne">Fred Gwynne</a> as Arthur</li>
	<li><a class="external" href="http://en.wikipedia.org/wiki/Meg_Mundy" title="Meg Mundy">Meg Mundy</a> as Joan Rogerson</li>
	<li>Tom Brennan as Howard Rogerson</li>
	<li><a class="external" href="http://en.wikipedia.org/wiki/Lois_Smith" title="Lois Smith">Lois Smith</a> as Martha</li>
	<li><a class="external" href="http://en.wikipedia.org/wiki/Mike_Nussbaum" title="Mike Nussbaum">Mike Nussbaum</a> as Bob Drimmer</li>
	<li>J.J. Johnston as O'Rourke</li>
	<li>Michael Arkin as Lieutenant</li>
	<li><a class="external" href="http://en.wikipedia.org/wiki/Wayne_Knight" title="Wayne Knight">Wayne Knight</a> as Jim the lawyer</li>
      </ul>
      <h2 xmlns="http://www.w3.org/1999/xhtml"> <span class="mw-headline" id="Reaction">Reaction</span></h2>
      <p xmlns="http://www.w3.org/1999/xhtml">After its release, <i>Fatal Attraction</i> engendered much discussion of the potential consequences of infidelity. <a class="external" href="http://en.wikipedia.org/wiki/Feminism" title="Feminism">Feminists</a>, meanwhile, did not appreciate the depiction of Alex as a strong career woman who is at the same time profoundly <a class="external" href="http://en.wikipedia.org/wiki/Psychotic" title="Psychotic">psychotic</a>. Feminist <a class="external" href="http://en.wikipedia.org/wiki/Susan_Faludi" title="Susan Faludi">Susan Faludi</a> discussed the film in her book <i><a class="external" href="http://en.wikipedia.org/wiki/Backlash:_The_Undeclared_War_Against_American_Women" title="Backlash: The Undeclared War Against American Women">Backlash</a></i>, arguing that major changes had been made to the original plot in order to make Alex wholly negative, while Dan's carelessness and the lack of compassion and responsibility raised no discussion, except for a small number of fundamentalist men's groups who said that Dan was eventually forced to own up to his irresponsibility in that "everyone pays the piper".</p>
      <p xmlns="http://www.w3.org/1999/xhtml">The film has also had an effect on men. <a class="external" href="http://en.wikipedia.org/wiki/Glenn_Close" title="Glenn Close">Glenn Close</a> was quoted in 2008 as saying, "Men still come up to me and say, 'You scared the shit out of me.' Sometimes they say, 'You saved my marriage.'"</p>
      <p xmlns="http://www.w3.org/1999/xhtml">The film grossed USD$156.6 million and was the second highest-grossing film of 1987 behind <i><a class="external" href="http://en.wikipedia.org/wiki/Three_Men_and_a_Baby" title="Three Men and a Baby">Three Men and a Baby</a></i>.</p>
      <p xmlns="http://www.w3.org/1999/xhtml">Much of the movie's plot was spoofed in the 1993 comedy <i><a class="external" href="http://en.wikipedia.org/wiki/Fatal_Instinct" title="Fatal Instinct">Fatal Instinct</a></i>.</p>
      <h2 xmlns="http://www.w3.org/1999/xhtml"> <span class="mw-headline" id="Alternate_ending">Alternate ending</span></h2>
      <p xmlns="http://www.w3.org/1999/xhtml">Alex Forrest was originally scripted to commit suicide at the end of the movie by slashing her throat. Her plan was to make it look as if Dan had murdered her, for which he would be arrested. Although Beth is shown to possibly have a way to free him when finding a revealing tape that Alex had sent Dan and taking it to police, <a class="external" href="http://en.wikipedia.org/wiki/Test_screening" title="Test screening">test audiences</a> did not respond well.</p>
      <p xmlns="http://www.w3.org/1999/xhtml">This resulted in a three-week reshoot for the action-filled sequence in the bathroom and Alex's death by gunshot. Her shooting by Beth juxtaposes the two characters, with Alex becoming the victim and Beth taking violent action to protect her family.</p>
      <p xmlns="http://www.w3.org/1999/xhtml">In the 2002 Special Edition <a class="external" href="http://en.wikipedia.org/wiki/DVD" title="DVD">DVD</a>, Close comments that she had concerns re-shooting the movie's ending because she believed, and was backed by psychiatrists, that the character would "self-destruct and commit suicide." She gave in on her concerns, however, and filmed the new sequence after having fought against the change for two weeks. The movie was initially released in <a class="external" href="http://en.wikipedia.org/wiki/Japan" title="Japan">Japan</a> with the original ending. The original ending first appeared on a special edition <a class="external" href="http://en.wikipedia.org/wiki/VHS" title="VHS">VHS</a> and <a class="external" href="http://en.wikipedia.org/wiki/Laserdisc" title="Laserdisc">Laserdisc</a> release by <a class="external" href="http://en.wikipedia.org/wiki/Paramount_Pictures" title="Paramount Pictures">Paramount</a> in 1992, and was included on the film's DVD release a decade later.</p>
      <p xmlns="http://www.w3.org/1999/xhtml">Paramount released <i>Fatal Attraction</i> on <a class="external" href="http://en.wikipedia.org/wiki/Blu-ray_Disc" title="Blu-ray Disc">Blu-ray Disc</a> on June 9, 2009 with several bonus features including commentary by director Adrian Lyne, cast and crew interviews, a look at the cultural phenomenon of the movie, a behind-the-scenes look, rehearsal footage, alternate ending, and original theatrical trailer (both in <a class="external" href="http://en.wikipedia.org/wiki/High-definition_video" title="High-definition video">high definition</a>).</p>
      <h2 xmlns="http://www.w3.org/1999/xhtml"> <span class="mw-headline" id="Awards">Awards</span></h2>
      <p xmlns="http://www.w3.org/1999/xhtml">The film was nominated for six <a class="external" href="http://en.wikipedia.org/wiki/Academy_Award" title="Academy Award">Academy Awards</a> for <a class="external" href="http://en.wikipedia.org/wiki/Academy_Award_for_Best_Actress" title="Academy Award for Best Actress">Best Actress in a Leading Role</a> (<a class="external" href="http://en.wikipedia.org/wiki/Glenn_Close" title="Glenn Close">Glenn Close</a>), <a class="external" href="http://en.wikipedia.org/wiki/Academy_Award_for_Best_Supporting_Actress" title="Academy Award for Best Supporting Actress">Best Actress in a Supporting Role</a> (<a class="external" href="http://en.wikipedia.org/wiki/Anne_Archer" title="Anne Archer">Anne Archer</a>), <a class="external" href="http://en.wikipedia.org/wiki/Academy_Award_for_Directing" title="Academy Award for Directing">Best Director</a> (<a class="external" href="http://en.wikipedia.org/wiki/Adrian_Lyne" title="Adrian Lyne">Adrian Lyne</a>), <a class="external" href="http://en.wikipedia.org/wiki/Academy_Award_for_Film_Editing" title="Academy Award for Film Editing">Best Film Editing</a> (<a class="external" href="http://en.wikipedia.org/wiki/Peter_E._Berger" title="Peter E. Berger">Peter E. Berger</a> and <a class="external" href="http://en.wikipedia.org/wiki/Michael_Kahn_(film_editor)" title="Michael Kahn (film editor)">Michael Kahn</a>), <a class="external" href="http://en.wikipedia.org/wiki/Academy_Award_for_Writing_Adapted_Screenplay" title="Academy Award for Writing Adapted Screenplay">Best Writing, Screenplay Based on Material from Another Medium</a> (<a class="external" href="http://en.wikipedia.org/wiki/Geoffrey_S._Fletcher" title="Geoffrey S. Fletcher">Geoffrey S. Fletcher</a>), and <a class="external" href="http://en.wikipedia.org/wiki/Academy_Award_for_Best_Picture" title="Academy Award for Best Picture">Best Picture</a> (<a class="external" href="http://en.wikipedia.org/wiki/Stanley_R._Jaffe" title="Stanley R. Jaffe">Stanley R. Jaffe</a> and <a class="external" href="http://en.wikipedia.org/wiki/Sherry_Lansing" title="Sherry Lansing">Sherry Lansing</a>).</p>
      <h2 xmlns="http://www.w3.org/1999/xhtml"> <span class="mw-headline" id="Psychiatric_diagnosis">Psychiatric diagnosis</span></h2>
      <p xmlns="http://www.w3.org/1999/xhtml">The film's female lead has been discussed by psychiatrists and film experts, and has been used as a film illustration for the condition <a class="external" href="http://en.wikipedia.org/wiki/Erotomania" title="Erotomania">erotomania</a>. As referenced in Orit Kamirs' <i>Every Breath You Take: Stalking Narratives and the Law</i>, "Glenn Close's character Alex is quite deliberately made to be an erotomaniac". Gelder reports that Glenn Close "consulted three separate shrinks for an inner profile of her character, who is meant to be suffering from a form of obsessive condition known as <a class="external" href="http://en.wikipedia.org/wiki/Erotomania" title="Erotomania">de ClÃ©rambault's syndrome</a> (Gelder 1990, 93 - 94)". It is also noted she displays characteristics of a <a class="external" href="http://en.wikipedia.org/wiki/Psychiatric" title="Psychiatric">psychiatric</a> condition known as <a class="external" href="http://en.wikipedia.org/wiki/Borderline_personality_disorder" title="Borderline personality disorder">borderline personality disorder</a>. The character displays the behaviors of impulsivity, emotional lability, fear of abandonment, idealization/devaluation and self-mutilation consistent with the diagnosis, although generally aggression to the self rather than others is a more usual feature in borderline personality disorder.The character of Alex Forest was one of the first characters ever portrayed with Borderline Personality Disorder, for which there is no cure.</p>
      <h2 xmlns="http://www.w3.org/1999/xhtml"> <span class="mw-headline" id="Recognition">Recognition</span></h2>
      <p xmlns="http://www.w3.org/1999/xhtml">The film was listed at #28 on the <a class="external" href="http://en.wikipedia.org/wiki/American_Film_Institute" title="American Film Institute">American Film Institute</a>'s <a class="external" href="http://en.wikipedia.org/wiki/AFI%27s_100_Years..._100_Thrills" title="AFI's 100 Years... 100 Thrills">100 Years... 100 Thrills</a> in 2001 and the character of Alex Forrest was listed as the seventh greatest movie villain on <a class="external" href="http://en.wikipedia.org/wiki/AFI%27s_100_Years..._100_Heroes_and_Villains" title="AFI's 100 Years... 100 Heroes and Villains">AFI's 100 Years... 100 Heroes and Villains</a> in 2003. The film also appears at #59 on <a class="external" href="http://en.wikipedia.org/wiki/Bravo_(US_TV_channel)" title="Bravo (US TV channel)">Bravo</a>'s <i><a class="external" href="http://en.wikipedia.org/wiki/100_Scariest_Movie_Moments" title="100 Scariest Movie Moments">100 Scariest Movie Moments</a></i> for the moment where Glenn Close suddenly rises from the bathtub.</p>
      <h2 xmlns="http://www.w3.org/1999/xhtml"> <span class="mw-headline" id="See_also">See also</span></h2>
      <ul xmlns="http://www.w3.org/1999/xhtml">
	<li><a class="external" href="http://en.wikipedia.org/wiki/Bunny_boiler" title="Bunny boiler">Bunny boiler</a></li>
	<li><a class="external" href="http://en.wikipedia.org/wiki/Mental_illness_in_film" title="Mental illness in film">Mental illness in film</a></li>
	<li><i><a class="external" href="http://en.wikipedia.org/wiki/Play_Misty_for_Me" title="Play Misty for Me">Play Misty for Me</a></i></li>
      </ul>
      <h2 xmlns="http://www.w3.org/1999/xhtml"> <span class="mw-headline" id="References">References</span></h2>
      <h2 xmlns="http://www.w3.org/1999/xhtml"> <span class="mw-headline" id="External_links">External links</span></h2>
      <ul xmlns="http://www.w3.org/1999/xhtml">
	<li><a href="http://www.imdb.com/title/tt0093010/" rel="nofollow">'</a> at the <a class="external" href="http://en.wikipedia.org/wiki/Internet_Movie_Database" title="Internet Movie Database">Internet Movie Database</a></li>
	<li><a href="http://www.allmovie.com/work/16881" rel="nofollow"><i>Fatal Attraction</i></a> at <a class="external" href="http://en.wikipedia.org/wiki/Allmovie" title="Allmovie">Allmovie</a></li>
	<li><a href="http://www.boxofficemojo.com/movies/?id=fatalattraction.htm" rel="nofollow"><i>Fatal Attraction</i></a> at <a class="external" href="http://en.wikipedia.org/wiki/Box_Office_Mojo" title="Box Office Mojo">Box Office Mojo</a></li>
	<li><a href="http://www.rottentomatoes.com/m/1007141-fatal_attraction/" rel="nofollow"><i>Fatal Attraction</i></a> at <a class="external" href="http://en.wikipedia.org/wiki/Rotten_Tomatoes" title="Rotten Tomatoes">Rotten Tomatoes</a></li>
	<li><a href="http://www.metacritic.com/film/titles/fatal-attraction" rel="nofollow"><i>Fatal Attraction</i></a> at <a class="external" href="http://en.wikipedia.org/wiki/Metacritic" title="Metacritic">Metacritic</a></li>
      </ul>
    </wiki:description>
  </wiki:film>
</wiki:nominee>