<?xml version="1.0" encoding="UTF-8"?>
<wiki:nominee year="1962" span="1" winner="false" award="supporting-actress" xmlns:wiki="http://marklogic.com/wikipedia">
  <!--
                            Copyright (c) 2010 MarkLogic Corporation.
                            Permission is granted to copy, distribute and/or modify this document
                            under the terms of the GNU Free Documentation License, Version 1.2
                            or any later version published by the Free Software Foundation;
                            with no Invariant Sections, no Front-Cover Texts, and no Back-Cover Texts.
                            A copy of the license is included in the section entitled "GNU
                            Free Documentation License"
                            
                            Content derived from http://en.wikipedia.org/wiki/Sweet_Bird_of_Youth and http://en.wikipedia.org/wiki/Shirley_Knight
                            Modified in May 2009 by Mark Logic Corporation under the terms of the GNU Free Documentation License.
                        -->
  <wiki:name link="/wiki/Shirley_Knight">Shirley Knight</wiki:name>
  <wiki:person link="/wiki/Shirley_Knight" name="Shirley Knight">
    <wiki:oscar year="1960" span="1" winner="false" award="supporting-actress" film-link="/wiki/The_Dark_at_the_Top_of_the_Stairs" film-title="The Dark at the Top of the&#10;        Stairs"/>
    <wiki:oscar year="1962" span="1" winner="false" award="supporting-actress" film-link="/wiki/Sweet_Bird_of_Youth" film-title="Sweet Bird of Youth"/>
    <wiki:birth>
      <wiki:date>1936-07-05</wiki:date>
      <wiki:place>
	<wiki:primary link="/wiki/Goessel,_Kansas">Goessel, Kansas</wiki:primary>
	<wiki:secondary link=""/>
      <enrich><woeid xmlns="http://where.yahooapis.com/v1/schema.rng">12588427</woeid><placeTypeName code="9" xmlns="http://where.yahooapis.com/v1/schema.rng">County</placeTypeName><name xmlns="http://where.yahooapis.com/v1/schema.rng">Marion</name><country code="US" type="Country" xmlns="http://where.yahooapis.com/v1/schema.rng">United States</country><admin1 code="US-KS" type="State" xmlns="http://where.yahooapis.com/v1/schema.rng">Kansas</admin1><admin2 code="" type="County" xmlns="http://where.yahooapis.com/v1/schema.rng">Marion</admin2><admin3 xmlns="http://where.yahooapis.com/v1/schema.rng"/><locality1 xmlns="http://where.yahooapis.com/v1/schema.rng"/><locality2 xmlns="http://where.yahooapis.com/v1/schema.rng"/><postal xmlns="http://where.yahooapis.com/v1/schema.rng"/><centroid xmlns="http://where.yahooapis.com/v1/schema.rng"><latitude>38.347599</latitude><longitude>-97.095680</longitude></centroid><boundingBox xmlns="http://where.yahooapis.com/v1/schema.rng"><southWest><latitude>38.085621</latitude><longitude>-97.372124</longitude></southWest><northEast><latitude>38.609581</latitude><longitude>-96.819237</longitude></northEast></boundingBox><areaRank xmlns="http://where.yahooapis.com/v1/schema.rng">7</areaRank><popRank xmlns="http://where.yahooapis.com/v1/schema.rng">0</popRank></enrich></wiki:place>
    </wiki:birth>
    <wiki:description>
      <p xmlns="http://www.w3.org/1999/xhtml"><b>Shirley Enola Knight</b> (born July 5, 1936) is an American <a class="external" href="http://en.wikipedia.org/wiki/Theatre" title="Theatre">stage</a>, <a class="external" href="http://en.wikipedia.org/wiki/Film" title="Film">screen</a>, and <a class="external" href="http://en.wikipedia.org/wiki/Television" title="Television">television</a> actress. She has been nominated twice for the <a class="external" href="http://en.wikipedia.org/wiki/Academy_Award_for_Best_Supporting_Actress" title="Academy Award for Best Supporting Actress">Academy Award for Best Supporting Actress</a>, in 1960 for <i><a class="external" href="http://en.wikipedia.org/wiki/The_Dark_at_the_Top_of_the_Stairs" title="The Dark at the Top of the Stairs">The Dark at the Top of the Stairs</a></i> and in 1962 for <i><a class="external" href="http://en.wikipedia.org/wiki/Sweet_Bird_of_Youth" title="Sweet Bird of Youth">Sweet Bird of Youth</a></i>.</p>
      <h2 xmlns="http://www.w3.org/1999/xhtml"> <span class="mw-headline" id="Career">Career</span></h2>
      <p xmlns="http://www.w3.org/1999/xhtml">Knight's <a class="external" href="http://en.wikipedia.org/wiki/Feature_film" title="Feature film">feature films</a> include <i><a class="external" href="http://en.wikipedia.org/wiki/The_Group" title="The Group">The Group</a></i> (1966), <i>The Dutchman</i> (1966), <i><a class="external" href="http://en.wikipedia.org/wiki/Petulia" title="Petulia">Petulia</a></i> (1968), <i><a class="external" href="http://en.wikipedia.org/wiki/The_Rain_People" title="The Rain People">The Rain People</a></i> (1969) and <i><a class="external" href="http://en.wikipedia.org/wiki/As_Good_As_It_Gets" title="As Good As It Gets">As Good As It Gets</a></i> (1997). Recently she completed <i><a class="external" href="http://en.wikipedia.org/wiki/Elevator" title="Elevator">Elevator</a></i>, in which she plays one of several people trapped in a Wall Street elevator with someone who has a bomb. The movie is expected to be released in 2011.</p>
      <p xmlns="http://www.w3.org/1999/xhtml">Knight's stage credits include <i><a class="external" href="http://en.wikipedia.org/wiki/Three_Sisters_(play)" title="Three Sisters (play)">Three Sisters</a></i> (1964), <i><a class="external" href="http://en.wikipedia.org/wiki/We_Have_Always_Lived_in_the_Castle" title="We Have Always Lived in the Castle">We Have Always Lived in the Castle</a></i> (1966), <i>Kennedy's Children</i> (1975), which earned her the <a class="external" href="http://en.wikipedia.org/wiki/Tony_Award_for_Best_Performance_by_a_Featured_Actress_in_a_Play" title="Tony Award for Best Performance by a Featured Actress in a Play">Tony Award for Best Performance by a Featured Actress in a Play</a>, and <i><a class="external" href="http://en.wikipedia.org/wiki/A_Lovely_Sunday_for_Creve_Coeur" title="A Lovely Sunday for Creve Coeur">A Lovely Sunday for Creve Coeur</a></i> (1979). She was nominated for the <a class="external" href="http://en.wikipedia.org/wiki/Drama_Desk_Award_for_Outstanding_Actress_in_a_Play" title="Drama Desk Award for Outstanding Actress in a Play">Drama Desk Award for Outstanding Actress in a Play</a> twice, for <i><a class="external" href="http://en.wikipedia.org/wiki/Landscape_of_the_Body" title="Landscape of the Body">Landscape of the Body</a></i> and <i>The Young Man from Atlanta</i>, which also garnered her a Tony nomination for <a class="external" href="http://en.wikipedia.org/wiki/Tony_Award_for_Best_Performance_by_a_Leading_Actress_in_a_Play" title="Tony Award for Best Performance by a Leading Actress in a Play">Best Leading Actress in a Play</a>.</p>
      <p xmlns="http://www.w3.org/1999/xhtml">Knight's many television credits include <i><a class="external" href="http://en.wikipedia.org/wiki/Target:_The_Corruptors!" title="Target: The Corruptors!">Target: The Corruptors!</a></i>, <i><a class="external" href="http://en.wikipedia.org/wiki/The_Eleventh_Hour_(1962_TV_series)" title="The Eleventh Hour (1962 TV series)">The Eleventh Hour</a></i>, <i><a class="external" href="http://en.wikipedia.org/wiki/The_Virginian_(TV_series)" title="The Virginian (TV series)">The Virginian</a></i>, <i><a class="external" href="http://en.wikipedia.org/wiki/The_Reporter_(TV_series)" title="The Reporter (TV series)">The Reporter</a></i>, <i><a class="external" href="http://en.wikipedia.org/wiki/L.A._Law" title="L.A. Law">L.A. Law</a></i>, <i><a class="external" href="http://en.wikipedia.org/wiki/Murder,_She_Wrote" title="Murder, She Wrote">Murder, She Wrote</a></i>, <i><a class="external" href="http://en.wikipedia.org/wiki/Law_%26_Order" title="Law &amp; Order">Law &amp; Order</a></i>, <i><a class="external" href="http://en.wikipedia.org/wiki/Law_%26_Order:_Special_Victims_Unit" title="Law &amp; Order: Special Victims Unit">Law &amp; Order: Special Victims Unit</a></i>, <i><a class="external" href="http://en.wikipedia.org/wiki/Maggie_Winters" title="Maggie Winters">Maggie Winters</a></i>, <i><a class="external" href="http://en.wikipedia.org/wiki/House_(TV_series)" title="House (TV series)">House M.D.</a></i>, <i><a class="external" href="http://en.wikipedia.org/wiki/Crossing_Jordan" title="Crossing Jordan">Crossing Jordan</a></i>, <i><a class="external" href="http://en.wikipedia.org/wiki/Cold_Case_(TV_series)" title="Cold Case (TV series)">Cold Case</a></i>, <i><a class="external" href="http://en.wikipedia.org/wiki/ER_(TV_series)" title="ER (TV series)">ER</a></i> and <i><a class="external" href="http://en.wikipedia.org/wiki/Hot_in_Cleveland" title="Hot in Cleveland">Hot in Cleveland</a></i>, among others, in addition to <a class="external" href="http://en.wikipedia.org/wiki/Television_movie" title="Television movie">television movies</a> such as <i><a class="external" href="http://en.wikipedia.org/wiki/Indictment:_The_McMartin_Trial" title="Indictment: The McMartin Trial">Indictment: The McMartin Trial</a></i>, for which she won both the <a class="external" href="http://en.wikipedia.org/wiki/Primetime_Emmy_Award_for_Outstanding_Supporting_Actress_-_Miniseries_or_a_Movie" title="Primetime Emmy Award for Outstanding Supporting Actress - Miniseries or a Movie">Emmy Award for Outstanding Supporting Actress in a Miniseries or a Movie</a> and the <a class="external" href="http://en.wikipedia.org/wiki/Golden_Globe_Award_for_Best_Performance_by_an_Actress_in_a_Supporting_Role_in_a_Series,_Mini-Series_or_Motion_Picture_Made_for_Television" title="Golden Globe Award for Best Performance by an Actress in a Supporting Role in a Series, Mini-Series or Motion Picture Made for Television">Golden Globe Award for Best Performance by an Actress in a Supporting Role in a Series, Mini-Series or Motion Picture Made for Television</a>. Her guest performance in <i><a class="external" href="http://en.wikipedia.org/wiki/Thirtysomething" title="Thirtysomething">thirtysomething</a></i> earned her a 1988 Emmy for Best Guest Performer in a Drama Series.</p>
      <p xmlns="http://www.w3.org/1999/xhtml">She appeared in the first segment of <i><a class="external" href="http://en.wikipedia.org/wiki/If_These_Walls_Could_Talk" title="If These Walls Could Talk">If These Walls Could Talk</a></i>. She has also had a recurring role on <i><a class="external" href="http://en.wikipedia.org/wiki/Desperate_Housewives" title="Desperate Housewives">Desperate Housewives</a></i> as <a class="external" href="http://en.wikipedia.org/wiki/Bree_Hodge" title="Bree Hodge">Bree Hodge</a>'s annoying former mother-in-law, Phyllis Van de Kamp, mother of Bree's first husband, <a class="external" href="http://en.wikipedia.org/wiki/Rex_Van_de_Kamp" title="Rex Van de Kamp">Rex Van de Kamp</a> (<a class="external" href="http://en.wikipedia.org/wiki/Steven_Culp" title="Steven Culp">Steven Culp</a>). She also appeared in a popular episode from the original <i><a class="external" href="http://en.wikipedia.org/wiki/The_Outer_Limits_(1963_TV_series)" title="The Outer Limits (1963 TV series)">The Outer Limits</a></i> series, "<a class="external" href="http://en.wikipedia.org/wiki/The_Man_Who_Was_Never_Born" title="The Man Who Was Never Born">The Man Who Was Never Born</a>".</p>
      <h2 xmlns="http://www.w3.org/1999/xhtml"> <span class="mw-headline" id="Personal_life">Personal life</span></h2>
      <p xmlns="http://www.w3.org/1999/xhtml">Knight was born in <a class="external" href="http://en.wikipedia.org/wiki/Goessel,_Kansas" title="Goessel, Kansas">Goessel, Kansas</a>, the daughter of Virginia (nÃ©e Webster) and Noel Johnson Knight, an oil company executive. Knight was married twice, to <a class="external" href="http://en.wikipedia.org/wiki/Gene_Persson" title="Gene Persson">Gene Persson</a> from 1959 until they divorced in 1969, and to <a class="external" href="http://en.wikipedia.org/wiki/John_Hopkins_(writer)" title="John Hopkins (writer)">John Hopkins</a> from 1969 until his death in 1998. She has two daughters, actress <a class="external" href="http://en.wikipedia.org/wiki/Kaitlin_Hopkins" title="Kaitlin Hopkins">Kaitlin Hopkins</a> and television writer Sophie.</p>
      <h2 xmlns="http://www.w3.org/1999/xhtml"> <span class="mw-headline" id="Selected_filmography">Selected filmography</span></h2>
      <ul xmlns="http://www.w3.org/1999/xhtml">
	<li><i><a class="external" href="http://en.wikipedia.org/wiki/Ice_Palace_(film)" title="Ice Palace (film)">Ice Palace</a></i> (1960)</li>
	<li><i><a class="external" href="http://en.wikipedia.org/wiki/Sweet_Bird_of_Youth" title="Sweet Bird of Youth">Sweet Bird of Youth</a></i> (1962)</li>
	<li><i><a class="external" href="http://en.wikipedia.org/w/index.php?title=The_Man_Who_Was_Never_born&amp;action=edit&amp;redlink=1" title="The Man Who Was Never born (page does not exist)">The Man Who Was Never born</a></i>(1962)</li>
	<li><i><a class="external" href="http://en.wikipedia.org/wiki/Flight_from_Ashiya" title="Flight from Ashiya">Flight from Ashiya</a></i> (1964)</li>
	<li><i><a class="external" href="http://en.wikipedia.org/wiki/Dutchman_(film)" title="Dutchman (film)">Dutchman</a></i> (1967)</li>
	<li><i><a class="external" href="http://en.wikipedia.org/wiki/Juggernaut_(film)" title="Juggernaut (film)">Juggernaut</a></i> (1974)</li>
	<li><i><a class="external" href="http://en.wikipedia.org/wiki/Endless_Love_(film)" title="Endless Love (film)">Endless Love</a></i> (1981)</li>
	<li><i><a class="external" href="http://en.wikipedia.org/wiki/The_Sender" title="The Sender">The Sender</a></i> (1982)</li>
	<li><i><a class="external" href="http://en.wikipedia.org/wiki/Desperate_Justice" title="Desperate Justice">Desperate Justice (AKA A Mother's Revenge)</a></i> (1993)</li>
	<li><i><a class="external" href="http://en.wikipedia.org/wiki/Color_of_Night" title="Color of Night">Color of Night</a></i> (1994)</li>
	<li><i><a class="external" href="http://en.wikipedia.org/wiki/Stuart_Saves_His_Family" title="Stuart Saves His Family">Stuart Saves His Family</a> (1995)</i></li>
	<li><i><a class="external" href="http://en.wikipedia.org/wiki/Diabolique_(1996_film)" title="Diabolique (1996 film)">Diabolique</a></i> (1996)</li>
	<li><i><a class="external" href="http://en.wikipedia.org/wiki/Little_Boy_Blue" title="Little Boy Blue">Little Boy Blue</a></i> (1997)</li>
	<li><i><a class="external" href="http://en.wikipedia.org/wiki/As_Good_As_It_Gets" title="As Good As It Gets">As Good As It Gets</a></i> (1997)</li>
	<li><i><a class="external" href="http://en.wikipedia.org/wiki/Angel_Eyes_(film)" title="Angel Eyes (film)">Angel Eyes</a></i> (2001)</li>
	<li><i><a class="external" href="http://en.wikipedia.org/wiki/My_Louisiana_Sky" title="My Louisiana Sky">My Louisiana Sky</a></i> (2001)</li>
	<li><i><a class="external" href="http://en.wikipedia.org/wiki/Divine_Secrets_of_the_Ya-Ya_Sisterhood_(film)" title="Divine Secrets of the Ya-Ya Sisterhood (film)">Divine Secrets of the Ya-Ya Sisterhood</a></i> (2002)</li>
	<li><i><a class="external" href="http://en.wikipedia.org/wiki/Ghost_Cat" title="Ghost Cat">Ghost Cat</a></i> (2003)</li>
	<li><i><a class="external" href="http://en.wikipedia.org/wiki/Locked_In" title="Locked In">Locked In</a></i> (2005)</li>
	<li><i><a class="external" href="http://en.wikipedia.org/wiki/Sexual_Life" title="Sexual Life">Sexual Life</a></i> (2005)</li>
	<li><i><a class="external" href="http://en.wikipedia.org/wiki/Open_Window" title="Open Window">Open Window</a></i> (2006)</li>
	<li><i><a class="external" href="http://en.wikipedia.org/wiki/Grandma%27s_Boy_(2006_film)" title="Grandma's Boy (2006 film)">Grandma's Boy</a></i> (2006)</li>
	<li><i><a class="external" href="http://en.wikipedia.org/wiki/The_Other_Side_of_the_Tracks" title="The Other Side of the Tracks">The Other Side of the Tracks</a></i> (2008)</li>
	<li><i><a class="external" href="http://en.wikipedia.org/wiki/Paul_Blart_Mall_Cop" title="Paul Blart Mall Cop">Paul Blart Mall Cop</a></i> (2009)</li>
	<li><i><a class="external" href="http://en.wikipedia.org/wiki/The_Melancholy_Fantastic" title="The Melancholy Fantastic">The Melancholy Fantastic</a></i> (2010)</li>
	<li><i><a class="external" href="http://en.wikipedia.org/wiki/Elevator" title="Elevator">Elevator</a></i> (2010) (ant. release in 2011)</li>
	<li><i><a class="external" href="http://en.wikipedia.org/wiki/My_Idiot_Brother" title="My Idiot Brother">My Idiot Brother</a></i> (2011)</li>
      </ul>
      <h2 xmlns="http://www.w3.org/1999/xhtml"> <span class="mw-headline" id="References">References</span></h2>
      <h2 xmlns="http://www.w3.org/1999/xhtml"> <span class="mw-headline" id="External_links">External links</span></h2>
      <ul xmlns="http://www.w3.org/1999/xhtml">
	<li><a href="http://www.ibdb.com/person.asp?ID=48337" rel="nofollow">Shirley Knight</a> at the <a class="external" href="http://en.wikipedia.org/wiki/Internet_Broadway_Database" title="Internet Broadway Database">Internet Broadway Database</a></li>
	<li><a href="http://www.imdb.com/name/nm04309/" rel="nofollow">Shirley Knight</a> at the <a class="external" href="http://en.wikipedia.org/wiki/Internet_Movie_Database" title="Internet Movie Database">Internet Movie Database</a></li>
	<li><a href="http://tcmdb.com/participant/participant.jsp?participantId=103693" rel="nofollow">Shirley Knight</a> at the <a class="external" href="http://en.wikipedia.org/wiki/Turner_Classic_Movies" title="Turner Classic Movies">TCM Movie Database</a></li>
	<li><a href="http://www.theatermania.com/new-york/news/10-2010/john-getz-shirley-knight-joey-slotnick-et-al-set-f_31280.html" rel="nofollow">TheaterMania.com</a></li>
	<li><a href="http://movies.broadwayworld.com/article/Shirley_Knight_Begins_Production_for_ELEVATOR_20100930" rel="nofollow">TalkMoviesWorld.com</a></li>
      </ul>
    </wiki:description>
  </wiki:person>
  <wiki:film-title link="/wiki/Sweet_Bird_of_Youth">Sweet Bird of Youth</wiki:film-title>
  <wiki:film link="/wiki/Sweet_Bird_of_Youth" title="Sweet Bird of Youth">
    <wiki:oscar-ref year="1962" span="1" winner="false" award="lead-actress" person-link="/wiki/Geraldine_Page" person-name="Geraldine Page"/>
    <wiki:oscar-ref year="1962" span="1" winner="true" award="supporting-actor" person-link="/wiki/Ed_Begley" person-name="Ed Begley"/>
    <wiki:oscar-ref year="1962" span="1" winner="false" award="supporting-actress" person-link="/wiki/Shirley_Knight" person-name="Shirley Knight"/>
    <wiki:producer link="/wiki/Pandro_S._Berman">Pandro S. Berman</wiki:producer>
    <wiki:director link="/wiki/Richard_Brooks">Richard Brooks</wiki:director>
    <wiki:distributor link="/wiki/Metro-Goldwyn-Mayer">Metro-Goldwyn-Mayer</wiki:distributor>
    <wiki:starring link="/wiki/Paul_Newman">Paul Newman</wiki:starring>
    <wiki:starring link="/wiki/Geraldine_Page">Geraldine Page</wiki:starring>
    <wiki:starring link="/wiki/Ed_Begley">Ed Begley</wiki:starring>
    <wiki:starring link="/wiki/Rip_Torn">Rip Torn</wiki:starring>
    <wiki:description>
      <p xmlns="http://www.w3.org/1999/xhtml"><i><b>Sweet Bird of Youth</b></i> is a <a class="external" href="http://en.wikipedia.org/wiki/1959_in_literature" title="1959 in literature">1959</a> play by <a class="external" href="http://en.wikipedia.org/wiki/Tennessee_Williams" title="Tennessee Williams">Tennessee Williams</a> which tells the story of a <a class="external" href="http://en.wikipedia.org/wiki/Gigolo" title="Gigolo">gigolo</a> and <a class="external" href="http://en.wikipedia.org/wiki/Drifter" title="Drifter">drifter</a>, Chance Wayne, who returns to his home town as the accompaniment of a faded movie star, Princess Kosmonopolis (a.k.a., Alexandra Del Lago), who he hopes to use to help him break into the movies. The main reason he returns to his home town is to get back what he had in his youth; primarily, his old girlfriend, whose father had run him out of town years before.</p>
      <h2 xmlns="http://www.w3.org/1999/xhtml"> <span class="mw-headline" id="Production_history">Production history</span></h2>
      <p xmlns="http://www.w3.org/1999/xhtml">The original production was produced on March 10, 1959 by <a class="external" href="http://en.wikipedia.org/wiki/Cheryl_Crawford" title="Cheryl Crawford">Cheryl Crawford</a> at the <a class="external" href="http://en.wikipedia.org/wiki/Martin_Beck_Theatre" title="Martin Beck Theatre">Martin Beck Theatre</a> in <a class="external" href="http://en.wikipedia.org/wiki/New_York_City" title="New York City">New York City</a>. Directed by <a class="external" href="http://en.wikipedia.org/wiki/Elia_Kazan" title="Elia Kazan">Elia Kazan</a>, it starred <a class="external" href="http://en.wikipedia.org/wiki/Paul_Newman" title="Paul Newman">Paul Newman</a>, <a class="external" href="http://en.wikipedia.org/wiki/Geraldine_Page" title="Geraldine Page">Geraldine Page</a>, <a class="external" href="http://en.wikipedia.org/wiki/Sidney_Blackmer" title="Sidney Blackmer">Sidney Blackmer</a>, <a class="external" href="http://en.wikipedia.org/wiki/Madeleine_Sherwood" title="Madeleine Sherwood">Madeleine Sherwood</a>, <a class="external" href="http://en.wikipedia.org/wiki/Diana_Hyland" title="Diana Hyland">Diana Hyland</a>, <a class="external" href="http://en.wikipedia.org/wiki/Logan_Ramsey" title="Logan Ramsey">Logan Ramsey</a>, <a class="external" href="http://en.wikipedia.org/wiki/John_Napier" title="John Napier">John Napier</a>, and <a class="external" href="http://en.wikipedia.org/wiki/Rip_Torn" title="Rip Torn">Rip Torn</a>. <a class="external" href="http://en.wikipedia.org/wiki/Bruce_Dern" title="Bruce Dern">Bruce Dern</a> also played a small role. The production was nominated for 4 <a class="external" href="http://en.wikipedia.org/wiki/Tony_Awards" title="Tony Awards">Tony Awards</a>, including Best Actress for Geraldine Page. The play ran for 375 performances.</p>
      <p xmlns="http://www.w3.org/1999/xhtml">A revival opened on December 29, 1975 at the <a class="external" href="http://en.wikipedia.org/w/index.php?title=Harkness_Theatre&amp;action=edit&amp;redlink=1" title="Harkness Theatre (page does not exist)">Harkness Theatre</a>, in a production directed by Edwin Sherin, starring <a class="external" href="http://en.wikipedia.org/wiki/Christopher_Walken" title="Christopher Walken">Christopher Walken</a> as Chance Wayne and <a class="external" href="http://en.wikipedia.org/wiki/Irene_Worth" title="Irene Worth">Irene Worth</a> as Princess Kosmonopolis. Irene Worth won the 1976 <a class="external" href="http://en.wikipedia.org/wiki/Tony_Award_for_Best_Performance_by_a_Leading_Actress_in_a_Play" title="Tony Award for Best Performance by a Leading Actress in a Play">Tony Award for Best Actress</a>.</p>
      <p xmlns="http://www.w3.org/1999/xhtml">A production is currently being planned to open in 2011 with <a class="external" href="http://en.wikipedia.org/wiki/David_Cromer" title="David Cromer">David Cromer</a> directing and <a class="external" href="http://en.wikipedia.org/wiki/Scott_Rudin" title="Scott Rudin">Scott Rudin</a> serving as producer. It has been announced that <a class="external" href="http://en.wikipedia.org/wiki/Nicole_Kidman" title="Nicole Kidman">Nicole Kidman</a> will portray the role of Alexandra Del Lago.</p>
      <p xmlns="http://www.w3.org/1999/xhtml">It took 26 years for <i>Sweet Bird of Youth</i> to reach London's <a class="external" href="http://en.wikipedia.org/wiki/West_End_theatre" title="West End theatre">West End</a>. It opened on July 8, 1985 at the <a class="external" href="http://en.wikipedia.org/wiki/Haymarket_Theatre" title="Haymarket Theatre">Haymarket Theatre</a> in a production directed by <a class="external" href="http://en.wikipedia.org/wiki/Harold_Pinter" title="Harold Pinter">Harold Pinter</a> and presented by impresario <a class="external" href="http://en.wikipedia.org/wiki/Douglas_Urbanski" title="Douglas Urbanski">Douglas Urbanski</a> it starred <a class="external" href="http://en.wikipedia.org/wiki/Lauren_Bacall" title="Lauren Bacall">Lauren Bacall</a> and <a class="external" href="http://en.wikipedia.org/wiki/Michael_Beck_(actor)" title="Michael Beck (actor)">Michael Beck</a> with <a class="external" href="http://en.wikipedia.org/wiki/James_Grout" title="James Grout">James Grout</a> and <a class="external" href="http://en.wikipedia.org/wiki/David_Cunningham" title="David Cunningham">David Cunningham</a>. This production later transferred to Los Angeles under the direction of <a class="external" href="http://en.wikipedia.org/wiki/Michael_Blakemore" title="Michael Blakemore">Michael Blakemore</a>.</p>
      <h2 xmlns="http://www.w3.org/1999/xhtml"> <span class="mw-headline" id="Film_and_television_adaptations">Film and television adaptations</span></h2>
      <p xmlns="http://www.w3.org/1999/xhtml">In 1962, the play was made into a film starring <a class="external" href="http://en.wikipedia.org/wiki/Paul_Newman" title="Paul Newman">Paul Newman</a>, <a class="external" href="http://en.wikipedia.org/wiki/Geraldine_Page" title="Geraldine Page">Geraldine Page</a>, <a class="external" href="http://en.wikipedia.org/wiki/Shirley_Knight" title="Shirley Knight">Shirley Knight</a>, <a class="external" href="http://en.wikipedia.org/wiki/Madeleine_Sherwood" title="Madeleine Sherwood">Madeleine Sherwood</a>, <a class="external" href="http://en.wikipedia.org/wiki/Ed_Begley" title="Ed Begley">Ed Begley</a>, <a class="external" href="http://en.wikipedia.org/wiki/Rip_Torn" title="Rip Torn">Rip Torn</a> and <a class="external" href="http://en.wikipedia.org/wiki/Mildred_Dunnock" title="Mildred Dunnock">Mildred Dunnock</a>. The movie was adapted and directed by <a class="external" href="http://en.wikipedia.org/wiki/Richard_Brooks" title="Richard Brooks">Richard Brooks</a>.</p>
      <p xmlns="http://www.w3.org/1999/xhtml">It won the <a class="external" href="http://en.wikipedia.org/wiki/Academy_Awards" title="Academy Awards">Academy Award</a> for <a class="external" href="http://en.wikipedia.org/wiki/Academy_Award_for_Best_Supporting_Actor" title="Academy Award for Best Supporting Actor">Best Actor in a Supporting Role</a> (Ed Begley), and was nominated for <a class="external" href="http://en.wikipedia.org/wiki/Academy_Award_for_Best_Actress" title="Academy Award for Best Actress">Best Actress in a Leading Role</a> (Geraldine Page) and <a class="external" href="http://en.wikipedia.org/wiki/Academy_Award_for_Best_Supporting_Actress" title="Academy Award for Best Supporting Actress">Best Actress in a Supporting Role</a> (Shirley Knight).</p>
      <p xmlns="http://www.w3.org/1999/xhtml"><i>Sweet Bird of Youth</i> was made for <a class="external" href="http://en.wikipedia.org/wiki/Television" title="Television">television</a> in 1989, starring <a class="external" href="http://en.wikipedia.org/wiki/Elizabeth_Taylor" title="Elizabeth Taylor">Elizabeth Taylor</a>, <a class="external" href="http://en.wikipedia.org/wiki/Mark_Harmon" title="Mark Harmon">Mark Harmon</a>, <a class="external" href="http://en.wikipedia.org/wiki/Valerie_Perrine" title="Valerie Perrine">Valerie Perrine</a>, <a class="external" href="http://en.wikipedia.org/wiki/Ronnie_Claire_Edwards" title="Ronnie Claire Edwards">Ronnie Claire Edwards</a> and <a class="external" href="http://en.wikipedia.org/wiki/Rip_Torn" title="Rip Torn">Rip Torn</a>. It was adapted by <a class="external" href="http://en.wikipedia.org/wiki/Gavin_Lambert" title="Gavin Lambert">Gavin Lambert</a> and directed by <a class="external" href="http://en.wikipedia.org/wiki/Nicolas_Roeg" title="Nicolas Roeg">Nicolas Roeg</a>.</p>
      <h2 xmlns="http://www.w3.org/1999/xhtml"> <span class="mw-headline" id="Cultural_references">Cultural references</span></h2>
      <ul xmlns="http://www.w3.org/1999/xhtml">
	<li>"Youth of a Thousand Summers" by <a class="external" href="http://en.wikipedia.org/wiki/Van_Morrison" title="Van Morrison">Van Morrison</a> is based on this play.</li>
	<li>In the <a class="external" href="http://en.wikipedia.org/wiki/Robert_Zemeckis" title="Robert Zemeckis">Robert Zemeckis</a> film <i><a class="external" href="http://en.wikipedia.org/wiki/Death_Becomes_Her" title="Death Becomes Her">Death Becomes Her</a></i> (1992), lead character Madeline Ashton is depicted as the star of a Broadway musical adaptation of <i>Sweet Bird of Youth</i> called "Songbird!"</li>
	<li>The song "Sweet Bird of Truth" by the rock group <a class="external" href="http://en.wikipedia.org/wiki/The_the" title="The the">The The</a> is a reference to the Tennessee Williams play.</li>
      </ul>
      <h2 xmlns="http://www.w3.org/1999/xhtml"> <span class="mw-headline" id="Notes">Notes</span></h2>
      <h2 xmlns="http://www.w3.org/1999/xhtml"> <span class="mw-headline" id="External_links">External links</span></h2>
      <ul xmlns="http://www.w3.org/1999/xhtml">
	<li><a href="http://www.imdb.com/title/tt0056541/" rel="nofollow"><i>Sweet Bird of Youth (film)</i></a> at the <a class="external" href="http://en.wikipedia.org/wiki/Internet_Movie_Database" title="Internet Movie Database">Internet Movie Database</a></li>
      </ul>
    </wiki:description>
  </wiki:film>
</wiki:nominee>