<?xml version="1.0" encoding="UTF-8"?>
<wiki:nominee year="1975" span="1" winner="true" award="best-picture" xmlns:wiki="http://marklogic.com/wikipedia">
  <!--
                            Copyright (c) 2010 MarkLogic Corporation.
                            Permission is granted to copy, distribute and/or modify this document
                            under the terms of the GNU Free Documentation License, Version 1.2
                            or any later version published by the Free Software Foundation;
                            with no Invariant Sections, no Front-Cover Texts, and no Back-Cover Texts.
                            A copy of the license is included in the section entitled "GNU
                            Free Documentation License"
                            
                            Content derived from http://en.wikipedia.org/wiki/One_Flew_Over_the_Cuckoo%27s_Nest_(film)
                            Modified in May 2009 by Mark Logic Corporation under the terms of the GNU Free Documentation License.
                        -->
  <wiki:film-title link="/wiki/One_Flew_Over_the_Cuckoo%27s_Nest_(film)">One Flew Over the Cuckoo's
        Nest</wiki:film-title>
  <wiki:film link="/wiki/One_Flew_Over_the_Cuckoo%27s_Nest_(film)" title="One Flew Over the Cuckoo's&#10;        Nest">
    <wiki:oscar-ref year="1975" span="1" winner="true" award="lead-actor" person-link="/wiki/Jack_Nicholson" person-name="Jack Nicholson"/>
    <wiki:oscar-ref year="1975" span="1" winner="true" award="lead-actress" person-link="/wiki/Louise_Fletcher" person-name="Louise Fletcher"/>
    <wiki:oscar-ref year="1975" span="1" winner="true" award="best-director" person-link="/wiki/Milo%C5%A1_Forman" person-name="MiloÅ¡ Forman"/>
    <wiki:oscar-ref year="1975" span="1" winner="false" award="supporting-actor" person-link="/wiki/Brad_Dourif" person-name="Brad Dourif"/>
    <wiki:oscar year="1975" span="1" winner="true" award="best-picture"/>
    <wiki:producer link="/wiki/Saul_Zaentz">Saul Zaentz</wiki:producer>
    <wiki:producer link="/wiki/Michael_Douglas">Michael Douglas</wiki:producer>
    <wiki:director link="/wiki/Milo%C5%A1_Forman">MiloÅ¡ Forman</wiki:director>
    <wiki:distributor link="/wiki/United_Artists">United Artists</wiki:distributor>
    <wiki:starring link="/wiki/Jack_Nicholson">Jack Nicholson</wiki:starring>
    <wiki:starring link="/wiki/Louise_Fletcher">Louise Fletcher</wiki:starring>
    <wiki:starring link="/wiki/William_Redfield_(actor)">William Redfield</wiki:starring>
    <wiki:starring link="/wiki/Brad_Dourif">Brad Dourif</wiki:starring>
    <wiki:description>
      <wiki:abstract>
	<p xmlns="http://www.w3.org/1999/xhtml"><i><b>One Flew Over the Cuckoo's Nest</b></i> is a 1975 American <a class="external" href="http://en.wikipedia.org/wiki/Drama_film" title="Drama film">drama film</a> directed by <a class="external" href="http://en.wikipedia.org/wiki/Milo%C5%A1_Forman" title="MiloÅ¡ Forman">MiloÅ¡ Forman</a> and based the 1962 <a class="external" href="http://en.wikipedia.org/wiki/One_Flew_Over_the_Cuckoo%27s_Nest_(novel)" title="One Flew Over the Cuckoo's Nest (novel)">novel</a> by <a class="external" href="http://en.wikipedia.org/wiki/Ken_Kesey" title="Ken Kesey">Ken Kesey</a>. There had been <a class="external" href="http://en.wikipedia.org/wiki/One_Flew_Over_the_Cuckoo%27s_Nest_(play)" title="One Flew Over the Cuckoo's Nest (play)">a stage version</a> of the book in 1963, but the film derives directly from the novel.</p>
	<p xmlns="http://www.w3.org/1999/xhtml">The film was the second to <a class="external" href="http://en.wikipedia.org/wiki/List_of_Big_Five_Academy_Award_winners_and_nominees" title="List of Big Five Academy Award winners and nominees">win all five</a> major <a class="external" href="http://en.wikipedia.org/wiki/Academy_Award" title="Academy Award">Academy Awards</a>, (<a class="external" href="http://en.wikipedia.org/wiki/Academy_Award_for_Best_Picture" title="Academy Award for Best Picture">Best Picture</a>, <a class="external" href="http://en.wikipedia.org/wiki/Academy_Award_for_Best_Actor" title="Academy Award for Best Actor">Actor in Lead Role</a>, <a class="external" href="http://en.wikipedia.org/wiki/Academy_Award_for_Best_Actress" title="Academy Award for Best Actress">Actress in Lead Role</a>, <a class="external" href="http://en.wikipedia.org/wiki/Academy_Award_for_Best_Director" title="Academy Award for Best Director">Director</a>, and <a class="external" href="http://en.wikipedia.org/wiki/Academy_Award_for_Writing_Adapted_Screenplay" title="Academy Award for Writing Adapted Screenplay">Screenplay</a>) following <i><a class="external" href="http://en.wikipedia.org/wiki/It_Happened_One_Night" title="It Happened One Night">It Happened One Night</a></i> in 1934, an accomplishment not repeated until 1991 by <i><a class="external" href="http://en.wikipedia.org/wiki/The_Silence_of_the_Lambs_(film)" title="The Silence of the Lambs (film)">The Silence of the Lambs</a></i>.</p>
	<p xmlns="http://www.w3.org/1999/xhtml">The movie was filmed at <a class="external" href="http://en.wikipedia.org/wiki/Oregon_State_Hospital" title="Oregon State Hospital">Oregon State Hospital</a> in <a class="external" href="http://en.wikipedia.org/wiki/Salem,_Oregon" title="Salem, Oregon">Salem, Oregon</a>, which was the setting of the novel.</p>
	<p xmlns="http://www.w3.org/1999/xhtml">The film is #20 on the <a class="external" href="http://en.wikipedia.org/wiki/American_Film_Institute" title="American Film Institute">American Film Institute</a>'s <a class="external" href="http://en.wikipedia.org/wiki/AFI%27s_100_Years%E2%80%A6100_Movies" title="AFI's 100 Yearsâ€¦100 Movies">100 Years... 100 Movies</a> list.</p>
	<h2 xmlns="http://www.w3.org/1999/xhtml"> <span class="mw-headline" id="Plot">Plot</span></h2>
	<p xmlns="http://www.w3.org/1999/xhtml">Randle Patrick McMurphy (<a class="external" href="http://en.wikipedia.org/wiki/Jack_Nicholson" title="Jack Nicholson">Jack Nicholson</a>), a <a class="external" href="http://en.wikipedia.org/wiki/Recidivist" title="Recidivist">recidivist</a> criminal serving a short sentence on a prison farm for <a class="external" href="http://en.wikipedia.org/wiki/Statutory_rape" title="Statutory rape">statutory rape</a>, is transferred to a <a class="external" href="http://en.wikipedia.org/wiki/Mental_institution" title="Mental institution">mental institution</a> in 1963 for evaluation. This is a ploy by McMurphy to avoid <a class="external" href="http://en.wikipedia.org/wiki/Penal_labour" title="Penal labour">hard labor</a> and serve the rest of his sentence in a more relaxed environment. He is anti-authoritarian with a history of violence, but he exhibits no signs of <a class="external" href="http://en.wikipedia.org/wiki/Mental_illness" title="Mental illness">mental illness</a>.</p>
	<p xmlns="http://www.w3.org/1999/xhtml">McMurphy's ward in the mental institution is run by a calm but unyielding tyrant, Nurse Mildred Ratched (<a class="external" href="http://en.wikipedia.org/wiki/Louise_Fletcher" title="Louise Fletcher">Louise Fletcher</a>), who suppresses the patients by employing a combination of subtle humiliation in group therapy, punishment disguised as unpleasant medical treatments and a mind-numbing daily routine. McMurphy finds that the other male and mostly middle-aged patients are more institutionalized and afraid of Ratched than they are focused on becoming functional in the outside world. Among the group of patients, McMurphy befriends patients Billy Bibbit (<a class="external" href="http://en.wikipedia.org/wiki/Brad_Dourif" title="Brad Dourif">Brad Dourif</a>), a nervous, stuttering young man; Charlie Cheswick (<a class="external" href="http://en.wikipedia.org/wiki/Sydney_Lassick" title="Sydney Lassick">Sydney Lassick</a>), a man disposed to childish fits of temper; Martini (<a class="external" href="http://en.wikipedia.org/wiki/Danny_DeVito" title="Danny DeVito">Danny DeVito</a>), who is delusional; Dale Harding (<a class="external" href="http://en.wikipedia.org/wiki/William_Redfield_(actor)" title="William Redfield (actor)">William Redfield</a>), a high-strung, well-educated patient; and "Chief" Bromden (<a class="external" href="http://en.wikipedia.org/wiki/Will_Sampson" title="Will Sampson">Will Sampson</a>), a silent 6Â feet 7Â inches (2.01 m) tall <a class="external" href="http://en.wikipedia.org/wiki/Native_Americans_in_the_United_States" title="Native Americans in the United States">Native American</a>. Believed by the patients and staff to be deaf and mute, Chief is mostly ignored but is respected because of his size, at which McMurphy marvels upon first sight.</p>
	<p xmlns="http://www.w3.org/1999/xhtml">McMurphy baits Nurse Ratched at first merely to amuse himself, but intensifies his efforts to loosen her control when he sees the effect she has over the ward. McMurphy plays cards with the other patients, acting as dealer and humorously narrating and entertaining them while gambling for cigarettes. This is quickly stopped when Nurse Ratched has cigarettes confiscated and rationed. To break the monotony, McMurphy calls for votes on ward policy changes; he unsuccessfully campaigns for a World Series baseball game to be shown on the television on the ward, and organizes a pickup game of basketball against the orderlies. He later makes a show of betting the other patients that he can escape by lifting an old <a class="external" href="http://en.wikipedia.org/wiki/Hydrotherapy" title="Hydrotherapy">hydrotherapy</a> consoleâ€”a massive and still-connected marble plumbing fixtureâ€”off the floor of the ward and sending it through the window; he eventually fails to do so.</p>
	<p xmlns="http://www.w3.org/1999/xhtml">McMurphy takes the group on a deep sea fishing trip by escaping over the asylum's fence and stealing a school bus, bringing along a party girl, Candy (Marya Small). This is the only location in the film outside the hospital. Soon after, McMurphy learns that Ratched has the power to keep him involuntarily committed to the ward indefinitely, as the more sympathetic ward psychiatrist, while nominally her supervisor, is a figurehead. He accuses the other patients on the ward of deliberately neglecting to let him know this, and learns that they are all voluntarily committed apart from himself, Chief and Taber (<a class="external" href="http://en.wikipedia.org/wiki/Christopher_Lloyd" title="Christopher Lloyd">Christopher Lloyd</a>). Rather than have McMurphy transferred following his escape with the group, Ratched bides her time and increasingly asserts power, attempting to suppress the now somewhat-liberated patients.</p>
	<p xmlns="http://www.w3.org/1999/xhtml">Following one of Ratched's group humiliation sessions, McMurphy, the Chief and Cheswick are detained for fighting with the orderlies, including Washington (<a class="external" href="http://en.wikipedia.org/wiki/Nathan_George" title="Nathan George">Nathan George</a>), who tells McMurphy that the hospital staff decide when he is released from the hospital. Cheswick undergoes <a class="external" href="http://en.wikipedia.org/wiki/Electroconvulsive_therapy" title="Electroconvulsive therapy">electroconvulsive therapy</a> while McMurphy and Chief wait their turn on a bench. While they wait, McMurphy offers Chief a piece of gum, and Chief comments "Thank you". McMurphy is shocked to find the Chief is neither deaf nor mute, and discovers that Chief shares his distaste of the hospital establishment but stays silent to deflect attention, as given his imposing physical appearance and meek character he does not feel he can rebel in the way that McMurphy does. The Chief becomes McMurphy's confidant, given their shared experiences with authority. After the electroshock therapy, McMurphy stiffly walks back onto the ward feigning <a class="external" href="http://en.wikipedia.org/wiki/Catatonia" title="Catatonia">catatonia</a>, before humorously animating his face and loudly greeting his fellow patients, assuring everyone that the ECT was unsuccessful as an attempt to subdue him.</p>
	<p xmlns="http://www.w3.org/1999/xhtml">One night, McMurphy sneaks into the nurses' station and calls Candy and another lady friend, Rose (<a class="external" href="http://en.wikipedia.org/wiki/Louisa_Moritz" title="Louisa Moritz">Louisa Moritz</a>), and has them bring booze to the hospital. They enter the ward through a window after McMurphy bribes the night watchman, Mr. Turkle (<a class="external" href="http://en.wikipedia.org/wiki/Scatman_Crothers" title="Scatman Crothers">Scatman Crothers</a>). The patients have a party while Billy, who had previously been humiliated by Ratched because of his awkwardness with women, flirts with Candy. At the end of the night, McMurphy and Chief decide to escape and leave with the girls by climbing through the window. McMurphy goes to say goodbye to the other patients, and asks an emotional Billy to escape with them. However, Billy declines, stating that he would like to go on a date with Candy in the future but he is not yet ready to leave the hospital. McMurphy then goads Billy into trying to sleep with Candy, and, although nervous, he agrees. After Billy and Candy go to a private room, the rest of the patients, including McMurphy and the Chief, pass out after a long night of drinking.</p>
      </wiki:abstract>
      <p xmlns="http://www.w3.org/1999/xhtml">Later that night, Chief Bromden sees McMurphy being escorted back to his bed, and initially believes that he has returned so they can escape together, which he is now ready to do since he feels "as big as a mountain". However, when the Chief looks closely at McMurphy's unresponsive face, he is horrified to learn that McMurphy has been <a class="external" href="http://en.wikipedia.org/wiki/Lobotomy" title="Lobotomy">lobotomized</a>. Unwilling to allow McMurphy to live in such a state or be seen this way by the other patients, the Chief smothers McMurphy with his pillow. Chief then carries out McMurphy's escape plan by lifting the hydrotherapy console off the floor of the ward and hurling the massive fixture through a grated window, climbing through and running off into the distance.</p>
      <h2 xmlns="http://www.w3.org/1999/xhtml"> <span class="mw-headline" id="Cast">Cast</span></h2>
      <ul xmlns="http://www.w3.org/1999/xhtml">
	<li><a class="external" href="http://en.wikipedia.org/wiki/Jack_Nicholson" title="Jack Nicholson">Jack Nicholson</a> as <a class="external" href="http://en.wikipedia.org/wiki/Randle_McMurphy" title="Randle McMurphy">Randle Patrick McMurphy</a></li>
	<li><a class="external" href="http://en.wikipedia.org/wiki/Louise_Fletcher" title="Louise Fletcher">Louise Fletcher</a> as <a class="external" href="http://en.wikipedia.org/wiki/Nurse_Ratched" title="Nurse Ratched">Nurse Mildred Ratched</a></li>
	<li><a class="external" href="http://en.wikipedia.org/wiki/William_Redfield_(actor)" title="William Redfield (actor)">William Redfield</a> as Dale Harding</li>
	<li><a class="external" href="http://en.wikipedia.org/wiki/Brad_Dourif" title="Brad Dourif">Brad Dourif</a> as Billy Bibbit</li>
	<li><a class="external" href="http://en.wikipedia.org/wiki/Sydney_Lassick" title="Sydney Lassick">Sydney Lassick</a> as Charlie Cheswick</li>
	<li><a class="external" href="http://en.wikipedia.org/wiki/Will_Sampson" title="Will Sampson">Will Sampson</a> as "Chief" Bromden</li>
	<li><a class="external" href="http://en.wikipedia.org/wiki/Danny_DeVito" title="Danny DeVito">Danny DeVito</a> as Martini</li>
	<li><a class="external" href="http://en.wikipedia.org/wiki/Christopher_Lloyd" title="Christopher Lloyd">Christopher Lloyd</a> as Max Taber</li>
	<li>Dean R. Brooks as Dr. John Spivey</li>
	<li><a class="external" href="http://en.wikipedia.org/wiki/William_Duell" title="William Duell">William Duell</a> as Jim Sefelt</li>
	<li><a class="external" href="http://en.wikipedia.org/wiki/Vincent_Schiavelli" title="Vincent Schiavelli">Vincent Schiavelli</a> as Frederickson</li>
	<li><a class="external" href="http://en.wikipedia.org/wiki/Michael_Berryman" title="Michael Berryman">Michael Berryman</a> as Ellis</li>
	<li><a class="external" href="http://en.wikipedia.org/wiki/Nathan_George" title="Nathan George">Nathan George</a> as Attendant Washington</li>
	<li><a class="external" href="http://en.wikipedia.org/wiki/Scatman_Crothers" title="Scatman Crothers">Scatman Crothers</a> as Orderly Turkle</li>
	<li><a class="external" href="http://en.wikipedia.org/w/index.php?title=Mews_Small&amp;action=edit&amp;redlink=1" title="Mews Small (page does not exist)">Marya Small</a> as Candy</li>
	<li><a class="external" href="http://en.wikipedia.org/wiki/Louisa_Moritz" title="Louisa Moritz">Louisa Moritz</a> as Rose</li>
      </ul>
      <p xmlns="http://www.w3.org/1999/xhtml">According to Forman on the latest Special Edition DVD, he wanted <a class="external" href="http://en.wikipedia.org/wiki/Burt_Reynolds" title="Burt Reynolds">Burt Reynolds</a> to play the lead.</p>
      <p xmlns="http://www.w3.org/1999/xhtml">The role of domineering Nurse Ratched was turned down by <a class="external" href="http://en.wikipedia.org/wiki/Anne_Bancroft" title="Anne Bancroft">Anne Bancroft</a>, <a class="external" href="http://en.wikipedia.org/wiki/Colleen_Dewhurst" title="Colleen Dewhurst">Colleen Dewhurst</a>, <a class="external" href="http://en.wikipedia.org/wiki/Geraldine_Page" title="Geraldine Page">Geraldine Page</a>, <a class="external" href="http://en.wikipedia.org/wiki/Ellen_Burstyn" title="Ellen Burstyn">Ellen Burstyn</a>, <a class="external" href="http://en.wikipedia.org/wiki/Jane_Fonda" title="Jane Fonda">Jane Fonda</a>, <a class="external" href="http://en.wikipedia.org/wiki/Shirley_MacLaine" title="Shirley MacLaine">Shirley MacLaine</a> and <a class="external" href="http://en.wikipedia.org/wiki/Angela_Lansbury" title="Angela Lansbury">Angela Lansbury</a>, until <a class="external" href="http://en.wikipedia.org/wiki/Louise_Fletcher" title="Louise Fletcher">Louise Fletcher</a> accepted casting only a week before filming began.</p>
      <p xmlns="http://www.w3.org/1999/xhtml">The film marked the credited film debuts of Sampson, Dourif and Lloyd. It was also one of DeVito's earliest films. DeVito and Lloyd co-starred several years later on the television series, <i><a class="external" href="http://en.wikipedia.org/wiki/Taxi_(TV_series)" title="Taxi (TV series)">Taxi</a></i>.</p>
      <h2 xmlns="http://www.w3.org/1999/xhtml"> <span class="mw-headline" id="Title">Title</span></h2>
      <p xmlns="http://www.w3.org/1999/xhtml">The title is derived from an American children's folk rhyme. In a detail not included in the film, the novel shows it to be a rhyme that Chief Bromden remembers from his childhood.</p>
      <h2 xmlns="http://www.w3.org/1999/xhtml"> <span class="mw-headline" id="Reception">Reception</span></h2>
      <p xmlns="http://www.w3.org/1999/xhtml">The film received generally positive reviews from critics. <a class="external" href="http://en.wikipedia.org/wiki/Roger_Ebert" title="Roger Ebert">Roger Ebert</a> (who won a <a class="external" href="http://en.wikipedia.org/wiki/Pulitzer_Prize" title="Pulitzer Prize">Pulitzer Prize</a> later that year) claimed that "MiloÅ¡ Forman's 'One Flew Over the Cuckoo's Nest' is a film so good in so many of its parts that there's a temptation to forgive it when it goes wrong. But it does go wrong, insisting on making larger points than its story really should carry, so that at the end, the human qualities of the characters get lost in the significance of it all. And yet there are those moments of brilliance". Ebert would later put the film on his "Great Movies" list. A.D. Murphy of <i><a class="external" href="http://en.wikipedia.org/wiki/Variety_(magazine)" title="Variety (magazine)">Variety</a></i> wrote a mixed review as well. The film went on to win a total of five <a class="external" href="http://en.wikipedia.org/wiki/Academy_Awards" title="Academy Awards">Academy Awards</a>, including <a class="external" href="http://en.wikipedia.org/wiki/Academy_Award_for_Best_Actor" title="Academy Award for Best Actor">Best Actor</a> for <a class="external" href="http://en.wikipedia.org/wiki/Jack_Nicholson" title="Jack Nicholson">Jack Nicholson</a> (who played McMurphy), <a class="external" href="http://en.wikipedia.org/wiki/Academy_Award_for_Best_Actress" title="Academy Award for Best Actress">Best Actress</a> for <a class="external" href="http://en.wikipedia.org/wiki/Louise_Fletcher" title="Louise Fletcher">Louise Fletcher</a> (who played <a class="external" href="http://en.wikipedia.org/wiki/Nurse_Ratched" title="Nurse Ratched">Nurse Ratched</a>), <a class="external" href="http://en.wikipedia.org/wiki/Academy_Award_for_Directing" title="Academy Award for Directing">Best Direction</a> for <a class="external" href="http://en.wikipedia.org/wiki/Milo%C5%A1_Forman" title="MiloÅ¡ Forman">MiloÅ¡ Forman</a>, <a class="external" href="http://en.wikipedia.org/wiki/Academy_Award_for_Best_Picture" title="Academy Award for Best Picture">Best Picture</a>, and <a class="external" href="http://en.wikipedia.org/wiki/Academy_Award_for_Writing_Adapted_Screenplay" title="Academy Award for Writing Adapted Screenplay">Best Adapted Screenplay</a> for Laurence Hauben and Bo Goldman. The film currently has a 96% "Certified Fresh" rating at <a class="external" href="http://en.wikipedia.org/wiki/Rotten_Tomatoes" title="Rotten Tomatoes">Rotten Tomatoes</a>.</p>
      <p xmlns="http://www.w3.org/1999/xhtml">The film is considered to be one of the greatest American films. Kesey himself claimed to have disliked the movie, a fact revealed by <i><a class="external" href="http://en.wikipedia.org/wiki/Fight_Club" title="Fight Club">Fight Club</a></i> author <a class="external" href="http://en.wikipedia.org/wiki/Chuck_Palahniuk" title="Chuck Palahniuk">Chuck Palahniuk</a> in the foreword of the 2007 edition, "The first time I heard this story, it was through the movie starring Jack Nicholson. A movie that Kesey once told me he disliked".</p>
      <p xmlns="http://www.w3.org/1999/xhtml">In 1993, this film was deemed "culturally, historically, or aesthetically significant" by the United States <a class="external" href="http://en.wikipedia.org/wiki/Library_of_Congress" title="Library of Congress">Library of Congress</a> and selected for preservation in their <a class="external" href="http://en.wikipedia.org/wiki/National_Film_Registry" title="National Film Registry">National Film Registry</a>.</p>
      <p xmlns="http://www.w3.org/1999/xhtml">The film was shown in Swedish cinemas between 1975 and 1987 â€” twelve years, which is still a record. When <a class="external" href="http://en.wikipedia.org/wiki/Milo%C5%A1_Forman" title="MiloÅ¡ Forman">MiloÅ¡ Forman</a> learned that, he said, "I'm absolutely thrilled by that... It's wonderful."</p>
      <h2 xmlns="http://www.w3.org/1999/xhtml"> <span class="mw-headline" id="Awards_and_honors">Awards and honors</span></h2>
      <p xmlns="http://www.w3.org/1999/xhtml"><i>One Flew Over the Cuckoo's Nest</i> won all of the <a class="external" href="http://en.wikipedia.org/wiki/List_of_Big_Five_Academy_Award_winners_and_nominees" title="List of Big Five Academy Award winners and nominees">"Big Five" Academy Awards</a> at the 48th Oscar ceremony</p>
      <ul xmlns="http://www.w3.org/1999/xhtml">
	<li><a class="external" href="http://en.wikipedia.org/wiki/Academy_Award_for_Best_Picture" title="Academy Award for Best Picture">Academy Award for Best Picture</a> â€” <a class="external" href="http://en.wikipedia.org/wiki/Michael_Douglas" title="Michael Douglas">Michael Douglas</a>, <a class="external" href="http://en.wikipedia.org/wiki/Saul_Zaentz" title="Saul Zaentz">Saul Zaentz</a></li>
	<li><a class="external" href="http://en.wikipedia.org/wiki/Academy_Award_for_Best_Director" title="Academy Award for Best Director">Academy Award for Best Director</a> â€” <a class="external" href="http://en.wikipedia.org/wiki/Milo%C5%A1_Forman" title="MiloÅ¡ Forman">MiloÅ¡ Forman</a></li>
	<li><a class="external" href="http://en.wikipedia.org/wiki/Academy_Award_for_Best_Actor" title="Academy Award for Best Actor">Academy Award for Best Actor</a> â€” <a class="external" href="http://en.wikipedia.org/wiki/Jack_Nicholson" title="Jack Nicholson">Jack Nicholson</a></li>
	<li><a class="external" href="http://en.wikipedia.org/wiki/Academy_Award_for_Best_Actress" title="Academy Award for Best Actress">Academy Award for Best Actress</a> â€” <a class="external" href="http://en.wikipedia.org/wiki/Louise_Fletcher" title="Louise Fletcher">Louise Fletcher</a></li>
	<li><a class="external" href="http://en.wikipedia.org/wiki/Academy_Award_for_Writing_Adapted_Screenplay" title="Academy Award for Writing Adapted Screenplay">Academy Award for Writing Adapted Screenplay</a> - Laurence Hauben, <a class="external" href="http://en.wikipedia.org/wiki/Bo_Goldman" title="Bo Goldman">Bo Goldman</a></li>
      </ul>
      <ul xmlns="http://www.w3.org/1999/xhtml">
	<li><a class="external" href="http://en.wikipedia.org/wiki/Academy_Award_for_Best_Supporting_Actor" title="Academy Award for Best Supporting Actor">Academy Award for Best Supporting Actor</a> â€” <a class="external" href="http://en.wikipedia.org/wiki/Brad_Dourif" title="Brad Dourif">Brad Dourif</a></li>
	<li><a class="external" href="http://en.wikipedia.org/wiki/Academy_Award_for_Best_Cinematography" title="Academy Award for Best Cinematography">Academy Award for Best Cinematography</a> â€” <a class="external" href="http://en.wikipedia.org/wiki/Haskell_Wexler" title="Haskell Wexler">Haskell Wexler</a>, <a class="external" href="http://en.wikipedia.org/wiki/Bill_Butler_(cinematographer)" title="Bill Butler (cinematographer)">Bill Butler</a></li>
	<li><a class="external" href="http://en.wikipedia.org/wiki/Academy_Award_for_Film_Editing" title="Academy Award for Film Editing">Academy Award for Film Editing</a> â€” Richard Chew, Lyzee Klingman, Sheldon Kahn</li>
	<li><a class="external" href="http://en.wikipedia.org/wiki/Academy_Award_for_Original_Music_Score" title="Academy Award for Original Music Score">Academy Award for Original Music Score</a> â€” <a class="external" href="http://en.wikipedia.org/wiki/Jack_Nitzsche" title="Jack Nitzsche">Jack Nitzsche</a></li>
      </ul>
      <ul xmlns="http://www.w3.org/1999/xhtml">
	<li><a class="external" href="http://en.wikipedia.org/wiki/Golden_Globe_Award_for_Best_Motion_Picture_-_Drama" title="Golden Globe Award for Best Motion Picture - Drama">Golden Globe Award for Best Motion Picture - Drama</a></li>
	<li><a class="external" href="http://en.wikipedia.org/wiki/Golden_Globe_Award_for_Best_Director_-_Motion_Picture" title="Golden Globe Award for Best Director - Motion Picture">Golden Globe Award for Best Director - Motion Picture</a> â€” <a class="external" href="http://en.wikipedia.org/wiki/Milo%C5%A1_Forman" title="MiloÅ¡ Forman">MiloÅ¡ Forman</a></li>
	<li><a class="external" href="http://en.wikipedia.org/wiki/Golden_Globe_Award_for_Best_Actor_-_Motion_Picture_Drama" title="Golden Globe Award for Best Actor - Motion Picture Drama">Golden Globe Award for Best Actor - Motion Picture Drama</a> â€” <a class="external" href="http://en.wikipedia.org/wiki/Jack_Nicholson" title="Jack Nicholson">Jack Nicholson</a></li>
	<li><a class="external" href="http://en.wikipedia.org/wiki/Golden_Globe_Award_for_Best_Actress_-_Motion_Picture_Drama" title="Golden Globe Award for Best Actress - Motion Picture Drama">Golden Globe Award for Best Actress - Motion Picture Drama</a> â€” <a class="external" href="http://en.wikipedia.org/wiki/Louise_Fletcher" title="Louise Fletcher">Louise Fletcher</a></li>
	<li><a class="external" href="http://en.wikipedia.org/wiki/Golden_Globe_Award_for_Best_Screenplay" title="Golden Globe Award for Best Screenplay">Golden Globe Award for Best Screenplay</a> â€” Laurence Hauben, <a class="external" href="http://en.wikipedia.org/wiki/Bo_Goldman" title="Bo Goldman">Bo Goldman</a></li>
	<li><a class="external" href="http://en.wikipedia.org/wiki/Golden_Globe_Award_for_New_Star_of_the_Year_-_Actor" title="Golden Globe Award for New Star of the Year - Actor">Golden Globe Award for New Star of the Year - Actor</a> â€” <a class="external" href="http://en.wikipedia.org/wiki/Brad_Dourif" title="Brad Dourif">Brad Dourif</a></li>
      </ul>
      <ul xmlns="http://www.w3.org/1999/xhtml">
	<li><a class="external" href="http://en.wikipedia.org/wiki/BAFTA_Award_for_Best_Film" title="BAFTA Award for Best Film">BAFTA Award for Best Film</a></li>
	<li><a class="external" href="http://en.wikipedia.org/wiki/BAFTA_Award_for_Best_Direction" title="BAFTA Award for Best Direction">BAFTA Award for Best Direction</a> â€” <a class="external" href="http://en.wikipedia.org/wiki/Milo%C5%A1_Forman" title="MiloÅ¡ Forman">MiloÅ¡ Forman</a></li>
	<li><a class="external" href="http://en.wikipedia.org/wiki/BAFTA_Award_for_Best_Actor_in_a_Leading_Role" title="BAFTA Award for Best Actor in a Leading Role">BAFTA Award for Best Actor in a Leading Role</a> â€” <a class="external" href="http://en.wikipedia.org/wiki/Jack_Nicholson" title="Jack Nicholson">Jack Nicholson</a></li>
	<li><a class="external" href="http://en.wikipedia.org/wiki/BAFTA_Award_for_Best_Actress_in_a_Leading_Role" title="BAFTA Award for Best Actress in a Leading Role">BAFTA Award for Best Actress in a Leading Role</a> â€” <a class="external" href="http://en.wikipedia.org/wiki/Louise_Fletcher" title="Louise Fletcher">Louise Fletcher</a></li>
	<li><a class="external" href="http://en.wikipedia.org/wiki/BAFTA_Award_for_Best_Actor_in_a_Supporting_Role" title="BAFTA Award for Best Actor in a Supporting Role">BAFTA Award for Best Actor in a Supporting Role</a> â€” <a class="external" href="http://en.wikipedia.org/wiki/Brad_Dourif" title="Brad Dourif">Brad Dourif</a></li>
	<li><a class="external" href="http://en.wikipedia.org/wiki/BAFTA_Award_for_Best_Editing" title="BAFTA Award for Best Editing">BAFTA Award for Best Editing</a> â€” Richard Chew, Lynzee Klingman, <a class="external" href="http://en.wikipedia.org/wiki/Sheldon_Kahn" title="Sheldon Kahn">Sheldon Kahn</a></li>
      </ul>
      <ul xmlns="http://www.w3.org/1999/xhtml">
	<li><a class="external" href="http://en.wikipedia.org/wiki/BAFTA_Award_for_Best_Cinematography" title="BAFTA Award for Best Cinematography">BAFTA Award for Best Cinematography</a> â€” <a class="external" href="http://en.wikipedia.org/wiki/Haskell_Wexler" title="Haskell Wexler">Haskell Wexler</a>, <a class="external" href="http://en.wikipedia.org/wiki/Bill_Butler_(cinematographer)" title="Bill Butler (cinematographer)">Bill Butler</a></li>
	<li><a class="external" href="http://en.wikipedia.org/wiki/BAFTA_Award_for_Best_Adapted_Screenplay" title="BAFTA Award for Best Adapted Screenplay">BAFTA Award for Best Adapted Screenplay</a> â€” Laurence Hauben, <a class="external" href="http://en.wikipedia.org/wiki/Bo_Goldman" title="Bo Goldman">Bo Goldman</a></li>
      </ul>
      <p xmlns="http://www.w3.org/1999/xhtml"><b><a class="external" href="http://en.wikipedia.org/wiki/American_Film_Institute" title="American Film Institute">American Film Institute</a> recognition</b></p>
      <ul xmlns="http://www.w3.org/1999/xhtml">
	<li>1998 â€” <a class="external" href="http://en.wikipedia.org/wiki/AFI%27s_100_Years..._100_Movies" title="AFI's 100 Years... 100 Movies">AFI's 100 Years... 100 Movies</a> â€” #20</li>
	<li>2003 â€” <a class="external" href="http://en.wikipedia.org/wiki/AFI%27s_100_Years..._100_Heroes_and_Villains" title="AFI's 100 Years... 100 Heroes and Villains">AFI's 100 Years... 100 Heroes and Villains</a>: Nurse Ratched â€” Villain #5</li>
	<li>2006 â€” <a class="external" href="http://en.wikipedia.org/wiki/AFI%27s_100_Years..._100_Cheers" title="AFI's 100 Years... 100 Cheers">AFI's 100 Years... 100 Cheers</a> â€” #16</li>
	<li>2007 â€” <a class="external" href="http://en.wikipedia.org/wiki/AFI%27s_100_Years..._100_Movies_(10th_Anniversary_Edition)" title="AFI's 100 Years... 100 Movies (10th Anniversary Edition)">AFI's 100 Years... 100 Movies (10th Anniversary Edition)</a> â€” #33</li>
      </ul>
      <h2 xmlns="http://www.w3.org/1999/xhtml"> <span class="mw-headline" id="See_also">See also</span></h2>
      <ul xmlns="http://www.w3.org/1999/xhtml">
	<li><a class="external" href="http://en.wikipedia.org/wiki/Mental_illness_in_films" title="Mental illness in films">Mental illness in films</a></li>
      </ul>
      <h2 xmlns="http://www.w3.org/1999/xhtml"> <span class="mw-headline" id="References">References</span></h2>
      <h2 xmlns="http://www.w3.org/1999/xhtml"> <span class="mw-headline" id="External_links">External links</span></h2>
      <ul xmlns="http://www.w3.org/1999/xhtml">
	<li><a href="http://www.imdb.com/title/tt0073486/" rel="nofollow"><i>One Flew Over the Cuckoo's Nest</i></a> at the <a class="external" href="http://en.wikipedia.org/wiki/Internet_Movie_Database" title="Internet Movie Database">Internet Movie Database</a></li>
	<li><a href="http://www.allmovie.com/work/36363" rel="nofollow"><i>One Flew Over the Cuckoo's Nest</i></a> at <a class="external" href="http://en.wikipedia.org/wiki/Allmovie" title="Allmovie">Allmovie</a></li>
	<li><a href="http://www.boxofficemojo.com/movies/?id=oneflewoverthecuckoosnest.htm" rel="nofollow"><i>One Flew Over the Cuckoo's Nest</i></a> at <a class="external" href="http://en.wikipedia.org/wiki/Box_Office_Mojo" title="Box Office Mojo">Box Office Mojo</a></li>
	<li><a href="http://www.rottentomatoes.com/m/one_flew_over_the_cuckoos_nest/" rel="nofollow"><i>One Flew Over the Cuckoo's Nest</i></a> at <a class="external" href="http://en.wikipedia.org/wiki/Rotten_Tomatoes" title="Rotten Tomatoes">Rotten Tomatoes</a></li>
      </ul>
    </wiki:description>
  </wiki:film>
</wiki:nominee>