<?xml version="1.0" encoding="UTF-8"?>
<wiki:nominee year="1975" span="1" winner="false" award="lead-actress" xmlns:wiki="http://marklogic.com/wikipedia">
  <!--
                            Copyright (c) 2010 MarkLogic Corporation.
                            Permission is granted to copy, distribute and/or modify this document
                            under the terms of the GNU Free Documentation License, Version 1.2
                            or any later version published by the Free Software Foundation;
                            with no Invariant Sections, no Front-Cover Texts, and no Back-Cover Texts.
                            A copy of the license is included in the section entitled "GNU
                            Free Documentation License"
                            
                            Content derived from http://en.wikipedia.org/wiki/Hedda_(film) and http://en.wikipedia.org/wiki/Glenda_Jackson
                            Modified in May 2009 by Mark Logic Corporation under the terms of the GNU Free Documentation License.
                        -->
  <wiki:name link="/wiki/Glenda_Jackson">Glenda Jackson</wiki:name>
  <wiki:person link="/wiki/Glenda_Jackson" name="Glenda Jackson">
    <wiki:oscar year="1970" span="1" winner="true" award="lead-actress" film-link="/wiki/Women_in_Love_(film)" film-title="Women in Love"/>
    <wiki:oscar year="1971" span="1" winner="false" award="lead-actress" film-link="/wiki/Sunday_Bloody_Sunday_(film)" film-title="Sunday Bloody Sunday"/>
    <wiki:oscar year="1973" span="1" winner="true" award="lead-actress" film-link="/wiki/A_Touch_of_Class_(film)" film-title="A Touch of Class"/>
    <wiki:oscar year="1975" span="1" winner="false" award="lead-actress" film-link="/wiki/Hedda_(film)" film-title="Hedda"/>
    <wiki:birth>
      <wiki:date>1936-05-09</wiki:date>
      <wiki:place>
	<wiki:primary link="/wiki/Birkenhead">Birkenhead</wiki:primary>
	<wiki:secondary link="/wiki/Metropolitan_Borough_of_Wirral">Wirral</wiki:secondary>
      <enrich><woeid xmlns="http://where.yahooapis.com/v1/schema.rng">12695853</woeid><placeTypeName code="10" xmlns="http://where.yahooapis.com/v1/schema.rng">Local Administrative Area</placeTypeName><name xmlns="http://where.yahooapis.com/v1/schema.rng">Wirral Metropolitan Borough</name><country code="GB" type="Country" xmlns="http://where.yahooapis.com/v1/schema.rng">United Kingdom</country><admin1 code="GB-ENG" type="Country" xmlns="http://where.yahooapis.com/v1/schema.rng">England</admin1><admin2 code="GB-MSY" type="County" xmlns="http://where.yahooapis.com/v1/schema.rng">Merseyside</admin2><admin3 xmlns="http://where.yahooapis.com/v1/schema.rng"/><locality1 xmlns="http://where.yahooapis.com/v1/schema.rng"/><locality2 xmlns="http://where.yahooapis.com/v1/schema.rng"/><postal xmlns="http://where.yahooapis.com/v1/schema.rng"/><centroid xmlns="http://where.yahooapis.com/v1/schema.rng"><latitude>53.369308</latitude><longitude>-3.083740</longitude></centroid><boundingBox xmlns="http://where.yahooapis.com/v1/schema.rng"><southWest><latitude>53.297771</latitude><longitude>-3.204140</longitude></southWest><northEast><latitude>53.445900</latitude><longitude>-2.928370</longitude></northEast></boundingBox><areaRank xmlns="http://where.yahooapis.com/v1/schema.rng">5</areaRank><popRank xmlns="http://where.yahooapis.com/v1/schema.rng">0</popRank></enrich></wiki:place>
    </wiki:birth>
    <wiki:description>
      <wiki:abstract>
	<p xmlns="http://www.w3.org/1999/xhtml"><b>Glenda May Jackson</b>, <a class="external" href="http://en.wikipedia.org/wiki/Order_of_the_British_Empire" title="Order of the British Empire">CBE</a> (born 9 May 1936) is a <a class="external" href="http://en.wikipedia.org/wiki/British_people" title="British people">British</a> <a class="external" href="http://en.wikipedia.org/wiki/Labour_Party_(UK)" title="Labour Party (UK)">Labour Party</a> <a class="external" href="http://en.wikipedia.org/wiki/Politician" title="Politician">politician</a> and a two-time <a class="external" href="http://en.wikipedia.org/wiki/Academy_Award" title="Academy Award">Oscar</a> winning <a class="external" href="http://en.wikipedia.org/wiki/Actress" title="Actress">actress</a>. She has been a <a class="external" href="http://en.wikipedia.org/wiki/Member_of_Parliament" title="Member of Parliament">Member of Parliament</a> (MP) since <a class="external" href="http://en.wikipedia.org/wiki/United_Kingdom_general_election,_1992" title="United Kingdom general election, 1992">1992</a>, and currently represents <a class="external" href="http://en.wikipedia.org/wiki/Hampstead_and_Kilburn_(UK_Parliament_constituency)" title="Hampstead and Kilburn (UK Parliament constituency)">Hampstead and Kilburn</a>. She previously served as MP for <a class="external" href="http://en.wikipedia.org/wiki/Hampstead_and_Highgate_(UK_Parliament_constituency)" title="Hampstead and Highgate (UK Parliament constituency)">Hampstead and Highgate</a>. After constituency changes for the <a class="external" href="http://en.wikipedia.org/wiki/United_Kingdom_general_election,_2010" title="United Kingdom general election, 2010">2010 general election</a>, her majority of 42 votes was one of the closest results of the entire election.</p>
	<p xmlns="http://www.w3.org/1999/xhtml">As an actress, she won <a class="external" href="http://en.wikipedia.org/wiki/Academy_Award" title="Academy Award">Academy Awards</a> for <i><a class="external" href="http://en.wikipedia.org/wiki/Women_in_Love_(film)" title="Women in Love (film)">Women in Love</a></i> and <i><a class="external" href="http://en.wikipedia.org/wiki/A_Touch_of_Class_(film)" title="A Touch of Class (film)">A Touch of Class</a></i>, emerging as one of the greatest actresses of second half of the 20th Century.</p>
	<h2 xmlns="http://www.w3.org/1999/xhtml"> <span class="mw-headline" id="Early_life_and_education">Early life and education</span></h2>
	<p xmlns="http://www.w3.org/1999/xhtml">Jackson was born in <a class="external" href="http://en.wikipedia.org/wiki/Birkenhead" title="Birkenhead">Birkenhead</a> on <a class="external" href="http://en.wikipedia.org/wiki/Wirral_Peninsula" title="Wirral Peninsula">the Wirral</a>, <a class="external" href="http://en.wikipedia.org/wiki/Cheshire" title="Cheshire">Cheshire</a> (now <a class="external" href="http://en.wikipedia.org/wiki/Merseyside" title="Merseyside">Merseyside</a>) where her father was a <a class="external" href="http://en.wikipedia.org/wiki/Bricklayer" title="Bricklayer">bricklayer</a>. Jackson was educated at the <a class="external" href="http://en.wikipedia.org/wiki/West_Kirby_Grammar_School" title="West Kirby Grammar School">West Kirby County Grammar School for Girls</a>, then worked for two years in a <a class="external" href="http://en.wikipedia.org/wiki/Boots_the_Chemist" title="Boots the Chemist">Boots</a> chemist shop, before studying at <a class="external" href="http://en.wikipedia.org/wiki/Royal_Academy_of_Dramatic_Art" title="Royal Academy of Dramatic Art">RADA</a> in <a class="external" href="http://en.wikipedia.org/wiki/Bloomsbury" title="Bloomsbury">Bloomsbury</a>.</p>
	<h2 xmlns="http://www.w3.org/1999/xhtml"> <span class="mw-headline" id="Career_in_acting">Career in acting</span></h2>
	<p xmlns="http://www.w3.org/1999/xhtml">Having studied acting at <a class="external" href="http://en.wikipedia.org/wiki/RADA" title="RADA">RADA</a>, Jackson made her professional stage debut in <a class="external" href="http://en.wikipedia.org/wiki/Terence_Rattigan" title="Terence Rattigan">Terence Rattigan</a>'s <i><a class="external" href="http://en.wikipedia.org/wiki/Separate_Tables" title="Separate Tables">Separate Tables</a></i> in 1957, and her film debut in <i><a class="external" href="http://en.wikipedia.org/wiki/This_Sporting_Life" title="This Sporting Life">This Sporting Life</a></i> in 1963. Subsequently a member of the <a class="external" href="http://en.wikipedia.org/wiki/Royal_Shakespeare_Company" title="Royal Shakespeare Company">Royal Shakespeare Company</a> for four years, she worked for director <a class="external" href="http://en.wikipedia.org/wiki/Peter_Brook" title="Peter Brook">Peter Brook</a> in several productions, including of <a class="external" href="http://en.wikipedia.org/wiki/Peter_Weiss" title="Peter Weiss">Peter Weiss</a>' <i><a class="external" href="http://en.wikipedia.org/wiki/Marat/Sade" title="Marat/Sade">Marat/Sade</a></i> as <a class="external" href="http://en.wikipedia.org/wiki/Charlotte_Corday" title="Charlotte Corday">Charlotte Corday</a>. Jackson also appeared in the film version.</p>
	<p xmlns="http://www.w3.org/1999/xhtml">Fame came with Jackson's starring role in the controversial <i><a class="external" href="http://en.wikipedia.org/wiki/Women_in_Love_(film)" title="Women in Love (film)">Women in Love</a></i> (1969) for which she won her first <a class="external" href="http://en.wikipedia.org/wiki/Academy_Award_for_Best_Actress" title="Academy Award for Best Actress">Academy Award for Best Actress</a>, and another controversial role as Tchaikovsky's nymphomaniac wife in <a class="external" href="http://en.wikipedia.org/wiki/Ken_Russell" title="Ken Russell">Ken Russell</a>'s <i><a class="external" href="http://en.wikipedia.org/wiki/The_Music_Lovers" title="The Music Lovers">The Music Lovers</a></i> added to her image of being prepared to do almost anything for her art. She confirmed this by having her head shaved in order to play Queen <a class="external" href="http://en.wikipedia.org/wiki/Elizabeth_I_of_England" title="Elizabeth I of England">Elizabeth I of England</a> in the <a class="external" href="http://en.wikipedia.org/wiki/BBC" title="BBC">BBC</a>'s 1971 blockbuster serial, <i><a class="external" href="http://en.wikipedia.org/wiki/Elizabeth_R" title="Elizabeth R">Elizabeth R</a></i>. She received two Emmy Awards for her work in this series. She also appeared on the <i><a class="external" href="http://en.wikipedia.org/wiki/Morecambe_and_Wise" title="Morecambe and Wise">Morecambe and Wise</a></i> Show in 1971, playing <a class="external" href="http://en.wikipedia.org/wiki/Cleopatra_VII" title="Cleopatra VII">Cleopatra</a> in a comedy sketch. This led to many other appearances on the show, including the Christmas Shows of 1971 and 1972.</p>
	<p xmlns="http://www.w3.org/1999/xhtml">Filmmaker <a class="external" href="http://en.wikipedia.org/wiki/Melvin_Frank" title="Melvin Frank">Melvin Frank</a> saw her comedic potential and offered her the lead female role in his next project. She earned a second Academy Award for Best Actress for <i><a class="external" href="http://en.wikipedia.org/wiki/A_Touch_of_Class_(film)" title="A Touch of Class (film)">A Touch of Class</a></i> (1973). <a class="external" href="http://en.wikipedia.org/wiki/Eric_and_Ernie" title="Eric and Ernie">Eric and Ernie</a> apparently sent her a telegram saying: 'Stick with us kid, and we'll get you a third!'. She also portrayed Queen Elizabeth in the film <a class="external" href="http://en.wikipedia.org/wiki/Mary,_Queen_of_Scots_(film)" title="Mary, Queen of Scots (film)">Mary, Queen of Scots</a> about the life of <a class="external" href="http://en.wikipedia.org/wiki/Mary,_Queen_of_Scots" title="Mary, Queen of Scots">Mary, Queen of Scots</a>. She has been recognized as one of Britain's leading actresses. In 1978, she was made a <a class="external" href="http://en.wikipedia.org/wiki/Order_of_the_British_Empire" title="Order of the British Empire">Commander of the Order of the British Empire</a>.</p>
	<p xmlns="http://www.w3.org/1999/xhtml">The Glenda Jackson Theatre, on the Borough Road campus of <a class="external" href="http://en.wikipedia.org/wiki/Wirral_Metropolitan_College" title="Wirral Metropolitan College">Wirral Metropolitan College</a>, Birkenhead, was named after her in 1983. It closed in 2003, and was demolished by <a class="external" href="http://en.wikipedia.org/wiki/Wirral_Council" title="Wirral Council">Wirral Council</a>, to make way for a new housing estate, in 2004.</p>
	<h2 xmlns="http://www.w3.org/1999/xhtml"> <span class="mw-headline" id="Career_in_politics">Career in politics</span></h2>
	<p xmlns="http://www.w3.org/1999/xhtml">Jackson retired from acting in order to enter the <a class="external" href="http://en.wikipedia.org/wiki/House_of_Commons_of_the_United_Kingdom" title="House of Commons of the United Kingdom">House of Commons</a> in the <a class="external" href="http://en.wikipedia.org/wiki/United_Kingdom_general_election,_1992" title="United Kingdom general election, 1992">1992 general election</a> as the Labour MP for <a class="external" href="http://en.wikipedia.org/wiki/Hampstead_and_Highgate_(UK_Parliament_constituency)" title="Hampstead and Highgate (UK Parliament constituency)">Hampstead and Highgate</a>. After the <a class="external" href="http://en.wikipedia.org/wiki/United_Kingdom_general_election,_1997" title="United Kingdom general election, 1997">1997 general election</a>, she was appointed a junior minister in the <a class="external" href="http://en.wikipedia.org/wiki/Her_Majesty%27s_Government" title="Her Majesty's Government">government</a> of <a class="external" href="http://en.wikipedia.org/wiki/Prime_Minister_of_the_United_Kingdom" title="Prime Minister of the United Kingdom">Prime Minister</a> <a class="external" href="http://en.wikipedia.org/wiki/Tony_Blair" title="Tony Blair">Tony Blair</a>, with responsibility for <a class="external" href="http://en.wikipedia.org/wiki/London_Regional_Transport" title="London Regional Transport">London Transport</a>, a post she resigned before an attempt to be nominated as the <a class="external" href="http://en.wikipedia.org/wiki/Labour_Party_(UK)" title="Labour Party (UK)">Labour Party</a> candidate for the election of the first <a class="external" href="http://en.wikipedia.org/wiki/Mayor_of_London" title="Mayor of London">Mayor of London</a> in 2000. The nomination was eventually won by <a class="external" href="http://en.wikipedia.org/wiki/Frank_Dobson" title="Frank Dobson">Frank Dobson</a>, who lost the election to <a class="external" href="http://en.wikipedia.org/wiki/Ken_Livingstone" title="Ken Livingstone">Ken Livingstone</a>, the independent candidate. In the <a class="external" href="http://en.wikipedia.org/wiki/United_Kingdom_general_election,_2005" title="United Kingdom general election, 2005">2005 general election</a>, she received 14,615 votes, representing 38.29% of the votes cast in the <a class="external" href="http://en.wikipedia.org/wiki/Constituency" title="Constituency">constituency</a>.</p>
	<p xmlns="http://www.w3.org/1999/xhtml">As a high profile backbencher she became a regular critic of Blair over his plans to introduce <a class="external" href="http://en.wikipedia.org/wiki/Top-up_fees" title="Top-up fees">top-up fees</a> in England. She also called for him to resign following the Judicial Enquiry by <a class="external" href="http://en.wikipedia.org/wiki/Lord_Hutton" title="Lord Hutton">Lord Hutton</a> in 2003 surrounding the reasons for going to war in <a class="external" href="http://en.wikipedia.org/wiki/Iraq" title="Iraq">Iraq</a> and the death of government adviser <a class="external" href="http://en.wikipedia.org/wiki/Dr._David_Kelly" title="Dr. David Kelly">Dr. David Kelly</a>. Jackson was generally considered to be a traditional left-winger, often disagreeing with the dominant <a class="external" href="http://en.wikipedia.org/wiki/Blairite" title="Blairite">Blairite</a> governing <a class="external" href="http://en.wikipedia.org/wiki/Third_Way" title="Third Way">Third Way</a> faction in the <a class="external" href="http://en.wikipedia.org/wiki/Labour_Party_(UK)" title="Labour Party (UK)">Labour Party</a>.</p>
	<p xmlns="http://www.w3.org/1999/xhtml">By October 2005, her problems with Blair's leadership swelled to a point where she threatened to challenge the Prime Minister as a <a class="external" href="http://en.wikipedia.org/wiki/Stalking_horse" title="Stalking horse">stalking horse</a> candidate in a leadership contest if he did not stand down within a reasonable amount of time. On 31 October 2006, Jackson was one of 12 Labour MPs to back <a class="external" href="http://en.wikipedia.org/wiki/Plaid_Cymru" title="Plaid Cymru">Plaid Cymru</a> and the <a class="external" href="http://en.wikipedia.org/wiki/Scottish_National_Party" title="Scottish National Party">Scottish National Party</a>'s call for an inquiry into the <a class="external" href="http://en.wikipedia.org/wiki/Iraq_War" title="Iraq War">Iraq War</a>.</p>
      </wiki:abstract>
      <h2 xmlns="http://www.w3.org/1999/xhtml"> <span class="mw-headline" id="Filmography">Filmography</span></h2>
      <h2 xmlns="http://www.w3.org/1999/xhtml"> <span class="mw-headline" id="References">References</span></h2>
      <h2 xmlns="http://www.w3.org/1999/xhtml"> <span class="mw-headline" id="External_links">External links</span></h2>
      <ul xmlns="http://www.w3.org/1999/xhtml">
	<li><a href="http://www.glenda-jackson.co.uk" rel="nofollow">Glenda Jackson MP</a> <i>official constituency website</i></li>
	<li><a href="http://www.camdenlabour.org.uk" rel="nofollow">Camden Labour Party</a></li>
	<li><a href="http://hansard.millbanksystems.com/people/ms-glenda-jackson" rel="nofollow">Contributions in Parliament</a> at <i><a class="external" href="http://en.wikipedia.org/wiki/Hansard" title="Hansard">Hansard</a> 1803â€“2005</i></li>
	<li><a href="http://www.guardian.co.uk/politics/person/2669/glenda-jackson" rel="nofollow">Electoral history and profile</a> at <i><a class="external" href="http://en.wikipedia.org/wiki/The_Guardian" title="The Guardian">The Guardian</a></i></li>
	<li><a href="http://www.publicwhip.org.uk/mp.php?mpn=Glenda_Jackson" rel="nofollow">Voting record</a> at PublicWhip.org</li>
	<li><a href="http://www.theyworkforyou.com/mp/glenda_jackson" rel="nofollow">Record in Parliament</a> at TheyWorkForYou.com</li>
	<li><a href="http://www.parliamentaryrecord.com/content/profiles/mp/Glenda-Jackson/Hampstead-and-Kilburn/227" rel="nofollow">Profile</a> at Westminster Parliamentary Record</li>
	<li><a href="http://news.bbc.co.uk/democracylive/hi/representatives/profiles/25521.stm" rel="nofollow">Profile</a> at <i><a class="external" href="http://en.wikipedia.org/wiki/BBC_News" title="BBC News">BBC News</a></i> Democracy Live</li>
	<li><a href="http://journalisted.com/glenda-jackson" rel="nofollow">Articles authored</a> at Journalisted</li>
	<li><a href="http://www.imdb.com/name/nm0413559/" rel="nofollow">Glenda Jackson</a> at the <a class="external" href="http://en.wikipedia.org/wiki/Internet_Movie_Database" title="Internet Movie Database">Internet Movie Database</a></li>
	<li><a href="http://www.ibdb.com/person.asp?ID=46712" rel="nofollow">Glenda Jackson</a> at the <a class="external" href="http://en.wikipedia.org/wiki/Internet_Broadway_Database" title="Internet Broadway Database">Internet Broadway Database</a></li>
	<li><a href="http://www.screenonline.org.uk/people/id/453072/" rel="nofollow">Glenda Jackson</a> at the <a class="external" href="http://en.wikipedia.org/wiki/British_Film_Institute" title="British Film Institute">British Film Institute</a>'s <a class="external" href="http://en.wikipedia.org/wiki/Screenonline" title="Screenonline">Screenonline</a></li>
      </ul>
    </wiki:description>
  </wiki:person>
  <wiki:film-title link="/wiki/Hedda_(film)">Hedda</wiki:film-title>
  <wiki:film link="/wiki/Hedda_(film)" title="Hedda">
    <wiki:oscar-ref year="1975" span="1" winner="false" award="lead-actress" person-link="/wiki/Glenda_Jackson" person-name="Glenda Jackson"/>
    <wiki:producer link="/w/index.php?title=Robert_Enders&amp;action=edit&amp;redlink=1">Robert Enders</wiki:producer>
    <wiki:director link="/wiki/Trevor_Nunn">Trevor Nunn</wiki:director>
    <wiki:writer link="/wiki/Henrik_Ibsen">Henrik Ibsen</wiki:writer>
    <wiki:starring link="/wiki/Peter_Eyre">Peter Eyre</wiki:starring>
    <wiki:starring link="/wiki/Glenda_Jackson">Glenda Jackson</wiki:starring>
    <wiki:starring link="/wiki/Patrick_Stewart">Patrick Stewart</wiki:starring>
    <wiki:description>
      <wiki:abstract>
	<p xmlns="http://www.w3.org/1999/xhtml"><i><b>Hedda</b></i> is a 1975 film adaptation of <a class="external" href="http://en.wikipedia.org/wiki/Henrik_Ibsen" title="Henrik Ibsen">Henrik Ibsen</a>'s <i><a class="external" href="http://en.wikipedia.org/wiki/Hedda_Gabler" title="Hedda Gabler">Hedda Gabler</a></i>. It stars <a class="external" href="http://en.wikipedia.org/wiki/Peter_Eyre" title="Peter Eyre">Peter Eyre</a>, <a class="external" href="http://en.wikipedia.org/wiki/Glenda_Jackson" title="Glenda Jackson">Glenda Jackson</a> and <a class="external" href="http://en.wikipedia.org/wiki/Patrick_Stewart" title="Patrick Stewart">Patrick Stewart</a> and was directed by <a class="external" href="http://en.wikipedia.org/wiki/Trevor_Nunn" title="Trevor Nunn">Trevor Nunn</a>.</p>
	<p xmlns="http://www.w3.org/1999/xhtml">This was the first (and so far the only) major <a class="external" href="http://en.wikipedia.org/wiki/Theatrical_film" title="Theatrical film">theatrical film</a> version of the play in English. Previous productions of the play in English with <a class="external" href="http://en.wikipedia.org/wiki/Sound_film" title="Sound film">sound</a> had all been made for television.</p>
	<p xmlns="http://www.w3.org/1999/xhtml">It was nominated for the <a class="external" href="http://en.wikipedia.org/wiki/Academy_Award_for_Best_Actress" title="Academy Award for Best Actress">Academy Award for Best Actress</a> (Glenda Jackson). The film was also screened at the <a class="external" href="http://en.wikipedia.org/wiki/1976_Cannes_Film_Festival" title="1976 Cannes Film Festival">1976 Cannes Film Festival</a>, but wasn't entered into the main competition.</p>
	<h2 xmlns="http://www.w3.org/1999/xhtml"> <span class="mw-headline" id="Cast">Cast</span></h2>
	<ul xmlns="http://www.w3.org/1999/xhtml">
	  <li><a class="external" href="http://en.wikipedia.org/wiki/Glenda_Jackson" title="Glenda Jackson">Glenda Jackson</a> - Hedda Gabler</li>
	  <li><a class="external" href="http://en.wikipedia.org/wiki/Peter_Eyre" title="Peter Eyre">Peter Eyre</a> - JÃ¸rgen Tesman</li>
	  <li><a class="external" href="http://en.wikipedia.org/wiki/Timothy_West" title="Timothy West">Timothy West</a> - Judge Brack</li>
	  <li><a class="external" href="http://en.wikipedia.org/wiki/Jennie_Linden" title="Jennie Linden">Jennie Linden</a> - Thea Elvsted</li>
	  <li><a class="external" href="http://en.wikipedia.org/wiki/Patrick_Stewart" title="Patrick Stewart">Patrick Stewart</a> - Ejlert LÃ¸vborg</li>
	  <li><a class="external" href="http://en.wikipedia.org/wiki/Constance_Chapman" title="Constance Chapman">Constance Chapman</a> - Juliane Tesman (Aunt Julie)</li>
	  <li><a class="external" href="http://en.wikipedia.org/wiki/Pam_St._Clement" title="Pam St. Clement">Pam St. Clement</a> - Berthe</li>
	</ul>
	<h2 xmlns="http://www.w3.org/1999/xhtml"> <span class="mw-headline" id="References">References</span></h2>
	<h2 xmlns="http://www.w3.org/1999/xhtml"> <span class="mw-headline" id="External_links">External links</span></h2>
	<ul xmlns="http://www.w3.org/1999/xhtml">
	  <li><a href="http://www.imdb.com/title/tt0073098/" rel="nofollow"><i>Hedda</i></a> at the <a class="external" href="http://en.wikipedia.org/wiki/Internet_Movie_Database" title="Internet Movie Database">Internet Movie Database</a></li>
	</ul>
      </wiki:abstract>
    </wiki:description>
  </wiki:film>
</wiki:nominee>