<?xml version="1.0" encoding="UTF-8"?>
<wiki:nominee year="1941" span="1" winner="false" award="lead-actor" xmlns:wiki="http://marklogic.com/wikipedia">
  <!--
                            Copyright (c) 2010 MarkLogic Corporation.
                            Permission is granted to copy, distribute and/or modify this document
                            under the terms of the GNU Free Documentation License, Version 1.2
                            or any later version published by the Free Software Foundation;
                            with no Invariant Sections, no Front-Cover Texts, and no Back-Cover Texts.
                            A copy of the license is included in the section entitled "GNU
                            Free Documentation License"
                            
                            Content derived from http://en.wikipedia.org/wiki/The_Devil_and_Daniel_Webster and http://en.wikipedia.org/wiki/Walter_Huston
                            Modified in May 2009 by Mark Logic Corporation under the terms of the GNU Free Documentation License.
                        -->
  <wiki:name link="/wiki/Walter_Huston">Walter Huston</wiki:name>
  <wiki:person link="/wiki/Walter_Huston" name="Walter Huston">
    <wiki:oscar year="1936" span="1" winner="false" award="lead-actor" film-link="/wiki/Dodsworth_(film)" film-title="Dodsworth"/>
    <wiki:oscar year="1941" span="1" winner="false" award="lead-actor" film-link="/wiki/The_Devil_and_Daniel_Webster" film-title="The Devil and Daniel Webster"/>
    <wiki:oscar year="1942" span="1" winner="false" award="supporting-actor" film-link="/wiki/Yankee_Doodle_Dandy" film-title="Yankee Doodle Dandy"/>
    <wiki:oscar year="1948" span="1" winner="true" award="supporting-actor" film-link="/wiki/The_Treasure_of_the_Sierra_Madre_(film)" film-title="The Treasure of the Sierra&#10;        Madre"/>
    <wiki:image link="http://upload.wikimedia.org/wikipedia/commons/thumb/5/5f/Walter_Huston_in_The_Treasure_of_the_Sierra_Madre_trailer.jpg/250px-Walter_Huston_in_The_Treasure_of_the_Sierra_Madre_trailer.jpg"/>
    <wiki:birth>
      <wiki:date>1884-04-06</wiki:date>
      <wiki:place>
	<wiki:primary link="/wiki/Toronto,_Ontario">Toronto, Ontario</wiki:primary>
	<wiki:secondary link=""/>
      <enrich><woeid xmlns="http://where.yahooapis.com/v1/schema.rng">29375205</woeid><placeTypeName code="9" xmlns="http://where.yahooapis.com/v1/schema.rng">County</placeTypeName><name xmlns="http://where.yahooapis.com/v1/schema.rng">Toronto</name><country code="CA" type="Country" xmlns="http://where.yahooapis.com/v1/schema.rng">Canada</country><admin1 code="CA-ON" type="Province" xmlns="http://where.yahooapis.com/v1/schema.rng">Ontario</admin1><admin2 code="" type="County" xmlns="http://where.yahooapis.com/v1/schema.rng">Toronto</admin2><admin3 xmlns="http://where.yahooapis.com/v1/schema.rng"/><locality1 xmlns="http://where.yahooapis.com/v1/schema.rng"/><locality2 xmlns="http://where.yahooapis.com/v1/schema.rng"/><postal xmlns="http://where.yahooapis.com/v1/schema.rng"/><centroid xmlns="http://where.yahooapis.com/v1/schema.rng"><latitude>43.720081</latitude><longitude>-79.377457</longitude></centroid><boundingBox xmlns="http://where.yahooapis.com/v1/schema.rng"><southWest><latitude>43.584740</latitude><longitude>-79.639297</longitude></southWest><northEast><latitude>43.855419</latitude><longitude>-79.115623</longitude></northEast></boundingBox><areaRank xmlns="http://where.yahooapis.com/v1/schema.rng">6</areaRank><popRank xmlns="http://where.yahooapis.com/v1/schema.rng">0</popRank></enrich></wiki:place>
    </wiki:birth>
    <wiki:death>
      <wiki:date>April 7, 1950</wiki:date>
      <wiki:place>
	<wiki:primary link="/wiki/Hollywood,_California">Hollywood, California</wiki:primary>
	<wiki:secondary link=""/>
      </wiki:place>
    </wiki:death>
    <wiki:description>
      <p xmlns="http://www.w3.org/1999/xhtml"><b>Walter Huston</b> (pronounced <span title="Pronunciation in the International Phonetic Alphabet (IPA)" class="IPA"><a class="external" href="http://en.wikipedia.org/wiki/Wikipedia:IPA_for_English" title="Wikipedia:IPA for English">/ËˆwÉ”Ë&#144;ltÉ™r ËˆhjuË&#144;stÉ™n/</a></span>; April 6, 1884 â€“ April 7, 1950) was a <a class="external" href="http://en.wikipedia.org/wiki/Canada" title="Canada">Canadian</a>-born American actor. He was the father of actor and director <a class="external" href="http://en.wikipedia.org/wiki/John_Huston" title="John Huston">John Huston</a> and the grandfather of actress <a class="external" href="http://en.wikipedia.org/wiki/Anjelica_Huston" title="Anjelica Huston">Anjelica Huston</a> and actor <a class="external" href="http://en.wikipedia.org/wiki/Danny_Huston" title="Danny Huston">Danny Huston</a>.</p>
      <p xmlns="http://www.w3.org/1999/xhtml">Born <b>Walter Houghston</b> in <a class="external" href="http://en.wikipedia.org/wiki/Toronto" title="Toronto">Toronto</a>, <a class="external" href="http://en.wikipedia.org/wiki/Ontario" title="Ontario">Ontario</a> to an <a class="external" href="http://en.wikipedia.org/wiki/Ulster_Scots_people" title="Ulster Scots people">Ulster-Scottish</a> father and a <a class="external" href="http://en.wikipedia.org/wiki/Scottish_Canadian" title="Scottish Canadian">Scottish Canadian</a> mother, he began his <a class="external" href="http://en.wikipedia.org/wiki/Broadway_theatre" title="Broadway theatre">Broadway</a> career in 1924. Once talkies began in <a class="external" href="http://en.wikipedia.org/wiki/Hollywood" title="Hollywood">Hollywood</a>, he achieved fame in character roles. His first major role was in 1929's <i><a class="external" href="http://en.wikipedia.org/wiki/The_Virginian_(1929_film)" title="The Virginian (1929 film)">The Virginian</a></i> with <a class="external" href="http://en.wikipedia.org/wiki/Gary_Cooper" title="Gary Cooper">Gary Cooper</a>. He appeared in the Broadway <a class="external" href="http://en.wikipedia.org/wiki/Dodsworth_(play)" title="Dodsworth (play)">theatrical adaptation</a> of <a class="external" href="http://en.wikipedia.org/wiki/Sinclair_Lewis" title="Sinclair Lewis">Sinclair Lewis</a>' novel <i><a class="external" href="http://en.wikipedia.org/wiki/Dodsworth" title="Dodsworth">Dodsworth</a></i> in 1934 and the play's <a class="external" href="http://en.wikipedia.org/wiki/Dodsworth_(film)" title="Dodsworth (film)">film version</a> two years later.</p>
      <p xmlns="http://www.w3.org/1999/xhtml">Huston stayed busy throughout the 1930s and 1940s, both on stage and screen (becoming one of America's most distinguished actors); he performed "<a class="external" href="http://en.wikipedia.org/wiki/September_Song" title="September Song">September Song</a>" in the original Broadway production of <i><a class="external" href="http://en.wikipedia.org/wiki/Knickerbocker_Holiday" title="Knickerbocker Holiday">Knickerbocker Holiday</a></i> in 1938. Among his films are <i><a class="external" href="http://en.wikipedia.org/wiki/Rain_(1932_film)" title="Rain (1932 film)">Rain</a></i> (1932), <i><a class="external" href="http://en.wikipedia.org/wiki/The_Devil_and_Daniel_Webster_(1941_film)" title="The Devil and Daniel Webster (1941 film)">The Devil and Daniel Webster</a></i> (1941) and <i><a class="external" href="http://en.wikipedia.org/wiki/Mission_to_Moscow" title="Mission to Moscow">Mission to Moscow</a></i> (1943), a pro-<a class="external" href="http://en.wikipedia.org/wiki/Soviet_Union" title="Soviet Union">Soviet</a> World War II <a class="external" href="http://en.wikipedia.org/wiki/Propaganda" title="Propaganda">propaganda</a> film as Ambassador Joseph E. Davies. He won the <a class="external" href="http://en.wikipedia.org/wiki/Academy_Award_for_Best_Supporting_Actor" title="Academy Award for Best Supporting Actor">Academy Award for Best Supporting Actor</a> in 1948 for his role in <i><a class="external" href="http://en.wikipedia.org/wiki/The_Treasure_of_the_Sierra_Madre_(film)" title="The Treasure of the Sierra Madre (film)">The Treasure of the Sierra Madre</a></i>, which was directed by his son, <a class="external" href="http://en.wikipedia.org/wiki/John_Huston" title="John Huston">John Huston</a>. His last film was <i><a class="external" href="http://en.wikipedia.org/wiki/The_Furies_(film)" title="The Furies (film)">The Furies</a></i> in 1950 with <a class="external" href="http://en.wikipedia.org/wiki/Barbara_Stanwyck" title="Barbara Stanwyck">Barbara Stanwyck</a>.</p>
      <p xmlns="http://www.w3.org/1999/xhtml">Along with Anthony Veiller, he narrated the <i><a class="external" href="http://en.wikipedia.org/wiki/Why_We_Fight" title="Why We Fight">Why We Fight</a></i> series of <a class="external" href="http://en.wikipedia.org/wiki/World_War_II" title="World War II">World War II</a> documentaries directed by <a class="external" href="http://en.wikipedia.org/wiki/Frank_Capra" title="Frank Capra">Frank Capra</a>.</p>
      <p xmlns="http://www.w3.org/1999/xhtml">He died in Hollywood from an <a class="external" href="http://en.wikipedia.org/wiki/Aortic_aneurysm" title="Aortic aneurysm">aortic aneurysm</a>, one day after his 66th birthday.</p>
      <p xmlns="http://www.w3.org/1999/xhtml">Walter Huston has a star on the <a class="external" href="http://en.wikipedia.org/wiki/Hollywood_Walk_of_Fame" title="Hollywood Walk of Fame">Hollywood Walk of Fame</a> at 6626 Hollywood Blvd.</p>
      <h2 xmlns="http://www.w3.org/1999/xhtml"> <span class="mw-headline" id="Partial_filmography_.28with_co-stars.29">Partial filmography (with co-stars)</span></h2>
      <ul xmlns="http://www.w3.org/1999/xhtml">
	<li><i><a class="external" href="http://en.wikipedia.org/wiki/The_Lady_Lies_(film)" title="The Lady Lies (film)">The Lady Lies</a></i> (1929) with <a class="external" href="http://en.wikipedia.org/wiki/Claudette_Colbert" title="Claudette Colbert">Claudette Colbert</a></li>
	<li><i><a class="external" href="http://en.wikipedia.org/wiki/The_Virginian_(1929_film)" title="The Virginian (1929 film)">The Virginian</a></i> (1929) with <a class="external" href="http://en.wikipedia.org/wiki/Gary_Cooper" title="Gary Cooper">Gary Cooper</a></li>
	<li><i><a class="external" href="http://en.wikipedia.org/wiki/The_Virtuous_Sin" title="The Virtuous Sin">The Virtuous Sin</a></i> (1930) with <a class="external" href="http://en.wikipedia.org/wiki/Kay_Francis" title="Kay Francis">Kay Francis</a></li>
	<li><i><a class="external" href="http://en.wikipedia.org/wiki/The_Bad_Man_(1930_film)" title="The Bad Man (1930 film)">The Bad Man</a></i> (1930)</li>
	<li><i><a class="external" href="http://en.wikipedia.org/wiki/The_Beast_of_the_City" title="The Beast of the City">The Beast of the City</a></i> (1932) with <a class="external" href="http://en.wikipedia.org/wiki/Jean_Harlow" title="Jean Harlow">Jean Harlow</a> and <a class="external" href="http://en.wikipedia.org/wiki/Jean_Hersholt" title="Jean Hersholt">Jean Hersholt</a></li>
	<li><i><a class="external" href="http://en.wikipedia.org/wiki/American_Madness" title="American Madness">American Madness</a></i> (1932) with <a class="external" href="http://en.wikipedia.org/wiki/Pat_O%27Brien_(actor)" title="Pat O'Brien (actor)">Pat O'Brien</a></li>
	<li><i><a class="external" href="http://en.wikipedia.org/wiki/Rain_(1932_film)" title="Rain (1932 film)">Rain</a></i> (1932) with <a class="external" href="http://en.wikipedia.org/wiki/Joan_Crawford" title="Joan Crawford">Joan Crawford</a></li>
	<li><i><a class="external" href="http://en.wikipedia.org/wiki/Gabriel_Over_the_White_House" title="Gabriel Over the White House">Gabriel Over the White House</a></i> (1933) with <a class="external" href="http://en.wikipedia.org/wiki/Franchot_Tone" title="Franchot Tone">Franchot Tone</a></li>
	<li><i><a class="external" href="http://en.wikipedia.org/wiki/The_Tunnel_(1935_film)" title="The Tunnel (1935 film)">The Tunnel</a></i> (1935)</li>
	<li><i><a class="external" href="http://en.wikipedia.org/wiki/Dodsworth_(film)" title="Dodsworth (film)">Dodsworth</a></i> (1936) with <a class="external" href="http://en.wikipedia.org/wiki/Ruth_Chatterton" title="Ruth Chatterton">Ruth Chatterton</a>, <a class="external" href="http://en.wikipedia.org/wiki/Mary_Astor" title="Mary Astor">Mary Astor</a>, and <a class="external" href="http://en.wikipedia.org/wiki/David_Niven" title="David Niven">David Niven</a></li>
	<li><i><a class="external" href="http://en.wikipedia.org/wiki/Rhodes_of_Africa" title="Rhodes of Africa">Rhodes of Africa</a></i> (1936)</li>
	<li><i><a class="external" href="http://en.wikipedia.org/wiki/The_Devil_and_Daniel_Webster_(1941_film)" title="The Devil and Daniel Webster (1941 film)">The Devil and Daniel Webster</a></i> (1941) with <a class="external" href="http://en.wikipedia.org/wiki/James_Craig_(actor)" title="James Craig (actor)">James Craig</a>, <a class="external" href="http://en.wikipedia.org/wiki/Edward_Arnold_(actor)" title="Edward Arnold (actor)">Edward Arnold</a>, and <a class="external" href="http://en.wikipedia.org/wiki/Anne_Shirley" title="Anne Shirley">Anne Shirley</a></li>
	<li><i><a class="external" href="http://en.wikipedia.org/wiki/Swamp_Water" title="Swamp Water">Swamp Water</a></i> (1941) with <a class="external" href="http://en.wikipedia.org/wiki/Walter_Brennan" title="Walter Brennan">Walter Brennan</a> and <a class="external" href="http://en.wikipedia.org/wiki/Anne_Baxter" title="Anne Baxter">Anne Baxter</a></li>
	<li><i><a class="external" href="http://en.wikipedia.org/wiki/The_Maltese_Falcon" title="The Maltese Falcon">The Maltese Falcon</a></i> (1941) with <a class="external" href="http://en.wikipedia.org/wiki/Humphrey_Bogart" title="Humphrey Bogart">Humphrey Bogart</a>, <a class="external" href="http://en.wikipedia.org/wiki/Peter_Lorre" title="Peter Lorre">Peter Lorre</a> and <a class="external" href="http://en.wikipedia.org/wiki/Sydney_Greenstreet" title="Sydney Greenstreet">Sydney Greenstreet</a></li>
	<li><i><a class="external" href="http://en.wikipedia.org/wiki/The_Shanghai_Gesture" title="The Shanghai Gesture">The Shanghai Gesture</a></i> (1942) with <a class="external" href="http://en.wikipedia.org/wiki/Gene_Tierney" title="Gene Tierney">Gene Tierney</a></li>
	<li><i><a class="external" href="http://en.wikipedia.org/wiki/Yankee_Doodle_Dandy" title="Yankee Doodle Dandy">Yankee Doodle Dandy</a></i> (1942) with <a class="external" href="http://en.wikipedia.org/wiki/James_Cagney" title="James Cagney">James Cagney</a></li>
	<li><i><a class="external" href="http://en.wikipedia.org/wiki/The_Outlaw" title="The Outlaw">The Outlaw</a></i> (1943) with <a class="external" href="http://en.wikipedia.org/wiki/Thomas_Mitchell_(actor)" title="Thomas Mitchell (actor)">Thomas Mitchell</a> and <a class="external" href="http://en.wikipedia.org/wiki/Jane_Russell" title="Jane Russell">Jane Russell</a></li>
	<li><i><a class="external" href="http://en.wikipedia.org/wiki/Edge_of_Darkness_(1943_film)" title="Edge of Darkness (1943 film)">Edge of Darkness</a></i> (1943) with <a class="external" href="http://en.wikipedia.org/wiki/Errol_Flynn" title="Errol Flynn">Errol Flynn</a> and <a class="external" href="http://en.wikipedia.org/wiki/Ann_Sheridan" title="Ann Sheridan">Ann Sheridan</a></li>
	<li><i><a class="external" href="http://en.wikipedia.org/wiki/Mission_to_Moscow" title="Mission to Moscow">Mission to Moscow</a></i> (1943)</li>
	<li><i><a class="external" href="http://en.wikipedia.org/wiki/And_Then_There_Were_None_(1945_film)" title="And Then There Were None (1945 film)">And Then There Were None</a></i> (1945)</li>
	<li><i><a class="external" href="http://en.wikipedia.org/wiki/Dragonwyck_(film)" title="Dragonwyck (film)">Dragonwyck</a></i> (1946) with <a class="external" href="http://en.wikipedia.org/wiki/Gene_Tierney" title="Gene Tierney">Gene Tierney</a> and <a class="external" href="http://en.wikipedia.org/wiki/Vincent_Price" title="Vincent Price">Vincent Price</a></li>
	<li><i><a class="external" href="http://en.wikipedia.org/wiki/Duel_in_the_Sun_(film)" title="Duel in the Sun (film)">Duel in the Sun</a></i> (1946) with <a class="external" href="http://en.wikipedia.org/wiki/Joseph_Cotten" title="Joseph Cotten">Joseph Cotten</a>, <a class="external" href="http://en.wikipedia.org/wiki/Gregory_Peck" title="Gregory Peck">Gregory Peck</a>, and <a class="external" href="http://en.wikipedia.org/wiki/Jennifer_Jones" title="Jennifer Jones">Jennifer Jones</a></li>
	<li><i><a class="external" href="http://en.wikipedia.org/wiki/The_Treasure_of_the_Sierra_Madre_(film)" title="The Treasure of the Sierra Madre (film)">The Treasure of the Sierra Madre</a></i> (1948) with <a class="external" href="http://en.wikipedia.org/wiki/Humphrey_Bogart" title="Humphrey Bogart">Humphrey Bogart</a> and <a class="external" href="http://en.wikipedia.org/wiki/Tim_Holt" title="Tim Holt">Tim Holt</a></li>
	<li><i><a class="external" href="http://en.wikipedia.org/wiki/The_Furies_(film)" title="The Furies (film)">The Furies</a></i> (1950) with <a class="external" href="http://en.wikipedia.org/wiki/Wendell_Corey" title="Wendell Corey">Wendell Corey</a> and <a class="external" href="http://en.wikipedia.org/wiki/Barbara_Stanwyck" title="Barbara Stanwyck">Barbara Stanwyck</a></li>
      </ul>
      <h2 xmlns="http://www.w3.org/1999/xhtml"> <span class="mw-headline" id="Academy_Awards_and_nominations">Academy Awards and nominations</span></h2>
      <ul xmlns="http://www.w3.org/1999/xhtml">
	<li>1937 - Nominated <a class="external" href="http://en.wikipedia.org/wiki/Academy_Award_for_Best_Actor" title="Academy Award for Best Actor">Best Actor in a Leading Role</a> - <i><a class="external" href="http://en.wikipedia.org/wiki/Dodsworth_(film)" title="Dodsworth (film)">Dodsworth</a></i></li>
	<li>1942 - Nominated Best Actor in a Leading Role - <i><a class="external" href="http://en.wikipedia.org/wiki/The_Devil_and_Daniel_Webster" title="The Devil and Daniel Webster">The Devil and Daniel Webster</a></i></li>
	<li>1943 - Nominated <a class="external" href="http://en.wikipedia.org/wiki/Academy_Award_for_Best_Supporting_Actor" title="Academy Award for Best Supporting Actor">Best Actor in a Supporting Role</a> - <i><a class="external" href="http://en.wikipedia.org/wiki/Yankee_Doodle_Dandy" title="Yankee Doodle Dandy">Yankee Doodle Dandy</a></i></li>
	<li>1949 - Won Best Actor in a Supporting Role - <i><a class="external" href="http://en.wikipedia.org/wiki/The_Treasure_of_the_Sierra_Madre_(film)" title="The Treasure of the Sierra Madre (film)">The Treasure of the Sierra Madre</a></i></li>
      </ul>
      <h2 xmlns="http://www.w3.org/1999/xhtml"> <span class="mw-headline" id="In_popular_culture">In popular culture</span></h2>
      <ul xmlns="http://www.w3.org/1999/xhtml">
	<li>Huston was mentioned in the 1994 <a class="external" href="http://en.wikipedia.org/wiki/Western_(genre)" title="Western (genre)">western</a>-<a class="external" href="http://en.wikipedia.org/wiki/Comedy" title="Comedy">comedy</a> <i><a class="external" href="http://en.wikipedia.org/wiki/City_Slickers_II:_The_Legend_of_Curly%27s_Gold" title="City Slickers II: The Legend of Curly's Gold">City Slickers II: The Legend of Curly's Gold</a></i> and the "Walter Huston dance" after finding the buried gold.</li>
      </ul>
      <h2 xmlns="http://www.w3.org/1999/xhtml"> <span class="mw-headline" id="See_also">See also</span></h2>
      <ul xmlns="http://www.w3.org/1999/xhtml">
	<li><a class="external" href="http://en.wikipedia.org/wiki/Canadian_pioneers_in_early_Hollywood" title="Canadian pioneers in early Hollywood">Canadian pioneers in early Hollywood</a></li>
      </ul>
      <h2 xmlns="http://www.w3.org/1999/xhtml"> <span class="mw-headline" id="References">References</span></h2>
      <ul xmlns="http://www.w3.org/1999/xhtml">
	<li><a class="external" href="http://en.wikipedia.org/wiki/John_Weld" title="John Weld">John Weld</a>. September Song. An intimate biography of Walter Huston. The Scarecrow Press, Inc., 1998.</li>
      </ul>
      <h2 xmlns="http://www.w3.org/1999/xhtml"> <span class="mw-headline" id="External_links">External links</span></h2>
      <ul xmlns="http://www.w3.org/1999/xhtml">
	<li><a href="http://www.imdb.com/name/nm0404158/" rel="nofollow">Walter Huston</a> at the <a class="external" href="http://en.wikipedia.org/wiki/Internet_Movie_Database" title="Internet Movie Database">Internet Movie Database</a></li>
	<li><a href="http://www.ibdb.com/person.asp?ID=24054" rel="nofollow">Walter Huston</a> at the <a class="external" href="http://en.wikipedia.org/wiki/Internet_Broadway_Database" title="Internet Broadway Database">Internet Broadway Database</a></li>
	<li><a href="http://www.findagrave.com/cgi-bin/fg.cgi?page=gr&amp;GRid=4537" rel="nofollow">Walter Huston</a> at <a class="external" href="http://en.wikipedia.org/wiki/Find_a_Grave" title="Find a Grave">Find a Grave</a>, with an incorrect year of birth on the plaque.</li>
      </ul>
    </wiki:description>
  </wiki:person>
  <wiki:film-title link="/wiki/The_Devil_and_Daniel_Webster">The Devil and Daniel Webster</wiki:film-title>
  <wiki:film link="/wiki/The_Devil_and_Daniel_Webster" title="The Devil and Daniel Webster">
    <wiki:oscar-ref year="1941" span="1" winner="false" award="lead-actor" person-link="/wiki/Walter_Huston" person-name="Walter Huston"/>
    <wiki:description>
      <wiki:abstract>
	<p xmlns="http://www.w3.org/1999/xhtml"><b>The Devil and Daniel Webster</b> is a short story by <a class="external" href="http://en.wikipedia.org/wiki/Stephen_Vincent_Ben%C3%A9t" title="Stephen Vincent BenÃ©t">Stephen Vincent BenÃ©t</a>. This retelling of the classic German <i><a class="external" href="http://en.wikipedia.org/wiki/Faust" title="Faust">Faust</a></i> tale is based on the short story "<a class="external" href="http://en.wikipedia.org/wiki/The_Devil_and_Tom_Walker" title="The Devil and Tom Walker">The Devil and Tom Walker</a>", written by <a class="external" href="http://en.wikipedia.org/wiki/Washington_Irving" title="Washington Irving">Washington Irving</a>. Benet's version of the story centers on a <a class="external" href="http://en.wikipedia.org/wiki/New_Hampshire" title="New Hampshire">New Hampshire</a> farmer who <a class="external" href="http://en.wikipedia.org/wiki/Faustus" title="Faustus">sells his soul to the Devil</a> and is defended by <a class="external" href="http://en.wikipedia.org/wiki/Daniel_Webster" title="Daniel Webster">Daniel Webster</a>.</p>
	<p xmlns="http://www.w3.org/1999/xhtml">The story was published in <a class="external" href="http://en.wikipedia.org/wiki/1937_in_literature" title="1937 in literature">1937</a> by <a class="external" href="http://en.wikipedia.org/wiki/Farrar_%26_Rinehart" title="Farrar &amp; Rinehart">Farrar &amp; Rinehart</a>. In <a class="external" href="http://en.wikipedia.org/wiki/1938_in_literature" title="1938 in literature">1938</a>, it appeared in <i><a class="external" href="http://en.wikipedia.org/wiki/The_Saturday_Evening_Post" title="The Saturday Evening Post">The Saturday Evening Post</a></i> and won an <a class="external" href="http://en.wikipedia.org/wiki/O._Henry_Awards" title="O. Henry Awards">O. Henry award</a> that same year. The author would adapt it in 1938 into a folk opera with music by <a class="external" href="http://en.wikipedia.org/wiki/Douglas_Stuart_Moore" title="Douglas Stuart Moore">Douglas Stuart Moore</a>, a fellow alumnus of <a class="external" href="http://en.wikipedia.org/wiki/Yale_University" title="Yale University">Yale University</a>, member <a class="external" href="http://en.wikipedia.org/wiki/Wolf%27s_Head_(secret_society)" title="Wolf's Head (secret society)">Wolf's Head Society</a>, the <a class="external" href="http://en.wikipedia.org/wiki/American_Academy_of_Arts_and_Letters" title="American Academy of Arts and Letters">American Academy of Arts and Letters</a>, and winner of a <a class="external" href="http://en.wikipedia.org/wiki/Pulitzer_Prize" title="Pulitzer Prize">Pulitzer Prize</a>. BenÃ©t also worked on the screenplay adaptation for the 1941 <a class="external" href="http://en.wikipedia.org/wiki/RKO_Pictures" title="RKO Pictures">RKO Pictures</a> <a class="external" href="http://en.wikipedia.org/wiki/The_Devil_and_Daniel_Webster_(1941_film)" title="The Devil and Daniel Webster (1941 film)">film</a>.</p>
	<h2 xmlns="http://www.w3.org/1999/xhtml"> <span class="mw-headline" id="Plot_summary">Plot summary</span></h2>
	<p xmlns="http://www.w3.org/1999/xhtml">The story is set in New Hampshire during the <a class="external" href="http://en.wikipedia.org/wiki/Antebellum_era" title="Antebellum era">Antebellum era</a>, some years after the <a class="external" href="http://en.wikipedia.org/wiki/Missouri_Compromise" title="Missouri Compromise">Missouri Compromise</a> of 1820, but before the <a class="external" href="http://en.wikipedia.org/wiki/Compromise_of_1850" title="Compromise of 1850">Compromise of 1850</a>.</p>
	<p xmlns="http://www.w3.org/1999/xhtml">A local farmer, <a class="external" href="http://en.wikipedia.org/wiki/Jabez" title="Jabez">Jabez Stone</a>, is plagued with unending bad luck, causing him to finally swear that "it's enough to make a man want to sell his soul to the devil!" Stone is visited the next day by <a class="external" href="http://en.wikipedia.org/wiki/Satan" title="Satan">a stranger</a>, who later identifies himself as "<a class="external" href="http://en.wikipedia.org/wiki/Old_Scratch" title="Old Scratch">Mr. Scratch</a>" and makes such an offer (in exchange for seven years of prosperity), to which Stone agrees.</p>
      </wiki:abstract>
      <p xmlns="http://www.w3.org/1999/xhtml">In desperation Daniel thunders, "Mr. Stone is an American citizen, and no American citizen may be forced into the service of a foreign prince. We <a class="external" href="http://en.wikipedia.org/wiki/War_of_1812" title="War of 1812">fought England for that in '12</a> and we'll fight all hell for it again!" To this Mr. Scratch insists on his citizenship citing his presence at the worst events of America, concluding that "though I don't like to boast of it, my name is older in this country than yours."</p>
      <ul xmlns="http://www.w3.org/1999/xhtml">
	<li><a class="external" href="http://en.wikipedia.org/wiki/Walter_Butler_(Loyalist)" title="Walter Butler (Loyalist)">Walter Butler</a>, a <a class="external" href="http://en.wikipedia.org/wiki/Loyalist_(American_Revolution)" title="Loyalist (American Revolution)">Loyalist</a></li>
	<li><a class="external" href="http://en.wikipedia.org/wiki/Simon_Girty" title="Simon Girty">Simon Girty</a>, a Loyalist</li>
	<li>Indian chief <a class="external" href="http://en.wikipedia.org/wiki/Metacomet" title="Metacomet">Metacomet</a>, referred to as "King Philip."</li>
	<li>Governor <a class="external" href="http://en.wikipedia.org/wiki/Thomas_Dale" title="Thomas Dale">Thomas Dale</a></li>
	<li><a class="external" href="http://en.wikipedia.org/wiki/Thomas_Morton_(Merrymount_Founder)" title="Thomas Morton (Merrymount Founder)">Thomas Morton</a>, a rival of the <a class="external" href="http://en.wikipedia.org/wiki/Plymouth" title="Plymouth">Plymouth</a> <a class="external" href="http://en.wikipedia.org/wiki/Pilgrims" title="Pilgrims">Pilgrims</a>.</li>
	<li>The pirate <a class="external" href="http://en.wikipedia.org/wiki/Edward_Teach" title="Edward Teach">Edward Teach</a>, also known as "Blackbeard."</li>
	<li>Reverend John Smeet</li>
      </ul>
      <p xmlns="http://www.w3.org/1999/xhtml">After five other unnamed jurors enter (<a class="external" href="http://en.wikipedia.org/wiki/Benedict_Arnold" title="Benedict Arnold">Benedict Arnold</a> not among them, he being out "on other business"), the Judge enters last â€“ <a class="external" href="http://en.wikipedia.org/wiki/John_Hathorne" title="John Hathorne">John Hathorne</a>, the infamous and unrepentant executor of the <a class="external" href="http://en.wikipedia.org/wiki/Salem_witch_trials" title="Salem witch trials">Salem witch trials</a>.</p>
      <p xmlns="http://www.w3.org/1999/xhtml">The trial is <a class="external" href="http://en.wikipedia.org/wiki/Show_trial" title="Show trial">rigged</a> to go against Daniel. Finally he is on his feet ready to rage, without care for himself or Stone, but catches himself before he begins to speak: he sees in the jurors' eyes that they want him to act thus. He calms himself, "for it was him they'd come for, not only Jabez Stone."</p>
      <p xmlns="http://www.w3.org/1999/xhtml">Daniel starts to orate on all of simple and good thingsâ€”"the freshness of a fine morning...the taste of food when you're hungry...the new day that's every day when you're a child"â€”and how "without freedom, they sickened." He speaks passionately of how wonderful it is to be a man, and to be an American. He admits the wrongs done in America, but argues that something new and good had grown from it, "and everybody had played a part in it, even the traitors." Mankind "got tricked and trapped and bamboozled, but it was a great journey," something "no <a class="external" href="http://en.wikipedia.org/wiki/Demon" title="Demon">demon</a> that was ever foaled" could ever understand.</p>
      <p xmlns="http://www.w3.org/1999/xhtml">The jury announces its verdict: "We find for the defendant, Jabez Stone." They admit that, "Perhaps 'tis <a class="external" href="http://en.wikipedia.org/wiki/Jury_nullification" title="Jury nullification">not strictly in accordance with the evidence</a>, but even the damned may salute the eloquence of Mr. Webster." The judge and jury disappear with the break of dawn. Mr. Scratch congratulates Daniel and the contract is torn up.</p>
      <p xmlns="http://www.w3.org/1999/xhtml">Daniel then grabs the stranger and twists his arm behind his back, "for he knew that once you bested anybody like Mr. Scratch in fair fight, his power on you was gone." Daniel makes him agree "never to bother Jabez Stone nor his heirs or assigns nor any other New Hampshire man till <a class="external" href="http://en.wikipedia.org/wiki/Doomsday" title="Doomsday">doomsday</a>!"</p>
      <p xmlns="http://www.w3.org/1999/xhtml">Mr. Scratch offers to tell Webster's fortune in his palm. He foretells Webster's failure to ever become President, the death of Webster's sons, and the backlash of his last speech, warning "Some will call you Ichabod," as in <a class="external" href="http://en.wikipedia.org/wiki/John_Greenleaf_Whittier" title="John Greenleaf Whittier">John Greenleaf Whittier</a>'s poem in reaction to the speech. The devil was obviously referring to Webster's controversial "Seventh of March Speech", in which he supported the <a class="external" href="http://en.wikipedia.org/wiki/Compromise_of_1850" title="Compromise of 1850">Compromise of 1850</a>. Webster takes all these predictions in stride, and asks only if the Union will prevail. Scratch reluctantly admits that, though a war will be fought for it, the United States will remain united.</p>
      <h2 xmlns="http://www.w3.org/1999/xhtml"> <span class="mw-headline" id="Major_themes">Major themes</span></h2>
      <p xmlns="http://www.w3.org/1999/xhtml"><a class="external" href="http://en.wikipedia.org/wiki/Patriotism" title="Patriotism">Patriotism</a> is a main theme in the story: Webster claims that the Devil cannot take the soul because he cannot claim American citizenship. "And who with better right?" the devil replies, going on to list several wrongs done in America, thereby demonstrating his presence in America. The Devil says "I am merely an honest American like yourself - and of the best descent - for, to tell the truth, Mr. Webster, though I don't like to boast of it, my name is older in this country than yours."</p>
      <p xmlns="http://www.w3.org/1999/xhtml">This theme of American patriotism, freedom and independence is the explanation for Webster's victory: The jury is damned to <a class="external" href="http://en.wikipedia.org/wiki/Hell" title="Hell">hell</a>, but they are American and therefore so independent that they can resist the Devil. However most of the jury in reality would not have classed themselves as Americans as Governor Dale, Morton, Haththorne, and Blackbeard were English; Butler and Girty were loyalists and King Phillip was a Wampanoag.</p>
      <p xmlns="http://www.w3.org/1999/xhtml">In his speech, Webster denounces <a class="external" href="http://en.wikipedia.org/wiki/History_of_slavery_in_the_United_States" title="History of slavery in the United States">slavery</a>. "And when he talked of those enslaved, and the sorrows of slavery, his voice got like a big bell." BenÃ©t acknowledges the evil by having the devil say: "When the first wrong was done to the first <a class="external" href="http://en.wikipedia.org/wiki/Native_Americans_in_the_United_States" title="Native Americans in the United States">Indian</a>, I was there. When the first slaver put out for the <a class="external" href="http://en.wikipedia.org/wiki/Kingdom_of_Kongo" title="Kingdom of Kongo">Congo</a>, I stood on her deck." As for Webster, "He admitted all the wrong that had ever been done. But he showed how, out of the wrong and the right, the suffering and the starvations, something new had come. And everybody had played a part in it, even the traitors."</p>
      <p xmlns="http://www.w3.org/1999/xhtml">The real Daniel Webster was <a class="external" href="http://en.wikipedia.org/wiki/Daniel_Webster#Later_Career_and_Death" title="Daniel Webster">willing to compromise</a> on slavery in favor of keeping the Union together, disappointing many <a class="external" href="http://en.wikipedia.org/wiki/Abolitionism" title="Abolitionism">abolitionists</a>.</p>
      <p xmlns="http://www.w3.org/1999/xhtml">The story may be seen as ambivalent on the treatment of the Indians/<a class="external" href="http://en.wikipedia.org/wiki/Native_Americans_in_the_United_States" title="Native Americans in the United States">Native Americans</a>. Webster states "If two New Hampshiremen aren't a match for the devil, we might as well give the country back to the Indians." However, the stranger/Satan remarks that "When the first wrong was done to the first Indian, I was there", which implies the author's acknowledgement that the Indians were wronged. Yet "<a class="external" href="http://en.wikipedia.org/wiki/Metacomet" title="Metacomet">King Philip</a>, wild and proud as he had been in life, with the great gash in his head that gave him his death wound" is included among notorious villains of American history - even though more modern historical sentiment holds that King Philip's "villainies" were merely a just response to the wrongs done to his people.</p>
      <p xmlns="http://www.w3.org/1999/xhtml">These ambiguities probably reflect ambivalent perceptions of this aspect of American history at the time of writing rather than at the time when the story is supposed to take place.</p>
      <p xmlns="http://www.w3.org/1999/xhtml">The devil is portrayed as polite and refined. When the devil arrives he is described as "a soft-spoken, dark-dressed stranger", who "drove up in a handsome buggy". The names in this story for the devil (<b><a class="external" href="http://en.wikipedia.org/wiki/Old_Scratch" title="Old Scratch">Mr. Scratch</a></b>, or <b>the stranger</b>) are both terms that were locally used around New England and other parts of pre-Civil-War America (ex:"<i>... Perhaps Scratch will do for the evening. Iâ€™m often called that in <a class="external" href="http://en.wikipedia.org/wiki/New_England" title="New England">these regions</a>.</i>"), and are taken primarily from the <a class="external" href="http://en.wikipedia.org/wiki/Washington_Irving" title="Washington Irving">Washington Irving</a> story published more than 100 years before, <i><a class="external" href="http://en.wikipedia.org/wiki/The_Devil_and_Tom_Walker" title="The Devil and Tom Walker">The Devil and Tom Walker</a></i>.</p>
      <h2 xmlns="http://www.w3.org/1999/xhtml"> <span class="mw-headline" id="Film_adaptations">Film adaptations</span></h2>
      <p xmlns="http://www.w3.org/1999/xhtml">Two film adaptations have been made: an <a class="external" href="http://en.wikipedia.org/wiki/Academy_Award" title="Academy Award">Academy Award</a>-winning <a class="external" href="http://en.wikipedia.org/wiki/The_Devil_and_Daniel_Webster_(1941_film)" title="The Devil and Daniel Webster (1941 film)">1941 film</a> first released under the title <i>All That Money Can Buy</i>, starring <a class="external" href="http://en.wikipedia.org/wiki/Edward_Arnold_(actor)" title="Edward Arnold (actor)">Edward Arnold</a> as Daniel, <a class="external" href="http://en.wikipedia.org/wiki/Walter_Huston" title="Walter Huston">Walter Huston</a> as Mr. Scratch, and <a class="external" href="http://en.wikipedia.org/wiki/James_Craig_(actor)" title="James Craig (actor)">James Craig</a> as Jabez Stone; and <i><a class="external" href="http://en.wikipedia.org/wiki/Shortcut_to_Happiness" title="Shortcut to Happiness">Shortcut to Happiness</a></i>, a modernized version set in the publishing world, starring <a class="external" href="http://en.wikipedia.org/wiki/Anthony_Hopkins" title="Anthony Hopkins">Anthony Hopkins</a> as a publisher named Daniel Webster, <a class="external" href="http://en.wikipedia.org/wiki/Alec_Baldwin" title="Alec Baldwin">Alec Baldwin</a> as a bestselling but terrible author named Jabez Stone, and <a class="external" href="http://en.wikipedia.org/wiki/Jennifer_Love_Hewitt" title="Jennifer Love Hewitt">Jennifer Love Hewitt</a> as a female Devil. This most recent version was made in 2001, but has never had a wide release in theatres</p>
      <h2 xmlns="http://www.w3.org/1999/xhtml"> <span class="mw-headline" id="In_popular_culture">In popular culture</span></h2>
      <ul xmlns="http://www.w3.org/1999/xhtml">
	<li>All the predictions the devil makes are based on actual events of Daniel Webster's life: He did have ambitions to become President, his sons died in war, and as a result of a speech he gave denouncing abolitionists, many in the North considered him a traitor.</li>
	<li>In "<a class="external" href="http://en.wikipedia.org/wiki/Star_Trek:_The_Next_Generation" title="Star Trek: The Next Generation">Star Trek: The Next Generation</a>" both the premier and final episodes, "<a class="external" href="http://en.wikipedia.org/wiki/Encounter_at_Farpoint" title="Encounter at Farpoint">Encounter at Farpoint</a>" and "<a class="external" href="http://en.wikipedia.org/wiki/All_Good_Things..." title="All Good Things...">All Good Things...</a>", had <a class="external" href="http://en.wikipedia.org/wiki/Captain_Picard" title="Captain Picard">Captain Picard</a> being placed on trial as mankind's representative (and with no help from Webster), for the "crimes of Humanity". Omnipotent, semi-devilish "<a class="external" href="http://en.wikipedia.org/wiki/Q_(Star_Trek)" title="Q (Star Trek)">Q</a>" served as judge, with a jury of loudly derisive post-apocalyptic criminals. In a reversal of the original story's wholly antagonistic relationship between Scratch and Webster/Stone, Q helped Picard to win the trial, which turned out to be a continuation of the original trial from the premier episode seven years before. Also "Devil's Due" the people of Ventax II believed in a devil-woman named Ardra that a thousand years before the episode, Ardra promised to solve all the world's problems. In return, the planet would become hers in a thousand years. Picard brings Ardra to court and wins.</li>
	<li>This story was <a class="external" href="http://en.wikipedia.org/wiki/Parody" title="Parody">parodied</a> in the first segment of <i><a class="external" href="http://en.wikipedia.org/wiki/The_Simpsons" title="The Simpsons">The Simpsons</a>'</i> special Halloween episode, "<a class="external" href="http://en.wikipedia.org/wiki/Treehouse_of_Horror_IV" title="Treehouse of Horror IV">Treehouse of Horror IV</a>", titled <a class="external" href="http://en.wikipedia.org/wiki/Treehouse_of_Horror_IV#The_Devil_and_Homer_Simpson" title="Treehouse of Horror IV">"The Devil and Homer Simpson"</a>. In their version, the Devil is played by <a class="external" href="http://en.wikipedia.org/wiki/Ned_Flanders" title="Ned Flanders">Ned Flanders</a>, and <a class="external" href="http://en.wikipedia.org/wiki/Homer_Simpson" title="Homer Simpson">Homer</a> sells his soul not for better luck, but for one <a class="external" href="http://en.wikipedia.org/wiki/Doughnut" title="Doughnut">doughnut</a>. Lacking an oratorical heavyweight like Daniel Webster, it is up to incompetent attorney <a class="external" href="http://en.wikipedia.org/wiki/Lionel_Hutz" title="Lionel Hutz">Lionel Hutz</a> to win Homer's freedom from Hell. Hutz abandons the trial early on after screwing up, and its up to Marge to save the day with the writing on a wedding photo, showing that Homer had already promised his soul to her. Defeated but spiteful, the Devil turns Homer's head into a doughnut, and the next morning the Springfield Police Force are waiting for Homer to come out of his house. The Jury of the damned includes <a class="external" href="http://en.wikipedia.org/wiki/Blackbeard" title="Blackbeard">Blackbeard</a>, <a class="external" href="http://en.wikipedia.org/wiki/Lizzie_Borden" title="Lizzie Borden">Lizzie Borden</a>, <a class="external" href="http://en.wikipedia.org/wiki/John_Dillinger" title="John Dillinger">John Dillinger</a>, the starting line up of the 1976 <a class="external" href="http://en.wikipedia.org/wiki/Philadelphia_Flyers" title="Philadelphia Flyers">Philadelphia Flyers</a> and <a class="external" href="http://en.wikipedia.org/wiki/Richard_Nixon" title="Richard Nixon">Richard Nixon</a> (who was not dead at the time, but owed the Devil a favor).</li>
	<li>A 2005 <a class="external" href="http://en.wikipedia.org/wiki/Biopic" title="Biopic">biopic</a> about cult musician <a class="external" href="http://en.wikipedia.org/wiki/Daniel_Johnston" title="Daniel Johnston">Daniel Johnston</a> was entitled <i><a class="external" href="http://en.wikipedia.org/wiki/The_Devil_and_Daniel_Johnston" title="The Devil and Daniel Johnston">The Devil and Daniel Johnston</a></i> in reference to the story.</li>
	<li>The story is referenced in the <a class="external" href="http://en.wikipedia.org/wiki/The_Magnetic_Fields" title="The Magnetic Fields">Magnetic Fields</a> song "Two Characters in Search of a Country Song", from the 1994 album <i><a class="external" href="http://en.wikipedia.org/wiki/The_Charm_of_the_Highway_Strip" title="The Charm of the Highway Strip">The Charm of the Highway Strip</a></i> ("You were <a class="external" href="http://en.wikipedia.org/wiki/Jesse_James_(outlaw)" title="Jesse James (outlaw)">Jesse James</a>, I was <a class="external" href="http://en.wikipedia.org/wiki/William_Tell" title="William Tell">William Tell</a>/ You were Daniel Webster, I was The Devil Himself").</li>
	<li>This story was also parodied in the <i><a class="external" href="http://en.wikipedia.org/wiki/Tiny_Toons" title="Tiny Toons">Tiny Toons</a></i> special, <a class="external" href="http://en.wikipedia.org/wiki/Night_Ghoulery" title="Night Ghoulery">Night Ghoulery</a>, with <a class="external" href="http://en.wikipedia.org/wiki/Plucky_Duck" title="Plucky Duck">Plucky Duck</a> in the role of Daniel Webster.</li>
	<li>This story was <a class="external" href="http://en.wikipedia.org/wiki/Parody" title="Parody">parodied</a> in an episode of "<a class="external" href="http://en.wikipedia.org/wiki/Tripping_the_Rift" title="Tripping the Rift">Tripping the Rift</a>". In this episode entitled "The Devil and a guy named Webster", Chode McBlob sells his soul to save himself, and by extension his crew, from a <a class="external" href="http://en.wikipedia.org/wiki/Black_hole" title="Black hole">black hole</a>. His crew in an attempt to save his soul, decide to go back in time and bring Daniel Webster to the future to act as Chode's <a class="external" href="http://en.wikipedia.org/wiki/Lawyer" title="Lawyer">attorney</a>. Instead of returning with Daniel Webster, they come back with <a class="external" href="http://en.wikipedia.org/wiki/Emmanuel_Lewis" title="Emmanuel Lewis">Emmanuel Lewis</a> from the TV <a class="external" href="http://en.wikipedia.org/wiki/Sitcom" title="Sitcom">sitcom</a> <a class="external" href="http://en.wikipedia.org/wiki/Webster_(TV_series)" title="Webster (TV series)"><i>Webster</i></a>. After seeing how good Lewis is with contracts, he is hired. The jury for the trial consisted of <a class="external" href="http://en.wikipedia.org/wiki/Attila_the_Hun" title="Attila the Hun">Attila the Hun</a>, <a class="external" href="http://en.wikipedia.org/wiki/Adolf_Hitler" title="Adolf Hitler">Adolf Hitler</a> and <a class="external" href="http://en.wikipedia.org/wiki/Richard_Nixon" title="Richard Nixon">Richard Nixon</a>. Lewis is quick to get the Devil to admit he had created a fake black hole to force the deal. Chode is awarded with a "Get Out of Hell Free" card, which he uses immediately.</li>
	<li>The <a class="external" href="http://en.wikipedia.org/wiki/Superman" title="Superman">Superman</a> novel <i><a class="external" href="http://en.wikipedia.org/wiki/Miracle_Monday" title="Miracle Monday">Miracle Monday</a></i> mentions the events of this story without naming the characters, except for the Devil, who is revealed not to be the Devil himself, but rather Saturn, an agent of his. The climax of the novel, where Saturn must grant Superman a wish after having been defeated by his nobility, is also likely inspired by this story.</li>
	<li>The story was adaptated by <a class="external" href="http://en.wikipedia.org/wiki/Warner_Bros." title="Warner Bros.">Warner Bros.</a> in <i>A <a class="external" href="http://en.wikipedia.org/wiki/Pinky_and_the_Brain" title="Pinky and the Brain">Pinky and the Brain</a> Halloween</i>, in which Pinky gives his soul to "Mister Itch" so that Brain's dream of world domination is realized (with <a class="external" href="http://en.wikipedia.org/wiki/Pinky_and_the_Brain#Snowball" title="Pinky and the Brain">Snowball</a> reduced to his court jester). But Brain soon misses Pinky and travels to Hell to get him back (leaving Snowball behind to seize his throne). In the end, however, the contract between Pinky and Mister Itch is declared null and void because Itch was never able to provide Pinky with a "radish-rose whatsamawhosits" he requested being given at the beginning of the episode.</li>
	<li>The story and title were also adapted in an episode of the 1960s television series, <a class="external" href="http://en.wikipedia.org/wiki/The_Monkees" title="The Monkees">The Monkees</a> titled "The Devil and Peter Tork". In the episode, Peter unwittingly signs a contract and sells his soul to the devil ("Mr. Zero" - played by Monte Landis) in order to own a harp he found at a pawn shop. Peter plays beautifully, and the Monkees automatically become an overnight success because of it. But when Mr. Zero finally comes and reveals himself to the Monkees, he convinces Peter that the only reason he could play was because of the power the devil had given him...and that since he sold his soul, he only had a few hours before he would be sent to hell. As a result, the Monkees sue, and bring the matter to court to prove the contract was null and void (Witnesses included Billy the Kid, Blackbeard the Pirate, and Atilla the Hun). However, when the Monkees are called up to the stand, Michael makes a speech on the importance of love, and because of Peter's love for playing the harp, that he didn't need the devil's help to play it at all. In the end, Peter proved the devil wrong, and the Monkees win the case.</li>
	<li><a class="external" href="http://en.wikipedia.org/wiki/Nelvana" title="Nelvana">Nelvana</a> created an <a class="external" href="http://en.wikipedia.org/wiki/Animated" title="Animated">animated</a> made-for-<a class="external" href="http://en.wikipedia.org/wiki/Television" title="Television">television</a> special called "<a class="external" href="http://en.wikipedia.org/wiki/The_Devil_and_Daniel_Mouse" title="The Devil and Daniel Mouse">The Devil and Daniel Mouse</a>" based on the story. In the program, Daniel Mouse is a musician whose partner sells her soul to the Devil in exchange for fame.</li>
	<li><a class="external" href="http://en.wikipedia.org/wiki/John_Fogerty" title="John Fogerty">John Fogerty</a> wrote his famous hit, "<a class="external" href="http://en.wikipedia.org/wiki/Bad_Moon_Rising_(song)" title="Bad Moon Rising (song)">Bad Moon Rising</a>", based on this book.</li>
	<li>Two <a class="external" href="http://en.wikipedia.org/wiki/Chick_Publications" title="Chick Publications">Chick Publications</a> tracts, <i>The Contract!</i> and "It's A Deal", borrow heavily from the story. "The Contract!" follows the original plot more closely (telling of a bankrupt farmer facing eviction), while "It's a Deal" is a Chick tract rewritten for the African-American community and features a young basketball player.</li>
	<li>"<a class="external" href="http://en.wikipedia.org/wiki/Printer%27s_Devil" title="Printer's Devil">Printer's Devil</a>", an episode of the TV series <i><a class="external" href="http://en.wikipedia.org/wiki/The_Twilight_Zone_(1959_TV_series)" title="The Twilight Zone (1959 TV series)">The Twilight Zone</a></i>, also borrows heavily from the story.</li>
	<li>In his <a class="external" href="http://en.wikipedia.org/wiki/Court_order" title="Court order">order</a> rejecting plaintiff's motion to proceed <i><a class="external" href="http://en.wikipedia.org/wiki/In_forma_pauperis" title="In forma pauperis">in forma pauperis</a></i> in the lawsuit <i><a class="external" href="http://en.wikipedia.org/wiki/United_States_ex_rel._Gerald_Mayo_v._Satan_and_His_Staff" title="United States ex rel. Gerald Mayo v. Satan and His Staff">United States ex rel. Gerald Mayo v. Satan and His Staff</a></i>, 54 F.R.D. 282 (1971), <a class="external" href="http://en.wikipedia.org/wiki/United_States_federal_judge" title="United States federal judge">Judge</a> Gerald J. Weber cited this story as the sole, though "unofficial", precedent touching on the jurisdiction of <a class="external" href="http://en.wikipedia.org/wiki/United_States" title="United States">United States</a> courts over <a class="external" href="http://en.wikipedia.org/wiki/Satan" title="Satan">Satan</a>.</li>
	<li>In the 17th episode of television series <a class="external" href="http://en.wikipedia.org/wiki/Reaper_(TV_series)" title="Reaper (TV series)">Reaper</a> the Devil tells the main character that he has debated with Daniel Webster and that (he) is no Daniel Webster.</li>
	<li><a class="external" href="http://en.wikipedia.org/wiki/David_Macinnis_Gill" title="David Macinnis Gill">David Macinnis Gill</a>'s young adult novel <i><a class="external" href="http://en.wikipedia.org/w/index.php?title=Soul_Enchilada&amp;action=edit&amp;redlink=1" title="Soul Enchilada (page does not exist)">Soul Enchilada</a></i>, about a high school dropout who must race Scratch for ownership of a classic Cadillas, makes several intertextual references to Benet's story, including a remodel Judge Hathorne and a name variation on John Smeet.</li>
      </ul>
      <h2 xmlns="http://www.w3.org/1999/xhtml"> <span class="mw-headline" id="Footnotes">Footnotes</span></h2>
      <h2 xmlns="http://www.w3.org/1999/xhtml"> <span class="mw-headline" id="References">References</span></h2>
      <ul xmlns="http://www.w3.org/1999/xhtml">
	<li><span class="citation book"><a class="external" href="http://en.wikipedia.org/wiki/Everett_F._Bleiler" title="Everett F. Bleiler">Bleiler, Everett</a> (1948). <i>The Checklist of Fantastic Literature</i>. Chicago: Shasta Publishers. pp.Â 46â€“47.</span><span class="Z3988" title="ctx_ver=Z39.88-2004&amp;rft_val_fmt=info%3Aofi%2Ffmt%3Akev%3Amtx%3Abook&amp;rft.genre=book&amp;rft.btitle=The+Checklist+of+Fantastic+Literature&amp;rft.aulast=Bleiler&amp;rft.aufirst=Everett&amp;rft.au=Bleiler%2C%26%2332%3BEverett&amp;rft.date=1948&amp;rft.pages=pp.%26nbsp%3B46%E2%80%9347&amp;rft.place=Chicago&amp;rft.pub=Shasta+Publishers&amp;rfr_id=info:sid/en.wikipedia.org:The_Devil_and_Daniel_Webster"><span style="display: none;">Â </span></span></li>
      </ul>
      <h2 xmlns="http://www.w3.org/1999/xhtml"> <span class="mw-headline" id="External_links">External links</span></h2>
      <ul xmlns="http://www.w3.org/1999/xhtml">
	<li><a href="http://tarlton.law.utexas.edu/lpop/etext/devil/devil.htm" rel="nofollow">Electronic version of the Story</a></li>
	<li><a href="http://www.criterion.com/asp/release.asp?id=214&amp;eid=326&amp;section=essay" rel="nofollow">Criterion Collection essay by Tom Piazza</a></li>
	<li><a href="http://www.imdb.com/title/tt0033532/" rel="nofollow"><i>All That Money Can Buy</i> (aka The Devil and Daniel Webster, 1941)</a> at the <a class="external" href="http://en.wikipedia.org/wiki/Internet_Movie_Database" title="Internet Movie Database">Internet Movie Database</a></li>
	<li><a href="http://www.imdb.com/title/tt0263265/" rel="nofollow"><i>The Devil and Daniel Webster</i> (2004)</a> at the <a class="external" href="http://en.wikipedia.org/wiki/Internet_Movie_Database" title="Internet Movie Database">Internet Movie Database</a></li>
      </ul>
    </wiki:description>
  </wiki:film>
</wiki:nominee>