<?xml version="1.0" encoding="UTF-8"?>
<wiki:nominee year="1984" span="1" winner="true" award="best-director" xmlns:wiki="http://marklogic.com/wikipedia">
  <!--
                            Copyright (c) 2010 MarkLogic Corporation.
                            Permission is granted to copy, distribute and/or modify this document
                            under the terms of the GNU Free Documentation License, Version 1.2
                            or any later version published by the Free Software Foundation;
                            with no Invariant Sections, no Front-Cover Texts, and no Back-Cover Texts.
                            A copy of the license is included in the section entitled "GNU
                            Free Documentation License"
                            
                            Content derived from http://en.wikipedia.org/wiki/Amadeus_(film) and http://en.wikipedia.org/wiki/Milo%C5%A1_Forman
                            Modified in May 2009 by Mark Logic Corporation under the terms of the GNU Free Documentation License.
                        -->
  <wiki:name link="/wiki/Milo%C5%A1_Forman">MiloÅ¡ Forman</wiki:name>
  <wiki:person link="/wiki/Milo%C5%A1_Forman" name="MiloÅ¡ Forman">
    <wiki:oscar year="1975" span="1" winner="true" award="best-director" film-link="/wiki/One_Flew_Over_the_Cuckoo%27s_Nest_(film)" film-title="One Flew Over the Cuckoo's&#10;        Nest"/>
    <wiki:oscar year="1984" span="1" winner="true" award="best-director" film-link="/wiki/Amadeus_(film)" film-title="Amadeus"/>
    <wiki:oscar year="1996" span="1" winner="false" award="best-director" film-link="/wiki/The_People_vs._Larry_Flynt" film-title="The People vs. Larry Flynt"/>
    <wiki:image link="http://upload.wikimedia.org/wikipedia/commons/thumb/d/d0/Milos_Forman.jpg/250px-Milos_Forman.jpg"/>
    <wiki:birth>
      <wiki:date>1932-02-18</wiki:date>
      <wiki:place>
	<wiki:primary link="/wiki/%C4%8C%C3%A1slav">ÄŒÃ¡slav</wiki:primary>
	<wiki:secondary link="/wiki/Czechoslovakia">Czechoslovakia</wiki:secondary>
      <enrich><woeid xmlns="http://where.yahooapis.com/v1/schema.rng">1</woeid><placeTypeName code="19" xmlns="http://where.yahooapis.com/v1/schema.rng">Supername</placeTypeName><name xmlns="http://where.yahooapis.com/v1/schema.rng">Earth</name><country xmlns="http://where.yahooapis.com/v1/schema.rng"/><admin1 xmlns="http://where.yahooapis.com/v1/schema.rng"/><admin2 xmlns="http://where.yahooapis.com/v1/schema.rng"/><admin3 xmlns="http://where.yahooapis.com/v1/schema.rng"/><locality1 xmlns="http://where.yahooapis.com/v1/schema.rng"/><locality2 xmlns="http://where.yahooapis.com/v1/schema.rng"/><postal xmlns="http://where.yahooapis.com/v1/schema.rng"/><centroid xmlns="http://where.yahooapis.com/v1/schema.rng"><latitude>0.000000</latitude><longitude>0.000000</longitude></centroid><boundingBox xmlns="http://where.yahooapis.com/v1/schema.rng"><southWest><latitude>-90.000000</latitude><longitude>-180.000000</longitude></southWest><northEast><latitude>90.000000</latitude><longitude>180.000000</longitude></northEast></boundingBox><areaRank xmlns="http://where.yahooapis.com/v1/schema.rng">18</areaRank><popRank xmlns="http://where.yahooapis.com/v1/schema.rng">0</popRank></enrich></wiki:place>
    </wiki:birth>
    <wiki:description>
      <wiki:abstract>
	<p xmlns="http://www.w3.org/1999/xhtml"><b>Jan TomÃ¡Å¡ Forman</b> (<small>Czech pronunciation:Â </small><span title="Pronunciation in IPA" class="IPA"><a class="external" href="http://en.wikipedia.org/wiki/Wikipedia:IPA_for_Czech_and_Slovak" title="Wikipedia:IPA for Czech and Slovak">[Ëˆjan ËˆtomaË&#144;Êƒ Ëˆforman]</a></span>; born February 18, 1932), better known as <b>MiloÅ¡ Forman</b> (<span title="Pronunciation in IPA" class="IPA"><a class="external" href="http://en.wikipedia.org/wiki/Wikipedia:IPA_for_Czech_and_Slovak" title="Wikipedia:IPA for Czech and Slovak">[ËˆmÉªloÊƒ Ëˆforman]</a></span>), is a <a class="external" href="http://en.wikipedia.org/wiki/Czech-American" title="Czech-American">Czech-American</a> <a class="external" href="http://en.wikipedia.org/wiki/Film_director" title="Film director">director</a>, <a class="external" href="http://en.wikipedia.org/wiki/Screenwriter" title="Screenwriter">screenwriter</a>, <a class="external" href="http://en.wikipedia.org/wiki/Actor" title="Actor">actor</a>, <a class="external" href="http://en.wikipedia.org/wiki/Professor" title="Professor">professor</a> and an emigrant from <a class="external" href="http://en.wikipedia.org/wiki/Czechoslovakia" title="Czechoslovakia">Czechoslovakia</a>. Two of his films, <i><a class="external" href="http://en.wikipedia.org/wiki/One_Flew_Over_the_Cuckoo%27s_Nest_(film)" title="One Flew Over the Cuckoo's Nest (film)">One Flew Over the Cuckoo's Nest</a></i> and <i><a class="external" href="http://en.wikipedia.org/wiki/Amadeus_(film)" title="Amadeus (film)">Amadeus</a></i>, are among the most celebrated in the <a class="external" href="http://en.wikipedia.org/wiki/History_of_film" title="History of film">history of film</a>, both garnering him the <a class="external" href="http://en.wikipedia.org/wiki/Academy_Award" title="Academy Award">Academy Award</a> as a director. He was also nominated for <i><a class="external" href="http://en.wikipedia.org/wiki/The_People_vs._Larry_Flynt" title="The People vs. Larry Flynt">The People vs. Larry Flynt</a></i>.</p>
	<h2 xmlns="http://www.w3.org/1999/xhtml"> <span class="mw-headline" id="Early_life">Early life</span></h2>
	<p xmlns="http://www.w3.org/1999/xhtml">Forman was born in <a class="external" href="http://en.wikipedia.org/wiki/%C4%8C%C3%A1slav" title="ÄŒÃ¡slav">ÄŒÃ¡slav</a>, <a class="external" href="http://en.wikipedia.org/wiki/Czechoslovakia" title="Czechoslovakia">Czechoslovakia</a> (present-day <a class="external" href="http://en.wikipedia.org/wiki/Czech_Republic" title="Czech Republic">Czech Republic</a>), the son of Anna (<a class="external" href="http://en.wikipedia.org/wiki/Married_and_maiden_names" title="Married and maiden names">nÃ©e</a> Svabova), who ran a summer hotel, and Rudolf Forman, a professor. His parents were <a class="external" href="http://en.wikipedia.org/wiki/Protestant" title="Protestant">Protestants</a>; his father was arrested for distributing banned books during the Nazi occupation and died in <a class="external" href="http://en.wikipedia.org/wiki/Buchenwald" title="Buchenwald">Buchenwald</a> in 1944, and his mother died in <a class="external" href="http://en.wikipedia.org/wiki/Auschwitz" title="Auschwitz">Auschwitz</a> in 1943. Forman lived with relatives during <a class="external" href="http://en.wikipedia.org/wiki/World_War_II" title="World War II">World War II</a> and later discovered that his biological father was a <a class="external" href="http://en.wikipedia.org/wiki/Jew" title="Jew">Jewish</a> architect.</p>
	<p xmlns="http://www.w3.org/1999/xhtml">After the war, Forman attended King George College public school in the spa town <a class="external" href="http://en.wikipedia.org/wiki/Podebrady" title="Podebrady">PodÄ›brady</a>, where his fellow students included <a class="external" href="http://en.wikipedia.org/wiki/V%C3%A1clav_Havel" title="VÃ¡clav Havel">VÃ¡clav Havel</a> and the <a class="external" href="http://en.wikipedia.org/wiki/Masin" title="Masin">MaÅ¡Ã­n brothers</a>. Later on he studied screenwriting at the <a class="external" href="http://en.wikipedia.org/wiki/Academy_of_Performing_Arts_in_Prague" title="Academy of Performing Arts in Prague">Academy of Performing Arts in Prague</a>.</p>
	<h2 xmlns="http://www.w3.org/1999/xhtml"> <span class="mw-headline" id="Career">Career</span></h2>
	<p xmlns="http://www.w3.org/1999/xhtml">Forman directed several <a class="external" href="http://en.wikipedia.org/wiki/Czech_language" title="Czech language">Czech</a> comedies in <a class="external" href="http://en.wikipedia.org/wiki/Czechoslovakia" title="Czechoslovakia">Czechoslovakia</a>. However, in 1968, when the <a class="external" href="http://en.wikipedia.org/wiki/USSR" title="USSR">USSR</a> and its <a class="external" href="http://en.wikipedia.org/wiki/Warsaw_Pact" title="Warsaw Pact">Warsaw Pact</a> allies invaded the country in what became known as the <a class="external" href="http://en.wikipedia.org/wiki/Prague_Spring" title="Prague Spring">Prague Spring</a>, he was in Paris negotiating for the production of his first American film. The Czech studio for which he worked fired him, claiming that he had been out of the country illegally. He moved to New York, where he later became a professor of film at <a class="external" href="http://en.wikipedia.org/wiki/Columbia_University" title="Columbia University">Columbia University</a> and co-chair (with his former teacher <a class="external" href="http://en.wikipedia.org/wiki/Franti%C5%A1ek_Daniel" title="FrantiÅ¡ek Daniel">FrantiÅ¡ek Daniel</a>) of Columbia's film division. One of his protÃ©gÃ©s was future director <a class="external" href="http://en.wikipedia.org/wiki/James_Mangold" title="James Mangold">James Mangold</a>, whom Forman had advised about scriptwriting.</p>
	<p xmlns="http://www.w3.org/1999/xhtml">In spite of initial difficulties, he started directing in his new home country, and achieved success in <a class="external" href="http://en.wikipedia.org/wiki/1975_in_film" title="1975 in film">1975</a> with the <a class="external" href="http://en.wikipedia.org/wiki/One_Flew_Over_the_Cuckoo%27s_Nest_(film)" title="One Flew Over the Cuckoo's Nest (film)">adaptation</a> of <a class="external" href="http://en.wikipedia.org/wiki/Ken_Kesey" title="Ken Kesey">Ken Kesey</a>'s novel <i><a class="external" href="http://en.wikipedia.org/wiki/One_Flew_Over_the_Cuckoo%27s_Nest_(novel)" title="One Flew Over the Cuckoo's Nest (novel)">One Flew Over the Cuckoo's Nest</a></i> with <a class="external" href="http://en.wikipedia.org/wiki/Jack_Nicholson" title="Jack Nicholson">Jack Nicholson</a> and <a class="external" href="http://en.wikipedia.org/wiki/Louise_Fletcher" title="Louise Fletcher">Louise Fletcher</a>. The film was awarded five Oscars, winning in the categories of <a class="external" href="http://en.wikipedia.org/wiki/Academy_Award_for_Best_Director" title="Academy Award for Best Director">Best Director</a>, <a class="external" href="http://en.wikipedia.org/wiki/Academy_Award_for_Best_Actor" title="Academy Award for Best Actor">Best Actor</a>, <a class="external" href="http://en.wikipedia.org/wiki/Academy_Award_for_Best_Actress" title="Academy Award for Best Actress">Best Actress</a>, <a class="external" href="http://en.wikipedia.org/wiki/Academy_Award_for_Best_Picture" title="Academy Award for Best Picture">Best Picture</a> and <a class="external" href="http://en.wikipedia.org/wiki/Academy_Award_for_Best_Writing_(Adapted_Screenplay)" title="Academy Award for Best Writing (Adapted Screenplay)">Best Adapted Screenplay</a>, which firmly established Forman's reputation.</p>
	<p xmlns="http://www.w3.org/1999/xhtml">In 1977, he became a <a class="external" href="http://en.wikipedia.org/wiki/Naturalization" title="Naturalization">naturalized citizen</a> of the <a class="external" href="http://en.wikipedia.org/wiki/United_States" title="United States">United States</a>.</p>
	<p xmlns="http://www.w3.org/1999/xhtml">Huge succes <i>One flew Over the Cucko's Nest</i> has allowed it over on realization of musical comedy <i><a class="external" href="http://en.wikipedia.org/wiki/Hair_(film)" title="Hair (film)">Hair</a></i> in <a class="external" href="http://en.wikipedia.org/wiki/1979_in_film" title="1979 in film">1979</a>, as it concedes be from 1967 year dream when it has seen version of musical comedy Broadway's. There was next important achievement art adaption <a class="external" href="http://en.wikipedia.org/wiki/Peter_Shaffer" title="Peter Shaffer">Peter Shaffer</a> <i><a class="external" href="http://en.wikipedia.org/wiki/Amadeus" title="Amadeus">Amadeus</a></i> in <a class="external" href="http://en.wikipedia.org/wiki/1984_in_film" title="1984 in film">1984</a> - it free biography of <a class="external" href="http://en.wikipedia.org/wiki/Wolfgang_Amadeus_Mozart" title="Wolfgang Amadeus Mozart">Wolfgang Amadeus Mozart</a> and <a class="external" href="http://en.wikipedia.org/wiki/Antonio_Salieri" title="Antonio Salieri">Antonio Salieri</a>. This movie has brought next for direction it oscar and numerous other awards. Movie won eight oscars - in for <a class="external" href="http://en.wikipedia.org/wiki/Academy_Award_for_Best_Picture" title="Academy Award for Best Picture">Best Picure</a>.</p>
	<p xmlns="http://www.w3.org/1999/xhtml">Forman's early films are popular among Czechs. Many situations and phrases from his movies passed into common use. For example, the Czech term <i>zhasnout</i> (<i>to switch lights off</i>) from <i><a class="external" href="http://en.wikipedia.org/wiki/The_Firemen%27s_Ball" title="The Firemen's Ball">The Firemen's Ball</a></i>, associated with petty theft in the film, has been used to describe the large-scale <a class="external" href="http://en.wikipedia.org/wiki/Asset_stripping" title="Asset stripping">asset stripping</a> that occurred in the country during the 1990s.</p>
	<p xmlns="http://www.w3.org/1999/xhtml">In <a class="external" href="http://en.wikipedia.org/wiki/1997_in_film" title="1997 in film">1997</a>, he received the <a class="external" href="http://en.wikipedia.org/wiki/Crystal_Globe" title="Crystal Globe">Crystal Globe</a> award for outstanding artistic contribution to world cinema at the <a class="external" href="http://en.wikipedia.org/wiki/Karlovy_Vary_International_Film_Festival" title="Karlovy Vary International Film Festival">Karlovy Vary International Film Festival</a>. Forman co-starred alongside <a class="external" href="http://en.wikipedia.org/wiki/Edward_Norton" title="Edward Norton">Edward Norton</a> in the actor's directorial debut, <i><a class="external" href="http://en.wikipedia.org/wiki/Keeping_the_Faith" title="Keeping the Faith">Keeping the Faith</a></i> (<a class="external" href="http://en.wikipedia.org/wiki/2000_in_film" title="2000 in film">2000</a>), as the wise friend to Norton's young, conflicted priest.</p>
	<p xmlns="http://www.w3.org/1999/xhtml">Forman received an honorary degree in 2009 from <a class="external" href="http://en.wikipedia.org/wiki/Emerson_College" title="Emerson College">Emerson College</a> in Boston.</p>
	<h2 xmlns="http://www.w3.org/1999/xhtml"> <span class="mw-headline" id="Personal_life">Personal life</span></h2>
	<p xmlns="http://www.w3.org/1999/xhtml">Forman's first wife was former <a class="external" href="http://en.wikipedia.org/wiki/Television" title="Television">television</a> actress <a class="external" href="http://en.wikipedia.org/wiki/Jana_Brejchov%C3%A1" title="Jana BrejchovÃ¡">Jana BrejchovÃ¡</a>, they divorced in <a class="external" href="http://en.wikipedia.org/wiki/1962" title="1962">1962</a>. Forman has twin sons with his second wife, Czech actress <a class="external" href="http://en.wikipedia.org/w/index.php?title=V%C4%9Bra_K%C5%99esadlov%C3%A1-Formanov%C3%A1&amp;action=edit&amp;redlink=1" title="VÄ›ra KÅ™esadlovÃ¡-FormanovÃ¡ (page does not exist)">VÄ›ra KÅ™esadlovÃ¡-FormanovÃ¡</a>. Both sons, <a class="external" href="http://en.wikipedia.org/w/index.php?title=Petr_Forman&amp;action=edit&amp;redlink=1" title="Petr Forman (page does not exist)">Petr Forman</a> and <a class="external" href="http://en.wikipedia.org/w/index.php?title=Mat%C4%9Bj_Forman&amp;action=edit&amp;redlink=1" title="MatÄ›j Forman (page does not exist)">MatÄ›j Forman</a>, are actors. That marriage lasted from 1964 to 1999. Then Forman married Martina ZboÅ™ilovÃ¡ on 28 November 1999. They also have twin sons, Jim and Andy (names transmitted after comics <a class="external" href="http://en.wikipedia.org/wiki/Jim_Carrey" title="Jim Carrey">Jim Carrey</a> and <a class="external" href="http://en.wikipedia.org/wiki/Andrew_Kaufman" title="Andrew Kaufman">Andrew Kaufman</a>), and reside in Connecticut.</p>
	<p xmlns="http://www.w3.org/1999/xhtml">In 2006, he received the <a class="external" href="http://en.wikipedia.org/wiki/Hanno_R._Ellenbogen_Citizenship_Award" title="Hanno R. Ellenbogen Citizenship Award">Hanno R. Ellenbogen Citizenship Award</a> presented by the Prague Society for International Cooperation.</p>
	<p xmlns="http://www.w3.org/1999/xhtml">Forman became a U.S. citizen in 1977.</p>
      </wiki:abstract>
      <p xmlns="http://www.w3.org/1999/xhtml">The asteroid <a class="external" href="http://en.wikipedia.org/wiki/11333_Forman" title="11333 Forman">11333 Forman</a> was named after Forman.</p>
      <h2 xmlns="http://www.w3.org/1999/xhtml"> <span class="mw-headline" id="Filmography">Filmography</span></h2>
      <ul xmlns="http://www.w3.org/1999/xhtml">
	<li>1986: <i>Heartbum</i> as Dmitri</li>
	<li>1989: <i>New Years day</i> as Lazlo</li>
	<li>2000: <i>Keeping the Fath</i> as Father Havel</li>
	<li>2008: <i>Chelsea and the Rock</i></li>
	<li>2009: <i>Peklo s princeznou</i> as Erlebub</li>
      </ul>
      <h2 xmlns="http://www.w3.org/1999/xhtml"> <span class="mw-headline" id="Awards_and_nominations">Awards and nominations</span></h2>
      <h2 xmlns="http://www.w3.org/1999/xhtml"> <span class="mw-headline" id="References">References</span></h2>
      <h2 xmlns="http://www.w3.org/1999/xhtml"> <span class="mw-headline" id="External_links">External links</span></h2>
      <ul xmlns="http://www.w3.org/1999/xhtml">
	<li><a href="http://www.imdb.com/name/nm0001232/" rel="nofollow">Milos Forman</a> at the <a class="external" href="http://en.wikipedia.org/wiki/Internet_Movie_Database" title="Internet Movie Database">Internet Movie Database</a></li>
	<li><a href="http://www.lib.berkeley.edu/MRC/forman.html" rel="nofollow">Bibliography of books and articles about Forman</a> via UC Berkeley Media Resources Center</li>
	<li><a href="http://news.bbc.co.uk/1/hi/entertainment/film/1235862.stm" rel="nofollow">Milos Forman, BBC News of March 2001</a></li>
	<li><a href="http://www.dga.org/news/mag_archives/v22-1/milos.html" rel="nofollow">Interview with Milos Forman: Defender of the Artist and the Common Man</a></li>
	<li><a href="http://www.czech.cz/en/czech-republic/history/famous-czechs-of-the-past-century/milos-forman/" rel="nofollow">MiloÅ¡ Forman</a> profile</li>
      </ul>
    </wiki:description>
  </wiki:person>
  <wiki:film-title link="/wiki/Amadeus_(film)">Amadeus</wiki:film-title>
  <wiki:film link="/wiki/Amadeus_(film)" title="Amadeus">
    <wiki:oscar-ref year="1984" span="1" winner="true" award="lead-actor" person-link="/wiki/F._Murray_Abraham" person-name="F. Murray Abraham"/>
    <wiki:oscar-ref year="1984" span="1" winner="false" award="lead-actor" person-link="/wiki/Tom_Hulce" person-name="Tom Hulce"/>
    <wiki:oscar-ref year="1984" span="1" winner="true" award="best-director" person-link="/wiki/Milo%C5%A1_Forman" person-name="MiloÅ¡ Forman"/>
    <wiki:oscar year="1984" span="1" winner="true" award="best-picture"/>
    <wiki:producer link="/wiki/Saul_Zaentz">Saul Zaentz</wiki:producer>
    <wiki:director link="/wiki/Milo%C5%A1_Forman">MiloÅ¡ Forman</wiki:director>
    <wiki:writer link="/wiki/Peter_Shaffer">Peter Shaffer</wiki:writer>
    <wiki:distributor link="/wiki/Orion_Pictures">Orion Pictures</wiki:distributor>
    <wiki:starring link="/wiki/F._Murray_Abraham">F. Murray Abraham</wiki:starring>
    <wiki:starring link="/wiki/Tom_Hulce">Tom Hulce</wiki:starring>
    <wiki:starring link="/wiki/Elizabeth_Berridge_(actress)">Elizabeth Berridge</wiki:starring>
    <wiki:description>
      <wiki:abstract>
	<p xmlns="http://www.w3.org/1999/xhtml"><i><b>Peter Shaffer's Amadeus</b></i> is a 1984 <a class="external" href="http://en.wikipedia.org/wiki/Drama" title="Drama">drama</a> <a class="external" href="http://en.wikipedia.org/wiki/Biopic" title="Biopic">biopic</a> film directed by <a class="external" href="http://en.wikipedia.org/wiki/Milo%C5%A1_Forman" title="MiloÅ¡ Forman">MiloÅ¡ Forman</a> and written by <a class="external" href="http://en.wikipedia.org/wiki/Peter_Shaffer" title="Peter Shaffer">Peter Shaffer</a>. Adapted from Shaffer's stage play <i><a class="external" href="http://en.wikipedia.org/wiki/Amadeus" title="Amadeus">Amadeus</a></i>, the story is based loosely on the lives of <a class="external" href="http://en.wikipedia.org/wiki/Wolfgang_Amadeus_Mozart" title="Wolfgang Amadeus Mozart">Wolfgang Amadeus Mozart</a> and <a class="external" href="http://en.wikipedia.org/wiki/Antonio_Salieri" title="Antonio Salieri">Antonio Salieri</a>, two composers who lived in <a class="external" href="http://en.wikipedia.org/wiki/Vienna" title="Vienna">Vienna</a>, <a class="external" href="http://en.wikipedia.org/wiki/Austria" title="Austria">Austria</a>, during the latter half of the 18th century.</p>
	<p xmlns="http://www.w3.org/1999/xhtml">The film was nominated for 53 awards and received 40, including eight <a class="external" href="http://en.wikipedia.org/wiki/Academy_Awards" title="Academy Awards">Academy Awards</a> (including <a class="external" href="http://en.wikipedia.org/wiki/Academy_Award_for_Best_Picture" title="Academy Award for Best Picture">Best Picture</a>), four <a class="external" href="http://en.wikipedia.org/wiki/BAFTA_Awards" title="BAFTA Awards">BAFTA Awards</a>, four <a class="external" href="http://en.wikipedia.org/wiki/Golden_Globe" title="Golden Globe">Golden Globes</a>, and a <a class="external" href="http://en.wikipedia.org/wiki/DGA_Award" title="DGA Award">DGA Award</a>. In 1998, the <a class="external" href="http://en.wikipedia.org/wiki/American_Film_Institute" title="American Film Institute">American Film Institute</a> ranked <i>Amadeus</i> 53rd on its <i><a class="external" href="http://en.wikipedia.org/wiki/AFI%27s_100_Years..._100_Movies" title="AFI's 100 Years... 100 Movies">100 Years... 100 Movies</a></i> list.</p>
	<h2 xmlns="http://www.w3.org/1999/xhtml"> <span class="mw-headline" id="Plot">Plot</span></h2>
	<p xmlns="http://www.w3.org/1999/xhtml">The film begins in 1823 as Salieri, as an old man, attempts <a class="external" href="http://en.wikipedia.org/wiki/Suicide" title="Suicide">suicide</a> by slitting his throat while loudly begging forgiveness for having killed Mozart in 1791. Placed in a <a class="external" href="http://en.wikipedia.org/wiki/Lunatic_asylum" title="Lunatic asylum">lunatic asylum</a> for the act, Salieri is visited by a young priest who seeks to take his <a class="external" href="http://en.wikipedia.org/wiki/Confession" title="Confession">confession</a>. Salieri is sullen and uninterested but eventually warms to the priest and launches into a long "confession" about the relationship between himself and Mozart. As the scenes later cut back to this dialogue, it appears that Salieri's tale goes on through the night and into the next day. This dialogue comprises a <a class="external" href="http://en.wikipedia.org/wiki/Frame_story" title="Frame story">frame story</a>, with the bulk of the movie being <a class="external" href="http://en.wikipedia.org/wiki/Flashback_(narrative)" title="Flashback (narrative)">flashbacks</a> to Mozart's lifetime.</p>
	<p xmlns="http://www.w3.org/1999/xhtml">Salieri reminisces about his youth, particularly about his devotion to God and his love for music and how he pledges to God to remain celibate as a sacrifice if he can somehow devote his life to music. He describes how his father's plans for him were to go into business, but Salieri suggests that the sudden death of his father, who choked to death during a meal, was "a <a class="external" href="http://en.wikipedia.org/wiki/Miracle" title="Miracle">miracle</a>" that allowed Salieri to pursue a career in music. In his narrative, he is suddenly an adult joining the 18th century cultural elite in <a class="external" href="http://en.wikipedia.org/wiki/Vienna" title="Vienna">Vienna</a>, the "city of musicians." Salieri begins his career as a devout, God-fearing man who believes his success and talent as a composer are Godâ€™s rewards for his piety. He is content as the court composer for <a class="external" href="http://en.wikipedia.org/wiki/Holy_Roman_Emperor" title="Holy Roman Emperor">Holy Roman Emperor</a> <a class="external" href="http://en.wikipedia.org/wiki/Joseph_II,_Holy_Roman_Emperor" title="Joseph II, Holy Roman Emperor">Joseph II</a>.</p>
	<p xmlns="http://www.w3.org/1999/xhtml">Mozart arrives in Vienna with his patron, <a class="external" href="http://en.wikipedia.org/wiki/Count_Hieronymus_von_Colloredo" title="Count Hieronymus von Colloredo">Count Hieronymus von Colloredo</a>, the <a class="external" href="http://en.wikipedia.org/wiki/Archbishopric_of_Salzburg" title="Archbishopric of Salzburg">Archbishop of Salzburg</a>. Salieri secretly observes Mozart at the Archbishop's palace, but they are not properly introduced. Salieri sees that Mozart off-stage is irreverent and lewd. He also first recognizes the immense talent displayed in the adult works of Mozart. In 1781, when Mozart meets the Emperor, Salieri presents Mozart with a little "March of Welcome," which he had toiled to create. At this meeting, Mozart first displays a childish high-pitched laugh which is heard, at times, throughout the rest of the film. After hearing the march only once, Mozart plays it (pointing out a section where "That doesn't really work, does it?") and effortlessly "improves" it, transforming Salieri's "trifle" into the <i>"Non piÃ¹ andrai"</i> march from his opera <i><a class="external" href="http://en.wikipedia.org/wiki/The_Marriage_of_Figaro" title="The Marriage of Figaro">The Marriage of Figaro</a></i>.</p>
	<p xmlns="http://www.w3.org/1999/xhtml">Salieri reels at the notion of God speaking through the childish, petulant Mozart, whose music he regards as miraculous. Gradually, Salieriâ€™s <a class="external" href="http://en.wikipedia.org/wiki/Faith" title="Faith">faith</a> is shaken. He believes that God, through Mozart's <a class="external" href="http://en.wikipedia.org/wiki/Genius" title="Genius">genius</a>, is cruelly laughing at Salieri's own musical mediocrity. Salieri's struggles with God are intercut with scenes showing Mozart's own trials and tribulations with life in Vienna: pride at the initial reception of his music; anger and disbelief over his subsequent treatment by the Italians of the Emperor's court; happiness with his wife <a class="external" href="http://en.wikipedia.org/wiki/Constanze_Mozart" title="Constanze Mozart">Constanze</a> and his son <a class="external" href="http://en.wikipedia.org/wiki/Karl_Thomas_Mozart" title="Karl Thomas Mozart">Karl</a>; and <a class="external" href="http://en.wikipedia.org/wiki/Grief" title="Grief">grief</a> at the death of his father <a class="external" href="http://en.wikipedia.org/wiki/Leopold_Mozart" title="Leopold Mozart">Leopold</a>. Mozart becomes more desperate as the family's expenses increase and his commissions decrease. When Salieri learns of Mozart's financial straits, he finally sees his chance to avenge himself, using "God's Beloved" (the literal meaning of "Amadeus") as the instrument.</p>
	<p xmlns="http://www.w3.org/1999/xhtml">Salieri hatches a complex plot to gain ultimate victory over Mozart and over God. He wears a mask and costume similar to one he had seen Leopold wear and commissions the composer to write a <a class="external" href="http://en.wikipedia.org/wiki/Requiem_mass" title="Requiem mass">requiem mass</a>, giving Mozart a down payment and the promise of an enormous sum upon completion. Mozart begins to write perhaps his greatest work, the <a class="external" href="http://en.wikipedia.org/wiki/Requiem_(Mozart)" title="Requiem (Mozart)">Requiem Mass in D minor</a>, unaware of the true identity of his mysterious patron and his scheme: to somehow kill him when the work is complete. Glossing over any details of how he might commit the murder, Salieri dwells on the admiration of his peers and the court when they applaud the magnificent Requiem and him when he claims to be the music's composer. Only Salieri and God would know the truth â€“ that Mozart wrote his own requiem mass, and that God could only watch while Salieri finally received the fame and renown he deserved.</p>
	<p xmlns="http://www.w3.org/1999/xhtml">Mozart's financial woes continue and the composing demands of the <a class="external" href="http://en.wikipedia.org/wiki/Requiem_(Mozart)" title="Requiem (Mozart)">Requiem</a> and <i><a class="external" href="http://en.wikipedia.org/wiki/The_Magic_Flute" title="The Magic Flute">The Magic Flute</a></i> drive him to the point of exhaustion as he alternates work between the two pieces. Constanze leaves him and takes their son with her. His health worsens and he collapses during the premiere performance of <i>The Magic Flute</i>. Salieri takes the stricken Mozart home and tricks him into working on the Requiem. Mozart dictates while Salieri transcribes throughout the night. As Constanze returns that morning, she tells Salieri to leave. Constanze locks the manuscript away despite Salieri's objections, but as she goes to wake her husband, Mozart is dead. The Requiem is left unfinished, and Salieri is left powerless as Mozart's body is hauled out of Vienna for burial in a paupers <a class="external" href="http://en.wikipedia.org/wiki/Mass_grave" title="Mass grave">mass grave</a>.</p>
	<p xmlns="http://www.w3.org/1999/xhtml">The film ends as Salieri finishes recounting his story to the visibly shaken young priest. Salieri concludes that <i>God</i> killed Mozart rather than allow Salieri to share in even an ounce of his glory, and that he is consigned to be the "<a class="external" href="http://en.wikipedia.org/wiki/Patron_saint" title="Patron saint">patron saint</a> of mediocrity." Salieri <a class="external" href="http://en.wikipedia.org/wiki/Absolution" title="Absolution">absolves</a> the priest of his own mediocrity and blesses his fellow patients as he is taken away in his wheelchair. The last sound heard before the credits roll is Mozart's high-pitched laughter.</p>
	<h2 xmlns="http://www.w3.org/1999/xhtml"> <span class="mw-headline" id="Cast">Cast</span></h2>
	<ul xmlns="http://www.w3.org/1999/xhtml">
	  <li><a class="external" href="http://en.wikipedia.org/wiki/F._Murray_Abraham" title="F. Murray Abraham">F. Murray Abraham</a> as <a class="external" href="http://en.wikipedia.org/wiki/Antonio_Salieri" title="Antonio Salieri">Antonio Salieri</a></li>
	  <li><a class="external" href="http://en.wikipedia.org/wiki/Tom_Hulce" title="Tom Hulce">Tom Hulce</a> as <a class="external" href="http://en.wikipedia.org/wiki/Wolfgang_Amadeus_Mozart" title="Wolfgang Amadeus Mozart">Wolfgang Amadeus Mozart</a></li>
	  <li><a class="external" href="http://en.wikipedia.org/wiki/Elizabeth_Berridge_(actress)" title="Elizabeth Berridge (actress)">Elizabeth Berridge</a> as <a class="external" href="http://en.wikipedia.org/wiki/Constanze_Mozart" title="Constanze Mozart">Constanze Mozart</a></li>
	  <li><a class="external" href="http://en.wikipedia.org/wiki/Roy_Dotrice" title="Roy Dotrice">Roy Dotrice</a> as <a class="external" href="http://en.wikipedia.org/wiki/Leopold_Mozart" title="Leopold Mozart">Leopold Mozart</a></li>
	  <li><a class="external" href="http://en.wikipedia.org/wiki/Simon_Callow" title="Simon Callow">Simon Callow</a> as <a class="external" href="http://en.wikipedia.org/wiki/Emanuel_Schikaneder" title="Emanuel Schikaneder">Emanuel Schikaneder</a> / <a class="external" href="http://en.wikipedia.org/wiki/Papageno" title="Papageno">Papageno</a></li>
	  <li><a class="external" href="http://en.wikipedia.org/wiki/Richard_Frank_(actor)" title="Richard Frank (actor)">Richard Frank</a> as Father Vogler</li>
	  <li><a class="external" href="http://en.wikipedia.org/wiki/Christine_Ebersole" title="Christine Ebersole">Christine Ebersole</a> as <a class="external" href="http://en.wikipedia.org/wiki/Katerina_Cavalieri" title="Katerina Cavalieri">Katerina Cavalieri</a></li>
	  <li><a class="external" href="http://en.wikipedia.org/wiki/Jeffrey_Jones" title="Jeffrey Jones">Jeffrey Jones</a> as <a class="external" href="http://en.wikipedia.org/wiki/Emperor_Joseph_II" title="Emperor Joseph II">Emperor Joseph II</a></li>
	  <li><a class="external" href="http://en.wikipedia.org/wiki/Charles_Kay" title="Charles Kay">Charles Kay</a> as Count Orsini-Rosenberg</li>
	  <li><a class="external" href="http://en.wikipedia.org/wiki/Cynthia_Nixon" title="Cynthia Nixon">Cynthia Nixon</a> as Lorl, Salieri's maid</li>
	  <li><a class="external" href="http://en.wikipedia.org/wiki/Roderick_Cook" title="Roderick Cook">Roderick Cook</a> as Count Von Strack</li>
	</ul>
	<h2 xmlns="http://www.w3.org/1999/xhtml"> <span class="mw-headline" id="Production">Production</span></h2>
	<p xmlns="http://www.w3.org/1999/xhtml"><a class="external" href="http://en.wikipedia.org/wiki/Kenneth_Branagh" title="Kenneth Branagh">Kenneth Branagh</a>, per his autobiography <i>Beginning</i>, was originally considered for the role of Mozart in the film, but was bypassed in favor of Hulce when Forman decided to make the film with an American cast, so that US audiences would not be "distracted" by the British accents. Hulce reportedly used <a class="external" href="http://en.wikipedia.org/wiki/John_McEnroe" title="John McEnroe">John McEnroe</a>'s mood swings as a source of inspiration for his portrayal of Mozart's unpredictable genius.</p>
	<p xmlns="http://www.w3.org/1999/xhtml"><a class="external" href="http://en.wikipedia.org/wiki/Meg_Tilly" title="Meg Tilly">Meg Tilly</a> was cast as Mozart's wife Constanze, but she tore a ligament in her leg the day before shooting started. She was replaced by <a class="external" href="http://en.wikipedia.org/wiki/Elizabeth_Berridge_(actress)" title="Elizabeth Berridge (actress)">Elizabeth Berridge</a>. <a class="external" href="http://en.wikipedia.org/wiki/Simon_Callow" title="Simon Callow">Simon Callow</a>, who played Mozart in the original <a class="external" href="http://en.wikipedia.org/wiki/London" title="London">London</a> stage production of <i>Amadeus</i>, was cast as <a class="external" href="http://en.wikipedia.org/wiki/Emanuel_Schikaneder" title="Emanuel Schikaneder">Emanuel Schikaneder</a>, the <a class="external" href="http://en.wikipedia.org/wiki/Libretto" title="Libretto">librettist</a> of <i>The Magic Flute</i>.</p>
	<p xmlns="http://www.w3.org/1999/xhtml">The film was shot on location in <a class="external" href="http://en.wikipedia.org/wiki/Prague" title="Prague">Prague</a>, <a class="external" href="http://en.wikipedia.org/wiki/Krom%C4%9B%C5%99%C3%AD%C5%BE" title="KromÄ›Å™Ã­Å¾">KromÄ›Å™Ã­Å¾</a> and <a class="external" href="http://en.wikipedia.org/wiki/Vienna" title="Vienna">Vienna</a>. Notably, Forman was able to shoot scenes in the <a class="external" href="http://en.wikipedia.org/wiki/Estates_Theatre" title="Estates Theatre">Count Nostitz Theatre</a> in Prague, where <i><a class="external" href="http://en.wikipedia.org/wiki/Don_Giovanni" title="Don Giovanni">Don Giovanni</a></i> and <i><a class="external" href="http://en.wikipedia.org/wiki/La_Clemenza_di_Tito" title="La Clemenza di Tito">La Clemenza di Tito</a></i> debuted two centuries before. Several other scenes were shot at the <a class="external" href="http://en.wikipedia.org/wiki/Barrandov_Studios" title="Barrandov Studios">Barrandov Studios</a>.</p>
	<h2 xmlns="http://www.w3.org/1999/xhtml"> <span class="mw-headline" id="Reception">Reception</span></h2>
	<p xmlns="http://www.w3.org/1999/xhtml">In 1985, the film was nominated for eleven <a class="external" href="http://en.wikipedia.org/wiki/Academy_Awards" title="Academy Awards">Academy Awards</a>, including the double nomination for <a class="external" href="http://en.wikipedia.org/wiki/Academy_Award_for_Best_Actor" title="Academy Award for Best Actor">Best Actor</a> with Hulce and Abraham each being nominated for their portrayals of Mozart and Salieri, respectively. The film won eight Oscars, including <a class="external" href="http://en.wikipedia.org/wiki/Academy_Award_for_Best_Picture" title="Academy Award for Best Picture">Best Picture</a>, <a class="external" href="http://en.wikipedia.org/wiki/Academy_Award_for_Best_Actor" title="Academy Award for Best Actor">Best Actor</a> (Abraham), <a class="external" href="http://en.wikipedia.org/wiki/Academy_Award_for_Best_Director" title="Academy Award for Best Director">Best Director</a> (Forman), <a class="external" href="http://en.wikipedia.org/wiki/Academy_Award_for_Best_Costume_Design" title="Academy Award for Best Costume Design">Costume Design</a> (<a class="external" href="http://en.wikipedia.org/wiki/Theodor_Pi%C5%A1t%C4%9Bk" title="Theodor PiÅ¡tÄ›k">Theodor PiÅ¡tÄ›k</a>), <a class="external" href="http://en.wikipedia.org/wiki/Academy_Award_for_Writing_Adapted_Screenplay" title="Academy Award for Writing Adapted Screenplay">Adapted Screenplay</a> (Shaffer), <a class="external" href="http://en.wikipedia.org/wiki/Academy_Award_for_Best_Art_Direction" title="Academy Award for Best Art Direction">Art Direction</a> (Patrizia von Brandenstein), <a class="external" href="http://en.wikipedia.org/wiki/Academy_Award_for_Makeup" title="Academy Award for Makeup">Best Makeup</a>, and <a class="external" href="http://en.wikipedia.org/wiki/Academy_Award_for_Sound" title="Academy Award for Sound">Best Sound</a>. The film was nominated for but did not win Oscars for <a class="external" href="http://en.wikipedia.org/wiki/Academy_Award_for_Best_Cinematography" title="Academy Award for Best Cinematography">Best Cinematography</a> and <a class="external" href="http://en.wikipedia.org/wiki/Academy_Award_for_Film_Editing" title="Academy Award for Film Editing">Best Editing</a>. <i>Amadeus</i>, <i><a class="external" href="http://en.wikipedia.org/wiki/The_English_Patient_(film)" title="The English Patient (film)">The English Patient</a></i> and <i><a class="external" href="http://en.wikipedia.org/wiki/The_Hurt_Locker" title="The Hurt Locker">The Hurt Locker</a></i> are the only Best Picture winners to never enter the weekend box office top 5 after rankings began being recorded in 1982. <i>Amadeus</i> peaked at #6 during its 8th weekend in theaters. <a class="external" href="http://en.wikipedia.org/wiki/Saul_Zaentz" title="Saul Zaentz">Saul Zaentz</a> produced both <i>Amadeus</i> and <i>The English Patient</i>.</p>
	<p xmlns="http://www.w3.org/1999/xhtml">The film was nominated for six <a class="external" href="http://en.wikipedia.org/wiki/Golden_Globe" title="Golden Globe">Golden Globes</a> (Hulce and Abraham were nominated together) and won four, including awards to <a class="external" href="http://en.wikipedia.org/wiki/Golden_Globe_Award_for_Best_Director_-_Motion_Picture" title="Golden Globe Award for Best Director - Motion Picture">Forman</a>, <a class="external" href="http://en.wikipedia.org/wiki/Golden_Globe_Award_for_Best_Actor_-_Motion_Picture_Drama" title="Golden Globe Award for Best Actor - Motion Picture Drama">Abraham</a>, <a class="external" href="http://en.wikipedia.org/wiki/Golden_Globe_Award_for_Best_Screenplay" title="Golden Globe Award for Best Screenplay">Shaffer</a>, and Golden Globe Award for Best Picture - Drama. <a class="external" href="http://en.wikipedia.org/wiki/Jeffrey_Jones" title="Jeffrey Jones">Jeffrey Jones</a> was nominated for Golden Globe for Best Supporting Actor â€“ Motion Picture Drama. Forman also received the <a class="external" href="http://en.wikipedia.org/wiki/Directors_Guild_of_America_Award" title="Directors Guild of America Award">Directors Guild of America Award</a> for his work.</p>
	<p xmlns="http://www.w3.org/1999/xhtml">At the end of the Oscar ceremony, <a class="external" href="http://en.wikipedia.org/wiki/Laurence_Olivier" title="Laurence Olivier">Laurence Olivier</a> came on stage to present the Oscar for Best Picture. As Olivier thanked the Academy for inviting him, he was already opening the envelope. Instead of announcing the nominees, he simply read, "The winner is â€˜Amadeusâ€™." An <a class="external" href="http://en.wikipedia.org/wiki/AMPAS" title="AMPAS">AMPAS</a> official quickly went onstage to confirm the winner and signaled that all was well, before Olivier then presented the award to producer <a class="external" href="http://en.wikipedia.org/wiki/Saul_Zaentz" title="Saul Zaentz">Saul Zaentz</a>. Olivier (in his 78th year) had been ill for many years, and it was due to suffering from amnesia that he forgot to read the nominees. Zaentz then thanked Olivier, saying it was an honour to receive the award from him , before mentioning the other nominees in his acceptance speech: <i><a class="external" href="http://en.wikipedia.org/wiki/The_Killing_Fields_(film)" title="The Killing Fields (film)">The Killing Fields</a></i>, <i><a class="external" href="http://en.wikipedia.org/wiki/A_Passage_to_India_(film)" title="A Passage to India (film)">A Passage to India</a></i>, <i><a class="external" href="http://en.wikipedia.org/wiki/Places_in_the_Heart" title="Places in the Heart">Places in the Heart</a></i> and <i><a class="external" href="http://en.wikipedia.org/wiki/A_Soldier%27s_Story" title="A Soldier's Story">A Soldier's Story</a></i>. <a class="external" href="http://en.wikipedia.org/wiki/Maurice_Jarre" title="Maurice Jarre">Maurice Jarre</a> won the award for <a class="external" href="http://en.wikipedia.org/wiki/Academy_Award_for_Original_Music_Score" title="Academy Award for Original Music Score">best original music score</a> for his scoring of <i><a class="external" href="http://en.wikipedia.org/wiki/A_Passage_to_India_(film)" title="A Passage to India (film)">A Passage to India</a></i>. In his acceptance speech for the award, Jarre remarked "I was lucky Mozart was not eligible this year".</p>
	<p xmlns="http://www.w3.org/1999/xhtml"><b><a class="external" href="http://en.wikipedia.org/wiki/American_Film_Institute" title="American Film Institute">American Film Institute</a> recognition</b></p>
	<ul xmlns="http://www.w3.org/1999/xhtml">
	  <li>1998 <a class="external" href="http://en.wikipedia.org/wiki/AFI%27s_100_Years..._100_Movies" title="AFI's 100 Years... 100 Movies">AFI's 100 Years... 100 Movies</a> #53</li>
	</ul>
	<h2 xmlns="http://www.w3.org/1999/xhtml"> <span class="mw-headline" id="Popular_culture">Popular culture</span></h2>
	<p xmlns="http://www.w3.org/1999/xhtml">The film had an effect on popular music and continues to influence writers and musicians. One well-known example is "<a class="external" href="http://en.wikipedia.org/wiki/Rock_Me_Amadeus" title="Rock Me Amadeus">Rock Me Amadeus</a>," by <a class="external" href="http://en.wikipedia.org/wiki/Austria" title="Austria">Austrian</a> pop artist <a class="external" href="http://en.wikipedia.org/wiki/Falco_(musician)" title="Falco (musician)">Falco</a>, which was a hit in 1985. American rock band <a class="external" href="http://en.wikipedia.org/wiki/Fall_Out_Boy" title="Fall Out Boy">Fall Out Boy</a> released a bonus track entitled "From Now On We Are Enemies," which features lyrics that act as a conversation between Salieri and Mozart. Finnish metal band <a class="external" href="http://en.wikipedia.org/wiki/Children_of_Bodom" title="Children of Bodom">Children of Bodom</a> uses Salieri's quote, "From now on, we are enemies... you and I..." as the introduction to their song "<a class="external" href="http://en.wikipedia.org/wiki/Hatebreeder" title="Hatebreeder">Warheart</a>." The album <i><a class="external" href="http://en.wikipedia.org/wiki/Beyond_Abilities" title="Beyond Abilities">Beyond Abilities</a></i> by progressive metal band <a class="external" href="http://en.wikipedia.org/wiki/Warmen" title="Warmen">Warmen</a> uses quotations from the film, and includes a track entitled "Salieri Strikes Back." Warmen's later album <i><a class="external" href="http://en.wikipedia.org/wiki/Accept_the_Fact" title="Accept the Fact">Accept the Fact</a></i> also uses a quote from <i>Amadeus</i>, and has a song called "Return of Salieri.". Also, the German Band <a class="external" href="http://en.wikipedia.org/wiki/Megaherz" title="Megaherz">Megaherz</a> did a cover of Falco's song.</p>
	<p xmlns="http://www.w3.org/1999/xhtml">Abraham appears in the 1993 film <i><a class="external" href="http://en.wikipedia.org/wiki/Last_Action_Hero" title="Last Action Hero">Last Action Hero</a></i>. The young boy, Danny, tells <a class="external" href="http://en.wikipedia.org/wiki/Arnold_Schwarzenegger" title="Arnold Schwarzenegger">Arnold Schwarzenegger</a> not to trust Abraham, because, "He killed Mozart!" Schwarzenegger asks, "In a movie?" Danny responds, "<i>Amadeus</i>! It won eight Oscars!"</p>
	<p xmlns="http://www.w3.org/1999/xhtml"><i>Amadeus</i> has been parodied several times, including in episodes of <i><a class="external" href="http://en.wikipedia.org/wiki/Family_Guy" title="Family Guy">Family Guy</a></i> ("<a class="external" href="http://en.wikipedia.org/wiki/It_Takes_a_Village_Idiot,_and_I_Married_One" title="It Takes a Village Idiot, and I Married One">It Takes a Village Idiot, and I Married One</a>"), <i><a class="external" href="http://en.wikipedia.org/wiki/The_Simpsons" title="The Simpsons">The Simpsons</a></i> ("<a class="external" href="http://en.wikipedia.org/wiki/Margical_History_Tour" title="Margical History Tour">Margical History Tour</a>"), <i><a class="external" href="http://en.wikipedia.org/wiki/Freakazoid" title="Freakazoid">Freakazoid</a></i>, <i><a class="external" href="http://en.wikipedia.org/wiki/Mr._Show" title="Mr. Show">Mr. Show</a></i>, <i><a class="external" href="http://en.wikipedia.org/wiki/30_Rock" title="30 Rock">30 Rock</a></i> ("<a class="external" href="http://en.wikipedia.org/wiki/Succession_(30_Rock)" title="Succession (30 Rock)">Succession</a>"), and <i><a class="external" href="http://en.wikipedia.org/wiki/How_I_Met_Your_Mother" title="How I Met Your Mother">How I Met Your Mother</a></i> ("<a class="external" href="http://en.wikipedia.org/wiki/The_Best_Burger_in_New_York" title="The Best Burger in New York">The Best Burger in New York</a>").</p>
	<h2 xmlns="http://www.w3.org/1999/xhtml"> <span class="mw-headline" id="Director.27s_Cut">Director's Cut</span></h2>
	<p xmlns="http://www.w3.org/1999/xhtml"><i>Amadeus</i> is currently available on home video in an R-rated "Director's Cut," which incorporates 20 minutes of previously deleted footage back into the film.</p>
	<h2 xmlns="http://www.w3.org/1999/xhtml"> <span class="mw-headline" id="Music">Music</span></h2>
	<ul xmlns="http://www.w3.org/1999/xhtml">
	  <li>The Orchestra: <a class="external" href="http://en.wikipedia.org/wiki/Academy_of_St._Martin_in_the_Fields" title="Academy of St. Martin in the Fields">Academy of St. Martin in the Fields</a>, conducted by <a class="external" href="http://en.wikipedia.org/wiki/Sir_Neville_Marriner" title="Sir Neville Marriner">Sir Neville Marriner</a></li>
	</ul>
	<ul xmlns="http://www.w3.org/1999/xhtml">
	  <li>The Choruses
<ul>
	      <li>Academy Chorus of St Martin In The Fields, conducted by Laszlo Heltay</li>
	      <li>Ambrosian Opera Chorus, conducted by John McCarthy</li>
	      <li>The Choristers of Westminster Abbey, conducted by <a class="external" href="http://en.wikipedia.org/wiki/Simon_Preston" title="Simon Preston">Simon Preston</a></li>
	    </ul>
</li>
	</ul>
	<ul xmlns="http://www.w3.org/1999/xhtml">
	  <li>Instrumental soloists
<ul>
	      <li><i>Concerto for Piano in Eb, K482</i>, performed by <a class="external" href="http://en.wikipedia.org/wiki/Ivan_Moravec" title="Ivan Moravec">Ivan Moravec</a></li>
	      <li><i>Concerto for Piano in D minor, K466</i>, performed by <a class="external" href="http://en.wikipedia.org/wiki/Imogen_Cooper" title="Imogen Cooper">Imogen Cooper</a></li>
	      <li><i>Adagio in C minor for Glass Harmonica, K617</i>, performed by <a class="external" href="http://en.wikipedia.org/wiki/Thomas_Bloch" title="Thomas Bloch">Thomas Bloch</a> with The Brussels Virtuosi, conducted by Marc Grauwels</li>
	    </ul>
</li>
	</ul>
	<ul xmlns="http://www.w3.org/1999/xhtml">
	  <li>Parody backgrounds
<ul>
	      <li><a class="external" href="http://en.wikipedia.org/wiki/San_Francisco_Symphony_Chorus" title="San Francisco Symphony Chorus">San Francisco Symphony Chorus</a></li>
	    </ul>
</li>
	</ul>
	<ul xmlns="http://www.w3.org/1999/xhtml">
	  <li><i>Caro mio ben</i> by <a class="external" href="http://en.wikipedia.org/wiki/Giuseppe_Giordani" title="Giuseppe Giordani">Giuseppe Giordani</a>
<ul>
	      <li>Michele Esposito, soprano</li>
	    </ul>
</li>
	</ul>
      </wiki:abstract>
      <ul xmlns="http://www.w3.org/1999/xhtml">
	<li>Disc One</li>
      </ul>
      <ul xmlns="http://www.w3.org/1999/xhtml">
	<li>Disc Two</li>
      </ul>
      <p xmlns="http://www.w3.org/1999/xhtml">The original soundtrack to <i>Amadeus</i> reached #56 on <i><a class="external" href="http://en.wikipedia.org/wiki/Billboard_(magazine)" title="Billboard (magazine)">Billboard's</a></i> album charts, making it one of the most popular recordings of classical music ever. All of the tracks were composed by Mozart, save an early <a class="external" href="http://en.wikipedia.org/wiki/Hungary" title="Hungary">Hungarian</a> <a class="external" href="http://en.wikipedia.org/wiki/Folk_music" title="Folk music">folk tune</a> and the final movement <i>Quando Corpus Morietur et Amen</i> by <a class="external" href="http://en.wikipedia.org/wiki/Giovanni_Battista_Pergolesi" title="Giovanni Battista Pergolesi">Giovanni Battista Pergolesi</a>, from his famous <i><a class="external" href="http://en.wikipedia.org/wiki/Stabat_Mater" title="Stabat Mater">Stabat Mater</a></i>.</p>
      <p xmlns="http://www.w3.org/1999/xhtml">The film features some music that is not included on the original soundtrack album release. As stated above, except where specified, all tracks were performed by the <a class="external" href="http://en.wikipedia.org/wiki/Academy_of_St._Martin_in_the_Fields" title="Academy of St. Martin in the Fields">Academy of St. Martin in the Fields</a>, conducted by <a class="external" href="http://en.wikipedia.org/wiki/Sir_Neville_Marriner" title="Sir Neville Marriner">Sir Neville Marriner</a>, and all were performed specifically for use in the film. According to the film commentary by Forman and Schaffer, Marriner agreed to score the film if Mozart's music was completely unchanged from Mozart's original scores. Marriner did add some notes to Salieri's music that are noticeable in the beginning of the film, as Salieri begins his confession.</p>
      <ul xmlns="http://www.w3.org/1999/xhtml">
	<li><i><a class="external" href="http://en.wikipedia.org/wiki/The_Magic_Flute" title="The Magic Flute">The Magic Flute</a></i>, Queen of the Night aria <i><a class="external" href="http://en.wikipedia.org/wiki/Der_H%C3%B6lle_Rache" title="Der HÃ¶lle Rache">Der HÃ¶lle Rache</a></i> performed by <a class="external" href="http://en.wikipedia.org/wiki/June_Anderson" title="June Anderson">June Anderson</a></li>
	<li><i><a class="external" href="http://en.wikipedia.org/wiki/The_Magic_Flute" title="The Magic Flute">The Magic Flute</a></i>, <i>Ein MÃ¤dchen oder Weibchen... (Papageno),</i> and <i>Pa-pa-gena! â€¦ Pa-pa-geno! (Papageno and Papagena)</i> performed by Brian Kay and Gillian Fisher</li>
	<li><i><a class="external" href="http://en.wikipedia.org/wiki/Axur,_Re_d%27Ormus" title="Axur, Re d'Ormus">Axur, Re d'Ormus</a></i>, Son queste le speranze... Salieri's opera shown in the beginning of the film</li>
	<li><i><a class="external" href="http://en.wikipedia.org/wiki/Die_Entf%C3%BChrung_aus_dem_Serail" title="Die EntfÃ¼hrung aus dem Serail">Die EntfÃ¼hrung aus dem Serail</a>, Martern aller Arten</i>... First opera that Mozart conducts in the film</li>
	<li><i><a class="external" href="http://en.wikipedia.org/wiki/Le_Nozze_Di_Figaro" title="Le Nozze Di Figaro">Le Nozze Di Figaro</a>, Cinque...dieci...venti...trenta...</i> The scene where Figaro (<a class="external" href="http://en.wikipedia.org/wiki/Samuel_Ramey" title="Samuel Ramey">Samuel Ramey</a>) is measuring a space for his wedding bed</li>
	<li><i><a class="external" href="http://en.wikipedia.org/wiki/Don_Giovanni" title="Don Giovanni">Don Giovanni</a>, La Ci Darem La Mano</i> appears as a parody sung as "Give me a hoof my darling, and I'll give you my heart"</li>
	<li><a class="external" href="http://en.wikipedia.org/wiki/Piano_Concerto_No._20_(Mozart)" title="Piano Concerto No. 20 (Mozart)">Piano Concerto in D minor, K. 466</a> 1st movement</li>
	<li><i>K.33B Harpsichord piece in F major</i>, played when Mozart is a child at the harpsichord, then on the violin (while blindfolded).</li>
	<li><i>Piano Concerto No.15 KV.450, B-dur - 3. Allegro</i>, played in the Theatrical version when Mozart is walking through Vienna carrying a bottle of champagne, and in the Director's Cut when Mozart is teaching a girl to play the piano and is interrupted by barking dogs.</li>
	<li>The 'improvisation', "in the manner of Johann Sebastian Bach" based on a Mozart melody, during the party scene after Leopold's visit. There is no mention of who composed this improvisation for the film, but it is possible that it was Sir Neville Marriner himself.</li>
      </ul>
      <h2 xmlns="http://www.w3.org/1999/xhtml"> <span class="mw-headline" id="Awards">Awards</span></h2>
      <ul xmlns="http://www.w3.org/1999/xhtml">
	<li>Won (8)</li>
      </ul>
      <ul xmlns="http://www.w3.org/1999/xhtml">
	<li>Nominated</li>
      </ul>
      <ul xmlns="http://www.w3.org/1999/xhtml">
	<li>Won (4)</li>
      </ul>
      <ul xmlns="http://www.w3.org/1999/xhtml">
	<li>Nominated</li>
      </ul>
      <ul xmlns="http://www.w3.org/1999/xhtml">
	<li>Won (4)</li>
      </ul>
      <ul xmlns="http://www.w3.org/1999/xhtml">
	<li>Won (1)</li>
      </ul>
      <ul xmlns="http://www.w3.org/1999/xhtml">
	<li>Won (1)</li>
      </ul>
      <ul xmlns="http://www.w3.org/1999/xhtml">
	<li>Won (1)</li>
      </ul>
      <ul xmlns="http://www.w3.org/1999/xhtml">
	<li>Won (1)</li>
      </ul>
      <ul xmlns="http://www.w3.org/1999/xhtml">
	<li>Won (4)</li>
      </ul>
      <ul xmlns="http://www.w3.org/1999/xhtml">
	<li>Nominated</li>
      </ul>
      <ul xmlns="http://www.w3.org/1999/xhtml">
	<li>Won (3)</li>
      </ul>
      <ul xmlns="http://www.w3.org/1999/xhtml">
	<li>Won (2)</li>
      </ul>
      <ul xmlns="http://www.w3.org/1999/xhtml">
	<li>Won (1)</li>
      </ul>
      <ul xmlns="http://www.w3.org/1999/xhtml">
	<li>Won (1)</li>
      </ul>
      <h2 xmlns="http://www.w3.org/1999/xhtml"> <span class="mw-headline" id="References">References</span></h2>
      <h2 xmlns="http://www.w3.org/1999/xhtml"> <span class="mw-headline" id="External_links">External links</span></h2>
      <ul xmlns="http://www.w3.org/1999/xhtml">
	<li><a href="http://www.imdb.com/title/tt0086879/" rel="nofollow"><i>Amadeus</i></a> at the <a class="external" href="http://en.wikipedia.org/wiki/Internet_Movie_Database" title="Internet Movie Database">Internet Movie Database</a></li>
	<li><a href="http://tcmdb.com/title/title.jsp?stid=420318" rel="nofollow"><i>Amadeus</i></a> at the <a class="external" href="http://en.wikipedia.org/wiki/Turner_Classic_Movies" title="Turner Classic Movies">TCM Movie Database</a></li>
	<li><a href="http://www.rottentomatoes.com/m/amadeus/" rel="nofollow"><i>Amadeus</i></a> at <a class="external" href="http://en.wikipedia.org/wiki/Rotten_Tomatoes" title="Rotten Tomatoes">Rotten Tomatoes</a></li>
	<li><a href="http://www.allmovie.com/work/1764" rel="nofollow"><i>Amadeus</i></a> at <a class="external" href="http://en.wikipedia.org/wiki/Allmovie" title="Allmovie">Allmovie</a></li>
	<li><a href="http://www.boxofficemojo.com/movies/?id=amadeus.htm" rel="nofollow"><i>Amadeus</i></a> at <a class="external" href="http://en.wikipedia.org/wiki/Box_Office_Mojo" title="Box Office Mojo">Box Office Mojo</a></li>
	<li><a href="http://makuro.mak-sima.com/teksty/amadeus/amadeus.html" rel="nofollow">Analysis of <i>Amadeus</i> - the play and the film</a></li>
	<li><a href="http://imsdb.com/scripts/Amadeus.html" rel="nofollow"><i>Amadeus</i></a> The script.</li>
      </ul>
    </wiki:description>
  </wiki:film>
</wiki:nominee>