<?xml version="1.0" encoding="UTF-8"?>
<wiki:nominee year="1964" span="1" winner="false" award="supporting-actress" xmlns:wiki="http://marklogic.com/wikipedia">
  <!--
                            Copyright (c) 2010 MarkLogic Corporation.
                            Permission is granted to copy, distribute and/or modify this document
                            under the terms of the GNU Free Documentation License, Version 1.2
                            or any later version published by the Free Software Foundation;
                            with no Invariant Sections, no Front-Cover Texts, and no Back-Cover Texts.
                            A copy of the license is included in the section entitled "GNU
                            Free Documentation License"
                            
                            Content derived from http://en.wikipedia.org/wiki/My_Fair_Lady_(film) and http://en.wikipedia.org/wiki/Gladys_Cooper
                            Modified in May 2009 by Mark Logic Corporation under the terms of the GNU Free Documentation License.
                        -->
  <wiki:name link="/wiki/Gladys_Cooper">Gladys Cooper</wiki:name>
  <wiki:person link="/wiki/Gladys_Cooper" name="Gladys Cooper">
    <wiki:oscar year="1942" span="1" winner="false" award="supporting-actress" film-link="/wiki/Now,_Voyager" film-title="Now, Voyager"/>
    <wiki:oscar year="1943" span="1" winner="false" award="supporting-actress" film-link="/wiki/The_Song_of_Bernadette_(film)" film-title="The Song of Bernadette"/>
    <wiki:oscar year="1964" span="1" winner="false" award="supporting-actress" film-link="/wiki/My_Fair_Lady_(film)" film-title="My Fair Lady"/>
    <wiki:image link="http://upload.wikimedia.org/wikipedia/commons/thumb/a/a6/Gladys-Cooper_Ggbain.jpg/220px-Gladys-Cooper_Ggbain.jpg"/>
    <wiki:birth>
      <wiki:date>1888-12-18</wiki:date>
      <wiki:place>
	<wiki:primary link="/wiki/Chiswick">Chiswick</wiki:primary>
	<wiki:secondary link="/wiki/England">England</wiki:secondary>
      <enrich><woeid xmlns="http://where.yahooapis.com/v1/schema.rng">12695832</woeid><placeTypeName code="10" xmlns="http://where.yahooapis.com/v1/schema.rng">Local Administrative Area</placeTypeName><name xmlns="http://where.yahooapis.com/v1/schema.rng">London Borough of Hounslow</name><country code="GB" type="Country" xmlns="http://where.yahooapis.com/v1/schema.rng">United Kingdom</country><admin1 code="GB-ENG" type="Country" xmlns="http://where.yahooapis.com/v1/schema.rng">England</admin1><admin2 code="GB-LND" type="County" xmlns="http://where.yahooapis.com/v1/schema.rng">Greater London</admin2><admin3 xmlns="http://where.yahooapis.com/v1/schema.rng"/><locality1 type="Town" xmlns="http://where.yahooapis.com/v1/schema.rng">London</locality1><locality2 xmlns="http://where.yahooapis.com/v1/schema.rng"/><postal xmlns="http://where.yahooapis.com/v1/schema.rng"/><centroid xmlns="http://where.yahooapis.com/v1/schema.rng"><latitude>51.461670</latitude><longitude>-0.352460</longitude></centroid><boundingBox xmlns="http://where.yahooapis.com/v1/schema.rng"><southWest><latitude>51.420738</latitude><longitude>-0.461490</longitude></southWest><northEast><latitude>51.502590</latitude><longitude>-0.243430</longitude></northEast></boundingBox><areaRank xmlns="http://where.yahooapis.com/v1/schema.rng">4</areaRank><popRank xmlns="http://where.yahooapis.com/v1/schema.rng">0</popRank></enrich></wiki:place>
    </wiki:birth>
    <wiki:death>
      <wiki:date>17 November 1971</wiki:date>
      <wiki:place>
	<wiki:primary link="/wiki/Henley-on-Thames">Henley-on-Thames</wiki:primary>
	<wiki:secondary link="/wiki/England">England</wiki:secondary>
      </wiki:place>
    </wiki:death>
    <wiki:description>
      <wiki:abstract>
	<p xmlns="http://www.w3.org/1999/xhtml"><b>Dame Gladys Constance Cooper</b>, <a class="external" href="http://en.wikipedia.org/wiki/Order_of_the_British_Empire" title="Order of the British Empire">DBE</a> (18 December 1888 â€“ 17 November 1971) was an <a class="external" href="http://en.wikipedia.org/wiki/England" title="England">English</a> actress.</p>
	<h2 xmlns="http://www.w3.org/1999/xhtml"> <span class="mw-headline" id="Early_life_and_career">Early life and career</span></h2>
	<p xmlns="http://www.w3.org/1999/xhtml">Cooper was born at 23 Ennersdale Road, <a class="external" href="http://en.wikipedia.org/wiki/Hither_Green" title="Hither Green">Hither Green</a>, <a class="external" href="http://en.wikipedia.org/wiki/Lewisham" title="Lewisham">Lewisham</a>, London, England, one of the three daughters of Charles William Frederick Cooper by his marriage to Mabel Barnett. She spent most of her childhood in <a class="external" href="http://en.wikipedia.org/wiki/Chiswick" title="Chiswick">Chiswick</a>, where her family moved when she was an infant.</p>
	<p xmlns="http://www.w3.org/1999/xhtml">She made her stage dÃ©but in 1905 touring with <a class="external" href="http://en.wikipedia.org/wiki/Seymour_Hicks" title="Seymour Hicks">Seymour Hicks</a> in his musical <i><a class="external" href="http://en.wikipedia.org/wiki/Bluebell_in_Fairyland" title="Bluebell in Fairyland">Bluebell in Fairyland</a></i>. The young beauty was also a popular photography model. In 1906, she appeared in London in <i><a class="external" href="http://en.wikipedia.org/wiki/The_Belle_of_Mayfair" title="The Belle of Mayfair">The Belle of Mayfair</a></i>, and the following year she became a chorus girl at the <a class="external" href="http://en.wikipedia.org/wiki/Gaiety_Theatre,_London" title="Gaiety Theatre, London">Gaiety Theatre, London</a>, appearing in the successful 1908 musical <i><a class="external" href="http://en.wikipedia.org/wiki/Havana_(Edwardian_musical)" title="Havana (Edwardian musical)">Havana</a></i>. In 1911, she appeared in a production of <i><a class="external" href="http://en.wikipedia.org/wiki/The_Importance_of_Being_Earnest" title="The Importance of Being Earnest">The Importance of Being Earnest</a></i>, and in 1913 she appeared in her first film, <i>The Eleventh Commandment.</i> In addition, in 1917, Cooper became co-manager, with <a class="external" href="http://en.wikipedia.org/wiki/Frank_Curzon" title="Frank Curzon">Frank Curzon</a>, of the <a class="external" href="http://en.wikipedia.org/wiki/Playhouse_Theatre" title="Playhouse Theatre">Playhouse Theatre</a>, taking over sole control from 1927 until she left in 1933.</p>
	<p xmlns="http://www.w3.org/1999/xhtml">Cooper appeared in <a class="external" href="http://en.wikipedia.org/wiki/W._Somerset_Maugham" title="W. Somerset Maugham">W. Somerset Maugham</a>'s <i><a class="external" href="http://en.wikipedia.org/w/index.php?title=Home_and_Beauty&amp;action=edit&amp;redlink=1" title="Home and Beauty (page does not exist)">Home and Beauty</a></i> in London in 1919. However, it was not until 1922 that she found major critical success, in <a class="external" href="http://en.wikipedia.org/wiki/Arthur_Wing_Pinero" title="Arthur Wing Pinero">Arthur Wing Pinero</a>'s <i><a class="external" href="http://en.wikipedia.org/wiki/The_Second_Mrs._Tanqueray" title="The Second Mrs. Tanqueray">The Second Mrs. Tanqueray</a></i>. Early in her stage career, she was criticized for being stiff. <a class="external" href="http://en.wikipedia.org/wiki/Aldous_Huxley" title="Aldous Huxley">Aldous Huxley</a> dismissed her performance in <i>Home and Beauty</i>: "she is too impassive, too statuesque, playing all the time as if she were <a class="external" href="http://en.wikipedia.org/wiki/Galatea" title="Galatea">Galatea</a>, newly unpetrified and still unused to the ways of the living world."  Yet Maugham praised her for "turning herself from an indifferent actress to an extremely competent one" through her common sense and industriousness. She also appeared in Maugham's <i><a class="external" href="http://en.wikipedia.org/wiki/The_Letter_(play)" title="The Letter (play)">The Letter</a></i> in 1927.</p>
	<h2 xmlns="http://www.w3.org/1999/xhtml"> <span class="mw-headline" id="Later_career">Later career</span></h2>
	<p xmlns="http://www.w3.org/1999/xhtml">Cooper found success in <a class="external" href="http://en.wikipedia.org/wiki/Hollywood" title="Hollywood">Hollywood</a> in a variety of character roles and was frequently cast as a disapproving, aristocratic society woman, although she sometimes played lively, approachable types, as she did in <i><a class="external" href="http://en.wikipedia.org/wiki/Rebecca_(film)" title="Rebecca (film)">Rebecca</a></i> (1940). She appeared in <i><a class="external" href="http://en.wikipedia.org/wiki/The_Green_Years_(film)" title="The Green Years (film)">The Green Years</a></i> (1946), <i><a class="external" href="http://en.wikipedia.org/wiki/The_Secret_Garden_(1949_film)" title="The Secret Garden (1949 film)">The Secret Garden</a></i> (1949) and <i><a class="external" href="http://en.wikipedia.org/wiki/Separate_Tables_(film)" title="Separate Tables (film)">Separate Tables</a></i> (1958). She was nominated three times for an <a class="external" href="http://en.wikipedia.org/wiki/Academy_Award_for_Best_Supporting_Actress" title="Academy Award for Best Supporting Actress">Academy Award for Best Supporting Actress</a> for her performances as <a class="external" href="http://en.wikipedia.org/wiki/Bette_Davis" title="Bette Davis">Bette Davis</a>'s domineering mother in <i><a class="external" href="http://en.wikipedia.org/wiki/Now,_Voyager" title="Now, Voyager">Now, Voyager</a></i> (1942), a skeptical nun in <i><a class="external" href="http://en.wikipedia.org/wiki/The_Song_of_Bernadette_(film)" title="The Song of Bernadette (film)">The Song of Bernadette</a></i> (1943), and <a class="external" href="http://en.wikipedia.org/wiki/Rex_Harrison" title="Rex Harrison">Rex Harrison</a>'s mother, Mrs. Higgins, in <i><a class="external" href="http://en.wikipedia.org/wiki/My_Fair_Lady_(film)" title="My Fair Lady (film)">My Fair Lady</a></i> (1964). She also appeared in <i><a class="external" href="http://en.wikipedia.org/wiki/The_Happiest_Millionaire" title="The Happiest Millionaire">The Happiest Millionaire</a></i> (1967) as Aunt Mary Drexel, singing "There Are Those".</p>
	<p xmlns="http://www.w3.org/1999/xhtml">Her last major success on the stage was in the role of Mrs. St. Maugham in <a class="external" href="http://en.wikipedia.org/wiki/Enid_Bagnold" title="Enid Bagnold">Enid Bagnold</a>'s <i><a class="external" href="http://en.wikipedia.org/wiki/The_Chalk_Garden" title="The Chalk Garden">The Chalk Garden</a></i>, a role she had created in London and on <a class="external" href="http://en.wikipedia.org/wiki/Broadway_theatre" title="Broadway theatre">Broadway</a>. In 1967, she appeared in London in Maugham's <i><a class="external" href="http://en.wikipedia.org/wiki/The_Sacred_Flame_(play)" title="The Sacred Flame (play)">The Sacred Flame</a></i> with <a class="external" href="http://en.wikipedia.org/wiki/Wendy_Hiller" title="Wendy Hiller">Wendy Hiller</a> and <a class="external" href="http://en.wikipedia.org/wiki/Leo_Genn" title="Leo Genn">Leo Genn</a>. In that year, at nearly 80 years of age, she was made a Dame Commander of the <a class="external" href="http://en.wikipedia.org/wiki/Order_of_the_British_Empire" title="Order of the British Empire">Order of the British Empire</a> (DBE). She continued to act past her 80th birthday, including a memorable performance in 1971 in a revival of <i><a class="external" href="http://en.wikipedia.org/wiki/The_Chalk_Garden" title="The Chalk Garden">The Chalk Garden</a></i> at the <a class="external" href="http://en.wikipedia.org/wiki/Haymarket_Theatre" title="Haymarket Theatre">Haymarket Theatre</a>.</p>
	<h2 xmlns="http://www.w3.org/1999/xhtml"> <span class="mw-headline" id="Private_life">Private life</span></h2>
      </wiki:abstract>
      <p xmlns="http://www.w3.org/1999/xhtml">She herself eventually returned to the United Kingdom for her final years. She died from pneumonia at the age of 82 in <a class="external" href="http://en.wikipedia.org/wiki/Henley-on-Thames" title="Henley-on-Thames">Henley-on-Thames</a>, England.</p>
      <p xmlns="http://www.w3.org/1999/xhtml">An old theatre anecdote recalls that in 1928, she appeared in the play <i><a class="external" href="http://en.wikipedia.org/wiki/Excelsior" title="Excelsior">Excelsior</a></i> in which her sister Doris, a small-part actress who often travelled with Gladys and appeared in some of the same plays, was given a speaking part. On opening night, Doris was reduced to tears backstage after her first appearance, which was greeted by a low hiss from the audience. "Oh no, dear," a friend reassured her. "They're just all whispering to each other, 'She's Doris Cooper. She's Gladys Cooper's sister. Gladys Cooper's sister'."</p>
      <h2 xmlns="http://www.w3.org/1999/xhtml"> <span class="mw-headline" id="Filmography">Filmography</span></h2>
      <h2 xmlns="http://www.w3.org/1999/xhtml"> <span class="mw-headline" id="Television">Television</span></h2>
      <p xmlns="http://www.w3.org/1999/xhtml">Among many other appearances, she starred in the 1960s in <i><a class="external" href="http://en.wikipedia.org/wiki/The_Rogues_(TV_series)" title="The Rogues (TV series)">The Rogues</a></i> with <a class="external" href="http://en.wikipedia.org/wiki/David_Niven" title="David Niven">David Niven</a>, <a class="external" href="http://en.wikipedia.org/wiki/Charles_Boyer" title="Charles Boyer">Charles Boyer</a>, <a class="external" href="http://en.wikipedia.org/wiki/Gig_Young" title="Gig Young">Gig Young</a>, <a class="external" href="http://en.wikipedia.org/wiki/Robert_Coote" title="Robert Coote">Robert Coote</a>, <a class="external" href="http://en.wikipedia.org/wiki/John_Williams_(actor)" title="John Williams (actor)">John Williams</a> and <a class="external" href="http://en.wikipedia.org/wiki/Larry_Hagman" title="Larry Hagman">Larry Hagman</a>. For this, she won a <a class="external" href="http://en.wikipedia.org/wiki/Golden_Globe_Award" title="Golden Globe Award">Golden Globe Award</a> in 1965.</p>
      <p xmlns="http://www.w3.org/1999/xhtml">She also appeared in three episodes of <i><a class="external" href="http://en.wikipedia.org/wiki/The_Twilight_Zone_(1959_TV_series)" title="The Twilight Zone (1959 TV series)">The Twilight Zone</a></i>. In the first, entitled "<a class="external" href="http://en.wikipedia.org/wiki/Nothing_in_the_Dark" title="Nothing in the Dark">Nothing in the Dark</a>" (1962), she plays an old lady who refuses to leave her apartment for fear of meeting Death. A young policeman (<a class="external" href="http://en.wikipedia.org/wiki/Robert_Redford" title="Robert Redford">Robert Redford</a>) is shot at her doorstep and persuades her to let him in. Her second appearance was in the episode "<a class="external" href="http://en.wikipedia.org/wiki/Passage_on_the_Lady_Anne" title="Passage on the Lady Anne">Passage on the Lady Anne</a>", which aired on 9 May 1963. Her final episode was in 1964, in "<a class="external" href="http://en.wikipedia.org/wiki/Night_Call" title="Night Call">Night Call</a>", portraying a difficult, lonely old lady who is besieged by late-night phone calls, which she learns too late are from the ghost of her long-dead fiancÃ©.</p>
      <h2 xmlns="http://www.w3.org/1999/xhtml"> <span class="mw-headline" id="References">References</span></h2>
      <ul xmlns="http://www.w3.org/1999/xhtml">
	<li><i>Without Veils</i>, by <a class="external" href="http://en.wikipedia.org/wiki/Sewell_Stokes" title="Sewell Stokes">Sewell Stokes</a>, introduction by Somerset Maugham, Peter Davis, London (1953).</li>
	<li><i>Gladys Cooper</i> (1979), by <a class="external" href="http://en.wikipedia.org/wiki/Sheridan_Morley" title="Sheridan Morley">Sheridan Morley</a></li>
	<li><a href="http://www.theartstheatreclub.com/history.php" rel="nofollow">Profile of Cooper</a></li>
      </ul>
      <h2 xmlns="http://www.w3.org/1999/xhtml"> <span class="mw-headline" id="External_links">External links</span></h2>
      <ul xmlns="http://www.w3.org/1999/xhtml">
	<li><a href="http://www.gladyscooper.com" rel="nofollow">Vintage Postcards of Gladys Cooper</a> can be seen at <a href="http://www.gladyscooper.com" rel="nofollow">www.gladyscooper.com</a></li>
	<li><a href="http://www.ibdb.com/person.asp?ID=36243" rel="nofollow">Gladys Cooper</a> at the <a class="external" href="http://en.wikipedia.org/wiki/Internet_Broadway_Database" title="Internet Broadway Database">Internet Broadway Database</a></li>
	<li><a href="http://www.imdb.com/name/nm0178066/" rel="nofollow">Gladys Cooper</a> at the <a class="external" href="http://en.wikipedia.org/wiki/Internet_Movie_Database" title="Internet Movie Database">Internet Movie Database</a></li>
	<li><a href="http://www.bris.ac.uk/theatrecollection/search/people_sub_plays_all?forename=Gladys&amp;surname=COOPER&amp;job=Actor&amp;pid=13401&amp;image_view=Yesamp;x=19amp;y=17" rel="nofollow">Performances by Gladys Cooper listed in the Theatre Collection archive, University of Bristol</a></li>
	<li><a href="http://www.findagrave.com/cgi-bin/fg.cgi?page=gr&amp;GRid=6502786" rel="nofollow">Gladys Cooper</a> at <a class="external" href="http://en.wikipedia.org/wiki/Find_a_Grave" title="Find a Grave">Find a Grave</a></li>
      </ul>
    </wiki:description>
  </wiki:person>
  <wiki:film-title link="/wiki/My_Fair_Lady_(film)">My Fair Lady</wiki:film-title>
  <wiki:film link="/wiki/My_Fair_Lady_(film)" title="My Fair Lady">
    <wiki:oscar-ref year="1964" span="1" winner="true" award="lead-actor" person-link="/wiki/Rex_Harrison" person-name="Rex Harrison"/>
    <wiki:oscar-ref year="1964" span="1" winner="false" award="supporting-actor" person-link="/wiki/Stanley_Holloway" person-name="Stanley Holloway"/>
    <wiki:oscar-ref year="1964" span="1" winner="false" award="supporting-actress" person-link="/wiki/Gladys_Cooper" person-name="Gladys Cooper"/>
    <wiki:oscar year="1964" span="1" winner="true" award="best-picture"/>
    <wiki:producer link="/wiki/Jack_Warner">Jack Warner</wiki:producer>
    <wiki:director link="/wiki/George_Cukor">George Cukor</wiki:director>
    <wiki:writer link="/wiki/Alan_Jay_Lerner">Alan Jay Lerner</wiki:writer>
    <wiki:writer link="/wiki/George_Bernard_Shaw">George Bernard Shaw</wiki:writer>
    <wiki:distributor link="/wiki/Warner_Bros.">Warner Bros.</wiki:distributor>
    <wiki:distributor link="/wiki/20th_Century_Fox">20th Century Fox</wiki:distributor>
    <wiki:starring link="/wiki/Audrey_Hepburn">Audrey Hepburn</wiki:starring>
    <wiki:starring link="/wiki/Rex_Harrison">Rex Harrison</wiki:starring>
    <wiki:description>
      <wiki:abstract>
	<p xmlns="http://www.w3.org/1999/xhtml"><i><b>My Fair Lady</b></i> is a 1964 American <a class="external" href="http://en.wikipedia.org/wiki/Musical_film" title="Musical film">musical</a> <a class="external" href="http://en.wikipedia.org/wiki/Film_adaptation" title="Film adaptation">film adaptation</a> of the <a class="external" href="http://en.wikipedia.org/wiki/Lerner_and_Loewe" title="Lerner and Loewe">Lerner and Loewe</a> stage musical, <a class="external" href="http://en.wikipedia.org/wiki/My_Fair_Lady" title="My Fair Lady">of the same name</a>, based on the film adaptation of the stage play <i><a class="external" href="http://en.wikipedia.org/wiki/Pygmalion_(play)" title="Pygmalion (play)">Pygmalion</a></i> by <a class="external" href="http://en.wikipedia.org/wiki/George_Bernard_Shaw" title="George Bernard Shaw">George Bernard Shaw</a>. The ending and the ballroom scene are from the 1938 film, <i>Pygmalion</i>, rather than Shaw's original stage play. The film was directed by <a class="external" href="http://en.wikipedia.org/wiki/George_Cukor" title="George Cukor">George Cukor</a> and stars <a class="external" href="http://en.wikipedia.org/wiki/Audrey_Hepburn" title="Audrey Hepburn">Audrey Hepburn</a> and <a class="external" href="http://en.wikipedia.org/wiki/Rex_Harrison" title="Rex Harrison">Rex Harrison</a>.</p>
	<p xmlns="http://www.w3.org/1999/xhtml">The film won eight <a class="external" href="http://en.wikipedia.org/wiki/Academy_Awards" title="Academy Awards">Academy Awards</a>, including <a class="external" href="http://en.wikipedia.org/wiki/Best_Picture" title="Best Picture">Best Picture</a>, <a class="external" href="http://en.wikipedia.org/wiki/Best_Actor" title="Best Actor">Best Actor</a>, and <a class="external" href="http://en.wikipedia.org/wiki/Academy_Award_for_Best_Director" title="Academy Award for Best Director">Best Director</a>.</p>
	<h2 xmlns="http://www.w3.org/1999/xhtml"> <span class="mw-headline" id="Plot">Plot</span></h2>
	<p xmlns="http://www.w3.org/1999/xhtml">In <a class="external" href="http://en.wikipedia.org/wiki/Edwardian" title="Edwardian">Edwardian</a> <a class="external" href="http://en.wikipedia.org/wiki/London" title="London">London</a>, Henry Higgins (<a class="external" href="http://en.wikipedia.org/wiki/Rex_Harrison" title="Rex Harrison">Rex Harrison</a>), an arrogant, irascible, <a class="external" href="http://en.wikipedia.org/wiki/Misogynist" title="Misogynist">misogynistic</a> professor of <a class="external" href="http://en.wikipedia.org/wiki/Phonetics" title="Phonetics">phonetics</a>, believes that the accent and tone of one's voice determines a person's prospects in society. He boasts to a new acquaintance, Colonel Hugh Pickering (<a class="external" href="http://en.wikipedia.org/wiki/Wilfrid_Hyde-White" title="Wilfrid Hyde-White">Wilfrid Hyde-White</a>), himself an expert in phonetics, that he could teach any woman to speak so "properly" that he could pass her off as a <a class="external" href="http://en.wikipedia.org/wiki/Duchess" title="Duchess">duchess</a> at an embassy <a class="external" href="http://en.wikipedia.org/wiki/Ball_(dance)" title="Ball (dance)">ball</a>, citing, as an example, a young <a class="external" href="http://en.wikipedia.org/wiki/Flower_seller" title="Flower seller">flower seller</a> from the <a class="external" href="http://en.wikipedia.org/wiki/Slum" title="Slum">slums</a>, Eliza Doolittle (<a class="external" href="http://en.wikipedia.org/wiki/Audrey_Hepburn" title="Audrey Hepburn">Audrey Hepburn</a>), who has a strong <a class="external" href="http://en.wikipedia.org/wiki/Cockney" title="Cockney">Cockney</a> ("Lisson grove lingo" as it is called) accent.</p>
	<p xmlns="http://www.w3.org/1999/xhtml">Eliza goes to Higgins seeking <a class="external" href="http://en.wikipedia.org/wiki/Elocution" title="Elocution">speech lessons</a>. Her great ambition is to work in a flower shop, but her thick accent makes her unsuitable for such a position. All she can afford to pay is a <a class="external" href="http://en.wikipedia.org/wiki/Shilling" title="Shilling">shilling</a> per lesson, whereas Higgins is used to training wealthier members of society. Pickering, who is staying with Higgins, is intrigued by the idea of passing a common flower girl off as a duchess and bets Higgins he cannot make good his boast, offering to pay for the lessons himself.</p>
	<p xmlns="http://www.w3.org/1999/xhtml">Eliza's father, Alfred P. Doolittle (<a class="external" href="http://en.wikipedia.org/wiki/Stanley_Holloway" title="Stanley Holloway">Stanley Holloway</a>), a <a class="external" href="http://en.wikipedia.org/wiki/Waste_collector" title="Waste collector">dustman</a>, shows up three days later, ostensibly to protect his daughter's virtue, but in reality simply to extract some money from Higgins, and is bought off with Â£5. Higgins is impressed by the man's honesty, his natural gift for language, and especially his brazen lack of morals - "Can't afford 'em!" claims Doolittle. Higgins recommends Doolittle to a wealthy American who is interested in morality.</p>
	<p xmlns="http://www.w3.org/1999/xhtml">Eliza goes through many forms of speech training, such as speaking with marbles in her mouth, enduring Higgins' harsh approach to teaching and his treatment of her personally. She makes little progress, but just as she, Higgins, and Pickering are about to give up, Eliza finally "gets it"; she instantly begins to speak with an impeccable <a class="external" href="http://en.wikipedia.org/wiki/Received_Pronunciation" title="Received Pronunciation">upper class accent</a>.</p>
	<p xmlns="http://www.w3.org/1999/xhtml">As a test, Higgins takes her to <a class="external" href="http://en.wikipedia.org/wiki/Ascot_Racecourse" title="Ascot Racecourse">Ascot Racecourse</a>, where she makes a good impression with her stilted, but genteel manners, only to shock everyone by a sudden and vulgar lapse into Cockney while encouraging a horse to win a race: "C'mon Dover, move your bloomin' arse!" Higgins, who dislikes the pretentiousness of the upper class, partly conceals a grin behind his hand.</p>
	<p xmlns="http://www.w3.org/1999/xhtml">Eliza poses as a mysterious lady at an embassy ball and even dances with a foreign prince. At the ball is Zoltan Karpathy (<a class="external" href="http://en.wikipedia.org/wiki/Theodore_Bikel" title="Theodore Bikel">Theodore Bikel</a>), a Hungarian phonetics expert trained by Higgins. After a brief conversation with Eliza, he certifies that she is of royal blood. This makes Higgins' evening, since he has always looked upon Karpathy as a bounder and a crook.</p>
      </wiki:abstract>
      <p xmlns="http://www.w3.org/1999/xhtml">Accompanied by Freddy Eynsford-Hill (<a class="external" href="http://en.wikipedia.org/wiki/Jeremy_Brett" title="Jeremy Brett">Jeremy Brett</a>), a young man she met at Ascot and who has become enamoured of her, Eliza returns to her old stomping ground at <a class="external" href="http://en.wikipedia.org/wiki/Covent_Garden" title="Covent Garden">Covent Garden</a>, but finds that she no longer fits in. She meets her father, who has been left a large fortune by the wealthy American Higgins had sent him to and is resigned to marrying Eliza's stepmother. Alfred feels that Higgins has ruined him, since he is now bound by morals and responsibility. Eventually, Eliza ends up visiting Higgins' mother, who is incensed at her son's behaviour.</p>
      <p xmlns="http://www.w3.org/1999/xhtml">In the <a class="external" href="http://en.wikipedia.org/wiki/Pygmalion_(play)#Ending" title="Pygmalion (play)">ending of the original play</a> Eliza makes it clear that she will marry Freddy. Shaw later wrote an essay in which he explained precisely why it was impossible for the story to end with Higgins and Eliza getting married, though they would continue to be close throughout their lives. Higgins himself does not appear to want to marry Eliza. Towards the end of the original play, he sees the future as "You and I and Pickering will be three old bachelors together instead of only two men and a silly girl."</p>
      <p xmlns="http://www.w3.org/1999/xhtml">The ending of the stage version of <i>My Fair Lady</i> comes from the <a class="external" href="http://en.wikipedia.org/wiki/Pygmalion_(1938_film)" title="Pygmalion (1938 film)">1938 film version of <i>Pygmalion</i></a>, starring <a class="external" href="http://en.wikipedia.org/wiki/Leslie_Howard_(actor)" title="Leslie Howard (actor)">Leslie Howard</a> and <a class="external" href="http://en.wikipedia.org/wiki/Wendy_Hiller" title="Wendy Hiller">Wendy Hiller</a>. The ending of the musical was faithfully retained in the film version.</p>
      <h2 xmlns="http://www.w3.org/1999/xhtml"> <span class="mw-headline" id="Cast">Cast</span></h2>
      <ul xmlns="http://www.w3.org/1999/xhtml">
	<li><a class="external" href="http://en.wikipedia.org/wiki/Audrey_Hepburn" title="Audrey Hepburn">Audrey Hepburn</a> (<a class="external" href="http://en.wikipedia.org/wiki/Marni_Nixon" title="Marni Nixon">Marni Nixon</a>, singing) as Eliza Doolittle</li>
	<li><a class="external" href="http://en.wikipedia.org/wiki/Rex_Harrison" title="Rex Harrison">Rex Harrison</a> as Professor Henry Higgins</li>
	<li><a class="external" href="http://en.wikipedia.org/wiki/Wilfrid_Hyde-White" title="Wilfrid Hyde-White">Wilfrid Hyde-White</a> as Colonel Hugh Pickering</li>
	<li><a class="external" href="http://en.wikipedia.org/wiki/Stanley_Holloway" title="Stanley Holloway">Stanley Holloway</a> as Alfred P. Doolittle</li>
	<li><a class="external" href="http://en.wikipedia.org/wiki/Gladys_Cooper" title="Gladys Cooper">Gladys Cooper</a> as Mrs. Higgins</li>
	<li><a class="external" href="http://en.wikipedia.org/wiki/Jeremy_Brett" title="Jeremy Brett">Jeremy Brett</a> (<a class="external" href="http://en.wikipedia.org/wiki/Bill_Shirley" title="Bill Shirley">Bill Shirley</a>, singing) as Freddy Eynsford-Hill</li>
	<li><a class="external" href="http://en.wikipedia.org/wiki/Theodore_Bikel" title="Theodore Bikel">Theodore Bikel</a> as Zoltan Karpathy</li>
	<li><a class="external" href="http://en.wikipedia.org/wiki/Mona_Washbourne" title="Mona Washbourne">Mona Washbourne</a> as Mrs. Pearce, Higgins' housekeeper</li>
	<li><a class="external" href="http://en.wikipedia.org/wiki/Isobel_Elsom" title="Isobel Elsom">Isobel Elsom</a> as Mrs. Eynsford-Hill</li>
	<li><a class="external" href="http://en.wikipedia.org/wiki/John_Holland" title="John Holland">John Holland</a> as Butler</li>
      </ul>
      <h2 xmlns="http://www.w3.org/1999/xhtml"> <span class="mw-headline" id="Production">Production</span></h2>
      <p xmlns="http://www.w3.org/1999/xhtml">Hepburn's singing was judged inadequate, and she was dubbed by <a class="external" href="http://en.wikipedia.org/wiki/Marni_Nixon" title="Marni Nixon">Marni Nixon</a>, who sang all songs except "Just You Wait", where Hepburn's voice was left undubbed during the harsh-toned chorus of the song and Nixon sang the melodic bridge section. Some of Hepburn's original vocal performances for the film were released in the 1990s, affording audiences an opportunity to judge whether the dubbing was necessary. Less well known is the dubbing of <a class="external" href="http://en.wikipedia.org/wiki/Jeremy_Brett" title="Jeremy Brett">Jeremy Brett</a>'s songs (as Freddy) by Bill Shirley.</p>
      <p xmlns="http://www.w3.org/1999/xhtml"><a class="external" href="http://en.wikipedia.org/wiki/Rex_Harrison" title="Rex Harrison">Rex Harrison</a> declined to pre-record his musical numbers for the film, explaining that he had never talked his way through the songs the same way twice and thus couldn't convincingly lip-sync to a playback during filming (as musical stars had been doing in Hollywood since the dawn of <a class="external" href="http://en.wikipedia.org/wiki/Talking_pictures" title="Talking pictures">talking pictures</a>). To permit Harrison to recite his songs live during filming, the Warner Bros. Studio Sound Department, under the direction of George Groves, implanted a <a class="external" href="http://en.wikipedia.org/wiki/Wireless_microphone" title="Wireless microphone">wireless microphone</a> in Harrison's neckties, marking the first known wireless microphone use in film history. <a class="external" href="http://en.wikipedia.org/wiki/Andr%C3%A9_Previn" title="AndrÃ© Previn">AndrÃ© Previn</a> then conducted the final version of the music to the voice recording. The sound department earned an Academy Award for its efforts.</p>
      <p xmlns="http://www.w3.org/1999/xhtml">The art direction was by <a class="external" href="http://en.wikipedia.org/wiki/Cecil_Beaton" title="Cecil Beaton">Cecil Beaton</a>, who won an Oscar. Beaton's inspiration for the library in Henry Higgins' home, where much of the action takes place, was a room at the <a class="external" href="http://en.wikipedia.org/wiki/Ch%C3%A2teau_de_Groussay" title="ChÃ¢teau de Groussay">ChÃ¢teau de Groussay</a>, <a class="external" href="http://en.wikipedia.org/wiki/Montfort-l%27Amaury" title="Montfort-l'Amaury">Montfort-l'Amaury</a>, in <a class="external" href="http://en.wikipedia.org/wiki/France" title="France">France</a>, which had been decorated opulently by its owner <a class="external" href="http://en.wikipedia.org/wiki/Carlos_de_Beistegui" title="Carlos de Beistegui">Carlos de Beistegui</a>.</p>
      <p xmlns="http://www.w3.org/1999/xhtml">The head of CBS put up the money for the original Broadway production in exchange for the rights to the cast album (through <a class="external" href="http://en.wikipedia.org/wiki/Columbia_Records" title="Columbia Records">Columbia Records</a>). When Warner bought the film rights in February 1962 for the then-unprecedented sum of $5 million, it was agreed that the rights to the film would revert to CBS seven years after its release.</p>
      <p xmlns="http://www.w3.org/1999/xhtml">The first home video release was by <a class="external" href="http://en.wikipedia.org/wiki/MGM/CBS_Home_Video" title="MGM/CBS Home Video">MGM/CBS Home Video</a> in 1981, and was re-released by <a class="external" href="http://en.wikipedia.org/wiki/CBS/Fox_Video" title="CBS/Fox Video">CBS/Fox Video</a> in 1984, 1986, 1991, and 1994.</p>
      <p xmlns="http://www.w3.org/1999/xhtml">Warner owned the film's original copyright, but it was renewed by CBS due to the 1972 rights reversion. From 1998-2008, Warner owned the DVD rights to the film (under license from CBS), while <a class="external" href="http://en.wikipedia.org/wiki/CBS_Television_Distribution" title="CBS Television Distribution">CBS Television Distribution</a> owns the television rights. This made <i>My Fair Lady</i> the only theatrical film whose ancillary rights are owned by CBS that was not distributed by <a class="external" href="http://en.wikipedia.org/wiki/CBS_Home_Entertainment" title="CBS Home Entertainment">CBS Home Entertainment</a>.</p>
      <p xmlns="http://www.w3.org/1999/xhtml">A VHS release by <a class="external" href="http://en.wikipedia.org/wiki/Paramount_Pictures" title="Paramount Pictures">Paramount Pictures</a> in 2001 is currently <a class="external" href="http://en.wikipedia.org/wiki/Out_of_print" title="Out of print">out of print</a>. However, Paramount obtained DVD rights in 2009 and re-released the film on DVD, on October 6, 2009.</p>
      <h2 xmlns="http://www.w3.org/1999/xhtml"> <span class="mw-headline" id="Musical_numbers">Musical numbers</span></h2>
      <h2 xmlns="http://www.w3.org/1999/xhtml"> <span class="mw-headline" id="Soundtrack_album_as_heard_on_the_original_LP">Soundtrack album as heard on the original LP</span></h2>
      <p xmlns="http://www.w3.org/1999/xhtml"><i>All tracks played by The Warner Bros. Studio Orchestra conducted by <a class="external" href="http://en.wikipedia.org/wiki/Andr%C3%A9_Previn" title="AndrÃ© Previn">AndrÃ© Previn</a>. Between brackets the singers.</i></p>
      <p xmlns="http://www.w3.org/1999/xhtml"><b>Previously unreleased on LP, included on the CD</b></p>
      <h2 xmlns="http://www.w3.org/1999/xhtml"> <span class="mw-headline" id="Awards_and_honors">Awards and honors</span></h2>
      <p xmlns="http://www.w3.org/1999/xhtml"><i>My Fair Lady</i> won eight Oscars:</p>
      <ul xmlns="http://www.w3.org/1999/xhtml">
	<li><a class="external" href="http://en.wikipedia.org/wiki/Academy_Award_for_Best_Picture" title="Academy Award for Best Picture">Academy Award for Best Picture</a> - <a class="external" href="http://en.wikipedia.org/wiki/Jack_Warner" title="Jack Warner">Jack Warner</a></li>
	<li><a class="external" href="http://en.wikipedia.org/wiki/Academy_Award_for_Directing" title="Academy Award for Directing">Academy Award for Directing</a> - <a class="external" href="http://en.wikipedia.org/wiki/George_Cukor" title="George Cukor">George Cukor</a></li>
	<li><a class="external" href="http://en.wikipedia.org/wiki/Academy_Award_for_Best_Actor" title="Academy Award for Best Actor">Academy Award for Best Actor</a> - <a class="external" href="http://en.wikipedia.org/wiki/Rex_Harrison" title="Rex Harrison">Rex Harrison</a></li>
	<li><a class="external" href="http://en.wikipedia.org/wiki/Academy_Award_for_Best_Cinematography" title="Academy Award for Best Cinematography">Academy Award for Best Cinematography</a> - <a class="external" href="http://en.wikipedia.org/wiki/Harry_Stradling" title="Harry Stradling">Harry Stradling</a></li>
	<li><a class="external" href="http://en.wikipedia.org/wiki/Academy_Award_for_Sound" title="Academy Award for Sound">Academy Award for Sound</a> - George R. Groves, Warner Brothers Studio</li>
	<li><a class="external" href="http://en.wikipedia.org/wiki/Academy_Award_for_Original_Music_Score" title="Academy Award for Original Music Score">Academy Award for Original Music Score</a> - Andre Previn</li>
	<li><a class="external" href="http://en.wikipedia.org/wiki/Academy_Award_for_Best_Art_Direction" title="Academy Award for Best Art Direction">Academy Award for Best Art Direction</a> - <a class="external" href="http://en.wikipedia.org/wiki/Gene_Allen" title="Gene Allen">Gene Allen</a>, <a class="external" href="http://en.wikipedia.org/wiki/Cecil_Beaton" title="Cecil Beaton">Cecil Beaton</a> and <a class="external" href="http://en.wikipedia.org/wiki/George_James_Hopkins" title="George James Hopkins">George James Hopkins</a></li>
	<li><a class="external" href="http://en.wikipedia.org/wiki/Academy_Award_for_Costume_Design" title="Academy Award for Costume Design">Academy Award for Costume Design</a> - Cecil Beaton</li>
      </ul>
      <ul xmlns="http://www.w3.org/1999/xhtml">
	<li><a class="external" href="http://en.wikipedia.org/wiki/Academy_Award_for_Writing_Adapted_Screenplay" title="Academy Award for Writing Adapted Screenplay">Academy Award for Writing Adapted Screenplay</a> - <a class="external" href="http://en.wikipedia.org/wiki/Alan_Jay_Lerner" title="Alan Jay Lerner">Alan Jay Lerner</a></li>
	<li><a class="external" href="http://en.wikipedia.org/wiki/Academy_Award_for_Film_Editing" title="Academy Award for Film Editing">Academy Award for Film Editing</a> - William Ziegler</li>
	<li><a class="external" href="http://en.wikipedia.org/wiki/Academy_Award_for_Best_Supporting_Actor" title="Academy Award for Best Supporting Actor">Academy Award for Best Supporting Actor</a> - <a class="external" href="http://en.wikipedia.org/wiki/Stanley_Holloway" title="Stanley Holloway">Stanley Holloway</a></li>
	<li><a class="external" href="http://en.wikipedia.org/wiki/Academy_Award_for_Best_Supporting_Actress" title="Academy Award for Best Supporting Actress">Academy Award for Best Supporting Actress</a> - <a class="external" href="http://en.wikipedia.org/wiki/Gladys_Cooper" title="Gladys Cooper">Gladys Cooper</a></li>
      </ul>
      <p xmlns="http://www.w3.org/1999/xhtml"><i>My Fair Lady</i> won three Golden Globes:</p>
      <ul xmlns="http://www.w3.org/1999/xhtml">
	<li><a class="external" href="http://en.wikipedia.org/wiki/Golden_Globe_Award_for_Best_Motion_Picture_-_Musical_or_Comedy" title="Golden Globe Award for Best Motion Picture - Musical or Comedy">Golden Globe Award for Best Motion Picture - Musical or Comedy</a></li>
	<li><a class="external" href="http://en.wikipedia.org/wiki/Golden_Globe_Award_for_Best_Director_-_Motion_Picture" title="Golden Globe Award for Best Director - Motion Picture">Golden Globe Award for Best Director - Motion Picture</a> - <a class="external" href="http://en.wikipedia.org/wiki/George_Cukor" title="George Cukor">George Cukor</a></li>
	<li><a class="external" href="http://en.wikipedia.org/wiki/Golden_Globe_Award_for_Best_Actor_-_Motion_Picture_Musical_or_Comedy" title="Golden Globe Award for Best Actor - Motion Picture Musical or Comedy">Golden Globe Award for Best Actor - Motion Picture Musical or Comedy</a> - <a class="external" href="http://en.wikipedia.org/wiki/Rex_Harrison" title="Rex Harrison">Rex Harrison</a></li>
      </ul>
      <ul xmlns="http://www.w3.org/1999/xhtml">
	<li><i>My Fair Lady</i> won the <a class="external" href="http://en.wikipedia.org/wiki/BAFTA_Award_for_Best_Film" title="BAFTA Award for Best Film">BAFTA Award for Best Film from any source</a>.</li>
      </ul>
      <p xmlns="http://www.w3.org/1999/xhtml"><b><a class="external" href="http://en.wikipedia.org/wiki/American_Film_Institute" title="American Film Institute">American Film Institute</a> recognition</b></p>
      <ul xmlns="http://www.w3.org/1999/xhtml">
	<li>1998 <a class="external" href="http://en.wikipedia.org/wiki/AFI%27s_100_Years..._100_Movies" title="AFI's 100 Years... 100 Movies">AFI's 100 Years... 100 Movies</a> #91</li>
	<li>2002 <a class="external" href="http://en.wikipedia.org/wiki/AFI%27s_100_Years..._100_Passions" title="AFI's 100 Years... 100 Passions">AFI's 100 Years... 100 Passions</a> #12</li>
	<li>2004 <a class="external" href="http://en.wikipedia.org/wiki/AFI%27s_100_Years..._100_Songs" title="AFI's 100 Years... 100 Songs">AFI's 100 Years... 100 Songs</a>:
<ul>
	    <li>"<a class="external" href="http://en.wikipedia.org/wiki/I_Could_Have_Danced_All_Night" title="I Could Have Danced All Night">I Could Have Danced All Night</a>" #17</li>
	  </ul>
</li>
	<li>2006 <a class="external" href="http://en.wikipedia.org/wiki/AFI%27s_100_Years_of_Musicals" title="AFI's 100 Years of Musicals">AFI's 100 Years of Musicals</a> #8</li>
      </ul>
      <h2 xmlns="http://www.w3.org/1999/xhtml"> <span class="mw-headline" id="Restoration">Restoration</span></h2>
      <p xmlns="http://www.w3.org/1999/xhtml">The film was restored in 1994 by James C. Katz and Robert A. Harris, who had restored <i><a class="external" href="http://en.wikipedia.org/wiki/Spartacus_(film)" title="Spartacus (film)">Spartacus</a></i> three years earlier. The restoration was commissioned and financed by CBS, who purchased the film from Warner Bros. in 1971.</p>
      <h2 xmlns="http://www.w3.org/1999/xhtml"> <span class="mw-headline" id="Remakes">Remakes</span></h2>
      <p xmlns="http://www.w3.org/1999/xhtml">In 1995 <a class="external" href="http://en.wikipedia.org/wiki/20th_Century_Fox" title="20th Century Fox">20th Century Fox</a> executives gave animation directors/producers <a class="external" href="http://en.wikipedia.org/wiki/Don_Bluth" title="Don Bluth">Don Bluth</a> and <a class="external" href="http://en.wikipedia.org/wiki/Gary_Goldman" title="Gary Goldman">Gary Goldman</a>, then newly appointed as the creative heads of <a class="external" href="http://en.wikipedia.org/wiki/Fox_Animation_Studios" title="Fox Animation Studios">Fox Animation Studios</a>, the choice between creating an animated remake of either <i>My Fair Lady</i> or the 1956 Fox film, <i><a class="external" href="http://en.wikipedia.org/wiki/Anastasia_(1956_film)" title="Anastasia (1956 film)">Anastasia</a></i>. Bluth and Goldman chose to make the animated film <i><a class="external" href="http://en.wikipedia.org/wiki/Anastasia_(1997_film)" title="Anastasia (1997 film)">Anastasia</a></i>, which became the highest-grossing non-<a class="external" href="http://en.wikipedia.org/wiki/Walt_Disney_Feature_Animation" title="Walt Disney Feature Animation">Disney</a> animated film in 1997.</p>
      <p xmlns="http://www.w3.org/1999/xhtml">In June 2008, it was reported that a remake of <i>My Fair Lady</i> was being planned, starring <a class="external" href="http://en.wikipedia.org/wiki/Daniel_Day-Lewis" title="Daniel Day-Lewis">Daniel Day-Lewis</a> and <a class="external" href="http://en.wikipedia.org/wiki/Keira_Knightley" title="Keira Knightley">Keira Knightley</a> as Eliza Doolittle, for release in 2010. It will be produced by <a class="external" href="http://en.wikipedia.org/wiki/Duncan_Kenworthy" title="Duncan Kenworthy">Duncan Kenworthy</a> (<i><a class="external" href="http://en.wikipedia.org/wiki/Love_Actually" title="Love Actually">Love Actually</a></i>) and <a class="external" href="http://en.wikipedia.org/wiki/Cameron_Mackintosh" title="Cameron Mackintosh">Cameron Mackintosh</a>, and co-developed by <a class="external" href="http://en.wikipedia.org/wiki/Columbia_Pictures" title="Columbia Pictures">Columbia Pictures</a> and <a class="external" href="http://en.wikipedia.org/wiki/CBS_Films" title="CBS Films">CBS Films</a>. <a class="external" href="http://en.wikipedia.org/wiki/Emma_Thompson" title="Emma Thompson">Emma Thompson</a> was reported to be set to write the script.</p>
      <p xmlns="http://www.w3.org/1999/xhtml">Others who had tried to get the part of Higgins had included <a class="external" href="http://en.wikipedia.org/wiki/George_Clooney" title="George Clooney">George Clooney</a> and <a class="external" href="http://en.wikipedia.org/wiki/Brad_Pitt" title="Brad Pitt">Brad Pitt</a> whose close friendship is reported to have hit a low point as a result.</p>
      <h2 xmlns="http://www.w3.org/1999/xhtml"> <span class="mw-headline" id="References">References</span></h2>
      <ul xmlns="http://www.w3.org/1999/xhtml">
	<li>Lees, Gene (2005). The Musical Worlds of Lerner and Loewe. Publisher: Bison Books ISBN 080328040</li>
	<li>Green, Benny, Editor (1987). A Hymn to HimÂ : The Lyrics of Alan Jay Lerner. Hal Leonard Corporation. <a class="external" href="http://en.wikipedia.org/wiki/Special:BookSources/0879101091">ISBN 0879101091</a></li>
	<li>Lerner, Alan Jay (1985). The Street Where I Live. Da Capo Press. <a class="external" href="http://en.wikipedia.org/wiki/Special:BookSources/0306806029">ISBN 0306806029</a></li>
      </ul>
      <h2 xmlns="http://www.w3.org/1999/xhtml"> <span class="mw-headline" id="External_links">External links</span></h2>
      <ul xmlns="http://www.w3.org/1999/xhtml">
	<li><a href="http://www.imdb.com/title/tt0058385/" rel="nofollow"><i>My Fair Lady</i></a> at the <a class="external" href="http://en.wikipedia.org/wiki/Internet_Movie_Database" title="Internet Movie Database">Internet Movie Database</a></li>
	<li><a href="http://tcmdb.com/title/title.jsp?stid=84310" rel="nofollow"><i>My Fair Lady</i></a> at the <a class="external" href="http://en.wikipedia.org/wiki/Turner_Classic_Movies" title="Turner Classic Movies">TCM Movie Database</a></li>
	<li><a href="http://www.allmovie.com/work/34019" rel="nofollow"><i>My Fair Lady</i></a> at <a class="external" href="http://en.wikipedia.org/wiki/Allmovie" title="Allmovie">Allmovie</a></li>
	<li><a href="http://www.boxofficemojo.com/movies/?id=myfairlady.htm" rel="nofollow"><i>My Fair Lady</i></a> at <a class="external" href="http://en.wikipedia.org/wiki/Box_Office_Mojo" title="Box Office Mojo">Box Office Mojo</a></li>
	<li><a href="http://www.rottentomatoes.com/m/1014503-my_fair_lady/" rel="nofollow"><i>My Fair Lady</i></a> at <a class="external" href="http://en.wikipedia.org/wiki/Rotten_Tomatoes" title="Rotten Tomatoes">Rotten Tomatoes</a></li>
	<li><a href="http://www.postmodernjoan.com/MFLextras.htm" rel="nofollow">The Socio-Economic Development of Southern California as Testified by the Extras in 'My Fair Lady' (PostModern Joan)</a></li>
      </ul>
    </wiki:description>
  </wiki:film>
</wiki:nominee>