<?xml version="1.0" encoding="UTF-8"?>
<wiki:nominee year="1936" span="1" winner="false" award="best-picture" xmlns:wiki="http://marklogic.com/wikipedia">
  <!--
                            Copyright (c) 2010 MarkLogic Corporation.
                            Permission is granted to copy, distribute and/or modify this document
                            under the terms of the GNU Free Documentation License, Version 1.2
                            or any later version published by the Free Software Foundation;
                            with no Invariant Sections, no Front-Cover Texts, and no Back-Cover Texts.
                            A copy of the license is included in the section entitled "GNU
                            Free Documentation License"
                            
                            Content derived from http://en.wikipedia.org/wiki/Anthony_Adverse
                            Modified in May 2009 by Mark Logic Corporation under the terms of the GNU Free Documentation License.
                        -->
  <wiki:film-title link="/wiki/Anthony_Adverse">Anthony Adverse</wiki:film-title>
  <wiki:film link="/wiki/Anthony_Adverse" title="Anthony Adverse">
    <wiki:oscar-ref year="1936" span="1" winner="true" award="supporting-actress" person-link="/wiki/Gale_Sondergaard" person-name="Gale Sondergaard"/>
    <wiki:oscar year="1936" span="1" winner="false" award="best-picture"/>
    <wiki:director link="/wiki/Mervyn_LeRoy">Mervyn LeRoy</wiki:director>
    <wiki:writer link="/wiki/Hervey_Allen">Hervey Allen</wiki:writer>
    <wiki:writer link="/w/index.php?title=Sheridan_Gibney&amp;action=edit&amp;redlink=1">Sheridan Gibney</wiki:writer>
    <wiki:writer link="/w/index.php?title=Milton_Krims&amp;action=edit&amp;redlink=1">Milton Krims</wiki:writer>
    <wiki:distributor link="/wiki/Warner_Bros.">Warner Bros.</wiki:distributor>
    <wiki:starring link="/wiki/Fredric_March">Fredric March</wiki:starring>
    <wiki:starring link="/wiki/Olivia_de_Havilland">Olivia de Havilland</wiki:starring>
    <wiki:starring link="/wiki/Donald_Woods">Donald Woods</wiki:starring>
    <wiki:starring link="/wiki/Anita_Louise">Anita Louise</wiki:starring>
    <wiki:starring link="/wiki/Claude_Rains">Claude Rains</wiki:starring>
    <wiki:starring link="/wiki/Louis_Hayward">Louis Hayward</wiki:starring>
    <wiki:starring link="/wiki/Gale_Sondergaard">Gale Sondergaard</wiki:starring>
    <wiki:starring link="/wiki/Steffi_Duna">Steffi Duna</wiki:starring>
    <wiki:starring link="/wiki/Akim_Tamiroff">Akim Tamiroff</wiki:starring>
    <wiki:description>
      <wiki:abstract>
	<p xmlns="http://www.w3.org/1999/xhtml"><i><b>Anthony Adverse</b></i> is a 1936 American drama film directed by <a class="external" href="http://en.wikipedia.org/wiki/Mervyn_LeRoy" title="Mervyn LeRoy">Mervyn LeRoy</a>. The <a class="external" href="http://en.wikipedia.org/wiki/Screenplay" title="Screenplay">screenplay</a> by Sheridan Gibney is based on the sprawling 1,224-page novel of the same title by <a class="external" href="http://en.wikipedia.org/wiki/Hervey_Allen" title="Hervey Allen">Hervey Allen</a>.</p>
	<h2 xmlns="http://www.w3.org/1999/xhtml"> <span class="mw-headline" id="Plot">Plot</span></h2>
	<p xmlns="http://www.w3.org/1999/xhtml">The plot of the <a class="external" href="http://en.wikipedia.org/wiki/Epic_film" title="Epic film">epic</a> <a class="external" href="http://en.wikipedia.org/wiki/Costume_drama" title="Costume drama">costume drama</a> follows the globe-trotting adventures of the title character, the illegitimate offspring of Maria Bonnyfeather, the wife of the cruel and devious middle-aged <a class="external" href="http://en.wikipedia.org/wiki/Nobility" title="Nobility">nobleman</a> Marquis Don Luis, and Denis Moore. When he learns of his wife's affair, Don Luis challenges her lover to a duel. Denis is killed, and shortly thereafter Maria dies in childbirth. Don Luis leaves the infant at a <a class="external" href="http://en.wikipedia.org/wiki/Convent" title="Convent">convent</a>, where the <a class="external" href="http://en.wikipedia.org/wiki/Nun" title="Nun">nuns</a> christen him Anthony, and lie to wealthy merchant John Bonnyfeather, Maria's father, telling him that the infant is also dead. Ten years later, completely by coincidence, the child is apprenticed to Bonnyfeather, his real grandfather, who discovers his relationship to the boy but keeps it a secret from him. He gives the boy the surname Adverse in acknowledgement of the difficult life he has led.</p>
	<p xmlns="http://www.w3.org/1999/xhtml">As an adult, Anthony falls in love with Angela Giuseppe, the cook's daughter, and the couple wed. Soon after the ceremony, Anthony departs for <a class="external" href="http://en.wikipedia.org/wiki/Havana" title="Havana">Havana</a> to save Bonnyfeather's fortune. The note Angela leaves Anthony is blown away and he is unaware that she has gone to another city. Instead, assuming he has abandoned her, she pursues a career as an <a class="external" href="http://en.wikipedia.org/wiki/Opera" title="Opera">opera</a> singer. Anthony leaves <a class="external" href="http://en.wikipedia.org/wiki/Cuba" title="Cuba">Cuba</a> for <a class="external" href="http://en.wikipedia.org/wiki/Africa" title="Africa">Africa</a>, where he becomes corrupted by his involvement with the <a class="external" href="http://en.wikipedia.org/wiki/Slave_trade" title="Slave trade">slave trade</a>. He is redeemed by his friendship with Brother FranÃ§ois, and following the <a class="external" href="http://en.wikipedia.org/wiki/Friar" title="Friar">friar</a>'s death he returns to <a class="external" href="http://en.wikipedia.org/wiki/Italy" title="Italy">Italy</a> to find Bonnyfeather has died and his housekeeper, Faith Paleologus (now married to Don Luis), will inherit the man's estate fortune unless Anthony goes to <a class="external" href="http://en.wikipedia.org/wiki/Paris" title="Paris">Paris</a> to claim his inheritance.</p>
	<p xmlns="http://www.w3.org/1999/xhtml">In Paris, Anthony is reunited with his friend, prominent banker Vincent Nolte, whom he saves from <a class="external" href="http://en.wikipedia.org/wiki/Bankruptcy" title="Bankruptcy">bankruptcy</a> by giving him his fortune. Through the intercession of <a class="external" href="http://en.wikipedia.org/wiki/Impressario" title="Impressario">impressario</a> Debrulle, Anthony finds Angela and discovers she bore him a son. She fails to reveal she is Mlle. Georges, a famous opera star and the mistress of <a class="external" href="http://en.wikipedia.org/wiki/Napoleon_Bonaparte" title="Napoleon Bonaparte">Napoleon Bonaparte</a>. When Anthony learns her secret, he departs for <a class="external" href="http://en.wikipedia.org/wiki/United_States" title="United States">America</a> with his son in search of a better life.</p>
	<h2 xmlns="http://www.w3.org/1999/xhtml"> <span class="mw-headline" id="Principal_cast">Principal cast</span></h2>
	<ul xmlns="http://www.w3.org/1999/xhtml">
	  <li><a class="external" href="http://en.wikipedia.org/wiki/Fredric_March" title="Fredric March">Fredric March</a> ..... Anthony Adverse</li>
	  <li><a class="external" href="http://en.wikipedia.org/wiki/Olivia_de_Havilland" title="Olivia de Havilland">Olivia de Havilland</a> ..... Angela Giuseppe</li>
	  <li><a class="external" href="http://en.wikipedia.org/wiki/Donald_Woods_(actor)" title="Donald Woods (actor)">Donald Woods</a> ..... Vincent Nolte</li>
	  <li><a class="external" href="http://en.wikipedia.org/wiki/Anita_Louise" title="Anita Louise">Anita Louise</a> ..... Maria</li>
	  <li><a class="external" href="http://en.wikipedia.org/wiki/Edmund_Gwenn" title="Edmund Gwenn">Edmund Gwenn</a> ..... John Bonnyfeather</li>
	  <li><a class="external" href="http://en.wikipedia.org/wiki/Claude_Rains" title="Claude Rains">Claude Rains</a> ..... Marquis Don Luis</li>
	  <li><a class="external" href="http://en.wikipedia.org/wiki/Gale_Sondergaard" title="Gale Sondergaard">Gale Sondergaard</a> ..... Faith Paleologus</li>
	  <li><a class="external" href="http://en.wikipedia.org/wiki/Akim_Tamiroff" title="Akim Tamiroff">Akim Tamiroff</a> ..... Carlo Cibo</li>
	  <li><a class="external" href="http://en.wikipedia.org/wiki/Pedro_de_Cordoba" title="Pedro de Cordoba">Pedro de Cordoba</a> ..... Brother FranÃ§ois</li>
	  <li><a class="external" href="http://en.wikipedia.org/wiki/Louis_Hayward" title="Louis Hayward">Louis Hayward</a> ..... Denis Moore</li>
	  <li><a class="external" href="http://en.wikipedia.org/wiki/Ralph_Morgan" title="Ralph Morgan">Ralph Morgan</a> ..... Debrulle</li>
	  <li><a class="external" href="http://en.wikipedia.org/wiki/Henry_O%27Neill" title="Henry O'Neill">Henry O'Neill</a> .... Father Xavier</li>
	  <li><a class="external" href="http://en.wikipedia.org/wiki/Billy_and_Bobby_Mauch" title="Billy and Bobby Mauch">Billy Mauch</a> ..... Anthony Adverse (age 10)</li>
	</ul>
	<h2 xmlns="http://www.w3.org/1999/xhtml"> <span class="mw-headline" id="Principal_production_credits">Principal production credits</span></h2>
	<ul xmlns="http://www.w3.org/1999/xhtml">
	  <li><a class="external" href="http://en.wikipedia.org/wiki/Assistant_Director" title="Assistant Director">Assistant Director</a> ..... William H. Cannon</li>
	  <li><a class="external" href="http://en.wikipedia.org/wiki/Film_score" title="Film score">Original Music</a> ..... <a class="external" href="http://en.wikipedia.org/wiki/Erich_Wolfgang_Korngold" title="Erich Wolfgang Korngold">Erich Wolfgang Korngold</a></li>
	  <li><a class="external" href="http://en.wikipedia.org/wiki/Music_supervision" title="Music supervision">Music supervision</a> ..... <a class="external" href="http://en.wikipedia.org/wiki/Leo_F._Forbstein" title="Leo F. Forbstein">Leo F. Forbstein</a></li>
	  <li><a class="external" href="http://en.wikipedia.org/wiki/Cinematography" title="Cinematography">Cinematography</a> ..... <a class="external" href="http://en.wikipedia.org/wiki/Tony_Gaudio" title="Tony Gaudio">Tony Gaudio</a></li>
	  <li><a class="external" href="http://en.wikipedia.org/wiki/Art_Director" title="Art Director">Art Direction</a> ..... <a class="external" href="http://en.wikipedia.org/wiki/Anton_Grot" title="Anton Grot">Anton Grot</a></li>
	  <li><a class="external" href="http://en.wikipedia.org/wiki/Costume_Design" title="Costume Design">Costume Design</a> ..... Milo Anderson</li>
	</ul>
	<h2 xmlns="http://www.w3.org/1999/xhtml"> <span class="mw-headline" id="Awards_and_nominations">Awards and nominations</span></h2>
	<ul xmlns="http://www.w3.org/1999/xhtml">
	  <li><a class="external" href="http://en.wikipedia.org/wiki/Academy_Award_for_Best_Supporting_Actress" title="Academy Award for Best Supporting Actress">Academy Award for Best Supporting Actress</a> (Gale Sondergaard, <b>winner</b>)</li>
	  <li><a class="external" href="http://en.wikipedia.org/wiki/Academy_Award_for_Best_Cinematography" title="Academy Award for Best Cinematography">Academy Award for Best Cinematography</a> (<b>winner</b>)</li>
	  <li><a class="external" href="http://en.wikipedia.org/wiki/Academy_Award_for_Film_Editing" title="Academy Award for Film Editing">Academy Award for Best Film Editing</a> (<b>winner</b>)</li>
	  <li>Academy Award for Best Musical Scoring (Leo F. Forbstein, <b>winner</b>)</li>
	  <li><a class="external" href="http://en.wikipedia.org/wiki/Academy_Award_for_Best_Assistant_Director" title="Academy Award for Best Assistant Director">Academy Award for Best Assistant Director</a> (nominee)</li>
	  <li><a class="external" href="http://en.wikipedia.org/wiki/Academy_Award_for_Best_Art_Direction" title="Academy Award for Best Art Direction">Academy Award for Best Art Direction</a> (nominee)</li>
	  <li><a class="external" href="http://en.wikipedia.org/wiki/Academy_Award_for_Best_Picture" title="Academy Award for Best Picture">Academy Award for Best Picture</a> (nominee)</li>
	</ul>
	<h2 xmlns="http://www.w3.org/1999/xhtml"> <span class="mw-headline" id="Critical_reception">Critical reception</span></h2>
	<p xmlns="http://www.w3.org/1999/xhtml">In his review in the <i><a class="external" href="http://en.wikipedia.org/wiki/New_York_Times" title="New York Times">New York Times</a></i>, Frank S. Nugent described the film as "a bulky, rambling and indecisive photoplay which has not merely taken liberties with the letter of the original but with its spirit . . . For all its sprawling length, [the novel] was cohesive and well rounded. Most of its picaresque quality has been lost in the screen version; its philosophy is vague, its characterization blurred and its story so loosely knit and episodic that its telling seems interminable." </p>
	<p xmlns="http://www.w3.org/1999/xhtml">The film was named one of the <a class="external" href="http://en.wikipedia.org/wiki/National_Board_of_Review" title="National Board of Review">National Board of Review</a>'s Top Ten pictures of the year and ranked eighth in the <i><a class="external" href="http://en.wikipedia.org/wiki/Film_Daily" title="Film Daily">Film Daily</a></i> critics' poll .</p>
      </wiki:abstract>
      <h2 xmlns="http://www.w3.org/1999/xhtml"> <span class="mw-headline" id="In_culture">In culture</span></h2>
      <p xmlns="http://www.w3.org/1999/xhtml">The initial theme of the second movement of Erich Wolfgang Korngold's <a class="external" href="http://en.wikipedia.org/wiki/Violin_Concerto_(Korngold)" title="Violin Concerto (Korngold)">violin concerto</a> was drawn from the music he composed for this film. English singer <a class="external" href="http://en.wikipedia.org/w/index.php?title=Julia_Gilbert&amp;action=edit&amp;redlink=1" title="Julia Gilbert (page does not exist)">Julia Gilbert</a> adopted the name of the film's main character when recording for the London-based <a class="external" href="http://en.wikipedia.org/wiki/El_records" title="El records">el records</a> label in the late 1980s.</p>
      <p xmlns="http://www.w3.org/1999/xhtml">Screen legend <a class="external" href="http://en.wikipedia.org/wiki/Tony_Curtis" title="Tony Curtis">Tony Curtis</a> (1925-2010), who was born Bernard Schwartz, named himself for the titular character; the novel from which this film was adapted was the actor's favorite. Curtis, who soared to fame with his role in Houdini as the legendary illusionist, was buried with a Stetson hat, an Armani scarf, driving gloves, an iPhone and a copy of his favorite novel Anthony Adverse.</p>
      <h2 xmlns="http://www.w3.org/1999/xhtml"> <span class="mw-headline" id="References">References</span></h2>
      <h2 xmlns="http://www.w3.org/1999/xhtml"> <span class="mw-headline" id="External_links">External links</span></h2>
      <ul xmlns="http://www.w3.org/1999/xhtml">
	<li><a href="http://www.imdb.com/title/tt0027300/" rel="nofollow"><i>Anthony Adverse</i></a> at the <a class="external" href="http://en.wikipedia.org/wiki/Internet_Movie_Database" title="Internet Movie Database">Internet Movie Database</a></li>
      </ul>
    </wiki:description>
  </wiki:film>
</wiki:nominee>