<?xml version="1.0" encoding="UTF-8"?>
<wiki:nominee year="1936" span="1" winner="false" award="best-picture" xmlns:wiki="http://marklogic.com/wikipedia">
  <!--
                            Copyright (c) 2010 MarkLogic Corporation.
                            Permission is granted to copy, distribute and/or modify this document
                            under the terms of the GNU Free Documentation License, Version 1.2
                            or any later version published by the Free Software Foundation;
                            with no Invariant Sections, no Front-Cover Texts, and no Back-Cover Texts.
                            A copy of the license is included in the section entitled "GNU
                            Free Documentation License"
                            
                            Content derived from http://en.wikipedia.org/wiki/San_Francisco_(film)
                            Modified in May 2009 by Mark Logic Corporation under the terms of the GNU Free Documentation License.
                        -->
  <wiki:film-title link="/wiki/San_Francisco_(film)">San Francisco</wiki:film-title>
  <wiki:film link="/wiki/San_Francisco_(film)" title="San Francisco">
    <wiki:oscar-ref year="1936" span="1" winner="false" award="lead-actor" person-link="/wiki/Spencer_Tracy" person-name="Spencer Tracy"/>
    <wiki:oscar-ref year="1936" span="1" winner="false" award="best-director" person-link="/wiki/W._S._Van_Dyke" person-name="W. S. Van Dyke"/>
    <wiki:oscar year="1936" span="1" winner="false" award="best-picture"/>
    <wiki:producer link="/wiki/John_Emerson">John Emerson</wiki:producer>
    <wiki:producer link="/w/index.php?title=Bernard_H._Hyman&amp;action=edit&amp;redlink=1">Bernard H. Hyman</wiki:producer>
    <wiki:director link="/wiki/Woody_Van_Dyke">Woody Van Dyke</wiki:director>
    <wiki:writer link="/wiki/Robert_Hopkins_(screenwriter)">Robert E. Hopkins</wiki:writer>
    <wiki:starring link="/wiki/Clark_Gable">Clark Gable</wiki:starring>
    <wiki:starring link="/wiki/Jeanette_MacDonald">Jeanette MacDonald</wiki:starring>
    <wiki:starring link="/wiki/Spencer_Tracy">Spencer Tracy</wiki:starring>
    <wiki:language link="/wiki/English_language">English</wiki:language>
    <wiki:description>
      <wiki:abstract>
	<p xmlns="http://www.w3.org/1999/xhtml"><i><b>San Francisco</b></i> is a <a class="external" href="http://en.wikipedia.org/wiki/1936_in_film" title="1936 in film">1936</a> <a class="external" href="http://en.wikipedia.org/wiki/Drama_film" title="Drama film">drama</a>-<a class="external" href="http://en.wikipedia.org/wiki/Adventure_film" title="Adventure film">adventure film</a> directed by <a class="external" href="http://en.wikipedia.org/wiki/Woody_Van_Dyke" title="Woody Van Dyke">Woody Van Dyke</a>, based on the April 18, <a class="external" href="http://en.wikipedia.org/wiki/1906_San_Francisco_earthquake" title="1906 San Francisco earthquake">1906 San Francisco earthquake</a>. The film, which was the top grossing movie of that year, stars <a class="external" href="http://en.wikipedia.org/wiki/Clark_Gable" title="Clark Gable">Clark Gable</a>, <a class="external" href="http://en.wikipedia.org/wiki/Jeanette_MacDonald" title="Jeanette MacDonald">Jeanette MacDonald</a>, and <a class="external" href="http://en.wikipedia.org/wiki/Spencer_Tracy" title="Spencer Tracy">Spencer Tracy</a>. The then very popular singing of MacDonald helped make this film a hit, coming on the heels of her other 1936 blockbuster, <i><a class="external" href="http://en.wikipedia.org/wiki/Rose_Marie_(films)" title="Rose Marie (films)">Rose Marie</a></i>. The <a class="external" href="http://en.wikipedia.org/wiki/Internet_Movie_Database" title="Internet Movie Database">Internet Movie Database</a> reports that famous <a class="external" href="http://en.wikipedia.org/wiki/Silent_film" title="Silent film">silent film</a> directors <a class="external" href="http://en.wikipedia.org/wiki/D._W._Griffith" title="D. W. Griffith">D. W. Griffith</a> and <a class="external" href="http://en.wikipedia.org/wiki/Erich_von_Stroheim" title="Erich von Stroheim">Erich von Stroheim</a> contributed to the screenplay without screen credit. Griffith also helped direct the famous earthquake sequence.</p>
	<h2 xmlns="http://www.w3.org/1999/xhtml"> <span class="mw-headline" id="Plot_summary">Plot summary</span></h2>
	<p xmlns="http://www.w3.org/1999/xhtml">"Blackie" Norton (Clark Gable), a saloonkeeper and gambler in the notorious <a class="external" href="http://en.wikipedia.org/wiki/Barbary_Coast,_San_Francisco,_California" title="Barbary Coast, San Francisco, California">Barbary Coast</a>, Norton owns the <i>Paradise Club</i> on Pacific Street. He hires a promising but impoverished classically-trained singer from Benson, Colorado, Mary Blake (Jeanette MacDonald). She becomes a star attraction at the <i>Paradise</i>, and a romance develops between Blackie and Mary. The Professor (<a class="external" href="http://en.wikipedia.org/wiki/Al_Shean" title="Al Shean">Al Shean</a>) can tell Mary has a professionally trained voice. Mat (Ted Healy) feels Mary is not going to stay on the "Coast." Complications arise when she is offered an opportunity to sing in the opera. Mary is hired by the Tivoli Opera House on Market Street. She becomes involved with <a class="external" href="http://en.wikipedia.org/wiki/Nob_Hill" title="Nob Hill">Nob Hill</a> scion Jack Burley (<a class="external" href="http://en.wikipedia.org/wiki/Jack_Holt" title="Jack Holt">Jack Holt</a>). Meanwhile, Blackie's childhood friend, <a class="external" href="http://en.wikipedia.org/wiki/Roman_Catholic" title="Roman Catholic">Roman Catholic</a> Father Tim Mullen (Spencer Tracy), keeps trying to reform him, while the other nightclub owners attempt to convince Norton to run for the <a class="external" href="http://en.wikipedia.org/wiki/City_and_County_of_San_Francisco" title="City and County of San Francisco">City and County of San Francisco</a> <a class="external" href="http://en.wikipedia.org/wiki/Board_of_Supervisors" title="Board of Supervisors">Board of Supervisors</a> in order to protect their crooked interests. Norton knocks out a heckler during a speech in <a class="external" href="http://en.wikipedia.org/wiki/Golden_Gate_Park" title="Golden Gate Park">Golden Gate Park</a>. Blackie wants to stop Mary singing at the Tivoli, he hears her and does not stop the opera. Mary meets Burley's mother (<a class="external" href="http://en.wikipedia.org/wiki/Jessie_Ralph" title="Jessie Ralph">Jessie Ralph</a>) at her <a class="external" href="http://en.wikipedia.org/wiki/Nob_Hill" title="Nob Hill">Nob Hill</a> mansion. She tells Mary, she started out as Massie, the washerwoman in 1850 on <a class="external" href="http://en.wikipedia.org/wiki/Portsmouth_Square" title="Portsmouth Square">Portsmouth Square</a>; then, she married the elder Burley. Despite Father Tim's best efforts, Blackie remains a jaunty Barbary Coast atheist. However, Father Tim tells Mary that the new church organ was paid for by Blackie. Mary returns to the <i>Paradise</i> and is dressed skimpy; Father Tim takes her from the <i>Paradise</i> and Blackie. On order of Burley, April 17, 1906 the <a class="external" href="http://en.wikipedia.org/wiki/San_Francisco_Police_Department" title="San Francisco Police Department">San Francisco Police Department</a> padlocks the <i>Paradise.</i> Mary sings the song <i><a class="external" href="http://en.wikipedia.org/wiki/San_Francisco" title="San Francisco">San Francisco</a></i> and wins the Chicken's Ball for the <i>Paradise</i>; Blackie refuses the prize money. Then, at 5:13 a.m. April 18, 1906, the earthquake hits and then the fires erupt. The water mains are broken. Mat has been taken from the destroyed Hall of Justice on Washington Street; a nurse tells Blackie, Mat will not survive, as Mat says he was wrong about Mary. Blackie goes to Nob Hill and sees Mrs. Burley (she senses her son has died, and Blackie saw the dead Burley) as the US Army troops from the <a class="external" href="http://en.wikipedia.org/wiki/Presidio_of_San_Francisco" title="Presidio of San Francisco">Presidio</a> prepare to blow up the mansions as fire breaks. Father Tim takes Blackie to <a class="external" href="http://en.wikipedia.org/wiki/Golden_Gate_Park" title="Golden Gate Park">Golden Gate Park</a>. Blackie sinks to his knees and finds God upon discovering that Mary survived. Men yell, "The fire's out!" and "We'll build a new San Francisco!" The people (a surprisingly multi-racial group, given the era of the film) march from <a class="external" href="http://en.wikipedia.org/wiki/Golden_Gate_Park" title="Golden Gate Park">Golden Gate Park</a>, arm-in-arm, singing the <a class="external" href="http://en.wikipedia.org/wiki/Battle_Hymn_of_the_Republic" title="Battle Hymn of the Republic">Battle Hymn of the Republic</a>, and the smoldering ruins dissolve into the "modern" San Francisco of the mid 1930's.</p>
	<h2 xmlns="http://www.w3.org/1999/xhtml"> <span class="mw-headline" id="Production">Production</span></h2>
	<p xmlns="http://www.w3.org/1999/xhtml">The earthquake <a class="external" href="http://en.wikipedia.org/wiki/Montage_sequence" title="Montage sequence">montage sequence</a> was created by montage expert <a class="external" href="http://en.wikipedia.org/wiki/Slavko_Vorkapich" title="Slavko Vorkapich">Slavko Vorkapich</a>. The Barbary Coast barroom set was built on a special platform that rocked and shook to simulate the historical temblor. (Similar sets were built for the 1974 disaster film <i>Earthquake</i>).</p>
	<p xmlns="http://www.w3.org/1999/xhtml">There are two versions of the ending. The original release features a stylish montage of then-current (1936) scenes of a bustling San Francisco, including Market Street and the construction of the <a class="external" href="http://en.wikipedia.org/wiki/Golden_Gate_Bridge" title="Golden Gate Bridge">Golden Gate Bridge</a>. When the film was re-released in 1948, it was thought these scenes were dated and the film fades out on a single long shot of the modern business district. However, the TV and 16mm versions of the film seen in the 1950s and 60s were struck from the original version which includes the montage. The current DVD and cable version features the shorter, 1948 version.</p>
	<p xmlns="http://www.w3.org/1999/xhtml">Gable and Tracy also made two other films together, <i><a class="external" href="http://en.wikipedia.org/wiki/Test_Pilot_(film)" title="Test Pilot (film)">Test Pilot</a></i> and <i><a class="external" href="http://en.wikipedia.org/wiki/Boom_Town_(film)" title="Boom Town (film)">Boom Town</a></i>, before Tracy eventually insisted on the same <a class="external" href="http://en.wikipedia.org/wiki/Billing_(filmmaking)" title="Billing (filmmaking)">top billing</a> clause in his <a class="external" href="http://en.wikipedia.org/wiki/MGM" title="MGM">MGM</a> contract that Gable had enjoyed, effectively ending the American cinema's most famous screen team.</p>
	<h2 xmlns="http://www.w3.org/1999/xhtml"> <span class="mw-headline" id="Music">Music</span></h2>
	<p xmlns="http://www.w3.org/1999/xhtml">The <a class="external" href="http://en.wikipedia.org/wiki/Theme_from_San_Francisco" title="Theme from San Francisco">title song</a> may be the best-remembered part of the film. It was composed by <a class="external" href="http://en.wikipedia.org/wiki/Bronislaw_Kaper" title="Bronislaw Kaper">Bronislaw Kaper</a> and <a class="external" href="http://en.wikipedia.org/wiki/Walter_Jurmann" title="Walter Jurmann">Walter Jurmann</a>, with lyrics by <a class="external" href="http://en.wikipedia.org/wiki/Gus_Kahn" title="Gus Kahn">Gus Kahn</a>. It is sung by Jeanette MacDonald a half-dozen times in the film, and becomes an anthem for the survivors of the earthquake. It has now a popular sentimental sing-along at public events such as the city's annual earthquake commemoration, as well as one of two official city songs, along with "<a class="external" href="http://en.wikipedia.org/wiki/I_Left_My_Heart_in_San_Francisco" title="I Left My Heart in San Francisco">I Left My Heart in San Francisco</a>".</p>
      </wiki:abstract>
      <p xmlns="http://www.w3.org/1999/xhtml">During the two operatic scenes in the film, MacDonald sang excerpts from <a class="external" href="http://en.wikipedia.org/wiki/Charles_Gounod" title="Charles Gounod">Charles Gounod</a>'s <i><a class="external" href="http://en.wikipedia.org/wiki/Faust_(opera)" title="Faust (opera)">Faust</a></i> and <a class="external" href="http://en.wikipedia.org/wiki/Giuseppe_Verdi" title="Giuseppe Verdi">Giuseppe Verdi</a>'s <i><a class="external" href="http://en.wikipedia.org/wiki/La_Traviata" title="La Traviata">La Traviata</a></i>.</p>
      <h2 xmlns="http://www.w3.org/1999/xhtml"> <span class="mw-headline" id="Academy_Awards">Academy Awards</span></h2>
      <p xmlns="http://www.w3.org/1999/xhtml">It was the Winner of 1 <a class="external" href="http://en.wikipedia.org/wiki/Academy_Award" title="Academy Award">Academy Award</a>.</p>
      <h2 xmlns="http://www.w3.org/1999/xhtml"> <span class="mw-headline" id="Other_awards">Other awards</span></h2>
      <h2 xmlns="http://www.w3.org/1999/xhtml"> <span class="mw-headline" id="References">References</span></h2>
      <ul xmlns="http://www.w3.org/1999/xhtml">
	<li>Elisabeth Buxbaum: <i>Veronika, der Lenz ist da. Walter Jurmann â€“ Ein Musiker zwischen den Welten und Zeiten</i>. Mit einem Werkverzeichnis von Alexander Sieghardt. Edition Steinbauer, Wien 2006, <a class="external" href="http://en.wikipedia.org/wiki/Special:BookSources/3902494182">ISBN 3-902494-18-2</a></li>
      </ul>
      <h2 xmlns="http://www.w3.org/1999/xhtml"> <span class="mw-headline" id="Footnotes">Footnotes</span></h2>
      <h2 xmlns="http://www.w3.org/1999/xhtml"> <span class="mw-headline" id="External_links">External links</span></h2>
      <ul xmlns="http://www.w3.org/1999/xhtml">
	<li><a href="http://www.imdb.com/title/tt0028216/" rel="nofollow"><i>San Francisco</i></a> at the <a class="external" href="http://en.wikipedia.org/wiki/Internet_Movie_Database" title="Internet Movie Database">Internet Movie Database</a></li>
	<li><a href="http://www.rottentomatoes.com/m/san_francisco/" rel="nofollow"><i>San Francisco</i></a> at <a class="external" href="http://en.wikipedia.org/wiki/Rotten_Tomatoes" title="Rotten Tomatoes">Rotten Tomatoes</a></li>
	<li><a href="http://www.allmovie.com/work/42760" rel="nofollow"><i>San Francisco</i></a> at <a class="external" href="http://en.wikipedia.org/wiki/Allmovie" title="Allmovie">Allmovie</a></li>
	<li><a href="http://www.jeanettemacdonaldandnelsoneddy.com/films/jeanette/jm-sanfrancisco.htm" rel="nofollow"><i>San Francisco</i></a> at Jeanette MacDonald and Nelson Eddy: A Tribute</li>
      </ul>
    </wiki:description>
  </wiki:film>
</wiki:nominee>