<?xml version="1.0" encoding="UTF-8"?>
<wiki:nominee year="1936" span="1" winner="false" award="best-director" xmlns:wiki="http://marklogic.com/wikipedia">
  <!--
                            Copyright (c) 2010 MarkLogic Corporation.
                            Permission is granted to copy, distribute and/or modify this document
                            under the terms of the GNU Free Documentation License, Version 1.2
                            or any later version published by the Free Software Foundation;
                            with no Invariant Sections, no Front-Cover Texts, and no Back-Cover Texts.
                            A copy of the license is included in the section entitled "GNU
                            Free Documentation License"
                            
                            Content derived from http://en.wikipedia.org/wiki/My_Man_Godfrey and http://en.wikipedia.org/wiki/Gregory_La_Cava
                            Modified in May 2009 by Mark Logic Corporation under the terms of the GNU Free Documentation License.
                        -->
  <wiki:name link="/wiki/Gregory_La_Cava">Gregory La Cava</wiki:name>
  <wiki:person link="/wiki/Gregory_La_Cava" name="Gregory La Cava">
    <wiki:oscar year="1936" span="1" winner="false" award="best-director" film-link="/wiki/My_Man_Godfrey" film-title="My Man Godfrey"/>
    <wiki:oscar year="1937" span="1" winner="false" award="best-director" film-link="/wiki/Stage_Door" film-title="Stage Door"/>
    <wiki:birth>
      <wiki:date/>
      <wiki:place>
	<wiki:primary link=""/>
	<wiki:secondary link=""/>
      <enrich/></wiki:place>
    </wiki:birth>
    <wiki:description>
      <wiki:abstract>
	<p xmlns="http://www.w3.org/1999/xhtml"><b>Gregory La Cava</b> (March 10, 1892 â€“ March 1, 1952) was an <a class="external" href="http://en.wikipedia.org/wiki/United_States" title="United States">American</a> <a class="external" href="http://en.wikipedia.org/wiki/Film_director" title="Film director">film director</a> best known for his films of the 1930s, including <i><a class="external" href="http://en.wikipedia.org/wiki/My_Man_Godfrey" title="My Man Godfrey">My Man Godfrey</a></i> and <i><a class="external" href="http://en.wikipedia.org/wiki/Stage_Door" title="Stage Door">Stage Door</a></i>.</p>
	<p xmlns="http://www.w3.org/1999/xhtml">He was born in <a class="external" href="http://en.wikipedia.org/wiki/Towanda,_Pennsylvania" title="Towanda, Pennsylvania">Towanda, Pennsylvania</a> and studied at the <a class="external" href="http://en.wikipedia.org/wiki/Art_Institute_of_Chicago" title="Art Institute of Chicago">Art Institute of Chicago</a> and the <a class="external" href="http://en.wikipedia.org/wiki/Art_Students_League_of_New_York" title="Art Students League of New York">Art Students' League</a>.</p>
	<p xmlns="http://www.w3.org/1999/xhtml">Around 1913, he started doing odd jobs at the studio of <a class="external" href="http://en.wikipedia.org/wiki/Raoul_Barr%C3%A9" title="Raoul BarrÃ©">Raoul BarrÃ©</a>. By 1915, he was an <a class="external" href="http://en.wikipedia.org/wiki/Animation" title="Animation">animator</a> on the <i><a class="external" href="http://en.wikipedia.org/w/index.php?title=Animated_Grouch_Chasers&amp;action=edit&amp;redlink=1" title="Animated Grouch Chasers (page does not exist)">Animated Grouch Chasers</a></i> series.</p>
	<p xmlns="http://www.w3.org/1999/xhtml">Towards the end of 1915, <a class="external" href="http://en.wikipedia.org/wiki/William_Randolph_Hearst" title="William Randolph Hearst">William Randolph Hearst</a> decided to create an animation studio to promote the <a class="external" href="http://en.wikipedia.org/wiki/Comic_strips" title="Comic strips">comic strips</a> printed in his newspapers. He called the new company <a class="external" href="http://en.wikipedia.org/wiki/International_Film_Service" title="International Film Service">International Film Service</a>, and he hired La Cava to run it (for double what he was making with BarrÃ©). La Cava's first employee was his co-worker at the BarrÃ© Studio, <a class="external" href="http://en.wikipedia.org/wiki/Frank_Moser_(artist)" title="Frank Moser (artist)">Frank Moser</a>. Another was his fellow student in Chicago, <a class="external" href="http://en.wikipedia.org/wiki/Grim_Natwick" title="Grim Natwick">Grim Natwick</a> (later to achieve fame at <a class="external" href="http://en.wikipedia.org/wiki/The_Walt_Disney_Company" title="The Walt Disney Company">Disney</a>). As he developed more and more of Hearst's comics into cartoon series, he came to put semi-independent units in charge of each, leading to the growth of individual styles.</p>
	<p xmlns="http://www.w3.org/1999/xhtml">La Cava also had the significant advantage over other studios of an unlimited budget: Hearst's business sense completely broke down when it came to his <a class="external" href="http://en.wikipedia.org/w/index.php?title=Hearst-Vitagraph_News_Pictorial&amp;action=edit&amp;redlink=1" title="Hearst-Vitagraph News Pictorial (page does not exist)">Hearst-Vitagraph News Pictorial</a> and the "living comic strips" they contained. La Cava's main fault as a producer and director was that his cartoons were too clearly animated comic strips, hampered by speech balloons when rival <a class="external" href="http://en.wikipedia.org/wiki/Bray_Studio" title="Bray Studio">Bray Studio</a> was creating more effective series with original characters. He was apparently aware of this fault, and he had his animators study <a class="external" href="http://en.wikipedia.org/wiki/Charlie_Chaplin" title="Charlie Chaplin">Charlie Chaplin</a> films to improve their timing and characterization. But he didn't have time to achieve very much, because in July 1918, Hearst's bankers caught up with him and International Film Service was shut down.</p>
      </wiki:abstract>
      <ul xmlns="http://www.w3.org/1999/xhtml">
	<li><a class="external" href="http://en.wikipedia.org/wiki/Bebe_Daniels" title="Bebe Daniels">Bebe Daniels</a> (<i><a class="external" href="http://en.wikipedia.org/wiki/Feel_My_Pulse" title="Feel My Pulse">Feel My Pulse</a></i>, 1928)</li>
	<li><a class="external" href="http://en.wikipedia.org/wiki/Richard_Dix" title="Richard Dix">Richard Dix</a></li>
	<li><a class="external" href="http://en.wikipedia.org/wiki/W._C._Fields" title="W. C. Fields">W. C. Fields</a> (<i>So's Your Old Man</i>, 1926 and <i><a class="external" href="http://en.wikipedia.org/w/index.php?title=Running_Wild_(1927_film)&amp;action=edit&amp;redlink=1" title="Running Wild (1927 film) (page does not exist)">Running Wild</a></i>, 1927) He became a good friend and drinking companion of Fields.</li>
      </ul>
      <ul xmlns="http://www.w3.org/1999/xhtml">
	<li><i>The Half Naked Truth</i> (1932)</li>
	<li><i>The Age of Consent</i> (1932) for <a class="external" href="http://en.wikipedia.org/wiki/RKO" title="RKO">RKO</a>, which starred <a class="external" href="http://en.wikipedia.org/wiki/Richard_Cromwell_(actor)" title="Richard Cromwell (actor)">Richard Cromwell</a>, <a class="external" href="http://en.wikipedia.org/wiki/Eric_Linden" title="Eric Linden">Eric Linden</a>, and <a class="external" href="http://en.wikipedia.org/wiki/Dorothy_Wilson_(actress)" title="Dorothy Wilson (actress)">Dorothy Wilson</a>.</li>
	<li><i><a class="external" href="http://en.wikipedia.org/wiki/Bed_of_Roses_(1933_film)" title="Bed of Roses (1933 film)">Bed of Roses</a></i> (1932) with <a class="external" href="http://en.wikipedia.org/wiki/Constance_Bennett" title="Constance Bennett">Constance Bennett</a> and <a class="external" href="http://en.wikipedia.org/wiki/Pert_Kelton" title="Pert Kelton">Pert Kelton</a></li>
	<li><i><a class="external" href="http://en.wikipedia.org/wiki/Gabriel_Over_the_White_House" title="Gabriel Over the White House">Gabriel Over the White House</a></i> (1933) with <a class="external" href="http://en.wikipedia.org/wiki/Walter_Huston" title="Walter Huston">Walter Huston</a></li>
	<li><i><a class="external" href="http://en.wikipedia.org/wiki/What_Every_Woman_Knows_(film)" title="What Every Woman Knows (film)">What Every Woman Knows</a></i> (1934) with <a class="external" href="http://en.wikipedia.org/wiki/Helen_Hayes" title="Helen Hayes">Helen Hayes</a></li>
	<li><i><a class="external" href="http://en.wikipedia.org/wiki/Private_Worlds" title="Private Worlds">Private Worlds</a></i> (1935)</li>
	<li><i><a class="external" href="http://en.wikipedia.org/wiki/She_Married_Her_Boss" title="She Married Her Boss">She Married Her Boss</a></i> (1935) with <a class="external" href="http://en.wikipedia.org/wiki/Claudette_Colbert" title="Claudette Colbert">Claudette Colbert</a></li>
	<li><i><a class="external" href="http://en.wikipedia.org/wiki/My_Man_Godfrey" title="My Man Godfrey">My Man Godfrey</a></i> (1936, nominated for the <a class="external" href="http://en.wikipedia.org/wiki/Academy_Award_for_Directing" title="Academy Award for Directing">Best Director Academy Award</a>) with <a class="external" href="http://en.wikipedia.org/wiki/William_Powell" title="William Powell">William Powell</a> and <a class="external" href="http://en.wikipedia.org/wiki/Carole_Lombard" title="Carole Lombard">Carole Lombard</a></li>
	<li><i>Stage Door</i> (1937, also nominated for Best Director) with <a class="external" href="http://en.wikipedia.org/wiki/Katharine_Hepburn" title="Katharine Hepburn">Katharine Hepburn</a> as well as his first of three consecutive film with <a class="external" href="http://en.wikipedia.org/wiki/Ginger_Rogers" title="Ginger Rogers">Ginger Rogers</a></li>
	<li><i><a class="external" href="http://en.wikipedia.org/wiki/Fifth_Avenue_Girl" title="Fifth Avenue Girl">Fifth Avenue Girl</a></i> (1939)</li>
	<li><i><a class="external" href="http://en.wikipedia.org/wiki/Primrose_Path_(film)" title="Primrose Path (film)">Primrose Path</a></i> (1940)</li>
      </ul>
      <p xmlns="http://www.w3.org/1999/xhtml">His output dropped severely in the 1940s, and he only officially directed one film after 1942, <i><a class="external" href="http://en.wikipedia.org/wiki/Living_in_a_Big_Way" title="Living in a Big Way">Living in a Big Way</a></i> (1947).</p>
      <p xmlns="http://www.w3.org/1999/xhtml">La Cava died nine days before his 60th birthday on March 1, 1952 in <a class="external" href="http://en.wikipedia.org/wiki/Malibu,_California" title="Malibu, California">Malibu, California</a>. His remains were buried at <a class="external" href="http://en.wikipedia.org/wiki/Chapel_of_the_Pines_Crematory" title="Chapel of the Pines Crematory">Chapel of the Pines Crematory</a>.</p>
      <h2 xmlns="http://www.w3.org/1999/xhtml"> <span class="mw-headline" id="References">References</span></h2>
      <ul xmlns="http://www.w3.org/1999/xhtml">
	<li>Joe Adamson; <i>The Walter Lantz Story</i>; G. P. Putnam's Sons; <a class="external" href="http://en.wikipedia.org/wiki/Special:BookSources/0399130969">ISBN 0-399-13096-9</a> (1985)</li>
	<li>Donald Crafton; <i>Before Mickey: The Animated Film: 1898-1928</i>; The University of Chicago Press; <a class="external" href="http://en.wikipedia.org/wiki/Special:BookSources/0226116670">ISBN 0-226-11667-0</a> (1982, 1993)</li>
	<li>Leonard Maltin; <i>Of Mice and Magic: A History of American Animated Cartoons</i>; Penguin Books; <a class="external" href="http://en.wikipedia.org/wiki/Special:BookSources/0452259932">ISBN 0-452-25993-2</a> (1980, 1987)</li>
      </ul>
      <h2 xmlns="http://www.w3.org/1999/xhtml"> <span class="mw-headline" id="External_links">External links</span></h2>
      <ul xmlns="http://www.w3.org/1999/xhtml">
	<li><a href="http://www.imdb.com/name/nm0478441/" rel="nofollow">Gregory La Cava</a> at the <a class="external" href="http://en.wikipedia.org/wiki/Internet_Movie_Database" title="Internet Movie Database">Internet Movie Database</a></li>
	<li><a href="http://www.findagrave.com/cgi-bin/fg.cgi?page=gr&amp;GRid=6817625" rel="nofollow">Gregory La Cava</a> at <a class="external" href="http://en.wikipedia.org/wiki/Find_a_Grave" title="Find a Grave">Find a Grave</a></li>
      </ul>
    </wiki:description>
  </wiki:person>
  <wiki:film-title link="/wiki/My_Man_Godfrey">My Man Godfrey</wiki:film-title>
  <wiki:film link="/wiki/My_Man_Godfrey" title="My Man Godfrey">
    <wiki:oscar-ref year="1936" span="1" winner="false" award="lead-actor" person-link="/wiki/William_Powell" person-name="William Powell"/>
    <wiki:oscar-ref year="1936" span="1" winner="false" award="lead-actress" person-link="/wiki/Carole_Lombard" person-name="Carole Lombard"/>
    <wiki:oscar-ref year="1936" span="1" winner="false" award="best-director" person-link="/wiki/Gregory_La_Cava" person-name="Gregory La Cava"/>
    <wiki:oscar-ref year="1936" span="1" winner="false" award="supporting-actor" person-link="/wiki/Mischa_Auer" person-name="Mischa Auer"/>
    <wiki:oscar-ref year="1936" span="1" winner="false" award="supporting-actress" person-link="/wiki/Alice_Brady" person-name="Alice Brady"/>
    <wiki:producer link="/wiki/Gregory_La_Cava">Gregory La Cava</wiki:producer>
    <wiki:director link="/wiki/Gregory_La_Cava">Gregory La Cava</wiki:director>
    <wiki:writer link="/wiki/Eric_S._Hatch">Eric Hatch</wiki:writer>
    <wiki:writer link="/wiki/Morrie_Ryskind">Morrie Ryskind</wiki:writer>
    <wiki:writer link="/wiki/Gregory_LaCava">Gregory LaCava</wiki:writer>
    <wiki:distributor link="/wiki/Universal_Pictures">Universal Pictures</wiki:distributor>
    <wiki:starring link="/wiki/William_Powell">William Powell</wiki:starring>
    <wiki:starring link="/wiki/Carole_Lombard">Carole Lombard</wiki:starring>
    <wiki:description>
      <wiki:abstract>
	<p xmlns="http://www.w3.org/1999/xhtml"><i><b>My Man Godfrey</b></i> is a 1936 American <a class="external" href="http://en.wikipedia.org/wiki/Screwball_comedy" title="Screwball comedy">screwball comedy</a> film by <a class="external" href="http://en.wikipedia.org/wiki/Universal_Pictures" title="Universal Pictures">Universal Pictures</a>, directed by <a class="external" href="http://en.wikipedia.org/wiki/Gregory_LaCava" title="Gregory LaCava">Gregory LaCava</a>. It was adapted from the novel <i>1101 Park Avenue</i> by <a class="external" href="http://en.wikipedia.org/wiki/Eric_S._Hatch" title="Eric S. Hatch">Eric Hatch</a> and <a class="external" href="http://en.wikipedia.org/wiki/Morrie_Ryskind" title="Morrie Ryskind">Morrie Ryskind</a>, with uncredited contributions by <a class="external" href="http://en.wikipedia.org/wiki/Gregory_La_Cava" title="Gregory La Cava">Gregory La Cava</a>. The story concerns a socialite who hires a derelict to be her family's <a class="external" href="http://en.wikipedia.org/wiki/Butler" title="Butler">butler</a>, only to fall in love with him, much to his dismay. The film stars <a class="external" href="http://en.wikipedia.org/wiki/William_Powell" title="William Powell">William Powell</a> and <a class="external" href="http://en.wikipedia.org/wiki/Carole_Lombard" title="Carole Lombard">Carole Lombard</a>, supported by <a class="external" href="http://en.wikipedia.org/wiki/Alice_Brady" title="Alice Brady">Alice Brady</a>, <a class="external" href="http://en.wikipedia.org/wiki/Gail_Patrick" title="Gail Patrick">Gail Patrick</a>, <a class="external" href="http://en.wikipedia.org/wiki/Eugene_Pallette" title="Eugene Pallette">Eugene Pallette</a>, <a class="external" href="http://en.wikipedia.org/wiki/Mischa_Auer" title="Mischa Auer">Mischa Auer</a> and <a class="external" href="http://en.wikipedia.org/wiki/Alan_Mowbray" title="Alan Mowbray">Alan Mowbray</a>.</p>
	<p xmlns="http://www.w3.org/1999/xhtml">The <a class="external" href="http://en.wikipedia.org/wiki/My_Man_Godfrey_(1957_film)" title="My Man Godfrey (1957 film)">1957 remake</a> starred <a class="external" href="http://en.wikipedia.org/wiki/June_Allyson" title="June Allyson">June Allyson</a> and <a class="external" href="http://en.wikipedia.org/wiki/David_Niven" title="David Niven">David Niven</a>.</p>
	<p xmlns="http://www.w3.org/1999/xhtml">In 1999, <i>My Man Godfrey</i> was deemed "culturally significant" by the United States <a class="external" href="http://en.wikipedia.org/wiki/Library_of_Congress" title="Library of Congress">Library of Congress</a> and selected for preservation in the <a class="external" href="http://en.wikipedia.org/wiki/National_Film_Registry" title="National Film Registry">National Film Registry</a>.</p>
	<h2 xmlns="http://www.w3.org/1999/xhtml"> <span class="mw-headline" id="Plot">Plot</span></h2>
	<p xmlns="http://www.w3.org/1999/xhtml">During the <a class="external" href="http://en.wikipedia.org/wiki/Great_Depression" title="Great Depression">Great Depression</a>, Godfrey "Smith" (<a class="external" href="http://en.wikipedia.org/wiki/William_Powell" title="William Powell">William Powell</a>) is living alongside other men down on their luck at the city dump. One night, spoiled socialite Cornelia Bullock (<a class="external" href="http://en.wikipedia.org/wiki/Gail_Patrick" title="Gail Patrick">Gail Patrick</a>) offers him five dollars to be her "<a class="external" href="http://en.wikipedia.org/wiki/Forgotten_man" title="Forgotten man">forgotten man</a>" for a <a class="external" href="http://en.wikipedia.org/wiki/Scavenger_hunt" title="Scavenger hunt">scavenger hunt</a>. Annoyed, he advances on her, causing her to retreat and fall on a pile of ashes. She leaves in a fury, much to the glee of her younger sister, Irene (<a class="external" href="http://en.wikipedia.org/wiki/Carole_Lombard" title="Carole Lombard">Carole Lombard</a>). After talking with her, Godfrey finds her to be kind, if a bit scatter-brained. He offers to go with Irene to help her beat Cornelia.</p>
	<p xmlns="http://www.w3.org/1999/xhtml">In the ballroom of the Waldorf-Ritz Hotel, Irene's long-suffering businessman father, Alexander Bullock (<a class="external" href="http://en.wikipedia.org/wiki/Eugene_Pallette" title="Eugene Pallette">Eugene Pallette</a>), waits resignedly as his ditsy wife, Angelica (<a class="external" href="http://en.wikipedia.org/wiki/Alice_Brady" title="Alice Brady">Alice Brady</a>), and her mooching "protÃ©gÃ©" Carlo (<a class="external" href="http://en.wikipedia.org/wiki/Mischa_Auer" title="Mischa Auer">Mischa Auer</a>) play the frivolous game. Godfrey arrives and is "authenticated" by the scavenger hunt judge as a "forgotten man". He then addresses the idle rich, expressing his contempt for their antics. Irene is apologetic and offers him a job as the family butler, which he gratefully accepts.</p>
	<p xmlns="http://www.w3.org/1999/xhtml">The next morning, Godfrey is shown what to do by the sardonic, wise-cracking maid, Molly (<a class="external" href="http://en.wikipedia.org/w/index.php?title=Jean_Dixon_(actress)&amp;action=edit&amp;redlink=1" title="Jean Dixon (actress) (page does not exist)">Jean Dixon</a>), the only servant who has been able to put up with the antics of the family. She warns him that he is just the latest in a long line of butlers. Only slightly daunted, he proves to be surprisingly competent, although Cornelia still holds a sizeable grudge. On the other hand, Irene considers Godfrey to be her protÃ©gÃ©, and is thrilled by his success.</p>
	<p xmlns="http://www.w3.org/1999/xhtml">A complication arises when a guest, Tommy Gray (<a class="external" href="http://en.wikipedia.org/wiki/Alan_Mowbray" title="Alan Mowbray">Alan Mowbray</a>), greets Godfrey familiarly as an old friend. Godfrey quickly ad-libs that he was Tommy's <a class="external" href="http://en.wikipedia.org/wiki/Valet" title="Valet">valet</a> at school. Tommy plays along, mentioning Godfrey's non-existent wife and five children. Dismayed, Irene impulsively announces her engagement to the surprised Charlie Van Rumple (<a class="external" href="http://en.wikipedia.org/wiki/Grady_Sutton" title="Grady Sutton">Grady Sutton</a>), but she soon breaks down in tears and flees after being politely congratulated by Godfrey.</p>
      </wiki:abstract>
      <p xmlns="http://www.w3.org/1999/xhtml">When confronted by the rest of the family, Godfrey quits. But Mr. Bullock has more pressing concerns. He first has a private "little chat" with Carlo, throwing the freeloader out. He then announces that his business is in dire financial straits and that he might even be facing criminal charges. Godfrey interrupts with unexpected good newsâ€”realizing Mr. Bullock's problems, Godfrey had <a class="external" href="http://en.wikipedia.org/wiki/Short_(finance)" title="Short (finance)">sold short</a>, using money raised by pawning Cornelia's necklace, then buying up the stock that Bullock had sold. He endorses over the stock certificates to the stunned Mr. Bullock, saving the family from financial ruin. He also returns the necklace to a humbled Cornelia, who apologizes for her attempt to frame him. Afterwards, Godfrey takes his leave.</p>
      <h2 xmlns="http://www.w3.org/1999/xhtml"> <span class="mw-headline" id="Cast">Cast</span></h2>
      <ul xmlns="http://www.w3.org/1999/xhtml">
	<li><a class="external" href="http://en.wikipedia.org/wiki/William_Powell" title="William Powell">William Powell</a> as <i>Godfrey Park</i></li>
	<li><a class="external" href="http://en.wikipedia.org/wiki/Carole_Lombard" title="Carole Lombard">Carole Lombard</a> as <i>Irene Bullock</i></li>
	<li><a class="external" href="http://en.wikipedia.org/wiki/Alice_Brady" title="Alice Brady">Alice Brady</a> as <i>Angelica Bullock</i></li>
	<li><a class="external" href="http://en.wikipedia.org/wiki/Gail_Patrick" title="Gail Patrick">Gail Patrick</a> as <i>Cornelia Bullock</i></li>
	<li><a class="external" href="http://en.wikipedia.org/wiki/Eugene_Pallette" title="Eugene Pallette">Eugene Pallette</a> as <i>Alexander Bullock</i></li>
	<li><a class="external" href="http://en.wikipedia.org/wiki/Jean_Dixon" title="Jean Dixon">Jean Dixon</a> as <i>Molly</i></li>
	<li><a class="external" href="http://en.wikipedia.org/wiki/Alan_Mowbray" title="Alan Mowbray">Alan Mowbray</a> as <i>Tommy Gray</i></li>
	<li><a class="external" href="http://en.wikipedia.org/wiki/Mischa_Auer" title="Mischa Auer">Mischa Auer</a> as <i>Carlo</i></li>
	<li><a class="external" href="http://en.wikipedia.org/wiki/Pat_Flaherty_(actor)" title="Pat Flaherty (actor)">Pat Flaherty</a> as <i>Mike Flaherty</i></li>
	<li><a class="external" href="http://en.wikipedia.org/w/index.php?title=Robert_Light&amp;action=edit&amp;redlink=1" title="Robert Light (page does not exist)">Robert Light</a> as <i>Faithful George</i></li>
	<li><a class="external" href="http://en.wikipedia.org/wiki/Grady_Sutton" title="Grady Sutton">Grady Sutton</a> as <i>Charlie Van Rumple</i> (uncredited)</li>
      </ul>
      <p xmlns="http://www.w3.org/1999/xhtml"><br/>
<b>Cast notes:</b></p>
      <ul xmlns="http://www.w3.org/1999/xhtml">
	<li><a class="external" href="http://en.wikipedia.org/wiki/Jane_Wyman" title="Jane Wyman">Jane Wyman</a> appears, uncredited, as a party guest, and <a class="external" href="http://en.wikipedia.org/wiki/Franklin_Pangborn" title="Franklin Pangborn">Franklin Pangborn</a> has a small role as the judge for the scavenger hunt, also uncredited.</li>
      </ul>
      <h2 xmlns="http://www.w3.org/1999/xhtml"> <span class="mw-headline" id="Production">Production</span></h2>
      <p xmlns="http://www.w3.org/1999/xhtml"><i>My Man Godfrey</i> was in production from 15 April to 27 May, 1936, and then had retakes in early June of the year. Its estimated budget was $656,000</p>
      <p xmlns="http://www.w3.org/1999/xhtml">The studio's original choice to play "Irene," the part eventually played by Carole Lombard, was <a class="external" href="http://en.wikipedia.org/wiki/Constance_Bennett" title="Constance Bennett">Constance Bennett</a>, and <a class="external" href="http://en.wikipedia.org/wiki/Miriam_Hopkins" title="Miriam Hopkins">Miriam Hopkins</a> was also considered, but the director, Gregory LaCava, would only agree to Bennett if <a class="external" href="http://en.wikipedia.org/wiki/Universal_Pictures" title="Universal Pictures">Universal</a> borrowed William Powell from <a class="external" href="http://en.wikipedia.org/wiki/Metro-Goldwyn-Mayer" title="Metro-Goldwyn-Mayer">MGM</a>. Powell, for his part, would only take the role if Carole Lombard played "Irene". Powell and Lombard had divorced three years earlier.</p>
      <p xmlns="http://www.w3.org/1999/xhtml">LaCava, a former animator and freelancer for most of his film career, held studio executives in contempt, and was known to be a bit eccentric. When he and Powell hit a snag over a disagreement about how Godfrey should be portrayed, they settled things over a bottle of Scotch. The next morning, LaCava showed up for shooting with a headache, but Powell didn't appear. Instead, he sent a telegram stating: "WE MAY HAVE FOUND GODFREY LAST NIGHT BUT WE LOST POWELL. SEE YOU TOMORROW."</p>
      <p xmlns="http://www.w3.org/1999/xhtml">Morrie Ryskind, who wrote the screenplay, also had some unorthodox working habits. On <i>Godfrey,</i> he improvised dialogue on the set with the leading actors and the director, and would rewrite and reshape scenes on the set.</p>
      <p xmlns="http://www.w3.org/1999/xhtml">Powell was 45 when the film was made. A stand-in (Chick Collins) was used when Godfrey carried Irene over his shoulder up the stairs to her bedroom.</p>
      <p xmlns="http://www.w3.org/1999/xhtml"><i>My Man Godfrey</i> premiered on 6 September 1936, and was released in the United States on 17 September. It was a runaway hit and earned huge profits for the studio.</p>
      <p xmlns="http://www.w3.org/1999/xhtml">When tensions hit a high point on the set, Lombard had a habit of inserting four letter words into her dialogue, often to the great amusement of the cast. This made shooting somewhat difficult, but clips of her cursing in her dialogue and messing up her lines can still be seen in blooper reels.</p>
      <h2 xmlns="http://www.w3.org/1999/xhtml"> <span class="mw-headline" id="Awards_and_recognition">Awards and recognition</span></h2>
      <p xmlns="http://www.w3.org/1999/xhtml"><i>My Man Godfrey</i> was nominated for six <a class="external" href="http://en.wikipedia.org/wiki/Academy_Awards" title="Academy Awards">Academy Awards</a>:</p>
      <ul xmlns="http://www.w3.org/1999/xhtml">
	<li><a class="external" href="http://en.wikipedia.org/wiki/Academy_Award_for_Best_Director" title="Academy Award for Best Director">Best Director</a> â€“ <a class="external" href="http://en.wikipedia.org/wiki/Gregory_LaCava" title="Gregory LaCava">Gregory LaCava</a></li>
	<li><a class="external" href="http://en.wikipedia.org/wiki/Academy_Award_for_Best_Actor" title="Academy Award for Best Actor">Best Actor</a> â€“ <a class="external" href="http://en.wikipedia.org/wiki/William_Powell" title="William Powell">William Powell</a></li>
	<li><a class="external" href="http://en.wikipedia.org/wiki/Academy_Award_for_Best_Actress" title="Academy Award for Best Actress">Best Actress</a> â€“ <a class="external" href="http://en.wikipedia.org/wiki/Carole_Lombard" title="Carole Lombard">Carole Lombard</a></li>
	<li><a class="external" href="http://en.wikipedia.org/wiki/Academy_Award_for_Best_Writing_(Adapted_Screenplay)" title="Academy Award for Best Writing (Adapted Screenplay)">Best Writing, Screenplay</a> - <a class="external" href="http://en.wikipedia.org/wiki/Eric_Hatch" title="Eric Hatch">Eric Hatch</a> and <a class="external" href="http://en.wikipedia.org/wiki/Morrie_Ryskind" title="Morrie Ryskind">Morrie Ryskind</a></li>
	<li><a class="external" href="http://en.wikipedia.org/wiki/Academy_Award_for_Best_Supporting_Actor" title="Academy Award for Best Supporting Actor">Best Supporting Actor</a> â€“ <a class="external" href="http://en.wikipedia.org/wiki/Mischa_Auer" title="Mischa Auer">Mischa Auer</a></li>
	<li><a class="external" href="http://en.wikipedia.org/wiki/Academy_Award_for_Best_Supporting_Actress" title="Academy Award for Best Supporting Actress">Best Supporting Actress</a> â€“ <a class="external" href="http://en.wikipedia.org/wiki/Alice_Brady" title="Alice Brady">Alice Brady</a></li>
      </ul>
      <p xmlns="http://www.w3.org/1999/xhtml"><i>My Man Godfrey</i> was the first movie to be nominated in all four acting categories, in the first year that supporting categories were introduced. It's also the only film in Oscar history to receive a nomination in all four acting categories and not be nominated for Best Picture, and the only film to be nominated in these six categories and not receive an award.</p>
      <p xmlns="http://www.w3.org/1999/xhtml">In 1999, the film was deemed "culturally significant" by the United States <a class="external" href="http://en.wikipedia.org/wiki/Library_of_Congress" title="Library of Congress">Library of Congress</a> and selected for preservation in the <a class="external" href="http://en.wikipedia.org/wiki/National_Film_Registry" title="National Film Registry">National Film Registry</a>. In 2000, the film was ranked #44 on the <a class="external" href="http://en.wikipedia.org/wiki/American_Film_Institute" title="American Film Institute">American Film Institute</a>'s list of the <a class="external" href="http://en.wikipedia.org/wiki/AFI%27s_100_Years..._100_Laughs" title="AFI's 100 Years... 100 Laughs">100 funniest comedies</a>, and <a class="external" href="http://en.wikipedia.org/wiki/Premiere_(magazine)" title="Premiere (magazine)">Premiere magazine</a> voted it one of "The 50 Greatest Comedies Of All Time" in 2006.It is one of the few movies that hold 100% rating on Rotten Tomatoes.</p>
      <p xmlns="http://www.w3.org/1999/xhtml"><b><a class="external" href="http://en.wikipedia.org/wiki/American_Film_Institute" title="American Film Institute">American Film Institute</a> recognition</b></p>
      <ul xmlns="http://www.w3.org/1999/xhtml">
	<li>2000: <a class="external" href="http://en.wikipedia.org/wiki/AFI%27s_100_Years..._100_Laughs" title="AFI's 100 Years... 100 Laughs">AFI's 100 Years... 100 Laughs</a> #44</li>
      </ul>
      <h2 xmlns="http://www.w3.org/1999/xhtml"> <span class="mw-headline" id="Sequels_and_adaptations">Sequels and adaptations</span></h2>
      <p xmlns="http://www.w3.org/1999/xhtml"><i>My Man Godfrey</i> was adapted for radio and broadcast on <i><a class="external" href="http://en.wikipedia.org/wiki/Lux_Radio_Theater" title="Lux Radio Theater">Lux Radio Theater</a></i> on 9 May 1938, with David Niven playing the part of Tommy Gray. It was adapted again on the October 2, 1946 episode of <a class="external" href="http://en.wikipedia.org/wiki/Academy_Award_Theater" title="Academy Award Theater">Academy Award Theater</a>, again starring William Powell. When the film was remade in 1957, <a class="external" href="http://en.wikipedia.org/wiki/David_Niven" title="David Niven">David Niven</a> played Godfrey opposite <a class="external" href="http://en.wikipedia.org/wiki/June_Allyson" title="June Allyson">June Allyson</a>, directed by <a class="external" href="http://en.wikipedia.org/wiki/Henry_Koster" title="Henry Koster">Henry Koster</a>.</p>
      <h2 xmlns="http://www.w3.org/1999/xhtml"> <span class="mw-headline" id="Video_availability">Video availability</span></h2>
      <p xmlns="http://www.w3.org/1999/xhtml">In 2002, a restored print was made available on DVD by <a class="external" href="http://en.wikipedia.org/wiki/The_Criterion_Collection" title="The Criterion Collection">The Criterion Collection</a>. In 2005, <a class="external" href="http://en.wikipedia.org/wiki/20th_Century_Fox" title="20th Century Fox">20th Century Fox Home Video</a> released a <a class="external" href="http://en.wikipedia.org/wiki/Film_colorization" title="Film colorization">colorized</a> version.</p>
      <h2 xmlns="http://www.w3.org/1999/xhtml"> <span class="mw-headline" id="Notes">Notes</span></h2>
      <h2 xmlns="http://www.w3.org/1999/xhtml"> <span class="mw-headline" id="External_links">External links</span></h2>
      <ul xmlns="http://www.w3.org/1999/xhtml">
	<li><a href="http://www.imdb.com/title/tt0028010/" rel="nofollow"><i>My Man Godfrey</i></a> at the <a class="external" href="http://en.wikipedia.org/wiki/Internet_Movie_Database" title="Internet Movie Database">Internet Movie Database</a></li>
	<li><a href="http://tcmdb.com/title/title.jsp?stid=5794" rel="nofollow"><i>My Man Godfrey</i></a> at the <a class="external" href="http://en.wikipedia.org/wiki/Turner_Classic_Movies" title="Turner Classic Movies">TCM Movie Database</a></li>
	<li><a href="http://www.allmovie.com/work/34089" rel="nofollow"><i>My Man Godfrey</i></a> at <a class="external" href="http://en.wikipedia.org/wiki/Allmovie" title="Allmovie">Allmovie</a></li>
	<li><a href="http://www.rottentomatoes.com/m/1014536-my_man_godfrey/" rel="nofollow"><i>My Man Godfrey</i></a> at <a class="external" href="http://en.wikipedia.org/wiki/Rotten_Tomatoes" title="Rotten Tomatoes">Rotten Tomatoes</a></li>
	<li><a href="http://video.google.com/videoplay?docid=6936786870782321920" rel="nofollow">My Man Godfrey</a> at <a class="external" href="http://en.wikipedia.org/wiki/Google_Video" title="Google Video">Google Video</a> (<a class="external" href="http://en.wikipedia.org/wiki/Adobe_Flash" title="Adobe Flash">Adobe Flash</a> <a class="external" href="http://en.wikipedia.org/wiki/Flash_Video" title="Flash Video">video</a>)</li>
	<li><i><a href="http://www.archive.org/details/my_man_godfrey" rel="nofollow">My Man Godfrey</a></i> available for free download at the <a class="external" href="http://en.wikipedia.org/wiki/Internet_Archive" title="Internet Archive">Internet Archive</a> <small>[</small><a class="external" href="http://en.wikipedia.org/wiki/Special:WhatLinksHere/Template:Internet_Archive_film" title="Special:WhatLinksHere/Template:Internet Archive film"><small><i>more</i></small></a><small>]</small></li>
	<li><a href="http://www.criterion.com/asp/release.asp?id=114&amp;eid=131&amp;section=essay" rel="nofollow">Criterion Collection essay by Diane Jacobs</a></li>
      </ul>
    </wiki:description>
  </wiki:film>
</wiki:nominee>