<?xml version="1.0" encoding="UTF-8"?>
<wiki:nominee year="1935" span="1" winner="false" award="best-picture" xmlns:wiki="http://marklogic.com/wikipedia">
  <!--
                            Copyright (c) 2010 MarkLogic Corporation.
                            Permission is granted to copy, distribute and/or modify this document
                            under the terms of the GNU Free Documentation License, Version 1.2
                            or any later version published by the Free Software Foundation;
                            with no Invariant Sections, no Front-Cover Texts, and no Back-Cover Texts.
                            A copy of the license is included in the section entitled "GNU
                            Free Documentation License"
                            
                            Content derived from http://en.wikipedia.org/wiki/Ruggles_of_Red_Gap
                            Modified in May 2009 by Mark Logic Corporation under the terms of the GNU Free Documentation License.
                        -->
  <wiki:film-title link="/wiki/Ruggles_of_Red_Gap">Ruggles of Red Gap</wiki:film-title>
  <wiki:film link="/wiki/Ruggles_of_Red_Gap" title="Ruggles of Red Gap">
    <wiki:oscar year="1935" span="1" winner="false" award="best-picture"/>
    <wiki:producer link="/wiki/Arthur_Hornblow_Jr.">Arthur Hornblow Jr.</wiki:producer>
    <wiki:director link="/wiki/Leo_McCarey">Leo McCarey</wiki:director>
    <wiki:writer link="/wiki/Walter_DeLeon">Walter DeLeon</wiki:writer>
    <wiki:writer link="/w/index.php?title=Humphrey_Pearson&amp;action=edit&amp;redlink=1">Humphrey Pearson</wiki:writer>
    <wiki:writer link="/w/index.php?title=Harlan_Thompson&amp;action=edit&amp;redlink=1">Harlan Thompson</wiki:writer>
    <wiki:writer link="/wiki/Harry_Leon_Wilson">Harry Leon Wilson</wiki:writer>
    <wiki:distributor link="/wiki/Paramount_Pictures">Paramount Pictures</wiki:distributor>
    <wiki:starring link="/wiki/Charles_Laughton">Charles Laughton</wiki:starring>
    <wiki:starring link="/wiki/Mary_Boland">Mary Boland</wiki:starring>
    <wiki:starring link="/wiki/Charles_Ruggles">Charles Ruggles</wiki:starring>
    <wiki:starring link="/wiki/ZaSu_Pitts">ZaSu Pitts</wiki:starring>
    <wiki:description>
      <p xmlns="http://www.w3.org/1999/xhtml"><i><b>Ruggles of Red Gap</b></i> was serialized beginning December 26, 1914 in the <a class="external" href="http://en.wikipedia.org/wiki/Saturday_Evening_Post" title="Saturday Evening Post">Saturday Evening Post</a> and became a best selling novel in 1915 by <a class="external" href="http://en.wikipedia.org/wiki/Harry_Leon_Wilson" title="Harry Leon Wilson">Harry Leon Wilson</a> , adapted for the <a class="external" href="http://en.wikipedia.org/wiki/Broadway_theatre" title="Broadway theatre">Broadway stage</a> as a <a class="external" href="http://en.wikipedia.org/wiki/Musical_theatre" title="Musical theatre">musical</a> the same year , and made into a movie several times , most famously in 1935.</p>
      <p xmlns="http://www.w3.org/1999/xhtml">In the <a class="external" href="http://en.wikipedia.org/wiki/Comedy" title="Comedy">comedy</a> <a class="external" href="http://en.wikipedia.org/wiki/Western_film" title="Western film">Western film</a> directed by <a class="external" href="http://en.wikipedia.org/wiki/Leo_McCarey" title="Leo McCarey">Leo McCarey</a>, Lord Burnstead (<a class="external" href="http://en.wikipedia.org/wiki/Roland_Young" title="Roland Young">Roland Young</a>) gambles away his eminently correct English butler, Marmaduke Ruggles (<a class="external" href="http://en.wikipedia.org/wiki/Charles_Laughton" title="Charles Laughton">Charles Laughton</a>). Ruggles' new 'owners', crude <a class="external" href="http://en.wikipedia.org/wiki/Nouveau_riche" title="Nouveau riche">nouveau riche</a> Americans Egbert and Effie Floud (<a class="external" href="http://en.wikipedia.org/wiki/Charlie_Ruggles" title="Charlie Ruggles">Charlie Ruggles</a> and <a class="external" href="http://en.wikipedia.org/wiki/Mary_Boland" title="Mary Boland">Mary Boland</a>), bring Ruggles back to Red Gap, Washington; a remote Western <a class="external" href="http://en.wikipedia.org/wiki/Boomtown" title="Boomtown">boomtown</a>. When the butler is mistaken for a wealthy Englishman, he becomes a small-town celebrity. As Ruggles attempts to adjust to this rough new community, he learns to live life on his own terms, achieving a fulfilling independence as a result.</p>
      <p xmlns="http://www.w3.org/1999/xhtml">The climax of the film is Laughtonâ€™s recitation of the <a class="external" href="http://en.wikipedia.org/wiki/Gettysburg_Address" title="Gettysburg Address">Gettysburg Address</a> (something that does not happen in the original story). This occurs in a saloon filled with typical American Western characters, none of whom can recall any of the lines but are spellbound by the speech. Newly imbued with the spirit of democracy and self-determination, Ruggles becomes his own man, giving up his previous employment and opening a restaurant in Red Gap.</p>
      <p xmlns="http://www.w3.org/1999/xhtml">The film's supporting cast includes <a class="external" href="http://en.wikipedia.org/wiki/ZaSu_Pitts" title="ZaSu Pitts">ZaSu Pitts</a>, <a class="external" href="http://en.wikipedia.org/wiki/Leila_Hyams" title="Leila Hyams">Leila Hyams</a>, and <a class="external" href="http://en.wikipedia.org/wiki/Roland_Young" title="Roland Young">Roland Young</a>, and the screenplay was written by <a class="external" href="http://en.wikipedia.org/wiki/Walter_DeLeon" title="Walter DeLeon">Walter DeLeon</a>, <a class="external" href="http://en.wikipedia.org/w/index.php?title=Humphrey_Pearson&amp;action=edit&amp;redlink=1" title="Humphrey Pearson (page does not exist)">Humphrey Pearson</a> and <a class="external" href="http://en.wikipedia.org/w/index.php?title=Harlan_Thompson&amp;action=edit&amp;redlink=1" title="Harlan Thompson (page does not exist)">Harlan Thompson</a>. The movie was nominated for the <a class="external" href="http://en.wikipedia.org/wiki/Academy_Award_for_Best_Picture" title="Academy Award for Best Picture">Academy Award for Best Picture</a>.</p>
      <p xmlns="http://www.w3.org/1999/xhtml">The novel contains perhaps the earliest specific reference to <a class="external" href="http://en.wikipedia.org/wiki/Levi_Strauss_%26_Co." title="Levi Strauss &amp; Co.">Levi</a> brand jeans, clearly describing the trademark leather patch, or "placard" on the back waistband, illustrating "two teams of stout horses attempting to wrench it in twain." In the novel, Red Gap is located near <a class="external" href="http://en.wikipedia.org/wiki/Spokane,_Washington" title="Spokane, Washington">Spokane, Washington</a>. Ruggles predates <a class="external" href="http://en.wikipedia.org/wiki/P.G._Wodehouse" title="P.G. Wodehouse">P.G. Wodehouse's</a> more famous manservant-hero, <a class="external" href="http://en.wikipedia.org/wiki/Jeeves" title="Jeeves">Jeeves</a>, who debuted in 1915 but didn't become a central character until the 1916 story "Leave It to Jeeves."</p>
      <h2 xmlns="http://www.w3.org/1999/xhtml"> <span class="mw-headline" id="Cast">Cast</span></h2>
      <ul xmlns="http://www.w3.org/1999/xhtml">
	<li><a class="external" href="http://en.wikipedia.org/wiki/Charles_Laughton" title="Charles Laughton">Charles Laughton</a> ... Marmaduke Ruggles</li>
	<li><a class="external" href="http://en.wikipedia.org/wiki/Mary_Boland" title="Mary Boland">Mary Boland</a> ... Effie Floud</li>
	<li><a class="external" href="http://en.wikipedia.org/wiki/Charles_Ruggles" title="Charles Ruggles">Charles Ruggles</a> ... Egbert Floud (billed as Charlie Ruggles)</li>
	<li><a class="external" href="http://en.wikipedia.org/wiki/ZaSu_Pitts" title="ZaSu Pitts">ZaSu Pitts</a> ... Prunella Judson</li>
	<li><a class="external" href="http://en.wikipedia.org/wiki/Roland_Young" title="Roland Young">Roland Young</a> ... George Vane Bassingwell, the Earl of Burnstead</li>
	<li><a class="external" href="http://en.wikipedia.org/wiki/Leila_Hyams" title="Leila Hyams">Leila Hyams</a> ... Nell Kenner</li>
	<li><a class="external" href="http://en.wikipedia.org/wiki/Maude_Eburne" title="Maude Eburne">Maude Eburne</a> ... 'Ma' Pettingill</li>
	<li><a class="external" href="http://en.wikipedia.org/wiki/Lucien_Littlefield" title="Lucien Littlefield">Lucien Littlefield</a> ... Charles Belknap-Jackson</li>
	<li><a class="external" href="http://en.wikipedia.org/w/index.php?title=Leota_Lorraine&amp;action=edit&amp;redlink=1" title="Leota Lorraine (page does not exist)">Leota Lorraine</a> ... Mrs. Charles Belknap-Jackson</li>
	<li><a class="external" href="http://en.wikipedia.org/wiki/James_Burke_(actor)" title="James Burke (actor)">James Burke</a> ... Jeff Tuttle</li>
	<li><a class="external" href="http://en.wikipedia.org/wiki/Dell_Henderson" title="Dell Henderson">Dell Henderson</a> ... Sam, bartender (as Del Henderson)</li>
	<li><a class="external" href="http://en.wikipedia.org/wiki/Clarence_Wilson_(actor)" title="Clarence Wilson (actor)">Clarence Wilson</a> ... Jake Henshaw, reporter</li>
      </ul>
      <h2 xmlns="http://www.w3.org/1999/xhtml"> <span class="mw-headline" id="Adaptations_to_other_media">Adaptations to other media</span></h2>
      <p xmlns="http://www.w3.org/1999/xhtml"><i>Ruggles of Red Gap</i> was adapted as a radio play on the July 10, 1939 episode of <a class="external" href="http://en.wikipedia.org/wiki/Lux_Radio_Theater" title="Lux Radio Theater">Lux Radio Theater</a>, the December 17, 1945 episode of <a class="external" href="http://en.wikipedia.org/wiki/The_Screen_Guild_Theater" title="The Screen Guild Theater">The Screen Guild Theater</a> and the June 8, 1946 episode of <a class="external" href="http://en.wikipedia.org/wiki/Academy_Award_Theater" title="Academy Award Theater">Academy Award Theater</a>, all with Charles Laughton and Charlie Ruggles reprising their film parts.</p>
      <h2 xmlns="http://www.w3.org/1999/xhtml"> <span class="mw-headline" id="References">References</span></h2>
      <h2 xmlns="http://www.w3.org/1999/xhtml"> <span class="mw-headline" id="External_links">External links</span></h2>
      <ul xmlns="http://www.w3.org/1999/xhtml">
	<li><span class="citation gutenberg"><a href="http://www.gutenberg.org/etext/9151" rel="nofollow"><i>Ruggles of Red Gap</i></a> at <a class="external" href="http://en.wikipedia.org/wiki/Project_Gutenberg" title="Project Gutenberg">Project Gutenberg</a></span></li>
	<li><a href="http://www.imdb.com/title/tt0026955/" rel="nofollow"><i>Ruggles of Red Gap</i></a> at the <a class="external" href="http://en.wikipedia.org/wiki/Internet_Movie_Database" title="Internet Movie Database">Internet Movie Database</a></li>
      </ul>
    </wiki:description>
  </wiki:film>
</wiki:nominee>