<?xml version="1.0" encoding="UTF-8"?>
<wiki:nominee year="1978" span="1" winner="false" award="lead-actress" xmlns:wiki="http://marklogic.com/wikipedia">
  <!--
                            Copyright (c) 2010 MarkLogic Corporation.
                            Permission is granted to copy, distribute and/or modify this document
                            under the terms of the GNU Free Documentation License, Version 1.2
                            or any later version published by the Free Software Foundation;
                            with no Invariant Sections, no Front-Cover Texts, and no Back-Cover Texts.
                            A copy of the license is included in the section entitled "GNU
                            Free Documentation License"
                            
                            Content derived from http://en.wikipedia.org/wiki/Same_Time,_Next_Year and http://en.wikipedia.org/wiki/Ellen_Burstyn
                            Modified in May 2009 by Mark Logic Corporation under the terms of the GNU Free Documentation License.
                        -->
  <wiki:name link="/wiki/Ellen_Burstyn">Ellen Burstyn</wiki:name>
  <wiki:person link="/wiki/Ellen_Burstyn" name="Ellen Burstyn">
    <wiki:oscar year="1973" span="1" winner="false" award="lead-actress" film-link="/wiki/The_Exorcist_(film)" film-title="The Exorcist"/>
    <wiki:oscar year="1974" span="1" winner="true" award="lead-actress" film-link="/wiki/Alice_Doesn%27t_Live_Here_Anymore" film-title="Alice Doesn't Live Here Anymore"/>
    <wiki:oscar year="1978" span="1" winner="false" award="lead-actress" film-link="/wiki/Same_Time,_Next_Year" film-title="Same Time, Next Year"/>
    <wiki:oscar year="1980" span="1" winner="false" award="lead-actress" film-link="/wiki/Resurrection_(1980_film)" film-title="Resurrection"/>
    <wiki:oscar year="2000" span="1" winner="false" award="lead-actress" film-link="/wiki/Requiem_for_a_Dream" film-title="Requiem for a Dream"/>
    <wiki:oscar year="1971" span="1" winner="false" award="supporting-actress" film-link="/wiki/The_Last_Picture_Show" film-title="The Last Picture Show"/>
    <wiki:image link="http://upload.wikimedia.org/wikipedia/commons/thumb/0/09/Ellen_Burstyn_2009_shadow_portrait.jpg/220px-Ellen_Burstyn_2009_shadow_portrait.jpg"/>
    <wiki:birth>
      <wiki:date>1935-12-07</wiki:date>
      <wiki:place>
	<wiki:primary link="/wiki/Detroit,_Michigan">Detroit, Michigan</wiki:primary>
	<wiki:secondary link=""/>
      <enrich><woeid xmlns="http://where.yahooapis.com/v1/schema.rng">12588795</woeid><placeTypeName code="9" xmlns="http://where.yahooapis.com/v1/schema.rng">County</placeTypeName><name xmlns="http://where.yahooapis.com/v1/schema.rng">Wayne</name><country code="US" type="Country" xmlns="http://where.yahooapis.com/v1/schema.rng">United States</country><admin1 code="US-MI" type="State" xmlns="http://where.yahooapis.com/v1/schema.rng">Michigan</admin1><admin2 code="" type="County" xmlns="http://where.yahooapis.com/v1/schema.rng">Wayne</admin2><admin3 xmlns="http://where.yahooapis.com/v1/schema.rng"/><locality1 xmlns="http://where.yahooapis.com/v1/schema.rng"/><locality2 xmlns="http://where.yahooapis.com/v1/schema.rng"/><postal xmlns="http://where.yahooapis.com/v1/schema.rng"/><centroid xmlns="http://where.yahooapis.com/v1/schema.rng"><latitude>42.241371</latitude><longitude>-83.210899</longitude></centroid><boundingBox xmlns="http://where.yahooapis.com/v1/schema.rng"><southWest><latitude>42.031712</latitude><longitude>-83.551910</longitude></southWest><northEast><latitude>42.451019</latitude><longitude>-82.869904</longitude></northEast></boundingBox><areaRank xmlns="http://where.yahooapis.com/v1/schema.rng">7</areaRank><popRank xmlns="http://where.yahooapis.com/v1/schema.rng">0</popRank></enrich></wiki:place>
    </wiki:birth>
    <wiki:description>
      <p xmlns="http://www.w3.org/1999/xhtml"><b>Ellen Burstyn</b> (born December 7, 1935) is an American actress, who has worked in film, <a class="external" href="http://en.wikipedia.org/wiki/Theatre" title="Theatre">stage</a> and television.</p>
      <p xmlns="http://www.w3.org/1999/xhtml">Burstyn's acting career began in theatre during the late 1950s and over the next ten years she appeared in several films and television series before joining the <a class="external" href="http://en.wikipedia.org/wiki/Actors_Studio" title="Actors Studio">Actors Studio</a> in 1967. She achieved recognition for her supporting role in <i><a class="external" href="http://en.wikipedia.org/wiki/The_Last_Picture_Show" title="The Last Picture Show">The Last Picture Show</a></i> (1971) and the lead role in <i><a class="external" href="http://en.wikipedia.org/wiki/The_Exorcist_(film)" title="The Exorcist (film)">The Exorcist</a></i> (1973), receiving <a class="external" href="http://en.wikipedia.org/wiki/Academy_Award" title="Academy Award">Academy Award</a> nominations for both performances. She won the Best Actress Oscar the following year for her work in <i><a class="external" href="http://en.wikipedia.org/wiki/Alice_Doesn%27t_Live_Here_Anymore" title="Alice Doesn't Live Here Anymore">Alice Doesn't Live Here Anymore</a></i> (1973). In 1975 she won a <a class="external" href="http://en.wikipedia.org/wiki/Tony_Award" title="Tony Award">Tony Award</a> for her work in the <a class="external" href="http://en.wikipedia.org/wiki/Broadway_(theatre)" title="Broadway (theatre)">Broadway</a> production of <i><a class="external" href="http://en.wikipedia.org/wiki/Same_Time,_Next_Year" title="Same Time, Next Year">Same Time, Next Year</a></i>, and received a <a class="external" href="http://en.wikipedia.org/wiki/Golden_Globe_Award" title="Golden Globe Award">Golden Globe Award</a> and a fourth Academy Award nomination for her performance in the 1978 <a class="external" href="http://en.wikipedia.org/wiki/Same_Time,_Next_Year_(film)" title="Same Time, Next Year (film)">film version</a>.</p>
      <p xmlns="http://www.w3.org/1999/xhtml">She continued to work extensively during the 1980s and 1990s, and was acclaimed for her performance in the film <i><a class="external" href="http://en.wikipedia.org/wiki/Requiem_for_a_Dream" title="Requiem for a Dream">Requiem for a Dream</a></i>, for which she received several critic's awards.</p>
      <h2 xmlns="http://www.w3.org/1999/xhtml"> <span class="mw-headline" id="Early_life">Early life</span></h2>
      <p xmlns="http://www.w3.org/1999/xhtml">Burstyn was born <b>Edna Rae Gillooly</b> in <a class="external" href="http://en.wikipedia.org/wiki/Detroit,_Michigan" title="Detroit, Michigan">Detroit, Michigan</a>, the daughter of Correine Marie (<a class="external" href="http://en.wikipedia.org/wiki/Married_and_maiden_names" title="Married and maiden names">nÃ©e</a> Hamel) and John Austin Gillooly, who was a building contractor. She has described her ancestry as "Irish, French, Pennsylvania Dutch, a little Canadian Indian". She was raised <a class="external" href="http://en.wikipedia.org/wiki/Catholic_Church" title="Catholic Church">Catholic</a> but is now known to practice <a class="external" href="http://en.wikipedia.org/wiki/Sufism" title="Sufism">Sufism</a>. Her parents divorced when she was young. She would later refer to her mother as tough, violent and controlling. She left Detroit's Cass Technical high school without graduating and also left home in 1950.</p>
      <h2 xmlns="http://www.w3.org/1999/xhtml"> <span class="mw-headline" id="Career">Career</span></h2>
      <p xmlns="http://www.w3.org/1999/xhtml">Burstyn debuted on <a class="external" href="http://en.wikipedia.org/wiki/Broadway_theatre" title="Broadway theatre">Broadway</a> in 1957 and joined <a class="external" href="http://en.wikipedia.org/wiki/Lee_Strasberg" title="Lee Strasberg">Lee Strasberg</a>'s <a class="external" href="http://en.wikipedia.org/wiki/Actors_Studio" title="Actors Studio">The Actors Studio</a> in <a class="external" href="http://en.wikipedia.org/wiki/New_York_City" title="New York City">New York City</a>, <a class="external" href="http://en.wikipedia.org/wiki/New_York" title="New York">New York</a>, in 1967. In 1975, she won a <a class="external" href="http://en.wikipedia.org/wiki/Tony_Award" title="Tony Award">Tony Award</a> for <a class="external" href="http://en.wikipedia.org/wiki/Tony_Award_for_Best_Performance_by_a_Leading_Actress_in_a_Play" title="Tony Award for Best Performance by a Leading Actress in a Play">Best Performance by a Leading Actress in a Play</a> for her performance in the <a class="external" href="http://en.wikipedia.org/wiki/Comedy" title="Comedy">comedy</a> <i><a class="external" href="http://en.wikipedia.org/wiki/Same_Time,_Next_Year" title="Same Time, Next Year">Same Time, Next Year</a></i> (a role she would reprise in the <a class="external" href="http://en.wikipedia.org/wiki/Same_Time,_Next_Year_(film)" title="Same Time, Next Year (film)">film version in 1978</a>). Until 1970, she was credited as <b>Ellen McRae</b> in nearly all her film and television appearances.</p>
      <p xmlns="http://www.w3.org/1999/xhtml">Burstyn received <a class="external" href="http://en.wikipedia.org/wiki/Academy_Award" title="Academy Award">Academy Award</a> nominations for <a class="external" href="http://en.wikipedia.org/wiki/Academy_Award_for_Best_Supporting_Actress" title="Academy Award for Best Supporting Actress">Best Supporting Actress</a> in 1971 for her role in the <a class="external" href="http://en.wikipedia.org/wiki/Drama_film" title="Drama film">drama film</a> <i><a class="external" href="http://en.wikipedia.org/wiki/The_Last_Picture_Show" title="The Last Picture Show">The Last Picture Show</a></i> and for <a class="external" href="http://en.wikipedia.org/wiki/Academy_Award_for_Best_Actress" title="Academy Award for Best Actress">Best Actress</a> in 1973 for the <a class="external" href="http://en.wikipedia.org/wiki/Horror_film" title="Horror film">horror film</a> <i><a class="external" href="http://en.wikipedia.org/wiki/The_Exorcist_(film)" title="The Exorcist (film)">The Exorcist</a></i>. She won the Academy Award for Best Actress in 1974 for her performance in the drama <i><a class="external" href="http://en.wikipedia.org/wiki/Alice_Doesn%27t_Live_Here_Anymore" title="Alice Doesn't Live Here Anymore">Alice Doesn't Live Here Anymore</a></i>, directed by <a class="external" href="http://en.wikipedia.org/wiki/Martin_Scorsese" title="Martin Scorsese">Martin Scorsese</a>. She also received Best Actress nominations in 1978 for <i>Same Time, Next Year</i>, in 1980 for the <a class="external" href="http://en.wikipedia.org/wiki/Fantasy_film" title="Fantasy film">fantasy</a>-drama <i><a class="external" href="http://en.wikipedia.org/wiki/Resurrection_(1980_film)" title="Resurrection (1980 film)">Resurrection</a></i>, and for the drama <i><a class="external" href="http://en.wikipedia.org/wiki/Requiem_for_a_Dream" title="Requiem for a Dream">Requiem for a Dream</a></i> in 2000.</p>
      <p xmlns="http://www.w3.org/1999/xhtml">In the early to mid 1960s, Burstyn played Dr. Kate Bartok on the <a class="external" href="http://en.wikipedia.org/wiki/NBC" title="NBC">NBC</a> television <a class="external" href="http://en.wikipedia.org/wiki/Soap_opera" title="Soap opera">soap opera</a> <i><a class="external" href="http://en.wikipedia.org/wiki/The_Doctors_(1963_TV_series)" title="The Doctors (1963 TV series)">The Doctors</a></i>. She worked on several <a class="external" href="http://en.wikipedia.org/wiki/Prime_time" title="Prime time">primetime</a> television shows of the 1960s, including guest appearances on <i><a class="external" href="http://en.wikipedia.org/wiki/Perry_Mason_(TV_series)" title="Perry Mason (TV series)">Perry Mason</a></i>, <i><a class="external" href="http://en.wikipedia.org/wiki/The_Virginian_(TV_series)" title="The Virginian (TV series)">The Virginian</a></i>, <i><a class="external" href="http://en.wikipedia.org/wiki/Maverick_(TV_series)" title="Maverick (TV series)">Maverick</a></i>, <i><a class="external" href="http://en.wikipedia.org/wiki/Wagon_Train" title="Wagon Train">Wagon Train</a></i>, <i><a class="external" href="http://en.wikipedia.org/wiki/77_Sunset_Strip" title="77 Sunset Strip">77 Sunset Strip</a></i>, <i><a class="external" href="http://en.wikipedia.org/wiki/The_Big_Valley" title="The Big Valley">The Big Valley</a></i> and <i><a class="external" href="http://en.wikipedia.org/wiki/Gunsmoke" title="Gunsmoke">Gunsmoke</a></i>. She hosted NBC's <i><a class="external" href="http://en.wikipedia.org/wiki/Saturday_Night_Live" title="Saturday Night Live">Saturday Night Live</a></i>, a late-night <a class="external" href="http://en.wikipedia.org/wiki/Sketch_comedy" title="Sketch comedy">sketch comedy</a> and <a class="external" href="http://en.wikipedia.org/wiki/Variety_show" title="Variety show">variety show</a>, in 1980.</p>
      <p xmlns="http://www.w3.org/1999/xhtml">In 1977, she was a member of the jury at the <a class="external" href="http://en.wikipedia.org/wiki/27th_Berlin_International_Film_Festival" title="27th Berlin International Film Festival">27th Berlin International Film Festival</a>.</p>
      <p xmlns="http://www.w3.org/1999/xhtml">In 1986, she had her own <a class="external" href="http://en.wikipedia.org/wiki/American_Broadcasting_Company" title="American Broadcasting Company">ABC</a> television <a class="external" href="http://en.wikipedia.org/wiki/Situation_comedy" title="Situation comedy">situation comedy</a>, <i><a class="external" href="http://en.wikipedia.org/wiki/The_Ellen_Burstyn_Show" title="The Ellen Burstyn Show">The Ellen Burstyn Show</a></i> costarring <a class="external" href="http://en.wikipedia.org/wiki/Megan_Mullally" title="Megan Mullally">Megan Mullally</a> as her daughter and <a class="external" href="http://en.wikipedia.org/wiki/Elaine_Stritch" title="Elaine Stritch">Elaine Stritch</a> as her mother; it was canceled after one season. From 2000 to 2002, Burstyn appeared in the <a class="external" href="http://en.wikipedia.org/wiki/CBS" title="CBS">CBS</a> television drama <i><a class="external" href="http://en.wikipedia.org/wiki/That%27s_Life_(2000_TV_series)" title="That's Life (2000 TV series)">That's Life</a></i>. In 2006, she starred as an <a class="external" href="http://en.wikipedia.org/wiki/Episcopal_Church_(United_States)" title="Episcopal Church (United States)">Episcopalian</a> <a class="external" href="http://en.wikipedia.org/wiki/Bishop" title="Bishop">bishop</a> in the controversial <a class="external" href="http://en.wikipedia.org/wiki/NBC" title="NBC">NBC</a> comedy-drama series <i><a class="external" href="http://en.wikipedia.org/wiki/The_Book_of_Daniel_(TV_series)" title="The Book of Daniel (TV series)">The Book of Daniel</a></i>; although eight episodes were taped, it was canceled after four episodes.</p>
      <p xmlns="http://www.w3.org/1999/xhtml">In 2006, Burstyn appeared in the drama-romance film <i><a class="external" href="http://en.wikipedia.org/wiki/The_Fountain_(film)" title="The Fountain (film)">The Fountain</a></i>, directed by <a class="external" href="http://en.wikipedia.org/wiki/Darren_Aronofsky" title="Darren Aronofsky">Darren Aronofsky</a>, with whom she worked in <i>Requiem for a Dream</i>. Since 2007, she has had an occasional recurring role on the <a class="external" href="http://en.wikipedia.org/wiki/HBO" title="HBO">HBO</a> television drama series <i><a class="external" href="http://en.wikipedia.org/wiki/Big_Love" title="Big Love">Big Love</a></i>, playing the mother of <a class="external" href="http://en.wikipedia.org/wiki/Polygamist" title="Polygamist">polygamist</a> wife Barbara Henrickson.</p>
      <p xmlns="http://www.w3.org/1999/xhtml">She provided a supporting role as the mother of two sons in the drama-<a class="external" href="http://en.wikipedia.org/wiki/Romance_film" title="Romance film">romance film</a> <i><a class="external" href="http://en.wikipedia.org/wiki/The_Elephant_King" title="The Elephant King">The Elephant King</a></i> . The film originally premiÃ¨red at the <a class="external" href="http://en.wikipedia.org/wiki/Tribeca_Film_Festival#2006_Tribeca_Film_Festival" title="Tribeca Film Festival">2006 Tribeca Film Festival</a> but did not open in U.S. theaters until October 2008. At the time, it was credited as receiving the highest <a class="external" href="http://en.wikipedia.org/w/index.php?title=Per-screen_opening_gross&amp;action=edit&amp;redlink=1" title="Per-screen opening gross (page does not exist)">per-screen opening gross</a> as any film in the country.</p>
      <p xmlns="http://www.w3.org/1999/xhtml">Burstyn returned to the stage from March 18 â€“ May 4, 2008, in an <a class="external" href="http://en.wikipedia.org/wiki/Off_Broadway" title="Off Broadway">Off-Broadway</a> production of <a class="external" href="http://en.wikipedia.org/wiki/Stephen_Adly_Guirgis" title="Stephen Adly Guirgis">Stephen Adly Guirgis</a>'s <i>The Little Flower of East Orange</i>, directed by <a class="external" href="http://en.wikipedia.org/wiki/Philip_Seymour_Hoffman" title="Philip Seymour Hoffman">Philip Seymour Hoffman</a> in a co-production by <a class="external" href="http://en.wikipedia.org/wiki/LAByrinth_Theater_Company" title="LAByrinth Theater Company">LAByrinth Theater Company</a> and <a class="external" href="http://en.wikipedia.org/wiki/The_Public_Theater" title="The Public Theater">The Public Theater</a>; Burstyn played the role of Marie Therese.</p>
      <p xmlns="http://www.w3.org/1999/xhtml">In addition to her stage work, Burstyn portrayed former <a class="external" href="http://en.wikipedia.org/wiki/First_Lady_of_the_United_States" title="First Lady of the United States">First Lady</a> <a class="external" href="http://en.wikipedia.org/wiki/Barbara_Bush" title="Barbara Bush">Barbara Bush</a> in director <a class="external" href="http://en.wikipedia.org/wiki/Oliver_Stone" title="Oliver Stone">Oliver Stone</a>'s <a class="external" href="http://en.wikipedia.org/wiki/Biographical_film" title="Biographical film">biographical film</a> <i><a class="external" href="http://en.wikipedia.org/wiki/W._(film)" title="W. (film)">W</a></i> in 2008.</p>
      <p xmlns="http://www.w3.org/1999/xhtml">In 2009, she won a <a class="external" href="http://en.wikipedia.org/wiki/Primetime_Emmy_Awards" title="Primetime Emmy Awards">Primetime Emmy Award</a> for <a class="external" href="http://en.wikipedia.org/wiki/Primetime_Emmy_Award_for_Outstanding_Guest_Actress_%E2%80%93_Drama_Series" title="Primetime Emmy Award for Outstanding Guest Actress â€“ Drama Series">Outstanding Guest Actress in a Drama Series</a> for her portrayal of the <a class="external" href="http://en.wikipedia.org/wiki/Bipolar_disorder" title="Bipolar disorder">bipolar</a> estranged mother of <a class="external" href="http://en.wikipedia.org/wiki/Detective" title="Detective">Detective</a> <a class="external" href="http://en.wikipedia.org/wiki/Elliot_Stabler" title="Elliot Stabler">Elliot Stabler</a> on NBC's <a class="external" href="http://en.wikipedia.org/wiki/Police_procedural" title="Police procedural">police procedural</a> <i><a class="external" href="http://en.wikipedia.org/wiki/Law_%26_Order:_Special_Victims_Unit" title="Law &amp; Order: Special Victims Unit">Law &amp; Order: Special Victims Unit</a></i>. With this win, Burstyn became the eighteenth actor to win the "<a class="external" href="http://en.wikipedia.org/wiki/List_of_persons_who_have_won_Academy,_Emmy,_Grammy,_and_Tony_Awards#Three_competitive_awards" title="List of persons who have won Academy, Emmy, Grammy, and Tony Awards">triple crown of acting</a>" â€” an Academy, Emmy and Tony Award.</p>
      <p xmlns="http://www.w3.org/1999/xhtml">In 1990 she won the <a class="external" href="http://en.wikipedia.org/wiki/Sarah_Siddons_Award" title="Sarah Siddons Award">Sarah Siddons Award</a> for her work in <a class="external" href="http://en.wikipedia.org/wiki/Theatre_in_Chicago" title="Theatre in Chicago">Chicago theatre</a>.</p>
      <h2 xmlns="http://www.w3.org/1999/xhtml"> <span class="mw-headline" id="Emmy_Awards_and_controversy">Emmy Awards and controversy</span></h2>
      <p xmlns="http://www.w3.org/1999/xhtml">Burstyn was nominated for an Emmy Award for <a class="external" href="http://en.wikipedia.org/wiki/Primetime_Emmy_Award_for_Outstanding_Lead_Actress_%E2%80%93_Miniseries_or_a_Movie" title="Primetime Emmy Award for Outstanding Lead Actress â€“ Miniseries or a Movie">Outstanding Actress in a Miniseries or Movie</a>, for her role as <a class="external" href="http://en.wikipedia.org/wiki/Jean_Harris" title="Jean Harris">Jean Harris</a> in the biographical <a class="external" href="http://en.wikipedia.org/wiki/Television_movie" title="Television movie">television film</a> <i><a class="external" href="http://en.wikipedia.org/w/index.php?title=The_People_vs._Jean_Harris&amp;action=edit&amp;redlink=1" title="The People vs. Jean Harris (page does not exist)">The People vs. Jean Harris</a></i> (1981) and again for another television drama film, <i>Pack of Lies</i> (1987), an adaptation of the <a class="external" href="http://en.wikipedia.org/wiki/Pack_of_Lies" title="Pack of Lies">1983 play</a>.</p>
      <p xmlns="http://www.w3.org/1999/xhtml">In 2006, she was nominated for an Emmy Award for <a class="external" href="http://en.wikipedia.org/wiki/Primetime_Emmy_Award_for_Outstanding_Supporting_Actress_%E2%80%93_Miniseries_or_a_Movie" title="Primetime Emmy Award for Outstanding Supporting Actress â€“ Miniseries or a Movie">Outstanding Supporting Actress in a Miniseries or Movie</a> for a role credited as "Former Tarnower Steady" in HBO's biographical television film <i><a class="external" href="http://en.wikipedia.org/wiki/Mrs._Harris_(film)" title="Mrs. Harris (film)">Mrs. Harris</a></i>. (She had played <a class="external" href="http://en.wikipedia.org/wiki/Jean_Harris" title="Jean Harris">Jean Harris</a> in <i>The People vs. Jean Harris</i>).</p>
      <p xmlns="http://www.w3.org/1999/xhtml">Soon after the nominations were announced, an outcry ensued from the press and the public regarding the worthiness of the nomination due to her minor role in the film, consisting of 14 seconds of screen time and 38 words of dialogue. One explanation for the nomination was that people were honoring Burstyn for her nominated but non-winning performance from the first <i>Harris</i> television film. A more popular accusation was that the nominating committee was either confused in their recollection, or merely "threw in" her name from sheer recognition, assuming a worthy performance without actually seeing it.</p>
      <p xmlns="http://www.w3.org/1999/xhtml">The <a class="external" href="http://en.wikipedia.org/wiki/Academy_of_Television_Arts_%26_Sciences" title="Academy of Television Arts &amp; Sciences">Academy of Television Arts &amp; Sciences</a>, the administrator of the Primetime Emmy Awards, initially insisted that "based on the popular vote, this is a legitimate nomination". Meanwhile, HBO deflected the blame for submitting the nomination to the movie-production company. Burstyn's own reaction ranged from initial silence to comments such as, "I thought it was fabulous. My next ambition is to get nominated for seven seconds, and ultimately I want to be nominated for a picture in which I don't even appear," and "This doesn't have anything to do with me. I don't even want to know about this. You people work it out yourself."</p>
      <p xmlns="http://www.w3.org/1999/xhtml">Ultimately, <a class="external" href="http://en.wikipedia.org/wiki/Kelly_Macdonald" title="Kelly Macdonald">Kelly Macdonald</a>, who starred in <i><a class="external" href="http://en.wikipedia.org/wiki/The_Girl_in_the_Cafe" title="The Girl in the Cafe">The Girl in the Cafe</a></i>, won the award. In March 2007, the Academy officially announced that eligibility for a Primetime Emmy Award in any long-form supporting-actor category required nominees to appear on-screen in at least ten percent of the project (nine minutes in a typical ninety-minute television film).</p>
      <p xmlns="http://www.w3.org/1999/xhtml">Many critics still cite this incident to criticize the Emmy Award nomination process, claiming that name recognition has played an increasingly visible role over the years.</p>
      <h2 xmlns="http://www.w3.org/1999/xhtml"> <span class="mw-headline" id="Other_activities">Other activities</span></h2>
      <p xmlns="http://www.w3.org/1999/xhtml">During the 1970s Burstyn was active in the movement to free convicted <a class="external" href="http://en.wikipedia.org/wiki/Boxing" title="Boxing">boxer</a> <a class="external" href="http://en.wikipedia.org/wiki/Rubin_Carter" title="Rubin Carter">Rubin "Hurricane" Carter</a> from jail.</p>
      <p xmlns="http://www.w3.org/1999/xhtml">In 1981, Burstyn recorded "The Ballad of the <a class="external" href="http://en.wikipedia.org/wiki/Nazi" title="Nazi">Nazi</a> Soldier's Wife" (<a class="external" href="http://en.wikipedia.org/wiki/Kurt_Weill" title="Kurt Weill">Kurt Weill</a>'s musical setting of <a class="external" href="http://en.wikipedia.org/wiki/Bertolt_Brecht" title="Bertolt Brecht">Bertolt Brecht</a>'s text "<i>Und was bekam des Soldaten Weib?</i>") for <a class="external" href="http://en.wikipedia.org/wiki/Ben_Bagley" title="Ben Bagley">Ben Bagley</a>'s album <i>Kurt Weill Revisited, Vol. 2</i>.</p>
      <p xmlns="http://www.w3.org/1999/xhtml">Burstyn served as president of the <a class="external" href="http://en.wikipedia.org/wiki/Actors%27_Equity_Association" title="Actors' Equity Association">Actors' Equity Association</a> from 1982 to 1985.</p>
      <p xmlns="http://www.w3.org/1999/xhtml">In 1997, Burstyn was inducted into the <a class="external" href="http://en.wikipedia.org/wiki/Michigan_Women%27s_Hall_of_Fame" title="Michigan Women's Hall of Fame">Michigan Women's Hall of Fame</a>. In 2000, she was named co-president of The Actors Studio, alongside <a class="external" href="http://en.wikipedia.org/wiki/Al_Pacino" title="Al Pacino">Al Pacino</a> and <a class="external" href="http://en.wikipedia.org/wiki/Harvey_Keitel" title="Harvey Keitel">Harvey Keitel</a>.</p>
      <h2 xmlns="http://www.w3.org/1999/xhtml"> <span class="mw-headline" id="Personal_life">Personal life</span></h2>
      <p xmlns="http://www.w3.org/1999/xhtml">In 1950, she married Bill Alexander, but they were divorced in 1957. The following year, she married Paul Roberts, with whom she <a class="external" href="http://en.wikipedia.org/wiki/Adoption" title="Adoption">adopted</a> a boy named Jefferson in 1962; the couple was divorced the same year.</p>
      <p xmlns="http://www.w3.org/1999/xhtml">In 1964, she married fellow actor Neil Burstyn, but the union was turbulent. Neil Burstyn was <a class="external" href="http://en.wikipedia.org/wiki/Schizophrenia" title="Schizophrenia">schizophrenic</a>; he would have episodes of violence, and eventually left her. He attempted to come back to her, but she rejected him, ultimately divorcing him in 1972. In her <a class="external" href="http://en.wikipedia.org/wiki/Autobiography" title="Autobiography">autobiography</a>, <i>Lessons in Becoming Myself</i>, Burstyn revealed that he <a class="external" href="http://en.wikipedia.org/wiki/Stalking" title="Stalking">stalked</a> her over a period of six years after she divorced him. He eventually broke into her house and <a class="external" href="http://en.wikipedia.org/wiki/Rape" title="Rape">raped</a> her, but no charges were filed, as <a class="external" href="http://en.wikipedia.org/wiki/Spousal_rape" title="Spousal rape">spousal rape</a> was not yet legally a crime. He committed <a class="external" href="http://en.wikipedia.org/wiki/Suicide" title="Suicide">suicide</a> in 1978, upon which his parents sent Burstyn a telegram stating "Congratulations, you've won another Oscar; Neil killed himself".</p>
      <p xmlns="http://www.w3.org/1999/xhtml">Burstyn affiliates herself to all religious faiths as she explains: "I am a spirit opening to the truth that lives in all of these religionsâ€&#157;.</p>
      <h2 xmlns="http://www.w3.org/1999/xhtml"> <span class="mw-headline" id="Filmography">Filmography</span></h2>
      <h2 xmlns="http://www.w3.org/1999/xhtml"> <span class="mw-headline" id="Bibliography">Bibliography</span></h2>
      <ul xmlns="http://www.w3.org/1999/xhtml">
	<li>Burstyn, Ellen (2006). <i>Lessons in Becoming Myself</i>. <a class="external" href="http://en.wikipedia.org/wiki/Riverhead_Books" title="Riverhead Books">Riverhead Books</a> (New York City, New York). <a class="external" href="http://en.wikipedia.org/wiki/Special:BookSources/9781594489297">ISBN 978-1-59448-929-7</a>.</li>
      </ul>
      <h2 xmlns="http://www.w3.org/1999/xhtml"> <span class="mw-headline" id="References">References</span></h2>
      <h2 xmlns="http://www.w3.org/1999/xhtml"> <span class="mw-headline" id="External_links">External links</span></h2>
      <ul xmlns="http://www.w3.org/1999/xhtml">
	<li><a href="http://www.ellenburstyn.net/" rel="nofollow">ellenburstyn.net</a>, Ellen Burstyn official website</li>
	<li><a href="http://www.ibdb.com/person.asp?ID=33796" rel="nofollow">Ellen Burstyn</a> at the <a class="external" href="http://en.wikipedia.org/wiki/Internet_Broadway_Database" title="Internet Broadway Database">Internet Broadway Database</a></li>
	<li><a href="http://www.lortel.org/LLA_archive/index.cfm?search_by=people&amp;first=Ellen&amp;last=Burstyn&amp;middle=" rel="nofollow">Ellen Burstyn</a> at the <a class="external" href="http://en.wikipedia.org/wiki/Lortel_Archives" title="Lortel Archives">Internet Off-Broadway Database</a></li>
	<li><a href="http://www.imdb.com/name/nm0000995/" rel="nofollow">Ellen Burstyn</a> at the <a class="external" href="http://en.wikipedia.org/wiki/Internet_Movie_Database" title="Internet Movie Database">Internet Movie Database</a></li>
	<li><a href="http://www.allmovie.com/artist/9777" rel="nofollow">Ellen Burstyn</a> at <a class="external" href="http://en.wikipedia.org/wiki/Allmovie" title="Allmovie">Allmovie</a></li>
	<li><a href="http://www.tv.com/person/1274/summary.html" rel="nofollow">Ellen Burstyn</a> at <a class="external" href="http://en.wikipedia.org/wiki/TV.com" title="TV.com">TV.com</a></li>
	<li><a href="http://movies.yahoo.com/movie/contributor/1800012689" rel="nofollow">Ellen Burstyn</a> at <a class="external" href="http://en.wikipedia.org/wiki/Yahoo!_Movies" title="Yahoo! Movies">Yahoo! Movies</a></li>
      </ul>
    </wiki:description>
  </wiki:person>
  <wiki:film-title link="/wiki/Same_Time,_Next_Year">Same Time, Next Year</wiki:film-title>
  <wiki:film link="/wiki/Same_Time,_Next_Year" title="Same Time, Next Year">
    <wiki:oscar-ref year="1978" span="1" winner="false" award="lead-actress" person-link="/wiki/Ellen_Burstyn" person-name="Ellen Burstyn"/>
    <wiki:writer link="/wiki/Bernard_Slade">Bernard Slade</wiki:writer>
    <wiki:description>
      <wiki:abstract>
	<p xmlns="http://www.w3.org/1999/xhtml"><i><b>Same Time, Next Year</b></i> is 1975 <a class="external" href="http://en.wikipedia.org/wiki/Comedy" title="Comedy">comedy</a> <a class="external" href="http://en.wikipedia.org/wiki/Play_(theatre)" title="Play (theatre)">play</a> by <a class="external" href="http://en.wikipedia.org/wiki/Bernard_Slade" title="Bernard Slade">Bernard Slade</a>. The plot focuses on two people, married to others, who meet for a romantic tryst once a year for two dozen years.</p>
	<h2 xmlns="http://www.w3.org/1999/xhtml"> <span class="mw-headline" id="Plot_synopsis">Plot synopsis</span></h2>
	<p xmlns="http://www.w3.org/1999/xhtml"><a class="external" href="http://en.wikipedia.org/wiki/New_Jersey" title="New Jersey">New Jersey</a> accountant George and <a class="external" href="http://en.wikipedia.org/wiki/Oakland,_California" title="Oakland, California">Oakland, California</a> housewife Doris meet at a <a class="external" href="http://en.wikipedia.org/wiki/Northern_California" title="Northern California">Northern California</a> inn in February 1951. They have an <a class="external" href="http://en.wikipedia.org/wiki/Affair" title="Affair">affair</a>, then agree to meet once a year, despite the fact both are married to others and have six children between them.</p>
      </wiki:abstract>
      <h2 xmlns="http://www.w3.org/1999/xhtml"> <span class="mw-headline" id="Production">Production</span></h2>
      <p xmlns="http://www.w3.org/1999/xhtml">The <a class="external" href="http://en.wikipedia.org/wiki/Broadway_theatre" title="Broadway theatre">Broadway</a> production was directed by <a class="external" href="http://en.wikipedia.org/wiki/Gene_Saks" title="Gene Saks">Gene Saks</a>. After four previews, it opened on March 14, 1975 at the <a class="external" href="http://en.wikipedia.org/wiki/Brooks_Atkinson_Theatre" title="Brooks Atkinson Theatre">Brooks Atkinson Theatre</a> with <a class="external" href="http://en.wikipedia.org/wiki/Ellen_Burstyn" title="Ellen Burstyn">Ellen Burstyn</a> as Doris and <a class="external" href="http://en.wikipedia.org/wiki/Charles_Grodin" title="Charles Grodin">Charles Grodin</a> as George. It transferred to the <a class="external" href="http://en.wikipedia.org/wiki/Ambassador_Theatre_(New_York)" title="Ambassador Theatre (New York)">Ambassador Theatre</a> on May 16, 1978 and remained there until it closed on September 3 the same year. It played a total of 1,453 performances during its run.</p>
      <p xmlns="http://www.w3.org/1999/xhtml">Cast replacements over the years included <a class="external" href="http://en.wikipedia.org/wiki/Sandy_Dennis" title="Sandy Dennis">Sandy Dennis</a>, <a class="external" href="http://en.wikipedia.org/wiki/Hope_Lange" title="Hope Lange">Hope Lange</a>, <a class="external" href="http://en.wikipedia.org/wiki/Betsy_Palmer" title="Betsy Palmer">Betsy Palmer</a>, <a class="external" href="http://en.wikipedia.org/wiki/Loretta_Swit" title="Loretta Swit">Loretta Swit</a>, and <a class="external" href="http://en.wikipedia.org/wiki/Joyce_Van_Patten" title="Joyce Van Patten">Joyce Van Patten</a> as Doris and <a class="external" href="http://en.wikipedia.org/wiki/Ted_Bessell" title="Ted Bessell">Ted Bessell</a>, <a class="external" href="http://en.wikipedia.org/wiki/Conrad_Janis" title="Conrad Janis">Conrad Janis</a>, <a class="external" href="http://en.wikipedia.org/wiki/Monte_Markham" title="Monte Markham">Monte Markham</a>, and <a class="external" href="http://en.wikipedia.org/wiki/Don_Murray_(actor)" title="Don Murray (actor)">Don Murray</a> as George.</p>
      <h2 xmlns="http://www.w3.org/1999/xhtml"> <span class="mw-headline" id="Awards_and_nominations">Awards and nominations</span></h2>
      <p xmlns="http://www.w3.org/1999/xhtml">The play was nominated for the <a class="external" href="http://en.wikipedia.org/wiki/Tony_Award_for_Best_Play" title="Tony Award for Best Play">Tony Award for Best Play</a> and won the Drama Desk Award for Outstanding New American Play. Ellen Burstyn won both the <a class="external" href="http://en.wikipedia.org/wiki/Tony_Award_for_Best_Performance_by_a_Leading_Actress_in_a_Play" title="Tony Award for Best Performance by a Leading Actress in a Play">Tony Award for Best Actress in a Play</a> and the <a class="external" href="http://en.wikipedia.org/wiki/Drama_Desk_Award_for_Outstanding_Actress_in_a_Play" title="Drama Desk Award for Outstanding Actress in a Play">Drama Desk Award for Outstanding Actress in a Play</a>. Charles Grodin was nominated for the <a class="external" href="http://en.wikipedia.org/wiki/Drama_Desk_Award_for_Outstanding_Actor_in_a_Play" title="Drama Desk Award for Outstanding Actor in a Play">Drama Desk Award for Outstanding Actor in a Play</a>, and Gene Saks was nominated for the <a class="external" href="http://en.wikipedia.org/wiki/Tony_Award_for_Best_Direction_of_a_Play" title="Tony Award for Best Direction of a Play">Tony Award for Best Direction of a Play</a> and the <a class="external" href="http://en.wikipedia.org/wiki/Drama_Desk_Award_for_Outstanding_Director_of_a_Play" title="Drama Desk Award for Outstanding Director of a Play">Drama Desk Award for Outstanding Director of a Play</a>.</p>
      <h2 xmlns="http://www.w3.org/1999/xhtml"> <span class="mw-headline" id="Film_adaptations">Film adaptations</span></h2>
      <p xmlns="http://www.w3.org/1999/xhtml">A <a class="external" href="http://en.wikipedia.org/wiki/Same_Time,_Next_Year_(film)" title="Same Time, Next Year (film)">1978 film adaptation</a> directed by <a class="external" href="http://en.wikipedia.org/wiki/Robert_Mulligan" title="Robert Mulligan">Robert Mulligan</a> starred <a class="external" href="http://en.wikipedia.org/wiki/Ellen_Burstyn" title="Ellen Burstyn">Ellen Burstyn</a> and <a class="external" href="http://en.wikipedia.org/wiki/Alan_Alda" title="Alan Alda">Alan Alda</a>. The play also served as the basis for <i>I Will Wait for You</i>, a 1994 film directed by <a class="external" href="http://en.wikipedia.org/wiki/Hong_Kong" title="Hong Kong">Hong Kong</a> filmmaker <a class="external" href="http://en.wikipedia.org/wiki/Clifton_Ko" title="Clifton Ko">Clifton Ko</a>.</p>
      <h2 xmlns="http://www.w3.org/1999/xhtml"> <span class="mw-headline" id="Further_reading">Further reading</span></h2>
      <ul xmlns="http://www.w3.org/1999/xhtml">
	<li><span class="citation book">Slade, Bernard (1975). <i>Same Time, Next Year; A Romantic Comedy</i> (First edition ed.). New York: Delacorte Press. <a class="external" href="http://en.wikipedia.org/wiki/Online_Computer_Library_Center" title="Online Computer Library Center">OCLC</a>Â <a href="http://www.worldcat.org/oclc/82055039" rel="nofollow">82055039</a>.</span><span class="Z3988" title="ctx_ver=Z39.88-2004&amp;rft_val_fmt=info%3Aofi%2Ffmt%3Akev%3Amtx%3Abook&amp;rft.genre=book&amp;rft.btitle=Same+Time%2C+Next+Year%3B+A+Romantic+Comedy&amp;rft.aulast=Slade&amp;rft.aufirst=Bernard&amp;rft.au=Slade%2C%26%2332%3BBernard&amp;rft.date=1975&amp;rft.edition=First+edition&amp;rft.place=New+York&amp;rft.pub=Delacorte+Press&amp;rft_id=info:oclcnum/82055039&amp;rfr_id=info:sid/en.wikipedia.org:Same_Time,_Next_Year"><span style="display: none;">Â </span></span></li>
      </ul>
      <h2 xmlns="http://www.w3.org/1999/xhtml"> <span class="mw-headline" id="External_links">External links</span></h2>
      <ul xmlns="http://www.w3.org/1999/xhtml">
	<li><a href="http://www.ibdb.com/production.php?id=3735" rel="nofollow"><i>Same Time, Next Year</i></a> at the <a class="external" href="http://en.wikipedia.org/wiki/Internet_Broadway_Database" title="Internet Broadway Database">Internet Broadway Database</a></li>
	<li><a href="http://www.imdb.com/title/tt78199/" rel="nofollow"><i>Same Time, Next Year</i></a> at the <a class="external" href="http://en.wikipedia.org/wiki/Internet_Movie_Database" title="Internet Movie Database">Internet Movie Database</a></li>
      </ul>
    </wiki:description>
  </wiki:film>
</wiki:nominee>