<?xml version="1.0" encoding="UTF-8"?>
<wiki:nominee year="2005" span="1" winner="false" award="supporting-actor" xmlns:wiki="http://marklogic.com/wikipedia">
  <!--
                            Copyright (c) 2010 MarkLogic Corporation.
                            Permission is granted to copy, distribute and/or modify this document
                            under the terms of the GNU Free Documentation License, Version 1.2
                            or any later version published by the Free Software Foundation;
                            with no Invariant Sections, no Front-Cover Texts, and no Back-Cover Texts.
                            A copy of the license is included in the section entitled "GNU
                            Free Documentation License"
                            
                            Content derived from http://en.wikipedia.org/wiki/Cinderella_Man and http://en.wikipedia.org/wiki/Paul_Giamatti
                            Modified in May 2009 by Mark Logic Corporation under the terms of the GNU Free Documentation License.
                        -->
  <wiki:name link="/wiki/Paul_Giamatti">Paul Giamatti</wiki:name>
  <wiki:person link="/wiki/Paul_Giamatti" name="Paul Giamatti">
    <wiki:oscar year="2005" span="1" winner="false" award="supporting-actor" film-link="/wiki/Cinderella_Man" film-title="Cinderella Man"/>
    <wiki:image link="http://upload.wikimedia.org/wikipedia/commons/thumb/3/36/Paul_Giamatti_2008.jpg/220px-Paul_Giamatti_2008.jpg"/>
    <wiki:birth>
      <wiki:date>Paul Edward Valentine Giamatti1967-06-06</wiki:date>
      <wiki:place>
	<wiki:primary link="/wiki/New_Haven,_Connecticut">New Haven, Connecticut</wiki:primary>
	<wiki:secondary link="/wiki/United_States">U.S.</wiki:secondary>
      <enrich><woeid xmlns="http://where.yahooapis.com/v1/schema.rng">12587795</woeid><placeTypeName code="9" xmlns="http://where.yahooapis.com/v1/schema.rng">County</placeTypeName><name xmlns="http://where.yahooapis.com/v1/schema.rng">New Haven</name><country code="US" type="Country" xmlns="http://where.yahooapis.com/v1/schema.rng">United States</country><admin1 code="US-CT" type="State" xmlns="http://where.yahooapis.com/v1/schema.rng">Connecticut</admin1><admin2 code="" type="County" xmlns="http://where.yahooapis.com/v1/schema.rng">New Haven</admin2><admin3 xmlns="http://where.yahooapis.com/v1/schema.rng"/><locality1 xmlns="http://where.yahooapis.com/v1/schema.rng"/><locality2 xmlns="http://where.yahooapis.com/v1/schema.rng"/><postal xmlns="http://where.yahooapis.com/v1/schema.rng"/><centroid xmlns="http://where.yahooapis.com/v1/schema.rng"><latitude>41.407082</latitude><longitude>-72.931252</longitude></centroid><boundingBox xmlns="http://where.yahooapis.com/v1/schema.rng"><southWest><latitude>41.170040</latitude><longitude>-73.326698</longitude></southWest><northEast><latitude>41.644119</latitude><longitude>-72.535797</longitude></northEast></boundingBox><areaRank xmlns="http://where.yahooapis.com/v1/schema.rng">7</areaRank><popRank xmlns="http://where.yahooapis.com/v1/schema.rng">0</popRank></enrich></wiki:place>
    </wiki:birth>
    <wiki:description>
      <wiki:abstract>
	<p xmlns="http://www.w3.org/1999/xhtml"><b>Paul Edward Valentine Giamatti</b> (<small>pronouncedÂ </small><span title="Pronunciation in IPA" class="IPA"><a class="external" href="http://en.wikipedia.org/wiki/Wikipedia:IPA_for_English" title="Wikipedia:IPA for English">/dÊ’iÉ™ËˆmÉ‘Ë&#144;ti/</a></span>; born June 6, 1967) is an <a class="external" href="http://en.wikipedia.org/wiki/United_States" title="United States">American</a> <a class="external" href="http://en.wikipedia.org/wiki/Actor" title="Actor">actor</a>. Giamatti began his career as a supporting actor in several commercially successful and critically-acclaimed films produced during the 1990s including <i><a class="external" href="http://en.wikipedia.org/wiki/Private_Parts_(1997_film)" title="Private Parts (1997 film)">Private Parts</a></i>, <i><a class="external" href="http://en.wikipedia.org/wiki/The_Truman_Show" title="The Truman Show">The Truman Show</a></i>, <i><a class="external" href="http://en.wikipedia.org/wiki/Saving_Private_Ryan" title="Saving Private Ryan">Saving Private Ryan</a></i>, <i><a class="external" href="http://en.wikipedia.org/wiki/The_Negotiator_(film)" title="The Negotiator (film)">The Negotiator</a></i>, and <i><a class="external" href="http://en.wikipedia.org/wiki/Man_on_the_Moon_(film)" title="Man on the Moon (film)">Man on the Moon</a></i>, before earning lead roles in several projects in the 2000s including <i><a class="external" href="http://en.wikipedia.org/wiki/American_Splendor_(film)" title="American Splendor (film)">American Splendor</a>, <a class="external" href="http://en.wikipedia.org/wiki/Sideways_(film)" title="Sideways (film)">Sideways</a></i>, <i><a class="external" href="http://en.wikipedia.org/wiki/Cinderella_Man" title="Cinderella Man">Cinderella Man</a></i>, <i><a class="external" href="http://en.wikipedia.org/wiki/The_Illusionist_(2006_film)" title="The Illusionist (2006 film)">The Illusionist</a></i>, <i><a class="external" href="http://en.wikipedia.org/wiki/John_Adams_(TV_miniseries)" title="John Adams (TV miniseries)">John Adams</a></i> and <i><a class="external" href="http://en.wikipedia.org/wiki/Cold_Souls" title="Cold Souls">Cold Souls</a></i>.</p>
	<h2 xmlns="http://www.w3.org/1999/xhtml"> <span class="mw-headline" id="Early_life">Early life</span></h2>
	<p xmlns="http://www.w3.org/1999/xhtml">Giamatti was born in <a class="external" href="http://en.wikipedia.org/wiki/New_Haven,_Connecticut" title="New Haven, Connecticut">New Haven, Connecticut</a>. His father, <a class="external" href="http://en.wikipedia.org/wiki/A._Bartlett_Giamatti" title="A. Bartlett Giamatti">Angelo Bartlett Giamatti</a>, was a <a class="external" href="http://en.wikipedia.org/wiki/Yale_University" title="Yale University">Yale University</a> professor who later became president of the university and commissioner of <a class="external" href="http://en.wikipedia.org/wiki/Major_League_Baseball" title="Major League Baseball">Major League Baseball</a>. His mother, Toni Marilyn (nÃ©e Smith), was a homemaker and English teacher who taught at <a class="external" href="http://en.wikipedia.org/wiki/Hopkins_School" title="Hopkins School">Hopkins School</a> and had also previously acted. Giamatti's mother was of Irish descent; his paternal grandfather, Valentine Giamatti, was the son of Italian immigrants from <a class="external" href="http://en.wikipedia.org/wiki/Telese_Terme" title="Telese Terme">Telese</a>, and his paternal grandmother, Mary Claybaugh Walton, was from a <a class="external" href="http://en.wikipedia.org/wiki/New_England" title="New England">New England</a> family.</p>
	<p xmlns="http://www.w3.org/1999/xhtml">Giamatti is the youngest of three children. His brother, <a class="external" href="http://en.wikipedia.org/wiki/Marcus_Giamatti" title="Marcus Giamatti">Marcus</a>, is also an actor, and his sister, Elena, is a jewelry designer. He was educated at The <a class="external" href="http://en.wikipedia.org/wiki/Foote_School" title="Foote School">Foote School</a> and graduated from <a class="external" href="http://en.wikipedia.org/wiki/Choate_Rosemary_Hall" title="Choate Rosemary Hall">Choate Rosemary Hall</a> in 1985. He attended <a class="external" href="http://en.wikipedia.org/wiki/Yale_University" title="Yale University">Yale University</a>, where he was elected to and then dropped out of the <a class="external" href="http://en.wikipedia.org/wiki/Skull_and_Bones" title="Skull and Bones">Skull and Bones</a> secret society. He was active in the undergraduate theater scene, working alongside actors <a class="external" href="http://en.wikipedia.org/wiki/Ron_Livingston" title="Ron Livingston">Ron Livingston</a> and <a class="external" href="http://en.wikipedia.org/wiki/Edward_Norton" title="Edward Norton">Edward Norton</a>, who were also Yale students. He graduated from Yale in 1989 with a bachelor's degree in <a class="external" href="http://en.wikipedia.org/wiki/English_studies" title="English studies">English</a>. He went on to earn a <a class="external" href="http://en.wikipedia.org/wiki/Master_of_Fine_Arts" title="Master of Fine Arts">Master of Fine Arts</a> degree from the <a class="external" href="http://en.wikipedia.org/wiki/Yale_School_of_Drama" title="Yale School of Drama">Yale School of Drama</a> where he studied with <a class="external" href="http://en.wikipedia.org/wiki/Earle_R._Gister" title="Earle R. Gister">Earle R. Gister</a>. He performed in numerous <a class="external" href="http://en.wikipedia.org/wiki/Theater" title="Theater">theatrical</a> productions (including <a class="external" href="http://en.wikipedia.org/wiki/Broadway_theatre" title="Broadway theatre">Broadway</a>) before appearing in some small <a class="external" href="http://en.wikipedia.org/wiki/Television" title="Television">television</a> and <a class="external" href="http://en.wikipedia.org/wiki/Film" title="Film">film</a> roles in the early 1990s.</p>
	<h2 xmlns="http://www.w3.org/1999/xhtml"> <span class="mw-headline" id="Career">Career</span></h2>
	<p xmlns="http://www.w3.org/1999/xhtml">Giamatti's first high profile role was in the film adaptation of <a class="external" href="http://en.wikipedia.org/wiki/Howard_Stern" title="Howard Stern">Howard Stern</a>'s <i><a class="external" href="http://en.wikipedia.org/wiki/Private_Parts_(1997_film)" title="Private Parts (1997 film)">Private Parts</a></i> as Kenny "Pig Vomit" Rushton, Stern's antagonistic <a class="external" href="http://en.wikipedia.org/wiki/Program_director" title="Program director">program director</a> at WNBC. Stern praised Giamatti's performance often on <a class="external" href="http://en.wikipedia.org/wiki/The_Howard_Stern_Show" title="The Howard Stern Show">his radio program</a>, calling for him to be nominated for the <a class="external" href="http://en.wikipedia.org/wiki/Academy_Awards" title="Academy Awards">Academy Award</a> for <a class="external" href="http://en.wikipedia.org/wiki/Academy_Award_for_Best_Supporting_Actor" title="Academy Award for Best Supporting Actor">Best Supporting Actor</a>. He appeared in a number of supporting roles in big-budget movies such as <i><a class="external" href="http://en.wikipedia.org/wiki/The_Truman_Show" title="The Truman Show">The Truman Show</a></i>, <i><a class="external" href="http://en.wikipedia.org/wiki/Saving_Private_Ryan" title="Saving Private Ryan">Saving Private Ryan</a></i>, and <i><a class="external" href="http://en.wikipedia.org/wiki/The_Negotiator_(film)" title="The Negotiator (film)">The Negotiator</a></i> (all 1998). In 1999, he played <a class="external" href="http://en.wikipedia.org/wiki/Bob_Zmuda" title="Bob Zmuda">Bob Zmuda</a> (and <a class="external" href="http://en.wikipedia.org/wiki/Tony_Clifton" title="Tony Clifton">Tony Clifton</a>) in the <a class="external" href="http://en.wikipedia.org/wiki/Andy_Kaufman" title="Andy Kaufman">Andy Kaufman</a> <a class="external" href="http://en.wikipedia.org/wiki/Biopic" title="Biopic">biopic</a>, <i><a class="external" href="http://en.wikipedia.org/wiki/Man_on_the_Moon_(film)" title="Man on the Moon (film)">Man on the Moon</a></i>. Giamatti continued to be featured in major studio releases such as <i><a class="external" href="http://en.wikipedia.org/wiki/Big_Momma%27s_House" title="Big Momma's House">Big Momma's House</a></i> (2000) with <a class="external" href="http://en.wikipedia.org/wiki/Martin_Lawrence" title="Martin Lawrence">Martin Lawrence</a>, the <i><a class="external" href="http://en.wikipedia.org/wiki/Planet_of_the_Apes_(2001_movie)" title="Planet of the Apes (2001 movie)">Planet of the Apes</a></i> remake (2001), and in <i><a class="external" href="http://en.wikipedia.org/wiki/Big_Fat_Liar" title="Big Fat Liar">Big Fat Liar</a></i> (2002) opposite <a class="external" href="http://en.wikipedia.org/wiki/Frankie_Muniz" title="Frankie Muniz">Frankie Muniz</a> and <a class="external" href="http://en.wikipedia.org/wiki/Amanda_Bynes" title="Amanda Bynes">Amanda Bynes</a>.</p>
	<p xmlns="http://www.w3.org/1999/xhtml">Giamatti began to earn critical acclaim after his lead role in the 2003 film <i><a class="external" href="http://en.wikipedia.org/wiki/American_Splendor_(film)" title="American Splendor (film)">American Splendor</a></i>. He gained mainstream recognition and fame with the 2004 independent romantic comedy <i><a class="external" href="http://en.wikipedia.org/wiki/Sideways" title="Sideways">Sideways</a></i>. His portrayal of a depressed writer vacationing in the Santa Barbara wine country garnered him a <a class="external" href="http://en.wikipedia.org/wiki/Golden_Globe" title="Golden Globe">Golden Globe</a> nomination and an <a class="external" href="http://en.wikipedia.org/wiki/Independent_Spirit_Award" title="Independent Spirit Award">Independent Spirit Award</a>. Following the commercial success of Sideways, Giamatti appeared in <i><a class="external" href="http://en.wikipedia.org/wiki/Cinderella_Man" title="Cinderella Man">Cinderella Man</a></i>, for which he earned an <a class="external" href="http://en.wikipedia.org/wiki/Academy_Award" title="Academy Award">Academy Award</a> nomination for Best Supporting Actor. He was also nominated for a <a class="external" href="http://en.wikipedia.org/wiki/Golden_Globe" title="Golden Globe">Golden Globe</a> and won the <a class="external" href="http://en.wikipedia.org/wiki/Screen_Actors_Guild_Award_for_Best_Supporting_Actor_-_Motion_Picture" title="Screen Actors Guild Award for Best Supporting Actor - Motion Picture">Screen Actors Guild Award for Best Supporting Actor - Motion Picture</a>.</p>
	<p xmlns="http://www.w3.org/1999/xhtml">In 2006, he was the lead in <a class="external" href="http://en.wikipedia.org/wiki/M._Night_Shyamalan" title="M. Night Shyamalan">M. Night Shyamalan</a>'s <i><a class="external" href="http://en.wikipedia.org/wiki/Lady_in_the_Water" title="Lady in the Water">Lady in the Water</a></i>, a supernatural thriller, followed by the animated film <i><a class="external" href="http://en.wikipedia.org/wiki/The_Ant_Bully" title="The Ant Bully">The Ant Bully</a></i>, and Neil Burger's drama <i><a class="external" href="http://en.wikipedia.org/wiki/The_Illusionist_(2006_film)" title="The Illusionist (2006 film)">The Illusionist</a></i> co-starring <a class="external" href="http://en.wikipedia.org/wiki/Edward_Norton" title="Edward Norton">Edward Norton</a>. He also played Mr. Hertz in the action movie <i><a class="external" href="http://en.wikipedia.org/wiki/Shoot_%27Em_Up" title="Shoot 'Em Up">Shoot 'Em Up</a></i> and <a class="external" href="http://en.wikipedia.org/wiki/Santa_Claus" title="Santa Claus">Santa Claus</a> in the comedy <i><a class="external" href="http://en.wikipedia.org/wiki/Fred_Claus" title="Fred Claus">Fred Claus</a></i>.</p>
	<p xmlns="http://www.w3.org/1999/xhtml">In 2008 he received his first <a class="external" href="http://en.wikipedia.org/wiki/Emmy_Award" title="Emmy Award">Emmy Award</a> for "Outstanding Lead Actor in a Miniseries or a Movie" for his <a class="external" href="http://en.wikipedia.org/wiki/John_Adams" title="John Adams">title performance</a> in the <a class="external" href="http://en.wikipedia.org/wiki/HBO" title="HBO">HBO</a> miniseries <i><a class="external" href="http://en.wikipedia.org/wiki/John_Adams_(TV_miniseries)" title="John Adams (TV miniseries)">John Adams</a></i>, a role that also led to a <a class="external" href="http://en.wikipedia.org/wiki/Screen_Actors_Guild" title="Screen Actors Guild">Screen Actors Guild</a> award. That same year, he starred in the independent film <i><a class="external" href="http://en.wikipedia.org/wiki/Pretty_Bird" title="Pretty Bird">Pretty Bird</a></i> which is a fictionalized retelling about the drama behind the invention of a <a class="external" href="http://en.wikipedia.org/wiki/Bell_Rocket_Belt" title="Bell Rocket Belt">rocketbelt</a>.</p>
	<p xmlns="http://www.w3.org/1999/xhtml">Giamatti will play noted science fiction author <a class="external" href="http://en.wikipedia.org/wiki/Philip_K._Dick" title="Philip K. Dick">Philip K. Dick</a> in the semi-biopic <i><a class="external" href="http://en.wikipedia.org/wiki/The_Owl_in_Daylight" title="The Owl in Daylight">The Owl in Daylight</a></i>, which he is producing through his production company, Touchy Feely Productions.</p>
	<p xmlns="http://www.w3.org/1999/xhtml">He was nominated for 45 separate awards between 2001 and 2008, and won 26 of them, including both an Emmy and a Golden Globe for <i><a class="external" href="http://en.wikipedia.org/wiki/John_Adams_(TV_miniseries)" title="John Adams (TV miniseries)">John Adams</a></i>. All of his nominations except one were for <i>American Splendor</i>, <i>Sideways</i>, <i>Cinderella Man</i>, or <i>John Adams</i>; the exception was a Blockbuster Entertainment Award nomination for <i>Big Momma's House</i>.</p>
	<p xmlns="http://www.w3.org/1999/xhtml">The <a class="external" href="http://en.wikipedia.org/wiki/Brooklyn_Academy_of_Music" title="Brooklyn Academy of Music">Brooklyn Academy of Music</a> asked Giamatti, its "2007 BAM Cinema Club Chair", to pick films for an eight-movie series called "Paul Giamatti Selects" and shown at the Academy in August and September 2007. His selections indicated a taste for paranoia and "the darkest of dark comedy," according to a writer for <i><a class="external" href="http://en.wikipedia.org/wiki/The_New_York_Times" title="The New York Times">The New York Times</a></i>, and included <i><a class="external" href="http://en.wikipedia.org/wiki/Frenzy_(film)" title="Frenzy (film)">Frenzy</a></i>, <i><a class="external" href="http://en.wikipedia.org/wiki/Dr._Strangelove" title="Dr. Strangelove">Dr. Strangelove</a></i>, <i><a class="external" href="http://en.wikipedia.org/wiki/Brewster_McCloud" title="Brewster McCloud">Brewster McCloud</a></i>, <i><a class="external" href="http://en.wikipedia.org/wiki/The_Big_Clock_(film)" title="The Big Clock (film)">The Big Clock</a></i>, <i><a class="external" href="http://en.wikipedia.org/wiki/The_Seventh_Victim" title="The Seventh Victim">The Seventh Victim</a></i>, <i><a class="external" href="http://en.wikipedia.org/wiki/Dawn_of_the_Dead" title="Dawn of the Dead">Dawn of the Dead</a></i> (1978 version), <i><a class="external" href="http://en.wikipedia.org/wiki/Seconds_(film)" title="Seconds (film)">Seconds</a></i>, and <i><a class="external" href="http://en.wikipedia.org/wiki/Invasion_of_the_Body_Snatchers_(1978_film)" title="Invasion of the Body Snatchers (1978 film)">Invasion of the Body Snatchers</a></i> (1978 version).</p>
	<p xmlns="http://www.w3.org/1999/xhtml">Giamatti has commented on the fact that he often plays <a class="external" href="http://en.wikipedia.org/wiki/Jew" title="Jew">Jewish</a> characters, but is almost never cast in <a class="external" href="http://en.wikipedia.org/wiki/Italian_American" title="Italian American">Italian American</a> roles. Giamatti is set for the lead role as Colonel Tom Parker in <i>Bubba Nosferatu: Curse of the She-Vampires</i>, which co-stars <a class="external" href="http://en.wikipedia.org/wiki/Ron_Perlman" title="Ron Perlman">Ron Perlman</a>, who recently replaced <a class="external" href="http://en.wikipedia.org/wiki/Bruce_Campbell" title="Bruce Campbell">Bruce Campbell</a>.</p>
	<h2 xmlns="http://www.w3.org/1999/xhtml"> <span class="mw-headline" id="Personal_life">Personal life</span></h2>
	<p xmlns="http://www.w3.org/1999/xhtml">Formally a resident of the <a class="external" href="http://en.wikipedia.org/wiki/Brooklyn_Heights,_Brooklyn" title="Brooklyn Heights, Brooklyn">Brooklyn Heights</a> neighborhood of <a class="external" href="http://en.wikipedia.org/wiki/Brooklyn" title="Brooklyn">Brooklyn</a>, <a class="external" href="http://en.wikipedia.org/wiki/New_York" title="New York">New York</a>, Giamatti has been married to Elizabeth Giamatti (nÃ©e Cohen) since 1997. They have a son, Samuel Paul (born 2001), who is raised in his mother's Jewish religion. Giamatti is an <a class="external" href="http://en.wikipedia.org/wiki/Atheist" title="Atheist">atheist</a>.</p>
	<h2 xmlns="http://www.w3.org/1999/xhtml"> <span class="mw-headline" id="Filmography">Filmography</span></h2>
	<h2 xmlns="http://www.w3.org/1999/xhtml"> <span class="mw-headline" id="References">References</span></h2>
      </wiki:abstract>
      <h2 xmlns="http://www.w3.org/1999/xhtml"> <span class="mw-headline" id="External_links">External links</span></h2>
      <ul xmlns="http://www.w3.org/1999/xhtml">
	<li><a href="http://www.imdb.com/name/nm0316079/" rel="nofollow">Paul Giamatti</a> at the <a class="external" href="http://en.wikipedia.org/wiki/Internet_Movie_Database" title="Internet Movie Database">Internet Movie Database</a></li>
	<li><a href="http://www.ibdb.com/person.asp?ID=42042" rel="nofollow">Paul Giamatti</a> at the <a class="external" href="http://en.wikipedia.org/wiki/Internet_Broadway_Database" title="Internet Broadway Database">Internet Broadway Database</a></li>
	<li><a href="http://www.lortel.org/LLA_archive/index.cfm?search_by=people&amp;first=Paul&amp;last=Giamatti&amp;middle=" rel="nofollow">Paul Giamatti</a> at the <a class="external" href="http://en.wikipedia.org/wiki/Lortel_Archives" title="Lortel Archives">Internet Off-Broadway Database</a></li>
	<li><a href="http://www.guardian.co.uk/film/2009/nov/12/paul-giamatti-cold-souls" rel="nofollow">Paul Giamatti: 'I'm clearly not Brad Pitt,' The Guardian, Oliver Burkeman, 12 November 2009</a></li>
      </ul>
    </wiki:description>
  </wiki:person>
  <wiki:film-title link="/wiki/Cinderella_Man">Cinderella Man</wiki:film-title>
  <wiki:film link="/wiki/Cinderella_Man" title="Cinderella Man">
    <wiki:oscar-ref year="2005" span="1" winner="false" award="supporting-actor" person-link="/wiki/Paul_Giamatti" person-name="Paul Giamatti"/>
    <wiki:producer link="/wiki/Brian_Grazer">Brian Grazer</wiki:producer>
    <wiki:producer link="/wiki/Penny_Marshall">Penny Marshall</wiki:producer>
    <wiki:director link="/wiki/Ron_Howard">Ron Howard</wiki:director>
    <wiki:writer link="/w/index.php?title=Cliff_Hollingsworth&amp;action=edit&amp;redlink=1">Cliff Hollingsworth</wiki:writer>
    <wiki:writer link="/wiki/Akiva_Goldsman">Akiva Goldsman</wiki:writer>
    <wiki:distributor link="/wiki/Universal_Pictures">Universal Pictures</wiki:distributor>
    <wiki:distributor link="/wiki/Miramax_Films">Miramax Films</wiki:distributor>
    <wiki:starring link="/wiki/Russell_Crowe">Russell Crowe</wiki:starring>
    <wiki:starring link="/wiki/Ren%C3%A9e_Zellweger">RenÃ©e Zellweger</wiki:starring>
    <wiki:starring link="/wiki/Paul_Giamatti">Paul Giamatti</wiki:starring>
    <wiki:description>
      <wiki:abstract>
	<p xmlns="http://www.w3.org/1999/xhtml"><i><b>Cinderella Man</b></i> is a 2005 American <a class="external" href="http://en.wikipedia.org/wiki/Drama_film" title="Drama film">drama film</a> by <a class="external" href="http://en.wikipedia.org/wiki/Ron_Howard" title="Ron Howard">Ron Howard</a>, titled after the nickname of <a class="external" href="http://en.wikipedia.org/wiki/Heavyweight" title="Heavyweight">heavyweight</a> <a class="external" href="http://en.wikipedia.org/wiki/List_of_Heavyweight_Champions" title="List of Heavyweight Champions">boxing champion</a> <a class="external" href="http://en.wikipedia.org/wiki/James_J._Braddock" title="James J. Braddock">James J. Braddock</a> and inspired by his life story. The film was produced by Howard, <a class="external" href="http://en.wikipedia.org/wiki/Penny_Marshall" title="Penny Marshall">Penny Marshall</a>, and <a class="external" href="http://en.wikipedia.org/wiki/Brian_Grazer" title="Brian Grazer">Brian Grazer</a>.</p>
	<h2 xmlns="http://www.w3.org/1999/xhtml"> <span class="mw-headline" id="Plot">Plot</span></h2>
	<p xmlns="http://www.w3.org/1999/xhtml">James J. Braddock is a hard-nosed, <a class="external" href="http://en.wikipedia.org/wiki/Irish-American" title="Irish-American">Irish-American</a> <a class="external" href="http://en.wikipedia.org/wiki/Boxing" title="Boxing">boxer</a> from <a class="external" href="http://en.wikipedia.org/wiki/New_Jersey" title="New Jersey">New Jersey</a>, formerly a <a class="external" href="http://en.wikipedia.org/wiki/Light_heavyweight" title="Light heavyweight">light heavyweight</a> contender, who is forced to give up boxing after breaking his hand in the ring. This is a relief and an upset to his wife, Mae, who cannot bring herself to watch the violence of his chosen profession, and yet knows without him boxing they'll have no good income.</p>
	<p xmlns="http://www.w3.org/1999/xhtml">As the United States enters the <a class="external" href="http://en.wikipedia.org/wiki/Great_Depression" title="Great Depression">Great Depression</a>, Braddock does <a class="external" href="http://en.wikipedia.org/wiki/Manual_labor" title="Manual labor">manual labor</a> to support his family, even after badly breaking his hand. Unfortunately, he cannot get work every day. Thanks to a last-minute cancellation by another boxer, Braddock's longtime manager, Joe Gould, offers him a chance to fill in for just this one night and make a little money. The fight is against the number two contender in the world and Braddock is seen as little more than a convenient <a class="external" href="http://en.wikipedia.org/wiki/Punching_bag" title="Punching bag">punching bag</a>.</p>
      </wiki:abstract>
      <p xmlns="http://www.w3.org/1999/xhtml">With a shot at the heavyweight championship held by <a class="external" href="http://en.wikipedia.org/wiki/Max_Baer_(boxer)" title="Max Baer (boxer)">Max Baer</a> a possibility, Braddock continues to win. Out of a sense of pride, he uses a portion of his prize money to pay back money to the government given to him while unemployed. When his <a class="external" href="http://en.wikipedia.org/wiki/Rags_to_riches" title="Rags to riches">rags to riches</a> story gets out, the sportswriter <a class="external" href="http://en.wikipedia.org/wiki/Damon_Runyon" title="Damon Runyon">Damon Runyon</a> dubs him "The Cinderella Man" and before long Braddock comes to represent the hopes and aspirations of the American public coping with the Depression.</p>
      <p xmlns="http://www.w3.org/1999/xhtml">A title fight comes his way. Braddock is a 10-to-1 <a class="external" href="http://en.wikipedia.org/wiki/Underdog_(competition)" title="Underdog (competition)">underdog</a>. Mae is terrified because Baer, the champ, is a vicious man who reportedly has killed at least two men in the ring. He is so destructive that the fight's promoter, James J Johnston, forces both Braddock and Gould to watch a film of Baer in action, just so he can maintain later that he warned them what Braddock was up against.</p>
      <p xmlns="http://www.w3.org/1999/xhtml">Braddock demonstrates no fear. The arrogant Baer attempts to intimidate him, even taunting Mae in public that her man might not survive. When he says this, she becomes so angry that she throws a drink at him. She cannot bring herself to attend the fight at <a class="external" href="http://en.wikipedia.org/wiki/Madison_Square_Garden_Bowl" title="Madison Square Garden Bowl">Madison Square Garden Bowl</a> or even to listen to it on the radio.</p>
      <p xmlns="http://www.w3.org/1999/xhtml">A graphic at the end of the film reveals that Jimmy worked on the building of the <a class="external" href="http://en.wikipedia.org/wiki/Verrazano_Bridge" title="Verrazano Bridge">Verrazano Bridge</a>, and that he later owned and operated heavy machinery on the docks where he worked during the depression. Also, he and Mae used the winnings to buy a house, in which they spent the rest of their lives.</p>
      <h2 xmlns="http://www.w3.org/1999/xhtml"> <span class="mw-headline" id="Cast">Cast</span></h2>
      <ul xmlns="http://www.w3.org/1999/xhtml">
	<li><a class="external" href="http://en.wikipedia.org/wiki/Russell_Crowe" title="Russell Crowe">Russell Crowe</a> as <a class="external" href="http://en.wikipedia.org/wiki/James_J._Braddock" title="James J. Braddock">James J. Braddock</a></li>
	<li><a class="external" href="http://en.wikipedia.org/wiki/Ren%C3%A9e_Zellweger" title="RenÃ©e Zellweger">RenÃ©e Zellweger</a> as Mae</li>
	<li><a class="external" href="http://en.wikipedia.org/wiki/Paul_Giamatti" title="Paul Giamatti">Paul Giamatti</a> as <a class="external" href="http://en.wikipedia.org/wiki/Joe_Gould_(manager)" title="Joe Gould (manager)">Joe Gould</a></li>
	<li><a class="external" href="http://en.wikipedia.org/wiki/Craig_Bierko" title="Craig Bierko">Craig Bierko</a> as <a class="external" href="http://en.wikipedia.org/wiki/Max_Baer_(boxer)" title="Max Baer (boxer)">Max Baer</a></li>
	<li><a class="external" href="http://en.wikipedia.org/wiki/Paddy_Considine" title="Paddy Considine">Paddy Considine</a> as Mike Wilson</li>
	<li><a class="external" href="http://en.wikipedia.org/wiki/Bruce_McGill" title="Bruce McGill">Bruce McGill</a> as Johnston</li>
	<li><a class="external" href="http://en.wikipedia.org/wiki/David_Huband" title="David Huband">David Huband</a> as Ford Bond</li>
	<li><a class="external" href="http://en.wikipedia.org/wiki/Connor_Price" title="Connor Price">Connor Price</a> as Jay Braddock</li>
	<li><a class="external" href="http://en.wikipedia.org/wiki/Ariel_Waller" title="Ariel Waller">Ariel Waller</a> as Rosemarie "Rosy" Braddock</li>
	<li><a class="external" href="http://en.wikipedia.org/wiki/Patrick_Louis" title="Patrick Louis">Patrick Louis</a> as Howard Braddock</li>
	<li><a class="external" href="http://en.wikipedia.org/wiki/Rosemarie_DeWitt" title="Rosemarie DeWitt">Rosemarie DeWitt</a> as Sara Wilson</li>
	<li><a class="external" href="http://en.wikipedia.org/wiki/Linda_Kash" title="Linda Kash">Linda Kash</a> as Mrs. Gould</li>
	<li><a class="external" href="http://en.wikipedia.org/wiki/Nicholas_Campbell" title="Nicholas Campbell">Nicholas Campbell</a> as Sporty Lewis</li>
	<li><a class="external" href="http://en.wikipedia.org/w/index.php?title=Gene_Pyrz&amp;action=edit&amp;redlink=1" title="Gene Pyrz (page does not exist)">Gene Pyrz</a> as Jake</li>
	<li><a class="external" href="http://en.wikipedia.org/w/index.php?title=Chuck_Shamata&amp;action=edit&amp;redlink=1" title="Chuck Shamata (page does not exist)">Chuck Shamata</a> as Father Roddick</li>
	<li><a class="external" href="http://en.wikipedia.org/wiki/Ron_Canada" title="Ron Canada">Ron Canada</a> as Joe Jeanette</li>
	<li><a class="external" href="http://en.wikipedia.org/w/index.php?title=Alicia_Johnston&amp;action=edit&amp;redlink=1" title="Alicia Johnston (page does not exist)">Alicia Johnston</a> as Alice</li>
	<li><a class="external" href="http://en.wikipedia.org/wiki/Troy_Amos-Ross" title="Troy Amos-Ross">Troy Amos-Ross</a> as John Henry Lewis</li>
	<li><a class="external" href="http://en.wikipedia.org/wiki/Mark_Simmons" title="Mark Simmons">Mark Simmons</a> as Art Lasky</li>
	<li><a class="external" href="http://en.wikipedia.org/wiki/Art_Binkowski" title="Art Binkowski">Art Binkowski</a> as Corn Griffin</li>
	<li><a class="external" href="http://en.wikipedia.org/w/index.php?title=David_Litzinger&amp;action=edit&amp;redlink=1" title="David Litzinger (page does not exist)">David Litzinger</a> as Abe Feldman</li>
	<li><a class="external" href="http://en.wikipedia.org/wiki/Matthew_G._Taylor" title="Matthew G. Taylor">Matthew G. Taylor</a> as Primo Carnera</li>
	<li><a class="external" href="http://en.wikipedia.org/wiki/Rance_Howard" title="Rance Howard">Rance Howard</a> as Announcer Al Fazin</li>
	<li><a class="external" href="http://en.wikipedia.org/w/index.php?title=James_Ritz&amp;action=edit&amp;redlink=1" title="James Ritz (page does not exist)">James Ritz</a> as Official - Griffin / Baer Fight</li>
	<li><a class="external" href="http://en.wikipedia.org/wiki/Ken_James" title="Ken James">Ken James</a> as Ancil Hoffman</li>
	<li><a class="external" href="http://en.wikipedia.org/wiki/Rufus_Crawford" title="Rufus Crawford">Rufus Crawford</a> as Lewis Coach</li>
	<li><a class="external" href="http://en.wikipedia.org/w/index.php?title=Thomasz_Kurzydlowski&amp;action=edit&amp;redlink=1" title="Thomasz Kurzydlowski (page does not exist)">Thomasz Kurzydlowski</a> as Tuffy Griffith</li>
	<li><a class="external" href="http://en.wikipedia.org/wiki/Stuart_Clark" title="Stuart Clark">Stuart Clark</a> as Frankie Campbell</li>
	<li><a class="external" href="http://en.wikipedia.org/wiki/Julian_Lewis" title="Julian Lewis">Julian Lewis</a> as Undercard Boxer - Feldman</li>
	<li><a class="external" href="http://en.wikipedia.org/w/index.php?title=Eric_Fink&amp;action=edit&amp;redlink=1" title="Eric Fink (page does not exist)">Eric Fink</a> as Announcer - Lasky</li>
	<li><a class="external" href="http://en.wikipedia.org/wiki/Gerry_Quigley" title="Gerry Quigley">Gerry Quigley</a> as Quincy</li>
	<li><a class="external" href="http://en.wikipedia.org/wiki/Peter_MacNeill" title="Peter MacNeill">Peter MacNeill</a> as Electric Man</li>
	<li><a class="external" href="http://en.wikipedia.org/wiki/Darrin_Brown" title="Darrin Brown">Darrin Brown</a> as Promoter</li>
	<li><a class="external" href="http://en.wikipedia.org/w/index.php?title=Magdalena_Alexander&amp;action=edit&amp;redlink=1" title="Magdalena Alexander (page does not exist)">Magdalena Alexander</a> as Angry Woman</li>
	<li><a class="external" href="http://en.wikipedia.org/w/index.php?title=Nola_Augustson&amp;action=edit&amp;redlink=1" title="Nola Augustson (page does not exist)">Nola Augustson</a> as Relief Office Woman</li>
	<li><a class="external" href="http://en.wikipedia.org/w/index.php?title=Gino_Marrocco&amp;action=edit&amp;redlink=1" title="Gino Marrocco (page does not exist)">Gino Marrocco</a> as Waiter</li>
	<li><a class="external" href="http://en.wikipedia.org/wiki/Mark_Taylor" title="Mark Taylor">Mark Taylor</a> as George</li>
	<li><a class="external" href="http://en.wikipedia.org/w/index.php?title=Sharron_Matthews&amp;action=edit&amp;redlink=1" title="Sharron Matthews (page does not exist)">Sharron Matthews</a> as Lady</li>
	<li><a class="external" href="http://en.wikipedia.org/w/index.php?title=Alec_Stockwell&amp;action=edit&amp;redlink=1" title="Alec Stockwell (page does not exist)">Alec Stockwell</a> as Church Man</li>
	<li><a class="external" href="http://en.wikipedia.org/w/index.php?title=Chick_Roberts&amp;action=edit&amp;redlink=1" title="Chick Roberts (page does not exist)">Chick Roberts</a> as Church Old Man</li>
	<li><a class="external" href="http://en.wikipedia.org/w/index.php?title=Isabella_Fink&amp;action=edit&amp;redlink=1" title="Isabella Fink (page does not exist)">Isabella Fink</a> as Church Girl</li>
	<li><a class="external" href="http://en.wikipedia.org/wiki/Beau_Starr" title="Beau Starr">Beau Starr</a> as Sam</li>
	<li><a class="external" href="http://en.wikipedia.org/wiki/Philip_Craig_(actor)" title="Philip Craig (actor)">Philip Craig</a> as Radio Commentator</li>
	<li><a class="external" href="http://en.wikipedia.org/w/index.php?title=Sam_Malkin&amp;action=edit&amp;redlink=1" title="Sam Malkin (page does not exist)">Sam Malkin</a> as Gibson</li>
	<li><a class="external" href="http://en.wikipedia.org/wiki/Tony_Munch" title="Tony Munch">Tony Munch</a> as Sam Penny</li>
	<li><a class="external" href="http://en.wikipedia.org/w/index.php?title=Conrad_Bergschneider&amp;action=edit&amp;redlink=1" title="Conrad Bergschneider (page does not exist)">Conrad Bergschneider</a> as Limo Driver</li>
	<li><a class="external" href="http://en.wikipedia.org/w/index.php?title=Richard_Binsley&amp;action=edit&amp;redlink=1" title="Richard Binsley (page does not exist)">Richard Binsley</a> as Announcer - Griffith</li>
      </ul>
      <h2 xmlns="http://www.w3.org/1999/xhtml"> <span class="mw-headline" id="Production">Production</span></h2>
      <p xmlns="http://www.w3.org/1999/xhtml">During filming in <a class="external" href="http://en.wikipedia.org/wiki/Toronto" title="Toronto">Toronto</a>, several areas were redressed to resemble 1930s New York. The Richmond Street side of <a class="external" href="http://en.wikipedia.org/wiki/The_Bay" title="The Bay">The Bay</a>'s Queen Street store was redressed as <a class="external" href="http://en.wikipedia.org/wiki/Madison_Square_Garden_(1925)" title="Madison Square Garden (1925)">Madison Square Garden</a>, complete with fake store fronts and period stop lights. A stretch of Queen Street East between Broadview and Carlaw was also made up to appear to be from the 1930s and dozens of period cars were parked along the road. <a class="external" href="http://en.wikipedia.org/wiki/Maple_Leaf_Gardens" title="Maple Leaf Gardens">Maple Leaf Gardens</a> was also used for all the fight scenes. Many scenes were filmed in the <a class="external" href="http://en.wikipedia.org/wiki/Distillery_District" title="Distillery District">Distillery District</a>. Filming also took place in <a class="external" href="http://en.wikipedia.org/wiki/Hamilton,_Ontario" title="Hamilton, Ontario">Hamilton, Ontario</a> at the harbour for the dock workers' scene. The main apartment was shot just North of St Clair avenue on Lauder Avenue on the east side. An Awning was put up for a dress shop, later turned into a real coffee shop.</p>
      <p xmlns="http://www.w3.org/1999/xhtml">The <a class="external" href="http://en.wikipedia.org/wiki/Toronto_Transit_Commission" title="Toronto Transit Commission">TTC</a>'s historic <a class="external" href="http://en.wikipedia.org/wiki/Peter_Witt_streetcar" title="Peter Witt streetcar">Peter Witt streetcar</a> and two more Witts from the nearby <a class="external" href="http://en.wikipedia.org/wiki/Halton_County_Radial_Railway" title="Halton County Radial Railway">Halton County Radial Railway</a> were used for the filming, travelling on Toronto's existing streetcar tracks.</p>
      <h2 xmlns="http://www.w3.org/1999/xhtml"> <span class="mw-headline" id="Release">Release</span></h2>
      <p xmlns="http://www.w3.org/1999/xhtml">In a campaign to boost ticket sales after the film's disappointing opening, <a class="external" href="http://en.wikipedia.org/wiki/AMC_Theatres" title="AMC Theatres">AMC Theatres</a> advertised on June 24, 2005 that in 30 markets (about 150 theaters nationwide), it would offer a refund to any ticket-buyer dissatisfied with the film. The advertisement, published in <i><a class="external" href="http://en.wikipedia.org/wiki/The_New_York_Times" title="The New York Times">The New York Times</a></i> and other papers and on internet film sites, read, "AMC believes <i>Cinderella Man</i> is one of the finest motion pictures of the year! We believe so strongly that you'll enjoy <i>Cinderella Man</i> we're offering a Money Back Guarantee." The promotion moderately increased box office revenue for a short period, while at least 50 patrons demanded refunds. Following suit, <a class="external" href="http://en.wikipedia.org/wiki/Cinemark_Theatres" title="Cinemark Theatres">Cinemark Theatres</a> also offered a money-back guarantee in 25 markets that did not compete with AMC Theaters. AMC had last employed such a strategy (in limited markets) for the <a class="external" href="http://en.wikipedia.org/wiki/1988_in_film" title="1988 in film">1988</a> release of <i><a class="external" href="http://en.wikipedia.org/wiki/Mystic_Pizza" title="Mystic Pizza">Mystic Pizza</a></i>, while <a class="external" href="http://en.wikipedia.org/wiki/20th_Century_Fox" title="20th Century Fox">20th Century Fox</a> had unsuccessfully tried a similar ploy for its <a class="external" href="http://en.wikipedia.org/wiki/1994_in_film" title="1994 in film">1994</a> remake of <i><a class="external" href="http://en.wikipedia.org/wiki/Miracle_on_34th_Street_(1994_film)" title="Miracle on 34th Street (1994 film)">Miracle on 34th Street</a></i>.</p>
      <h2 xmlns="http://www.w3.org/1999/xhtml"> <span class="mw-headline" id="Reaction">Reaction</span></h2>
      <p xmlns="http://www.w3.org/1999/xhtml">Although the film received very good reviews from most critics and audiences, with a <a class="external" href="http://en.wikipedia.org/wiki/Rotten_Tomatoes" title="Rotten Tomatoes">Rotten Tomatoes</a> score of 80%, it fared relatively poorly at the box office during its first several weeks. During its North American theatrical run, the film (which cost $88 million) had earned only $61,649,911.</p>
      <p xmlns="http://www.w3.org/1999/xhtml"><a class="external" href="http://en.wikipedia.org/wiki/Max_Baer_(boxer)" title="Max Baer (boxer)">Max Baer</a> is portrayed as a brutal person who behaves inappropriately outside the ring and viciously inside it (to the point of killing two opponents in the ring). Baer's relatives and boxing historians have criticized the film's depiction of him, arguing that he killed one man in the ring, <a class="external" href="http://en.wikipedia.org/wiki/Frankie_Campbell" title="Frankie Campbell">Frankie Campbell</a>, not two (in the film, it is stated that he also caused the â€“ slightly delayed â€“ death of <a class="external" href="http://en.wikipedia.org/wiki/Ernie_Schaaf" title="Ernie Schaaf">Ernie Schaaf</a>, something commonly claimed by the press at the time, but never proven), and was considered by many to be a gentleman. This is supported by historical evidence which shows that Baer's demeanor, both within and outside the ring, was much less brutal than the film portrayed, and he often cracked jokes.</p>
      <p xmlns="http://www.w3.org/1999/xhtml">However, the portrayal of Max Baer's style of boxing in the film is very close to what happened in the actual boxing contest.</p>
      <p xmlns="http://www.w3.org/1999/xhtml">The author of the book on which the film was based has asserted that Baer was kind, charismatic, loved and respected, and pointed out the emotional pain that Baer endured the rest of his life following Campbell's death, and the fact that he gave purses from his bouts to Campbell's family to help give Campbell's children an education.</p>
      <p xmlns="http://www.w3.org/1999/xhtml">The depiction of Max Baer in the film is no different from his depiction in the press at the time, and this image was often used by promoters to attract interest in his fights. Also, the Max Baer on screen never actually boasts about killing Campbell or Schaaf, although he does warn Braddock that he may die if he fights him, and offers to "take care" of his wife once he is gone, blowing a kiss to her as he does so. The real Max Baer (who was also an actor) starred as a much more negatively depicted, hostile boxer in the film <i><a class="external" href="http://en.wikipedia.org/wiki/The_Harder_They_Fall" title="The Harder They Fall">The Harder They Fall</a></i>, which holds many similarities to him in real life.</p>
      <h2 xmlns="http://www.w3.org/1999/xhtml"> <span class="mw-headline" id="Awards_and_nominations">Awards and nominations</span></h2>
      <p xmlns="http://www.w3.org/1999/xhtml"><b>Academy Award</b></p>
      <ul xmlns="http://www.w3.org/1999/xhtml">
	<li>Best Editing (<a class="external" href="http://en.wikipedia.org/wiki/Daniel_P._Hanley" title="Daniel P. Hanley">Daniel P. Hanley</a>, <a class="external" href="http://en.wikipedia.org/wiki/Mike_Hill_(film_editor)" title="Mike Hill (film editor)">Mike Hill</a>) (Nominated)</li>
	<li>Best Makeup (<a class="external" href="http://en.wikipedia.org/w/index.php?title=David_LeRoy_Anderson&amp;action=edit&amp;redlink=1" title="David LeRoy Anderson (page does not exist)">David LeRoy Anderson</a>, <a class="external" href="http://en.wikipedia.org/w/index.php?title=Lance_Anderson&amp;action=edit&amp;redlink=1" title="Lance Anderson (page does not exist)">Lance Anderson</a>) (Nominated)</li>
	<li>Best Supporting Actor (<a class="external" href="http://en.wikipedia.org/wiki/Paul_Giamatti" title="Paul Giamatti">Paul Giamatti</a>) (Nominated)</li>
      </ul>
      <p xmlns="http://www.w3.org/1999/xhtml"><b>BAFTA Award</b></p>
      <ul xmlns="http://www.w3.org/1999/xhtml">
	<li>Best Original Screenplay (<a class="external" href="http://en.wikipedia.org/w/index.php?title=Cliff_Hollingsworth&amp;action=edit&amp;redlink=1" title="Cliff Hollingsworth (page does not exist)">Cliff Hollingsworth</a>, <a class="external" href="http://en.wikipedia.org/wiki/Akiva_Goldsman" title="Akiva Goldsman">Akiva Goldsman</a>)</li>
	<li>Best Supporting Actor (Paul Giamatti) (Nominated)</li>
      </ul>
      <p xmlns="http://www.w3.org/1999/xhtml"><b>Golden Globe Award</b></p>
      <ul xmlns="http://www.w3.org/1999/xhtml">
	<li>Best Actor - Motion Picture Drama (<a class="external" href="http://en.wikipedia.org/wiki/Russell_Crowe" title="Russell Crowe">Russell Crowe</a>) (Nominated)</li>
	<li>Best Supporting Actor - Motion Picture (Paul Giamatti) (Nominated)</li>
      </ul>
      <p xmlns="http://www.w3.org/1999/xhtml"><b>Screen Actors Guild Award</b></p>
      <ul xmlns="http://www.w3.org/1999/xhtml">
	<li>Outstanding Supporting Actor - Motion Picture (Paul Giamatti) (Won)</li>
	<li>Outstanding Actor - Motion Picture (Russell Crowe) (Nominated)</li>
      </ul>
      <h2 xmlns="http://www.w3.org/1999/xhtml"> <span class="mw-headline" id="Influences_on_pop_culture">Influences on pop culture</span></h2>
      <ul xmlns="http://www.w3.org/1999/xhtml">
	<li>In <i><a class="external" href="http://en.wikipedia.org/wiki/The_Sopranos" title="The Sopranos">The Sopranos</a></i> episode, "<a class="external" href="http://en.wikipedia.org/wiki/Cold_Stones" title="Cold Stones">Cold Stones</a>", Carmela says she went to <a class="external" href="http://en.wikipedia.org/wiki/Blockbuster_Inc." title="Blockbuster Inc.">Blockbuster</a> to rent <i>Cinderella Man</i>.</li>
      </ul>
      <h2 xmlns="http://www.w3.org/1999/xhtml"> <span class="mw-headline" id="References">References</span></h2>
      <h2 xmlns="http://www.w3.org/1999/xhtml"> <span class="mw-headline" id="External_links">External links</span></h2>
      <ul xmlns="http://www.w3.org/1999/xhtml">
	<li><a href="http://www.imdb.com/title/tt0352248/" rel="nofollow"><i>Cinderella Man</i></a> at the <a class="external" href="http://en.wikipedia.org/wiki/Internet_Movie_Database" title="Internet Movie Database">Internet Movie Database</a></li>
	<li><a href="http://www.rottentomatoes.com/m/cinderella_man/" rel="nofollow"><i>Cinderella Man</i></a> at <a class="external" href="http://en.wikipedia.org/wiki/Rotten_Tomatoes" title="Rotten Tomatoes">Rotten Tomatoes</a></li>
	<li><a href="http://www.metacritic.com/film/titles/cinderellaman" rel="nofollow"><i>Cinderella Man</i></a> at <a class="external" href="http://en.wikipedia.org/wiki/Metacritic" title="Metacritic">Metacritic</a></li>
	<li><a href="http://www.boxofficemojo.com/movies/?id=cinderellaman.htm" rel="nofollow"><i>Cinderella Man</i></a> at <a class="external" href="http://en.wikipedia.org/wiki/Box_Office_Mojo" title="Box Office Mojo">Box Office Mojo</a></li>
	<li><a href="http://www.lovemusiclovedance.com/cinderella-man.htm/" rel="nofollow">Film of real contest between Baer and Braddock</a></li>
	<li><a href="http://www.jamesjbraddock.com/" rel="nofollow">James J. Braddock Official Site</a></li>
      </ul>
    </wiki:description>
  </wiki:film>
</wiki:nominee>