<?xml version="1.0" encoding="UTF-8"?>
<wiki:nominee year="1957" span="1" winner="false" award="supporting-actor" xmlns:wiki="http://marklogic.com/wikipedia">
  <!--
                            Copyright (c) 2010 MarkLogic Corporation.
                            Permission is granted to copy, distribute and/or modify this document
                            under the terms of the GNU Free Documentation License, Version 1.2
                            or any later version published by the Free Software Foundation;
                            with no Invariant Sections, no Front-Cover Texts, and no Back-Cover Texts.
                            A copy of the license is included in the section entitled "GNU
                            Free Documentation License"
                            
                            Content derived from http://en.wikipedia.org/wiki/Peyton_Place_(film) and http://en.wikipedia.org/wiki/Russ_Tamblyn
                            Modified in May 2009 by Mark Logic Corporation under the terms of the GNU Free Documentation License.
                        -->
  <wiki:name link="/wiki/Russ_Tamblyn">Russ Tamblyn</wiki:name>
  <wiki:person link="/wiki/Russ_Tamblyn" name="Russ Tamblyn">
    <wiki:oscar year="1957" span="1" winner="false" award="supporting-actor" film-link="/wiki/Peyton_Place_(film)" film-title="Peyton Place"/>
    <wiki:image link="http://upload.wikimedia.org/wikipedia/commons/9/9e/Russ_Tamblyn_at_the_1990_Annual_Emmy_Awards_cropped.jpg"/>
    <wiki:birth>
      <wiki:date>1934-12-30</wiki:date>
      <wiki:place>
	<wiki:primary link="/wiki/Los_Angeles,_California">Los Angeles</wiki:primary>
	<wiki:secondary link="/wiki/California">California</wiki:secondary>
      <enrich><woeid xmlns="http://where.yahooapis.com/v1/schema.rng">12587688</woeid><placeTypeName code="9" xmlns="http://where.yahooapis.com/v1/schema.rng">County</placeTypeName><name xmlns="http://where.yahooapis.com/v1/schema.rng">Los Angeles</name><country code="US" type="Country" xmlns="http://where.yahooapis.com/v1/schema.rng">United States</country><admin1 code="US-CA" type="State" xmlns="http://where.yahooapis.com/v1/schema.rng">California</admin1><admin2 code="" type="County" xmlns="http://where.yahooapis.com/v1/schema.rng">Los Angeles</admin2><admin3 xmlns="http://where.yahooapis.com/v1/schema.rng"/><locality1 xmlns="http://where.yahooapis.com/v1/schema.rng"/><locality2 xmlns="http://where.yahooapis.com/v1/schema.rng"/><postal xmlns="http://where.yahooapis.com/v1/schema.rng"/><centroid xmlns="http://where.yahooapis.com/v1/schema.rng"><latitude>34.263512</latitude><longitude>-118.295502</longitude></centroid><boundingBox xmlns="http://where.yahooapis.com/v1/schema.rng"><southWest><latitude>32.800701</latitude><longitude>-118.944817</longitude></southWest><northEast><latitude>34.823299</latitude><longitude>-117.646187</longitude></northEast></boundingBox><areaRank xmlns="http://where.yahooapis.com/v1/schema.rng">9</areaRank><popRank xmlns="http://where.yahooapis.com/v1/schema.rng">0</popRank></enrich></wiki:place>
    </wiki:birth>
    <wiki:description>
      <wiki:abstract>
	<p xmlns="http://www.w3.org/1999/xhtml"><b>Russell Irving</b> "<b>Russ</b>" <b>Tamblyn</b> (born December 30, 1934) is an American film and television actor, who is arguably best known for his performance in the 1961 <a class="external" href="http://en.wikipedia.org/wiki/Movie_musical" title="Movie musical">movie musical</a> <i><a class="external" href="http://en.wikipedia.org/wiki/West_Side_Story_(film)" title="West Side Story (film)">West Side Story</a></i> as Riff, the leader of the Jets gang.</p>
	<h2 xmlns="http://www.w3.org/1999/xhtml"> <span class="mw-headline" id="Early_life_and_career_in_films">Early life and career in films</span></h2>
	<p xmlns="http://www.w3.org/1999/xhtml">Tamblyn was born in <a class="external" href="http://en.wikipedia.org/wiki/Los_Angeles,_California" title="Los Angeles, California">Los Angeles, California</a>, the son of actors Sally Triplett and <a class="external" href="http://en.wikipedia.org/wiki/Eddie_Tamblyn" title="Eddie Tamblyn">Eddie Tamblyn</a>. He is the older brother of Larry Tamblyn, organist for the 1960s band <a class="external" href="http://en.wikipedia.org/wiki/The_Standells" title="The Standells">The Standells</a>.</p>
	<p xmlns="http://www.w3.org/1999/xhtml">Discovered at the age of ten by actor <a class="external" href="http://en.wikipedia.org/wiki/Lloyd_Bridges" title="Lloyd Bridges">Lloyd Bridges</a> after acting in a play, Tamblyn's first film appearance was a small non-speaking role in 1948's <i><a class="external" href="http://en.wikipedia.org/wiki/The_Boy_With_Green_Hair" title="The Boy With Green Hair">The Boy With Green Hair</a></i>. He also appeared on <i><a class="external" href="http://en.wikipedia.org/wiki/The_Ed_Sullivan_Show" title="The Ed Sullivan Show">The Ed Sullivan Show</a></i> as a child. He portrayed the young <a class="external" href="http://en.wikipedia.org/wiki/Saul" title="Saul">Saul</a> in <a class="external" href="http://en.wikipedia.org/wiki/Cecil_B._DeMille" title="Cecil B. DeMille">Cecil B. DeMille</a>'s 1949 version of <i><a class="external" href="http://en.wikipedia.org/wiki/Samson_and_Delilah_(1949_film)" title="Samson and Delilah (1949 film)">Samson and Delilah</a></i>. He played the younger version of <a class="external" href="http://en.wikipedia.org/wiki/John_Dall" title="John Dall">John Dall's</a> character in the 1950 <a class="external" href="http://en.wikipedia.org/wiki/Film_noir" title="Film noir">film noir</a> <i><a class="external" href="http://en.wikipedia.org/wiki/Gun_Crazy" title="Gun Crazy">Gun Crazy</a></i>. Later the same year, he had a minor role as <a class="external" href="http://en.wikipedia.org/wiki/Spencer_Tracy" title="Spencer Tracy">Spencer Tracy</a>'s son and <a class="external" href="http://en.wikipedia.org/wiki/Elizabeth_Taylor" title="Elizabeth Taylor">Elizabeth Taylor</a>'s younger brother in <i><a class="external" href="http://en.wikipedia.org/wiki/Father_of_the_Bride_(1950_film)" title="Father of the Bride (1950 film)">Father of the Bride</a></i>, as well as in the following year's <a class="external" href="http://en.wikipedia.org/wiki/Sequel" title="Sequel">sequel</a>, <i><a class="external" href="http://en.wikipedia.org/wiki/Father%27s_Little_Dividend" title="Father's Little Dividend">Father's Little Dividend</a></i>, both directed by <a class="external" href="http://en.wikipedia.org/wiki/Vincente_Minnelli" title="Vincente Minnelli">Vincente Minnelli</a>. He was also a young soldier in boot camp in 1953's <i><a class="external" href="http://en.wikipedia.org/wiki/Take_the_High_Ground!" title="Take the High Ground!">Take the High Ground</a></i>. His training as a <a class="external" href="http://en.wikipedia.org/wiki/Gymnast" title="Gymnast">gymnast</a> in high school and abilities as an <a class="external" href="http://en.wikipedia.org/wiki/Acrobatics" title="Acrobatics">acrobat</a> prepared him for his <a class="external" href="http://en.wikipedia.org/wiki/Breakout_character" title="Breakout character">breakout</a> role as Gideon, the youngest brother, in 1954's <i><a class="external" href="http://en.wikipedia.org/wiki/Seven_Brides_for_Seven_Brothers_(film)" title="Seven Brides for Seven Brothers (film)">Seven Brides for Seven Brothers</a></i>.</p>
	<p xmlns="http://www.w3.org/1999/xhtml">He appeared with <a class="external" href="http://en.wikipedia.org/wiki/Glenn_Ford" title="Glenn Ford">Glenn Ford</a> and <a class="external" href="http://en.wikipedia.org/wiki/Broderick_Crawford" title="Broderick Crawford">Broderick Crawford</a> in <i><a class="external" href="http://en.wikipedia.org/wiki/The_Fastest_Gun_Alive" title="The Fastest Gun Alive">The Fastest Gun Alive</a></i> (1956), where he performed an extraordinary "shovel" dance at a <a class="external" href="http://en.wikipedia.org/wiki/Hoe-down" title="Hoe-down">hoe-down</a> early in the film. Though uncredited, he served as a <a class="external" href="http://en.wikipedia.org/wiki/Choreographer" title="Choreographer">choreographer</a> for <a class="external" href="http://en.wikipedia.org/wiki/Elvis_Presley" title="Elvis Presley">Elvis Presley</a> in 1957's <i><a class="external" href="http://en.wikipedia.org/wiki/Jailhouse_Rock_(1957_film)" title="Jailhouse Rock (1957 film)">Jailhouse Rock</a></i>. He portrayed the role of Norman Page in the 1957 film adaptation of <i><a class="external" href="http://en.wikipedia.org/wiki/Peyton_Place_(film)" title="Peyton Place (film)">Peyton Place</a></i>, for which he was nominated for an <a class="external" href="http://en.wikipedia.org/wiki/Academy_Award_for_Best_Supporting_Actor" title="Academy Award for Best Supporting Actor">Academy Award for Best Supporting Actor</a>. He then played Tony Baker, a cocky, slang-slinging, switch-blading, drag-racing, dope-dealing tough teen in 1958's "High School Confidential". Performances in film musicals included the title role in 1958's <i><a class="external" href="http://en.wikipedia.org/wiki/Tom_thumb_(film)" title="Tom thumb (film)">tom thumb</a></i> and Danny, one of the sailors in the 1955 film version of <i><a class="external" href="http://en.wikipedia.org/wiki/Hit_the_Deck_(1955_film)" title="Hit the Deck (1955 film)">Hit the Deck</a></i>. His most famous musical role was Riff, the leader of the Jets in the 1961 film <i><a class="external" href="http://en.wikipedia.org/wiki/West_Side_Story_(film)" title="West Side Story (film)">West Side Story</a></i>, an adaptation of the <a class="external" href="http://en.wikipedia.org/wiki/Broadway_theatre" title="Broadway theatre">Broadway</a> musical <a class="external" href="http://en.wikipedia.org/wiki/West_Side_Story_(musical)" title="West Side Story (musical)">of the same name</a>.</p>
	<p xmlns="http://www.w3.org/1999/xhtml">In 1960, he portrayed The Cherokee Kid alongside <a class="external" href="http://en.wikipedia.org/wiki/Glenn_Ford" title="Glenn Ford">Glenn Ford</a> in <i><a class="external" href="http://en.wikipedia.org/wiki/Cimarron_(1960_film)" title="Cimarron (1960 film)">Cimarron</a></i>. He appeared in two 1962 <a class="external" href="http://en.wikipedia.org/wiki/MGM" title="MGM">MGM</a>-<a class="external" href="http://en.wikipedia.org/wiki/Cinerama" title="Cinerama">Cinerama</a> movies , <i><a class="external" href="http://en.wikipedia.org/wiki/The_Wonderful_World_of_the_Brothers_Grimm" title="The Wonderful World of the Brothers Grimm">The Wonderful World of the Brothers Grimm</a></i> with a cast that included <a class="external" href="http://en.wikipedia.org/wiki/Laurence_Harvey" title="Laurence Harvey">Laurence Harvey</a>, <a class="external" href="http://en.wikipedia.org/wiki/Karlheinz_Boehm" title="Karlheinz Boehm">Karlheinz Boehm</a>, <a class="external" href="http://en.wikipedia.org/wiki/Barbara_Eden" title="Barbara Eden">Barbara Eden</a>, <a class="external" href="http://en.wikipedia.org/wiki/Jim_Backus" title="Jim Backus">Jim Backus</a>, and <a class="external" href="http://en.wikipedia.org/wiki/Buddy_Hackett" title="Buddy Hackett">Buddy Hackett</a>, and <i><a class="external" href="http://en.wikipedia.org/wiki/How_the_West_Was_Won_(film)" title="How the West Was Won (film)">How the West Was Won</a></i> with a cast that included <a class="external" href="http://en.wikipedia.org/wiki/Henry_Fonda" title="Henry Fonda">Henry Fonda</a>, <a class="external" href="http://en.wikipedia.org/wiki/Karl_Malden" title="Karl Malden">Karl Malden</a>, <a class="external" href="http://en.wikipedia.org/wiki/Gregory_Peck" title="Gregory Peck">Gregory Peck</a>, <a class="external" href="http://en.wikipedia.org/wiki/Debbie_Reynolds" title="Debbie Reynolds">Debbie Reynolds</a>, <a class="external" href="http://en.wikipedia.org/wiki/James_Stewart_(actor)" title="James Stewart (actor)">James Stewart</a> and <a class="external" href="http://en.wikipedia.org/wiki/John_Wayne" title="John Wayne">John Wayne</a>. He was seen the next year as Orm in <i><a class="external" href="http://en.wikipedia.org/wiki/The_Long_Ships_(1963_film)" title="The Long Ships (1963 film)">The Long Ships</a></i>, as Luke Sanderson in <i><a class="external" href="http://en.wikipedia.org/wiki/The_Haunting_(1963_film)" title="The Haunting (1963 film)">The Haunting</a></i>, and as Lt. "Smitty" Smith in <i><a class="external" href="http://en.wikipedia.org/wiki/Follow_the_Boys_(1963_film)" title="Follow the Boys (1963 film)">Follow the Boys</a></i>. Tamblyn starred in the 1966 <a class="external" href="http://en.wikipedia.org/wiki/Japan" title="Japan">Japanese</a> <a class="external" href="http://en.wikipedia.org/wiki/Kaiju" title="Kaiju">kaiju</a> film <i><a class="external" href="http://en.wikipedia.org/wiki/War_of_the_Gargantuas" title="War of the Gargantuas">War of the Gargantuas</a></i>. Tamblyn played the supporting role in <a class="external" href="http://en.wikipedia.org/wiki/Neil_Young" title="Neil Young">Neil Young's</a> 1982 <i><a class="external" href="http://en.wikipedia.org/wiki/Human_Highway" title="Human Highway">Human Highway</a></i> while also credited for screenplay and choreography. He appeared in the <a class="external" href="http://en.wikipedia.org/wiki/Horror_film" title="Horror film">horror film</a> <i>Necromancer</i> in 1988.</p>
	<p xmlns="http://www.w3.org/1999/xhtml">Tamblyn is self-credited as director, choreographer and actor for Neil Young's <i>Greendale</i> concert tour.</p>
	<h2 xmlns="http://www.w3.org/1999/xhtml"> <span class="mw-headline" id="Television_appearances">Television appearances</span></h2>
	<p xmlns="http://www.w3.org/1999/xhtml">From 1990â€“1991, Tamblyn starred as <a class="external" href="http://en.wikipedia.org/wiki/Lawrence_Jacoby" title="Lawrence Jacoby">Dr. Lawrence Jacoby</a> on the <a class="external" href="http://en.wikipedia.org/wiki/David_Lynch" title="David Lynch">David Lynch</a>-created series <i><a class="external" href="http://en.wikipedia.org/wiki/Twin_Peaks" title="Twin Peaks">Twin Peaks</a></i>, though his scenes in the 1992 film <i><a class="external" href="http://en.wikipedia.org/wiki/Twin_Peaks:_Fire_Walk_with_Me" title="Twin Peaks: Fire Walk with Me">Twin Peaks: Fire Walk with Me</a></i> were cut. In 1999, he portrayed Dr. Hayden on the <a class="external" href="http://en.wikipedia.org/wiki/Soap_opera" title="Soap opera">soap opera</a> <i><a class="external" href="http://en.wikipedia.org/wiki/Days_of_our_Lives" title="Days of our Lives">Days of our Lives</a></i>, and in 2000, he made an appearance with daughter <a class="external" href="http://en.wikipedia.org/wiki/Amber_Tamblyn" title="Amber Tamblyn">Amber</a> on another soap opera, <i><a class="external" href="http://en.wikipedia.org/wiki/General_Hospital" title="General Hospital">General Hospital</a></i>, as the character he portrayed ten years earlier on <i><a class="external" href="http://en.wikipedia.org/wiki/Twin_Peaks" title="Twin Peaks">Twin Peaks</a></i>.</p>
	<p xmlns="http://www.w3.org/1999/xhtml">Tamblyn has also appeared in television series such as <i><a class="external" href="http://en.wikipedia.org/wiki/Fame_(1982_TV_series)" title="Fame (1982 TV series)">Fame</a></i> (the 1980s <a class="external" href="http://en.wikipedia.org/wiki/Spin-off_(media)" title="Spin-off (media)">spin-off</a> of the <a class="external" href="http://en.wikipedia.org/wiki/Fame_(1980_film)" title="Fame (1980 film)">film of the same name</a>), <i><a class="external" href="http://en.wikipedia.org/wiki/Quantum_Leap_(TV_series)" title="Quantum Leap (TV series)">Quantum Leap</a></i>, <i><a class="external" href="http://en.wikipedia.org/wiki/Nash_Bridges" title="Nash Bridges">Nash Bridges</a></i> and <i><a class="external" href="http://en.wikipedia.org/wiki/Babylon_5" title="Babylon 5">Babylon 5</a></i> (episode "<a class="external" href="http://en.wikipedia.org/wiki/A_Distant_Star" title="A Distant Star">A Distant Star</a>").</p>
	<h2 xmlns="http://www.w3.org/1999/xhtml"> <span class="mw-headline" id="Personal_life">Personal life</span></h2>
	<p xmlns="http://www.w3.org/1999/xhtml">Tamblyn has been married three times and has three children from his first and third marriages. He is the father of actress <a class="external" href="http://en.wikipedia.org/wiki/Amber_Tamblyn" title="Amber Tamblyn">Amber Tamblyn</a>, who played the starring role in the <a class="external" href="http://en.wikipedia.org/wiki/CBS" title="CBS">CBS</a> television series <i><a class="external" href="http://en.wikipedia.org/wiki/Joan_of_Arcadia" title="Joan of Arcadia">Joan of Arcadia</a></i>. Tamblyn acted opposite his daughter in several episodes of the show as God in the form of a man walking dogs. The two have also worked together in <i>Rebellious</i> and <i>Johnny Mysto: Boy Wizard</i>.</p>
	<h2 xmlns="http://www.w3.org/1999/xhtml"> <span class="mw-headline" id="Filmography">Filmography</span></h2>
      </wiki:abstract>
      <ul xmlns="http://www.w3.org/1999/xhtml">
	<li><i><a class="external" href="http://en.wikipedia.org/wiki/The_Boy_with_Green_Hair" title="The Boy with Green Hair">The Boy with Green Hair</a></i> (<a class="external" href="http://en.wikipedia.org/wiki/1948_in_film" title="1948 in film">1948</a>)</li>
	<li><i><a class="external" href="http://en.wikipedia.org/wiki/The_Kid_from_Cleveland" title="The Kid from Cleveland">The Kid from Cleveland</a></i> (<a class="external" href="http://en.wikipedia.org/wiki/1949_in_film" title="1949 in film">1949</a>)</li>
	<li><i><a class="external" href="http://en.wikipedia.org/wiki/Reign_of_Terror_(film)" title="Reign of Terror (film)">Reign of Terror</a></i> (1949)</li>
	<li><i><a class="external" href="http://en.wikipedia.org/wiki/Samson_and_Delilah_(1949_film)" title="Samson and Delilah (1949 film)">Samson and Delilah</a></i> (1949)</li>
	<li><i><a class="external" href="http://en.wikipedia.org/wiki/Gun_Crazy" title="Gun Crazy">Gun Crazy</a></i> (<a class="external" href="http://en.wikipedia.org/wiki/1950_in_film" title="1950 in film">1950</a>)</li>
	<li><i><a class="external" href="http://en.wikipedia.org/wiki/Captain_Carey,_U.S.A." title="Captain Carey, U.S.A.">Captain Carey, U.S.A.</a></i> (1950)</li>
	<li><i>The Vicious Years</i> (1950)</li>
	<li><i><a class="external" href="http://en.wikipedia.org/wiki/Father_of_the_Bride_(1950_film)" title="Father of the Bride (1950 film)">Father of the Bride</a></i> (1950)</li>
	<li><i><a class="external" href="http://en.wikipedia.org/wiki/Father%27s_Little_Dividend" title="Father's Little Dividend">Father's Little Dividend</a></i> (<a class="external" href="http://en.wikipedia.org/wiki/1951_in_film" title="1951 in film">1951</a>)</li>
	<li><i><a class="external" href="http://en.wikipedia.org/wiki/As_Young_as_You_Feel" title="As Young as You Feel">As Young as You Feel</a></i> (1951)</li>
	<li><i>Cave of Outlaws</i> (1951)</li>
	<li><i><a class="external" href="http://en.wikipedia.org/wiki/Retreat,_Hell!" title="Retreat, Hell!">Retreat, Hell!</a></i> (<a class="external" href="http://en.wikipedia.org/wiki/1952_in_film" title="1952 in film">1952</a>)</li>
	<li><i><a class="external" href="http://en.wikipedia.org/wiki/The_Winning_Team" title="The Winning Team">The Winning Team</a></i> (1952)</li>
	<li><i><a class="external" href="http://en.wikipedia.org/wiki/Take_the_High_Ground!" title="Take the High Ground!">Take the High Ground!</a></i> (<a class="external" href="http://en.wikipedia.org/wiki/1953_in_film" title="1953 in film">1953</a>)</li>
	<li><i><a class="external" href="http://en.wikipedia.org/wiki/Seven_Brides_for_Seven_Brothers_(film)" title="Seven Brides for Seven Brothers (film)">Seven Brides for Seven Brothers</a></i> (<a class="external" href="http://en.wikipedia.org/wiki/1954_in_film" title="1954 in film">1954</a>)</li>
	<li><i><a class="external" href="http://en.wikipedia.org/wiki/Deep_in_My_Heart_(1954_film)" title="Deep in My Heart (1954 film)">Deep in My Heart</a></i> (1954)</li>
	<li><i>Many Rivers to Cross</i> (<a class="external" href="http://en.wikipedia.org/wiki/1955_in_film" title="1955 in film">1955</a>)</li>
	<li><i><a class="external" href="http://en.wikipedia.org/wiki/Hit_the_Deck_(1955_film)" title="Hit the Deck (1955 film)">Hit the Deck</a></i> (1955)</li>
	<li><i><a class="external" href="http://en.wikipedia.org/wiki/The_Last_Hunt" title="The Last Hunt">The Last Hunt</a></i> (<a class="external" href="http://en.wikipedia.org/wiki/1956_in_film" title="1956 in film">1956</a>)</li>
	<li><i><a class="external" href="http://en.wikipedia.org/wiki/The_Fastest_Gun_Alive" title="The Fastest Gun Alive">The Fastest Gun Alive</a></i> (1956)</li>
	<li><i>The Young Guns</i> (1956)</li>
	<li><i><a class="external" href="http://en.wikipedia.org/wiki/Don%27t_Go_Near_the_Water_(film)" title="Don't Go Near the Water (film)">Don't Go Near the Water</a></i> (<a class="external" href="http://en.wikipedia.org/wiki/1957_in_film" title="1957 in film">1957</a>)</li>
	<li><i><a class="external" href="http://en.wikipedia.org/wiki/Peyton_Place_(film)" title="Peyton Place (film)">Peyton Place</a></i> (1957)</li>
	<li><i><a class="external" href="http://en.wikipedia.org/wiki/High_School_Confidential_(film)" title="High School Confidential (film)">High School Confidential!</a></i> (<a class="external" href="http://en.wikipedia.org/wiki/1958_in_film" title="1958 in film">1958</a>)</li>
	<li><i><a class="external" href="http://en.wikipedia.org/wiki/Tom_thumb_(film)" title="Tom thumb (film)">tom thumb</a></i> (1958)</li>
	<li><i><a class="external" href="http://en.wikipedia.org/wiki/Cimarron_(1960_film)" title="Cimarron (1960 film)">Cimarron</a></i> (<a class="external" href="http://en.wikipedia.org/wiki/1960_in_film" title="1960 in film">1960</a>)</li>
	<li><i><a class="external" href="http://en.wikipedia.org/wiki/West_Side_Story_(film)" title="West Side Story (film)">West Side Story</a></i> (<a class="external" href="http://en.wikipedia.org/wiki/1961_in_film" title="1961 in film">1961</a>)</li>
	<li><i><a class="external" href="http://en.wikipedia.org/wiki/The_Wonderful_World_of_the_Brothers_Grimm" title="The Wonderful World of the Brothers Grimm">The Wonderful World of the Brothers Grimm</a></i> (<a class="external" href="http://en.wikipedia.org/wiki/1962_in_film" title="1962 in film">1962</a>)</li>
	<li><i><a class="external" href="http://en.wikipedia.org/wiki/How_the_West_Was_Won_(film)" title="How the West Was Won (film)">How the West Was Won</a></i> (1962)</li>
	<li><i><a class="external" href="http://en.wikipedia.org/wiki/Follow_the_Boys_(1963_film)" title="Follow the Boys (1963 film)">Follow the Boys</a></i> (<a class="external" href="http://en.wikipedia.org/wiki/1963_in_film" title="1963 in film">1963</a>)</li>
	<li><i><a class="external" href="http://en.wikipedia.org/wiki/The_Haunting_(1963_film)" title="The Haunting (1963 film)">The Haunting</a></i> (1963)</li>
	<li><i><a class="external" href="http://en.wikipedia.org/wiki/The_Long_Ships_(film)" title="The Long Ships (film)">The Long Ships</a></i> (<a class="external" href="http://en.wikipedia.org/wiki/1964_in_film" title="1964 in film">1964</a>)</li>
	<li><i>Son of a Gunfighter</i> (<a class="external" href="http://en.wikipedia.org/wiki/1965_in_film" title="1965 in film">1965</a>)</li>
	<li><i><a class="external" href="http://en.wikipedia.org/wiki/War_of_the_Gargantuas" title="War of the Gargantuas">War of the Gargantuas</a></i> (<a class="external" href="http://en.wikipedia.org/wiki/1966_in_film" title="1966 in film">1966</a>)</li>
	<li><i><a class="external" href="http://en.wikipedia.org/wiki/The_Female_Bunch" title="The Female Bunch">The Female Bunch</a></i> (<a class="external" href="http://en.wikipedia.org/wiki/1969_in_film" title="1969 in film">1969</a>)</li>
	<li><i><a class="external" href="http://en.wikipedia.org/wiki/Satan%27s_Sadists" title="Satan's Sadists">Satan's Sadists</a></i> (1969)</li>
	<li><i>Scream Free!</i> (1969)</li>
	<li><i><a class="external" href="http://en.wikipedia.org/wiki/Dracula_vs._Frankenstein" title="Dracula vs. Frankenstein">Dracula vs. Frankenstein</a></i> (<a class="external" href="http://en.wikipedia.org/wiki/1971_in_film" title="1971 in film">1971</a>)</li>
	<li><i><a class="external" href="http://en.wikipedia.org/wiki/The_Last_Movie" title="The Last Movie">The Last Movie</a></i> (1971)</li>
	<li><i>Win, Place or Steal</i> (<a class="external" href="http://en.wikipedia.org/wiki/1975_in_film" title="1975 in film">1975</a>)</li>
	<li><i>Black Heat</i> (<a class="external" href="http://en.wikipedia.org/wiki/1976_in_film" title="1976 in film">1976</a>)</li>
	<li><i><a class="external" href="http://en.wikipedia.org/wiki/Human_Highway" title="Human Highway">Neil Young: Human Highway</a></i> (<a class="external" href="http://en.wikipedia.org/wiki/1982_in_film" title="1982 in film">1982</a>)</li>
	<li><i>The Fantasy Film Worlds of George Pal</i> (<a class="external" href="http://en.wikipedia.org/wiki/1985_in_film" title="1985 in film">1985</a>) (documentary)</li>
	<li><i>Cyclone</i> (<a class="external" href="http://en.wikipedia.org/wiki/1987_in_film" title="1987 in film">1987</a>)</li>
	<li><i>Commando Squad</i> (1987)</li>
	<li><i><a class="external" href="http://en.wikipedia.org/wiki/Necromancer_(1988_film)" title="Necromancer (1988 film)">Necromancer</a></i> (<a class="external" href="http://en.wikipedia.org/wiki/1988_in_film" title="1988 in film">1988</a>)</li>
	<li><i>B.O.R.N.</i> (1988)</li>
	<li><i>Blood Screams</i> (1988)</li>
	<li><i>Desert Steel</i> (<a class="external" href="http://en.wikipedia.org/wiki/1989_in_film" title="1989 in film">1989</a>)</li>
	<li><i>The Phantom Empire</i> (1989)</li>
	<li><i>Aftershock</i> (<a class="external" href="http://en.wikipedia.org/wiki/1990_in_film" title="1990 in film">1990</a>)</li>
	<li><i>Wizards of the Demon Sword</i> (<a class="external" href="http://en.wikipedia.org/wiki/1991_in_film" title="1991 in film">1991</a>)</li>
	<li><i><a class="external" href="http://en.wikipedia.org/wiki/Twin_Peaks:_Fire_Walk_with_Me" title="Twin Peaks: Fire Walk with Me">Twin Peaks: Fire Walk with Me</a></i> (<a class="external" href="http://en.wikipedia.org/wiki/1992_in_film" title="1992 in film">1992</a>) (scenes deleted)</li>
	<li><i>Little Devils: The Birth</i> (<a class="external" href="http://en.wikipedia.org/wiki/1993_in_film" title="1993 in film">1993</a>)</li>
	<li><i><a class="external" href="http://en.wikipedia.org/wiki/Cabin_Boy" title="Cabin Boy">Cabin Boy</a></i> (<a class="external" href="http://en.wikipedia.org/wiki/1994_in_film" title="1994 in film">1994</a>)</li>
	<li><i>Starstruck</i> (<a class="external" href="http://en.wikipedia.org/wiki/1995_in_film" title="1995 in film">1995</a>)</li>
	<li><i>Rebellious</i> (1995)</li>
	<li><i><a class="external" href="http://en.wikipedia.org/wiki/Attack_of_the_60_Foot_Centerfold" title="Attack of the 60 Foot Centerfold">Attack of the 60 Foot Centerfold</a></i> (1995)</li>
	<li><i>Invisible Mom</i> (<a class="external" href="http://en.wikipedia.org/wiki/1996_in_film" title="1996 in film">1996</a>)</li>
	<li><i>Little Miss Magic</i> (<a class="external" href="http://en.wikipedia.org/wiki/1997_in_film" title="1997 in film">1997</a>)</li>
	<li><i>Johnny Mysto: Boy Wizard</i> (1997)</li>
	<li><i>Special Envoys</i> (<a class="external" href="http://en.wikipedia.org/wiki/2000_in_film" title="2000 in film">2000</a>)</li>
	<li><i><a class="external" href="http://en.wikipedia.org/wiki/Cinerama_Adventure" title="Cinerama Adventure">Cinerama Adventure</a></i> (<a class="external" href="http://en.wikipedia.org/wiki/2002_in_film" title="2002 in film">2002</a>) (documentary)</li>
      </ul>
      <ul xmlns="http://www.w3.org/1999/xhtml">
	<li><i>What Happened to Jo Jo</i> (<a class="external" href="http://en.wikipedia.org/wiki/1950_in_film" title="1950 in film">1950</a>)</li>
      </ul>
      <h2 xmlns="http://www.w3.org/1999/xhtml"> <span class="mw-headline" id="Awards">Awards</span></h2>
      <h2 xmlns="http://www.w3.org/1999/xhtml"> <span class="mw-headline" id="References">References</span></h2>
      <h2 xmlns="http://www.w3.org/1999/xhtml"> <span class="mw-headline" id="External_links">External links</span></h2>
      <ul xmlns="http://www.w3.org/1999/xhtml">
	<li><span class="official website"><a href="http://www.russtamblyn.com" rel="nofollow">Official website</a></span></li>
	<li><a href="http://www.imdb.com/name/nm0848560/" rel="nofollow">Russ Tamblyn</a> at the <a class="external" href="http://en.wikipedia.org/wiki/Internet_Movie_Database" title="Internet Movie Database">Internet Movie Database</a></li>
	<li><a href="http://www.nndb.com/people/277/000048133" rel="nofollow">NNDB page</a></li>
	<li><a href="http://www.webcitation.org/query?url=http://www.geocities.com/fwwmfight&amp;date=2009-10-25+22:26:39" rel="nofollow">Petition for release of <i>Twin Peaks: Fire Walk with Me</i> with deleted scenes, some featuring Tamblyn</a></li>
      </ul>
    </wiki:description>
  </wiki:person>
  <wiki:film-title link="/wiki/Peyton_Place_(film)">Peyton Place</wiki:film-title>
  <wiki:film link="/wiki/Peyton_Place_(film)" title="Peyton Place">
    <wiki:oscar-ref year="1957" span="1" winner="false" award="lead-actress" person-link="/wiki/Lana_Turner" person-name="Lana Turner"/>
    <wiki:oscar-ref year="1957" span="1" winner="false" award="best-director" person-link="/wiki/Mark_Robson" person-name="Mark Robson"/>
    <wiki:oscar-ref year="1957" span="1" winner="false" award="supporting-actor" person-link="/wiki/Arthur_Kennedy" person-name="Arthur Kennedy"/>
    <wiki:oscar-ref year="1957" span="1" winner="false" award="supporting-actor" person-link="/wiki/Russ_Tamblyn" person-name="Russ Tamblyn"/>
    <wiki:oscar-ref year="1957" span="1" winner="false" award="supporting-actress" person-link="/wiki/Hope_Lange" person-name="Hope Lange"/>
    <wiki:oscar-ref year="1957" span="1" winner="false" award="supporting-actress" person-link="/wiki/Diane_Varsi" person-name="Diane Varsi"/>
    <wiki:oscar year="1957" span="1" winner="false" award="best-picture"/>
    <wiki:producer link="/wiki/Jerry_Wald">Jerry Wald</wiki:producer>
    <wiki:director link="/wiki/Mark_Robson">Mark Robson</wiki:director>
    <wiki:writer link="/wiki/John_Michael_Hayes">John Michael Hayes</wiki:writer>
    <wiki:writer link="/wiki/Grace_Metalious">Grace Metalious</wiki:writer>
    <wiki:distributor link="/wiki/20th_Century_Fox">20th Century Fox</wiki:distributor>
    <wiki:starring link="/wiki/Lana_Turner">Lana Turner</wiki:starring>
    <wiki:starring link="/wiki/Diane_Varsi">Diane Varsi</wiki:starring>
    <wiki:starring link="/wiki/Hope_Lange">Hope Lange</wiki:starring>
    <wiki:starring link="/wiki/Lee_Philips">Lee Philips</wiki:starring>
    <wiki:starring link="/wiki/Arthur_Kennedy_(actor)">Arthur Kennedy</wiki:starring>
    <wiki:language link="/wiki/English_language">English</wiki:language>
    <wiki:description>
      <wiki:abstract>
	<p xmlns="http://www.w3.org/1999/xhtml"><i><b>Peyton Place</b></i> is a <a class="external" href="http://en.wikipedia.org/wiki/1957_in_film" title="1957 in film">1957</a> <a class="external" href="http://en.wikipedia.org/wiki/United_States" title="United States">American</a> <a class="external" href="http://en.wikipedia.org/wiki/Drama_film" title="Drama film">drama film</a> directed by <a class="external" href="http://en.wikipedia.org/wiki/Mark_Robson" title="Mark Robson">Mark Robson</a>. The screenplay by <a class="external" href="http://en.wikipedia.org/wiki/John_Michael_Hayes" title="John Michael Hayes">John Michael Hayes</a> is based on the bestselling <a class="external" href="http://en.wikipedia.org/wiki/Peyton_Place_(novel)" title="Peyton Place (novel)">1956 novel of the same name</a> by <a class="external" href="http://en.wikipedia.org/wiki/Grace_Metalious" title="Grace Metalious">Grace Metalious</a>.</p>
	<h2 xmlns="http://www.w3.org/1999/xhtml"> <span class="mw-headline" id="Synopsis">Synopsis</span></h2>
	<p xmlns="http://www.w3.org/1999/xhtml">The film is an exposÃ© of the lives and loves of the residents of a small <a class="external" href="http://en.wikipedia.org/wiki/New_England" title="New England">New England</a> mill town, where <a class="external" href="http://en.wikipedia.org/wiki/Scandal" title="Scandal">scandal</a>, <a class="external" href="http://en.wikipedia.org/wiki/Homicide" title="Homicide">homicide</a>, <a class="external" href="http://en.wikipedia.org/wiki/Suicide" title="Suicide">suicide</a>, <a class="external" href="http://en.wikipedia.org/wiki/Incest" title="Incest">incest</a>, and <a class="external" href="http://en.wikipedia.org/wiki/Morality" title="Morality">moral</a> <a class="external" href="http://en.wikipedia.org/wiki/Hypocrisy" title="Hypocrisy">hypocrisy</a> hide behind a tranquil faÃ§ade in the years immediately preceding and following <a class="external" href="http://en.wikipedia.org/wiki/World_War_II" title="World War II">World War II</a>. At the core of its plot are three women. <a class="external" href="http://en.wikipedia.org/wiki/Constance_MacKenzie" title="Constance MacKenzie">Constance MacKenzie</a> is a prim and proper sexually repressed woman who had an affair with a married <a class="external" href="http://en.wikipedia.org/wiki/New_York_City" title="New York City">New York City</a> businessman and bore him a child out of wedlock. She has struggled to shield her daughter <a class="external" href="http://en.wikipedia.org/wiki/Allison_MacKenzie" title="Allison MacKenzie">Allison</a>, a high school senior and aspiring author, from her tarnished past, leading her to believe she returned to Peyton Place with her newborn baby after her husband died. <a class="external" href="http://en.wikipedia.org/wiki/Selena_Cross" title="Selena Cross">Selena Cross</a>, Allison's best friend, is a good girl living on the wrong side of the tracks. She murders her stepfather <a class="external" href="http://en.wikipedia.org/wiki/Lucas_Cross" title="Lucas Cross">Lucas</a> after sexual abuse and her trial is the focus of the latter part of the film.</p>
	<p xmlns="http://www.w3.org/1999/xhtml">Other characters include Allison's classmate and confidant Norman Page, anxious to gain his independence; bad girl <a class="external" href="http://en.wikipedia.org/wiki/Betty_Anderson" title="Betty Anderson">Betty Anderson</a>, who longs to have a relationship with wealthy <a class="external" href="http://en.wikipedia.org/wiki/Rodney_Harrington" title="Rodney Harrington">Rodney Harrington</a>; and new school principal <a class="external" href="http://en.wikipedia.org/wiki/Michael_Rossi" title="Michael Rossi">Michael Rossi</a>, who attempts to crack Constance's icy veneer.</p>
	<h2 xmlns="http://www.w3.org/1999/xhtml"> <span class="mw-headline" id="Production">Production</span></h2>
	<p xmlns="http://www.w3.org/1999/xhtml">Less than a month after the book's release in 1956, producer <a class="external" href="http://en.wikipedia.org/wiki/Jerry_Wald" title="Jerry Wald">Jerry Wald</a> bought the rights from author Grace Metalious for $250,000 and hired her as a story consultant on the film, although he had no intention of actually allowing her to contribute anything to the production. Her presence in Hollywood ensured the project additional publicity, but Metalious soon felt out of place in the film capital. Horrified by the sanitized adaptation of her book by screenwriter John Michael Hayes, who was forced to contend with the <a class="external" href="http://en.wikipedia.org/wiki/United_States_Motion_Picture_Production_Code_of_1930" title="United States Motion Picture Production Code of 1930">Hays Code</a>, and his suggestion <a class="external" href="http://en.wikipedia.org/wiki/Pat_Boone" title="Pat Boone">Pat Boone</a> be cast as Norman Page, she returned to her home to <a class="external" href="http://en.wikipedia.org/wiki/Gilmanton,_New_Hampshire" title="Gilmanton, New Hampshire">Gilmanton, New Hampshire</a>. She eventually earned a total of $400,000 in profits from the film, which she hated.</p>
	<p xmlns="http://www.w3.org/1999/xhtml">The film was shot primarily in <a class="external" href="http://en.wikipedia.org/wiki/Camden,_Maine" title="Camden, Maine">Camden, Maine</a>, with additional exteriors filmed in <a class="external" href="http://en.wikipedia.org/wiki/Belfast,_Maine" title="Belfast, Maine">Belfast</a> and <a class="external" href="http://en.wikipedia.org/wiki/Rockland,_Maine" title="Rockland, Maine">Rockland</a> in Maine and <a class="external" href="http://en.wikipedia.org/wiki/Lake_Placid,_New_York" title="Lake Placid, New York">Lake Placid</a> in <a class="external" href="http://en.wikipedia.org/wiki/New_York" title="New York">New York</a>. It premiered in Camden two days before going into general release in the US on December 13, 1957.</p>
	<p xmlns="http://www.w3.org/1999/xhtml"><i>Peyton Place</i> was the second-highest grossing film of 1958, although in the first few months of its release it did not do well at the box office, until a real-life tragedy gave it an unexpected boost. On April 4, 1958, star <a class="external" href="http://en.wikipedia.org/wiki/Lana_Turner" title="Lana Turner">Lana Turner</a>'s daughter <a class="external" href="http://en.wikipedia.org/wiki/Cheryl_Crane" title="Cheryl Crane">Cheryl</a> killed her mother's abusive lover, mobster <a class="external" href="http://en.wikipedia.org/wiki/Johnny_Stompanato" title="Johnny Stompanato">Johnny Stompanato</a>, and was placed in Juvenile Hall. The press coverage of the subsequent investigation boosted ticket sales by 32%, and the film eventually grossed $25,600,000 in the US. A <a class="external" href="http://en.wikipedia.org/wiki/Coroner" title="Coroner">coroner</a>'s inquest ruled the murder justifiable homicide, and the district attorney chose not to charge Cheryl with the crime, although he declared her a ward of the state and placed her in the custody of her grandmother. Turner feared the negative publicity would end her career, but it led producer <a class="external" href="http://en.wikipedia.org/wiki/Ross_Hunter" title="Ross Hunter">Ross Hunter</a> to cast her in the 1959 film <i><a class="external" href="http://en.wikipedia.org/wiki/Imitation_of_Life_(1959_film)" title="Imitation of Life (1959 film)">Imitation of Life</a></i>.</p>
	<p xmlns="http://www.w3.org/1999/xhtml">The film inspired a <a class="external" href="http://en.wikipedia.org/wiki/Peyton_Place_(TV_series)" title="Peyton Place (TV series)">popular primetime television series</a> that aired from September 1964 until June 1969.</p>
	<h2 xmlns="http://www.w3.org/1999/xhtml"> <span class="mw-headline" id="Principal_cast">Principal cast</span></h2>
	<ul xmlns="http://www.w3.org/1999/xhtml">
	  <li><a class="external" href="http://en.wikipedia.org/wiki/Lana_Turner" title="Lana Turner">Lana Turner</a>..... <a class="external" href="http://en.wikipedia.org/wiki/Constance_MacKenzie" title="Constance MacKenzie">Constance MacKenzie</a></li>
	  <li><a class="external" href="http://en.wikipedia.org/wiki/Diane_Varsi" title="Diane Varsi">Diane Varsi</a> ..... <a class="external" href="http://en.wikipedia.org/wiki/Allison_MacKenzie" title="Allison MacKenzie">Allison MacKenzie</a></li>
	  <li><a class="external" href="http://en.wikipedia.org/wiki/Hope_Lange" title="Hope Lange">Hope Lange</a> ..... <a class="external" href="http://en.wikipedia.org/wiki/Selena_Cross" title="Selena Cross">Selena Cross</a></li>
	  <li><a class="external" href="http://en.wikipedia.org/wiki/Lee_Philips" title="Lee Philips">Lee Philips</a> ..... <a class="external" href="http://en.wikipedia.org/wiki/Michael_Rossi" title="Michael Rossi">Michael Rossi</a></li>
	  <li><a class="external" href="http://en.wikipedia.org/wiki/Arthur_Kennedy_(actor)" title="Arthur Kennedy (actor)">Arthur Kennedy</a> ..... <a class="external" href="http://en.wikipedia.org/wiki/Lucas_Cross" title="Lucas Cross">Lucas Cross</a></li>
	  <li><a class="external" href="http://en.wikipedia.org/wiki/Lloyd_Nolan" title="Lloyd Nolan">Lloyd Nolan</a> ..... <a class="external" href="http://en.wikipedia.org/wiki/Dr._Matthew_Swain" title="Dr. Matthew Swain">Dr. Matthew Swain</a></li>
	  <li><a class="external" href="http://en.wikipedia.org/wiki/Russ_Tamblyn" title="Russ Tamblyn">Russ Tamblyn</a> ..... Norman Page</li>
	  <li><a class="external" href="http://en.wikipedia.org/wiki/Terry_Moore_(actress)" title="Terry Moore (actress)">Terry Moore</a> ..... <a class="external" href="http://en.wikipedia.org/wiki/Betty_Anderson" title="Betty Anderson">Betty Anderson</a></li>
	  <li><a class="external" href="http://en.wikipedia.org/wiki/David_Nelson_(actor)" title="David Nelson (actor)">David Nelson</a> ..... Ted Carter</li>
	  <li><a class="external" href="http://en.wikipedia.org/wiki/Barry_Coe" title="Barry Coe">Barry Coe</a> ..... <a class="external" href="http://en.wikipedia.org/wiki/Rodney_Harrington" title="Rodney Harrington">Rodney Harrington</a></li>
	  <li><a class="external" href="http://en.wikipedia.org/wiki/Betty_Field" title="Betty Field">Betty Field</a> ..... Nellie Cross</li>
	  <li><a class="external" href="http://en.wikipedia.org/wiki/Mildred_Dunnock" title="Mildred Dunnock">Mildred Dunnock</a> ..... Miss Elsie Thornton</li>
	  <li><a class="external" href="http://en.wikipedia.org/wiki/Leon_Ames_(actor)" title="Leon Ames (actor)">Leon Ames</a> ..... <a class="external" href="http://en.wikipedia.org/wiki/Leslie_Harrington" title="Leslie Harrington">Leslie Harrington</a></li>
	  <li><a class="external" href="http://en.wikipedia.org/wiki/Lorne_Greene" title="Lorne Greene">Lorne Greene</a> ..... District Attorney</li>
	  <li><a class="external" href="http://en.wikipedia.org/w/index.php?title=Staats_Cotsworth&amp;action=edit&amp;redlink=1" title="Staats Cotsworth (page does not exist)">Staats Cotsworth</a> ..... Charles Partridge</li>
	  <li><a class="external" href="http://en.wikipedia.org/w/index.php?title=Peg_Hillias&amp;action=edit&amp;redlink=1" title="Peg Hillias (page does not exist)">Peg Hillias</a> ..... <a class="external" href="http://en.wikipedia.org/wiki/Marion_Partridge" title="Marion Partridge">Marion Partridge</a></li>
	  <li>Scotty Morrow ..... Joey Cross (uncredited)</li>
	</ul>
	<h2 xmlns="http://www.w3.org/1999/xhtml"> <span class="mw-headline" id="Gallery">Gallery</span></h2>
      </wiki:abstract>
      <h2 xmlns="http://www.w3.org/1999/xhtml"> <span class="mw-headline" id="Critical_reception">Critical reception</span></h2>
      <p xmlns="http://www.w3.org/1999/xhtml">While <i>Peyton Place</i> was "an enormous critical and commercial hit," most critics made note of the fact that the most salacious elements of the Metalious novel had been laundered or eliminated completely. In the <i><a class="external" href="http://en.wikipedia.org/wiki/New_York_Times" title="New York Times">New York Times</a></i>, <a class="external" href="http://en.wikipedia.org/wiki/Bosley_Crowther" title="Bosley Crowther">Bosley Crowther</a> remarked, "There is no sense of massive corruption here." <i><a class="external" href="http://en.wikipedia.org/wiki/Variety_(magazine)" title="Variety (magazine)">Variety</a></i> noted, "In leaning backwards not to offend, producer and writer have gone acrobatic. On the screen is not the unpleasant sex-secret little town against which Grace Metalious set her story. These aren't the gossiping, spiteful, immoral people she portrayed. There are hints of this in the film, but only hints." <i><a class="external" href="http://en.wikipedia.org/wiki/TV_Guide" title="TV Guide">TV Guide</a></i> said, "This is the kind of hypertensive trash that gives <a class="external" href="http://en.wikipedia.org/wiki/Melodrama" title="Melodrama">melodrama</a> a bad name, cynically tempering its naughty bits with smug moralizing. The fact that the film won an "A" rating from the <a class="external" href="http://en.wikipedia.org/wiki/National_Legion_of_Decency" title="National Legion of Decency">Catholic Legion of Decency</a>, meaning it was deemed "acceptable to all," is a dead giveaway."</p>
      <h2 xmlns="http://www.w3.org/1999/xhtml"> <span class="mw-headline" id="Nominations">Nominations</span></h2>
      <p xmlns="http://www.w3.org/1999/xhtml">The film received nine Oscar nominations, including four honoring supporting performances, which tied a record set three years earlier by <i><a class="external" href="http://en.wikipedia.org/wiki/On_the_Waterfront" title="On the Waterfront">On the Waterfront</a></i>. That record would later be matched by <i><a class="external" href="http://en.wikipedia.org/wiki/Tom_Jones_(film)" title="Tom Jones (film)">Tom Jones</a></i>, <i><a class="external" href="http://en.wikipedia.org/wiki/The_Last_Picture_Show" title="The Last Picture Show">The Last Picture Show</a></i>, and <i><a class="external" href="http://en.wikipedia.org/wiki/The_Godfather_Part_II" title="The Godfather Part II">The Godfather Part II</a></i>. The film's nine Oscar nominations without a win also tied a then-Academy Award's record for biggest shut-out (with <i><a class="external" href="http://en.wikipedia.org/wiki/The_Little_Foxes_(film)" title="The Little Foxes (film)">The Little Foxes</a></i>) That record was later surpassed by <i><a class="external" href="http://en.wikipedia.org/wiki/The_Turning_Point_(1977_film)" title="The Turning Point (1977 film)">The Turning Point</a></i> in 1977 and <i><a class="external" href="http://en.wikipedia.org/wiki/The_Color_Purple_(film)" title="The Color Purple (film)">The Color Purple</a></i> in 1985, both of which won zero of eleven nominations.</p>
      <ul xmlns="http://www.w3.org/1999/xhtml">
	<li><a class="external" href="http://en.wikipedia.org/wiki/Academy_Award_for_Best_Picture" title="Academy Award for Best Picture">Academy Award for Best Picture</a></li>
	<li><a class="external" href="http://en.wikipedia.org/wiki/Academy_Award_for_Directing" title="Academy Award for Directing">Academy Award for Best Director</a></li>
	<li><a class="external" href="http://en.wikipedia.org/wiki/Academy_Award_for_Best_Actress" title="Academy Award for Best Actress">Academy Award for Best Actress</a> (Lana Turner)</li>
	<li><a class="external" href="http://en.wikipedia.org/wiki/Academy_Award_for_Best_Supporting_Actress" title="Academy Award for Best Supporting Actress">Academy Award for Best Supporting Actress</a> (Diane Varsi and Hope Lange)</li>
	<li><a class="external" href="http://en.wikipedia.org/wiki/Academy_Award_for_Best_Supporting_Actor" title="Academy Award for Best Supporting Actor">Academy Award for Best Supporting Actor</a> (Arthur Kennedy and Russ Tamblyn)</li>
	<li><a class="external" href="http://en.wikipedia.org/wiki/Academy_Award_for_Writing_Adapted_Screenplay" title="Academy Award for Writing Adapted Screenplay">Academy Award for Best Adapted Screenplay</a></li>
	<li><a class="external" href="http://en.wikipedia.org/wiki/Academy_Award_for_Best_Cinematography" title="Academy Award for Best Cinematography">Academy Award for Best Cinematography</a></li>
	<li><a class="external" href="http://en.wikipedia.org/wiki/Directors_Guild_of_America" title="Directors Guild of America">Directors Guild of America Award for Outstanding Directorial Achievement in Motion Pictures</a></li>
	<li><a class="external" href="http://en.wikipedia.org/wiki/Writers_Guild_of_America" title="Writers Guild of America">Writers Guild of America</a> Award for Best Written American Drama</li>
	<li><a class="external" href="http://en.wikipedia.org/wiki/Golden_Globe_Award_for_Best_Supporting_Actress_-_Motion_Picture" title="Golden Globe Award for Best Supporting Actress - Motion Picture">Golden Globe Award for Best Supporting Actress</a> (Hope Lange and Mildred Dunnock)</li>
      </ul>
      <h2 xmlns="http://www.w3.org/1999/xhtml"> <span class="mw-headline" id="Post-release">Post-release</span></h2>
      <p xmlns="http://www.w3.org/1999/xhtml">Celebrations were held in 1998 in some of the Maine towns in which the town was shot on the film's 40th anniversary, attended by Hope Lange.</p>
      <h2 xmlns="http://www.w3.org/1999/xhtml"> <span class="mw-headline" id="See_also">See also</span></h2>
      <ul xmlns="http://www.w3.org/1999/xhtml">
	<li><a class="external" href="http://en.wikipedia.org/wiki/Illegitimacy_in_fiction#Movies" title="Illegitimacy in fiction">Illegitimacy in fiction</a></li>
      </ul>
      <h2 xmlns="http://www.w3.org/1999/xhtml"> <span class="mw-headline" id="References">References</span></h2>
      <h2 xmlns="http://www.w3.org/1999/xhtml"> <span class="mw-headline" id="External_links">External links</span></h2>
      <ul xmlns="http://www.w3.org/1999/xhtml">
	<li><a href="http://www.allmovie.com/work/37905" rel="nofollow"><i>Peyton Place</i></a> at <a class="external" href="http://en.wikipedia.org/wiki/Allmovie" title="Allmovie">Allmovie</a></li>
	<li><a href="http://www.imdb.com/title/tt0050839/" rel="nofollow"><i>Peyton Place</i></a> at the <a class="external" href="http://en.wikipedia.org/wiki/Internet_Movie_Database" title="Internet Movie Database">Internet Movie Database</a></li>
      </ul>
    </wiki:description>
  </wiki:film>
</wiki:nominee>