<?xml version="1.0" encoding="UTF-8"?>
<wiki:nominee year="1971" span="1" winner="true" award="best-picture" xmlns:wiki="http://marklogic.com/wikipedia">
  <!--
                            Copyright (c) 2010 MarkLogic Corporation.
                            Permission is granted to copy, distribute and/or modify this document
                            under the terms of the GNU Free Documentation License, Version 1.2
                            or any later version published by the Free Software Foundation;
                            with no Invariant Sections, no Front-Cover Texts, and no Back-Cover Texts.
                            A copy of the license is included in the section entitled "GNU
                            Free Documentation License"
                            
                            Content derived from http://en.wikipedia.org/wiki/The_French_Connection_(film)
                            Modified in May 2009 by Mark Logic Corporation under the terms of the GNU Free Documentation License.
                        -->
  <wiki:film-title link="/wiki/The_French_Connection_(film)">The French Connection</wiki:film-title>
  <wiki:film link="/wiki/The_French_Connection_(film)" title="The French Connection">
    <wiki:oscar-ref year="1971" span="1" winner="true" award="lead-actor" person-link="/wiki/Gene_Hackman" person-name="Gene Hackman"/>
    <wiki:oscar-ref year="1971" span="1" winner="true" award="best-director" person-link="/wiki/William_Friedkin" person-name="William Friedkin"/>
    <wiki:oscar-ref year="1971" span="1" winner="false" award="supporting-actor" person-link="/wiki/Roy_Scheider" person-name="Roy Scheider"/>
    <wiki:oscar year="1971" span="1" winner="true" award="best-picture"/>
    <wiki:producer link="/wiki/Philip_D%27Antoni">Philip D'Antoni</wiki:producer>
    <wiki:producer link="/wiki/G._David_Schine">G. David Schine</wiki:producer>
    <wiki:director link="/wiki/William_Friedkin">William Friedkin</wiki:director>
    <wiki:distributor link="/wiki/20th_Century_Fox">20th Century Fox</wiki:distributor>
    <wiki:starring link="/wiki/Gene_Hackman">Gene Hackman</wiki:starring>
    <wiki:starring link="/wiki/Fernando_Rey">Fernando Rey</wiki:starring>
    <wiki:starring link="/wiki/Roy_Scheider">Roy Scheider</wiki:starring>
    <wiki:starring link="/wiki/Tony_Lo_Bianco">Tony Lo Bianco</wiki:starring>
    <wiki:starring link="/wiki/Marcel_Bozzuffi">Marcel Bozzuffi</wiki:starring>
    <wiki:language link="/wiki/French_Language">French</wiki:language>
    <wiki:description>
      <wiki:abstract>
	<p xmlns="http://www.w3.org/1999/xhtml"><i><b>The French Connection</b></i> is a 1971 American <a class="external" href="http://en.wikipedia.org/wiki/Crime_film" title="Crime film">crime film</a> directed by <a class="external" href="http://en.wikipedia.org/wiki/William_Friedkin" title="William Friedkin">William Friedkin</a>. The film was adapted and fictionalized by <a class="external" href="http://en.wikipedia.org/wiki/Ernest_Tidyman" title="Ernest Tidyman">Ernest Tidyman</a> from <a class="external" href="http://en.wikipedia.org/wiki/The_French_Connection_(book)" title="The French Connection (book)">the non-fiction book</a> by <a class="external" href="http://en.wikipedia.org/wiki/Robin_Moore" title="Robin Moore">Robin Moore</a>. It tells the story of <a class="external" href="http://en.wikipedia.org/wiki/New_York_Police_Department" title="New York Police Department">New York Police Department</a> detectives named <i>"Popeye"</i> Doyle and Buddy Russo, whose real-life counterparts were Narcotics Detectives <a class="external" href="http://en.wikipedia.org/wiki/Eddie_Egan" title="Eddie Egan">Eddie Egan</a> and <a class="external" href="http://en.wikipedia.org/wiki/Sonny_Grosso" title="Sonny Grosso">Sonny Grosso</a>. Egan and Grosso also appear in the film, as characters other than themselves.</p>
	<p xmlns="http://www.w3.org/1999/xhtml">It was the first R-rated movie to win the <a class="external" href="http://en.wikipedia.org/wiki/Academy_Award_for_Best_Picture" title="Academy Award for Best Picture">Academy Award for Best Picture</a> since the introduction of the <a class="external" href="http://en.wikipedia.org/wiki/Motion_Picture_Association_of_America_film_rating_system" title="Motion Picture Association of America film rating system">MPAA film rating system</a>. It also won <a class="external" href="http://en.wikipedia.org/wiki/Academy_Award" title="Academy Award">Academy Awards</a> for <a class="external" href="http://en.wikipedia.org/wiki/Academy_Award_for_Best_Actor" title="Academy Award for Best Actor">Best Actor in a Leading Role</a> (<a class="external" href="http://en.wikipedia.org/wiki/Gene_Hackman" title="Gene Hackman">Gene Hackman</a>), <a class="external" href="http://en.wikipedia.org/wiki/Academy_Award_for_Directing" title="Academy Award for Directing">Best Director</a>, <a class="external" href="http://en.wikipedia.org/wiki/Academy_Award_for_Film_Editing" title="Academy Award for Film Editing">Best Film Editing</a>, and <a class="external" href="http://en.wikipedia.org/wiki/Academy_Award_for_Writing_Adapted_Screenplay" title="Academy Award for Writing Adapted Screenplay">Best Writing, Screenplay Based on Material from Another Medium</a> (<a class="external" href="http://en.wikipedia.org/wiki/Ernest_Tidyman" title="Ernest Tidyman">Ernest Tidyman</a>). It was nominated for <a class="external" href="http://en.wikipedia.org/wiki/Academy_Award_for_Best_Supporting_Actor" title="Academy Award for Best Supporting Actor">Best Actor in a Supporting Role</a> (<a class="external" href="http://en.wikipedia.org/wiki/Roy_Scheider" title="Roy Scheider">Roy Scheider</a>), <a class="external" href="http://en.wikipedia.org/wiki/Academy_Award_for_Best_Cinematography" title="Academy Award for Best Cinematography">Best Cinematography</a> and <a class="external" href="http://en.wikipedia.org/wiki/Academy_Award_for_Sound" title="Academy Award for Sound">Best Sound</a>. Tidyman also received a <a class="external" href="http://en.wikipedia.org/wiki/Golden_Globe_Award" title="Golden Globe Award">Golden Globe Award</a>, a <a class="external" href="http://en.wikipedia.org/wiki/Writers_Guild_of_America_Award" title="Writers Guild of America Award">Writers Guild of America Award</a> and an <a class="external" href="http://en.wikipedia.org/wiki/Edgar_Award" title="Edgar Award">Edgar Award</a> for his <a class="external" href="http://en.wikipedia.org/wiki/Screenplay" title="Screenplay">screenplay</a>.</p>
	<p xmlns="http://www.w3.org/1999/xhtml">In 2005, the film was selected for preservation in the United States <a class="external" href="http://en.wikipedia.org/wiki/National_Film_Registry" title="National Film Registry">National Film Registry</a> by the <a class="external" href="http://en.wikipedia.org/wiki/Library_of_Congress" title="Library of Congress">Library of Congress</a> as being "culturally, historically, or aesthetically significant."</p>
	<h2 xmlns="http://www.w3.org/1999/xhtml"> <span class="mw-headline" id="Plot">Plot</span></h2>
	<p xmlns="http://www.w3.org/1999/xhtml">The film revolves around the <a class="external" href="http://en.wikipedia.org/wiki/Smuggling" title="Smuggling">smuggling</a> of <a class="external" href="http://en.wikipedia.org/wiki/Narcotics" title="Narcotics">narcotics</a> between <a class="external" href="http://en.wikipedia.org/wiki/Marseille" title="Marseille">Marseille</a>, <a class="external" href="http://en.wikipedia.org/wiki/France" title="France">France</a> and <a class="external" href="http://en.wikipedia.org/wiki/New_York_City" title="New York City">New York City</a>, <a class="external" href="http://en.wikipedia.org/wiki/USA" title="USA">USA</a>. In Marseille a policeman is staking out Alain Charnier (<a class="external" href="http://en.wikipedia.org/wiki/Fernando_Rey" title="Fernando Rey">Fernando Rey</a>), a <a class="external" href="http://en.wikipedia.org/wiki/France" title="France">French</a> criminal who is smuggling <a class="external" href="http://en.wikipedia.org/wiki/Heroin" title="Heroin">heroin</a> from <a class="external" href="http://en.wikipedia.org/wiki/France" title="France">France</a> to the <a class="external" href="http://en.wikipedia.org/wiki/United_States" title="United States">United States</a>. The policeman is <a class="external" href="http://en.wikipedia.org/wiki/Assassinate" title="Assassinate">assassinated</a> by Charnier's <a class="external" href="http://en.wikipedia.org/wiki/Henchman" title="Henchman">henchman</a>, Pierre Nicoli.</p>
	<p xmlns="http://www.w3.org/1999/xhtml">In New York, <a class="external" href="http://en.wikipedia.org/wiki/Detectives" title="Detectives">detectives</a> James "Popeye" Doyle (<a class="external" href="http://en.wikipedia.org/wiki/Gene_Hackman" title="Gene Hackman">Gene Hackman</a>) and Buddy Russo (<a class="external" href="http://en.wikipedia.org/wiki/Roy_Scheider" title="Roy Scheider">Roy Scheider</a>) are conducting an <a class="external" href="http://en.wikipedia.org/wiki/Undercover" title="Undercover">undercover</a> <a class="external" href="http://en.wikipedia.org/wiki/Stakeout" title="Stakeout">stakeout</a> in <a class="external" href="http://en.wikipedia.org/wiki/Bedford-Stuyvesant,_Brooklyn" title="Bedford-Stuyvesant, Brooklyn">Bedford-Stuyvesant, Brooklyn</a>. After seeing a drug transaction take place in a bar, Russo goes in to make an arrest and the suspect makes a break for it. After catching up with their suspect and delivering a severe beating after the suspect cuts Russo on the arm with a knife, the detectives aggressively interrogate the man, forcing him to reveal where his connection is based.</p>
	<p xmlns="http://www.w3.org/1999/xhtml">After Russo's injury is treated, Doyle convinces him to go out for a drink. At the nightclub, Doyle becomes interested in Salvatore "Sal" Boca and his young wife, Angie, who are entertaining Mob members involved in narcotics. Doyle persuades his partner to tail the couple; although the Bocas run a modest newsstand <a class="external" href="http://en.wikipedia.org/wiki/Luncheonette" title="Luncheonette">luncheonette</a>, they have criminal records: Sal is said to have held up <a class="external" href="http://en.wikipedia.org/wiki/Tiffany_%26_Co" title="Tiffany &amp; Co">Tiffany's</a> and also killed "a guy named DeMarco" while Angie drew a suspended sentence for <a class="external" href="http://en.wikipedia.org/wiki/Shoplifting" title="Shoplifting">shoplifting</a> and Sal's brother Lou served jail time for assault and robbery. They make nearly nightly trips to several nightclubs, as well as driving several new cars, which indicates they may be involved in criminal activity. A link is established between the Bocas and lawyer Joel Weinstock, who is rumored to have connections in the narcotics underworld; Doyle and Russo allude to a drug shipment from <a class="external" href="http://en.wikipedia.org/wiki/Mexico" title="Mexico">Mexico</a> bankrolled by Weinstock.</p>
	<p xmlns="http://www.w3.org/1999/xhtml">Doyle and Russo roust a bar in their precinct where the majority of the patrons are in possession of <a class="external" href="http://en.wikipedia.org/wiki/Marijuana" title="Marijuana">marijuana</a> and other minor drugs. The rousting is a stunt for Doyle to find an undercover policeman whom he questions about an apparent shortage of <a class="external" href="http://en.wikipedia.org/wiki/Hard_drugs" title="Hard drugs">hard drugs</a> on the street; Doyle is told that a major shipment of <a class="external" href="http://en.wikipedia.org/wiki/Heroin" title="Heroin">heroin</a> is on its way. The detectives convince their supervisor, Walt Simonson, to pursue <a class="external" href="http://en.wikipedia.org/wiki/Wiretap" title="Wiretap">wiretapping</a> the Bocas' phones and use several ruses to try to obtain more information.</p>
	<p xmlns="http://www.w3.org/1999/xhtml">The film centers on three main points: the criminals' efforts to smuggle drugs into the United States which is made easier when Charnier dupes his friend, a French actor named Henri Devereaux, into <a class="external" href="http://en.wikipedia.org/wiki/Importing" title="Importing">importing</a> an automobile (unbeknownst to Devereaux, the drugs are concealed within the vehicle) and the sale of the drugs to Weinstock and Sal Boca; the efforts of Doyle and Russo to shadow Boca and Charnier; and the conflicts the detectives have with Simonson and a federal agent named Mulderig, assigned to the case due to the wiretap. Doyle and Mulderig dislike each other; Russo and Doyle feel they can handle the bust without the government's help, and Mulderig criticizes Doyle on items ranging from trivialities like Doyle's appearance to an incident where a policeman was killed and Mulderig holds Doyle responsible. Doyle comes to blows with Mulderig.</p>
	<p xmlns="http://www.w3.org/1999/xhtml">Weinstock's <a class="external" href="http://en.wikipedia.org/wiki/Chemist" title="Chemist">chemist</a> tests a sample of the heroin and declares it the purest he has ever seen, establishing that the shipment could make as much as $32 million on a half-million dollar investment. Boca is impatient to make the purchase (reflecting Charnier's desire to return to France as soon as possible), while Weinstock, with more experience in smuggling, urges patience, knowing Boca's phone is tapped and that they are being investigated.</p>
	<p xmlns="http://www.w3.org/1999/xhtml">Charnier soon "makes" Doyle and realizes he has been observed since his arrival in New York. Nicoli offers to kill Doyle; Charnier objects, knowing killing one policeman will not amount to anything, but Nicoli says they will be in France before they can be detained. Nicoli attempts to assassinate Doyle, but botches the job, leading to a car chase scene that culminates with Nicoli hijacking an <a class="external" href="http://en.wikipedia.org/wiki/Elevated_train" title="Elevated train">elevated train</a>.</p>
      </wiki:abstract>
      <p xmlns="http://www.w3.org/1999/xhtml">It seems as though the drug deal has been a major success; Weinstock's chemist tests one of the bags and confirms its quality. Using a car that Sal Boca's brother Lou picked out, the criminals conceal the money. The car is to be imported into France, where Charnier will retrieve the money. Charnier and Sal Boca drive off, but run into a <a class="external" href="http://en.wikipedia.org/wiki/Roadblock" title="Roadblock">roadblock</a> consisting of a large force of police led by Doyle. The police chase Charnier and Sal Boca to the factory grounds. Sal is killed during a shootout with the police and almost all of the others surrender.</p>
      <p xmlns="http://www.w3.org/1999/xhtml">Charnier escapes into the <a class="external" href="http://en.wikipedia.org/wiki/Warehouse" title="Warehouse">warehouse</a> and Doyle hunts for him. Russo joins in the search. Doyle, trigger-happy and high on <a class="external" href="http://en.wikipedia.org/wiki/Adrenaline" title="Adrenaline">adrenaline</a>, sees a shadowy figure in the distance and empties his revolver at it a split-second after shouting a warning. The man Doyle kills is not Charnier, but Mulderig. Doyle seems unfazed and vows to capture Charnier, reloading his gun and running into another room. The last sound heard in the film is a single gunshot.</p>
      <h2 xmlns="http://www.w3.org/1999/xhtml"> <span class="mw-headline" id="Cast">Cast</span></h2>
      <p xmlns="http://www.w3.org/1999/xhtml">The plot centers around drug smuggling in the 1960s and early '70s, when most of the heroin illegally imported into the <a class="external" href="http://en.wikipedia.org/wiki/East_Coast_of_the_United_States" title="East Coast of the United States">East Coast</a> came to the United States through France (<i>see</i> <a class="external" href="http://en.wikipedia.org/wiki/French_Connection" title="French Connection">French Connection</a>). In addition to the two main protagonists, several of the fictional characters depicted in the film also have real-life counterparts. The Alain Charnier character is based upon Jean Jehan who was arrested later in Paris for <a class="external" href="http://en.wikipedia.org/wiki/Drug_trafficking" title="Drug trafficking">drug trafficking</a>, though he was not extradited; the director credits a general lack of punishment to Jehan's military service with <a class="external" href="http://en.wikipedia.org/wiki/Charles_de_Gaulle" title="Charles de Gaulle">Charles de Gaulle</a>. Sal Boca is based on Pasquale <i>"Patsy"</i> Fuca, and his brother on Fuca's brother Anthony. Angie Boca is based on Patsy's wife Barbara, who later wrote a book with <a class="external" href="http://en.wikipedia.org/wiki/Robin_Moore" title="Robin Moore">Robin Moore</a> detailing her life with Patsy. The Fucas and their uncle were part of a heroin dealing crew that worked with some of the New York <a class="external" href="http://en.wikipedia.org/wiki/Five_Families" title="Five Families">crime families</a>. Henri Devereaux, who takes the fall for importing the Lincoln to New York, is based on Jacques Angelvin, a television actor arrested and sentenced to three to six years in a federal penetentiary for his role, serving about four before repatriating to France and turning to real estate. The Joel Weinstock character is, according to the director's commentary, a composite of several similar drug dealers.</p>
      <h2 xmlns="http://www.w3.org/1999/xhtml"> <span class="mw-headline" id="Production">Production</span></h2>
      <p xmlns="http://www.w3.org/1999/xhtml">Production of the film started in November 1970 and was completed in March 1971. <a class="external" href="http://en.wikipedia.org/wiki/Peter_Boyle" title="Peter Boyle">Peter Boyle</a> was originally cast to play the role of <i>"Popeye"</i> Doyle but later turned down the role because his <a class="external" href="http://en.wikipedia.org/wiki/Talent_agent" title="Talent agent">agent</a> thought the movie was going to be a failure.</p>
      <p xmlns="http://www.w3.org/1999/xhtml">The movie established the careers of both Friedkin and Hackman and was instrumental in ushering in an era of <a class="external" href="http://en.wikipedia.org/wiki/Neorealism_(art)" title="Neorealism (art)">neo-realist</a> directors in Hollywood during the early 1970s. In an <a class="external" href="http://en.wikipedia.org/wiki/Audio_commentary_(DVD)" title="Audio commentary (DVD)">audio commentary</a> track recorded by Friedkin for the Collector's Edition DVD release of the film, Friedkin notes that the film's <a class="external" href="http://en.wikipedia.org/wiki/Documentary_film" title="Documentary film">documentary</a>-like realism was the direct result of the influence of having seen <i><a class="external" href="http://en.wikipedia.org/wiki/Z_(film)" title="Z (film)">Z</a></i>, a French film. Additionally, this was the first film to show the <a class="external" href="http://en.wikipedia.org/wiki/World_Trade_Center" title="World Trade Center">World Trade Center</a>: the completed North Tower and the partial completion of the South Tower are seen in the background of one scene.</p>
      <p xmlns="http://www.w3.org/1999/xhtml">Friedkin credits his decision to direct the movie to a discussion with film director <a class="external" href="http://en.wikipedia.org/wiki/Howard_Hawks" title="Howard Hawks">Howard Hawks</a>, whose daughter Friedkin was living with at the time. Friedkin asked Hawks what he thought of his movies, to which Hawks bluntly replied that they were "lousy." Instead Hawks recommended that he "Make a good chase. Make one better than anyone's done."</p>
      <p xmlns="http://www.w3.org/1999/xhtml">The sequence on the <a class="external" href="http://en.wikipedia.org/wiki/Times_Square-Grand_Central_Shuttle" title="Times Square-Grand Central Shuttle">Times Square-Grand Central Shuttle</a> took two days to shoot. One of the subway cars in the movie, number 6609, has been preserved by the <a class="external" href="http://en.wikipedia.org/wiki/New_York_Transit_Museum" title="New York Transit Museum">New York Transit Museum</a>.</p>
      <p xmlns="http://www.w3.org/1999/xhtml">Though the cast ultimately proved to be one of the film's greatest strengths, Friedkin had problems with casting choices from the start. He was strongly opposed to the choice of Hackman for the lead, and actually first considered <a class="external" href="http://en.wikipedia.org/wiki/Paul_Newman" title="Paul Newman">Paul Newman</a> (out of the budget range) then <a class="external" href="http://en.wikipedia.org/wiki/Jackie_Gleason" title="Jackie Gleason">Jackie Gleason</a> and a New York columnist, <a class="external" href="http://en.wikipedia.org/wiki/Jimmy_Breslin" title="Jimmy Breslin">Jimmy Breslin</a>, who had never acted before. However, Gleason, at that time, was considered box-office poison by the studio after <i><a class="external" href="http://en.wikipedia.org/wiki/Gigot" title="Gigot">Gigot</a></i> had flopped, and Breslin refused to get behind the wheel of a car, which was required of Popeye's character for an integral <a class="external" href="http://en.wikipedia.org/wiki/Car_chase" title="Car chase">car chase</a> scene. <a class="external" href="http://en.wikipedia.org/wiki/Steve_McQueen_(actor)" title="Steve McQueen (actor)">Steve McQueen</a> was also considered, but he did not want to do another police film after <i><a class="external" href="http://en.wikipedia.org/wiki/Bullitt" title="Bullitt">Bullitt</a></i> and, as with Newman, his fee would have exceeded the movie's budget. Tough guy <a class="external" href="http://en.wikipedia.org/wiki/Charles_Bronson" title="Charles Bronson">Charles Bronson</a> was also considered for the role. Friedkin almost settled for <a class="external" href="http://en.wikipedia.org/wiki/Rod_Taylor" title="Rod Taylor">Rod Taylor</a> (who had actively pursued the role, according to Hackman), another choice the studio approved, before he went with Hackman.</p>
      <p xmlns="http://www.w3.org/1999/xhtml">The eventually successful casting of Rey as the main French heroin smuggler, Alain Charnier (irreverently referred to throughout the film as <i>"Frog One"</i>), resulted from mistaken identity. Friedkin had asked his casting director to get a <a class="external" href="http://en.wikipedia.org/wiki/Spain" title="Spain">Spanish</a> actor he had seen in <a class="external" href="http://en.wikipedia.org/wiki/Luis_Bu%C3%B1uel" title="Luis BuÃ±uel">Luis BuÃ±uel</a>'s French film, <i><a class="external" href="http://en.wikipedia.org/wiki/Belle_de_jour_(film)" title="Belle de jour (film)">Belle de Jour</a></i>, who was actually <a class="external" href="http://en.wikipedia.org/wiki/Francisco_Rabal" title="Francisco Rabal">Francisco Rabal</a>, but Friedkin did not know his name, and Rey, who had played in several other films directed by BuÃ±uel, was instead contacted. After Rabal was finally reached, they discovered he spoke neither French nor English and Rey was kept in the film. In a further irony, after screening the film's final cut, Rey's French was deemed unacceptable by the filmmakers. They decided to dub his French while preserving his English dialogue.</p>
      <p xmlns="http://www.w3.org/1999/xhtml">The film is often cited as containing one of the greatest <a class="external" href="http://en.wikipedia.org/wiki/Car_chase" title="Car chase">car chase</a> sequences in movie history. The chase involves Popeye commandeering a civilian's car (a 1971 <a class="external" href="http://en.wikipedia.org/wiki/Pontiac_LeMans" title="Pontiac LeMans">Pontiac LeMans</a>) and then frantically chasing an <a class="external" href="http://en.wikipedia.org/wiki/Elevated_train" title="Elevated train">elevated train</a>, on which a hitman is trying to escape. The scene was filmed in <a class="external" href="http://en.wikipedia.org/wiki/Bensonhurst,_Brooklyn" title="Bensonhurst, Brooklyn">Bensonhurst, Brooklyn</a> roughly running under the <a class="external" href="http://en.wikipedia.org/wiki/BMT_West_End_Line" title="BMT West End Line">BMT West End Line</a> (currently; <a class="external" href="http://en.wikipedia.org/wiki/D_(New_York_City_Subway_service)" title="D (New York City Subway service)">D</a> trains) which runs on an elevated track above 86th Street and New Utrecht Avenue in Brooklyn. The conductor played by Bob Morrone and train operator played by William Coke, aboard the hijacked train were both actual <a class="external" href="http://en.wikipedia.org/wiki/NYC_Transit_Authority" title="NYC Transit Authority">NYC Transit Authority</a> employees. Friedkin's plan included fast driving coupled with five specific stunts:</p>
      <p xmlns="http://www.w3.org/1999/xhtml">Many of the shots in the scene were <i>"real"</i> and while Gene Hackman drove well over half of the shots used in the film, legendary stunt driver <a class="external" href="http://en.wikipedia.org/wiki/Bill_Hickman" title="Bill Hickman">Bill Hickman</a>, who also had a small role in the film as <a class="external" href="http://en.wikipedia.org/wiki/Bureau_of_Narcotics_and_Dangerous_Drugs" title="Bureau of Narcotics and Dangerous Drugs">Federal Narcotics Agent</a> Mulderig, drove the stunt scenes and point-of-view shots through the windshield and from the front bumper, with Friedkin running a camera from the backseat while wrapped in a mattress for protection. The production team received no prior permission from the city for such a dangerous stunt, but they had the creative consulting and clout provided to them by <a class="external" href="http://en.wikipedia.org/wiki/Eddie_Egan" title="Eddie Egan">Eddie Egan</a> and <a class="external" href="http://en.wikipedia.org/wiki/Sonny_Grosso" title="Sonny Grosso">Sonny Grosso</a> (which allowed normal protocol for location shooting like permits and scheduling to be circumvented), and the only precaution taken was to place a <i>"gumdrop"</i> style beacon on the car's roof and blare the horn. The most famous shot of the chase is made from a front bumper mount and shows a low-angle point of view shot of the streets racing by. This was the last shot made in the film and was, according to Friedkin, needed to increase the speed of the chase after a rough cut of the scene proved less impressive than he hoped. While Friedkin contends the front-bumper shot is made at speeds of <i>"up to 90mph,"</i> director of photography Owen Roizman, wrote in American Cinemataographer magazine in 1972 that the camera was undercranked to 18 frames per second to enhance the sense of speed. Roizman's contention is borne out when you see a car at a red light whose muffler is pumping smoke at an accelerated rate. Other shots involved stunt drivers who were supposed to barely miss hitting the speeding car, but due to errors in timing accidental collisions occurred and were left in the final film. Friedkin said that he used <a class="external" href="http://en.wikipedia.org/wiki/Carlos_Santana" title="Carlos Santana">Santana's</a> song <i>"<a class="external" href="http://en.wikipedia.org/wiki/Black_Magic_Woman" title="Black Magic Woman">Black Magic Woman</a>"</i> during editing to help shape the chase sequence; though the song does not appear in the film, <i>"it [the chase scene] did have a sort of pre-ordained rhythm to it that came from the music."</i></p>
      <p xmlns="http://www.w3.org/1999/xhtml">The scene concludes with Doyle confronting Nicoli the hitman at the stairs leading to the subway and shooting him as he tries to run back up them. Many of the police officers acting as advisers for the film objected to the scene on the grounds that shooting an unarmed suspect in the back was simply murder not self-defense, but director Friedkin stood by it stating that he was "secure in my conviction that that's exactly what <a class="external" href="http://en.wikipedia.org/wiki/Eddie_Egan" title="Eddie Egan">Eddie Egan</a> (the model for Doyle) would have done and Eddie was on the set while all of this was being shot."</p>
      <p xmlns="http://www.w3.org/1999/xhtml">As of July 2009, the two lead subway cars in the chase scene, cars 4572 and 4573, were added to the preserved collection of the <a class="external" href="http://en.wikipedia.org/wiki/New_York_Transit_Museum" title="New York Transit Museum">New York Transit Museum</a>.</p>
      <h2 xmlns="http://www.w3.org/1999/xhtml"> <span class="mw-headline" id="Awards_and_honors">Awards and honors</span></h2>
      <p xmlns="http://www.w3.org/1999/xhtml"><b>Wins</b></p>
      <ul xmlns="http://www.w3.org/1999/xhtml">
	<li><a class="external" href="http://en.wikipedia.org/wiki/Academy_Award_for_Best_Picture" title="Academy Award for Best Picture">Academy Award for Best Picture</a> - Phillip D'Antoni</li>
	<li><a class="external" href="http://en.wikipedia.org/wiki/Academy_Award_for_Best_Director" title="Academy Award for Best Director">Best Director</a> - William Friedkin</li>
	<li><a class="external" href="http://en.wikipedia.org/wiki/Academy_Award_for_Best_Actor" title="Academy Award for Best Actor">Best Actor</a> - Gene Hackman</li>
	<li><a class="external" href="http://en.wikipedia.org/wiki/Academy_Award_for_Writing_Adapted_Screenplay" title="Academy Award for Writing Adapted Screenplay">Best Adapted Screenplay</a></li>
	<li><a class="external" href="http://en.wikipedia.org/wiki/Academy_Award_for_Film_Editing" title="Academy Award for Film Editing">Film Editing</a></li>
      </ul>
      <p xmlns="http://www.w3.org/1999/xhtml"><b>Nominations</b></p>
      <ul xmlns="http://www.w3.org/1999/xhtml">
	<li><a class="external" href="http://en.wikipedia.org/wiki/Academy_Award_for_Best_Supporting_Actor" title="Academy Award for Best Supporting Actor">Best Supporting Actor</a> - Roy Scheider</li>
	<li><a class="external" href="http://en.wikipedia.org/wiki/Academy_Award_for_Best_Cinematography" title="Academy Award for Best Cinematography">Best Cinematography</a></li>
	<li><a class="external" href="http://en.wikipedia.org/wiki/Academy_Award_for_Best_Sound" title="Academy Award for Best Sound">Best Sound</a></li>
      </ul>
      <ul xmlns="http://www.w3.org/1999/xhtml">
	<li><a class="external" href="http://en.wikipedia.org/wiki/AFI%27s_100_Years%E2%80%A6100_Movies" title="AFI's 100 Yearsâ€¦100 Movies">AFI's 100 Yearsâ€¦100 Movies</a> #70</li>
	<li><a class="external" href="http://en.wikipedia.org/wiki/AFI%27s_100_Years%E2%80%A6100_Thrills" title="AFI's 100 Yearsâ€¦100 Thrills">AFI's 100 Yearsâ€¦100 Thrills</a> #8</li>
	<li><a class="external" href="http://en.wikipedia.org/wiki/AFI%27s_100_Years%E2%80%A6100_Heroes_and_Villains" title="AFI's 100 Yearsâ€¦100 Heroes and Villains">AFI's 100 Yearsâ€¦100 Heroes and Villains</a>:
<ul>
	    <li>Jimmy "Popeye" Doyle, Hero #44</li>
	  </ul>
</li>
	<li><a class="external" href="http://en.wikipedia.org/wiki/AFI%27s_100_Years%E2%80%A6100_Movies_(10th_Anniversary_Edition)" title="AFI's 100 Yearsâ€¦100 Movies (10th Anniversary Edition)">AFI's 100 Yearsâ€¦100 Movies (10th Anniversary Edition)</a> #93</li>
      </ul>
      <h2 xmlns="http://www.w3.org/1999/xhtml"> <span class="mw-headline" id="Home_video">Home video</span></h2>
      <p xmlns="http://www.w3.org/1999/xhtml">The film has been issued in a number of <a class="external" href="http://en.wikipedia.org/wiki/Home_video" title="Home video">home video</a> formats. For a 2009 reissue on <a class="external" href="http://en.wikipedia.org/wiki/Blu-ray_Disc" title="Blu-ray Disc">Blu-ray Disc</a>, William Friedkin controversially altered the film's <a class="external" href="http://en.wikipedia.org/wiki/Color_timing" title="Color timing">color timing</a> to give it a "colder" look. Cinematographer Owen Roizman, who was not consulted about the changes, dismissed the new transfer as "atrocious".</p>
      <h2 xmlns="http://www.w3.org/1999/xhtml"> <span class="mw-headline" id="Sequels_and_adaptations">Sequels and adaptations</span></h2>
      <p xmlns="http://www.w3.org/1999/xhtml">A sequel, <i><a class="external" href="http://en.wikipedia.org/wiki/French_Connection_II" title="French Connection II">French Connection II</a></i> appeared in 1975, and in <a class="external" href="http://en.wikipedia.org/wiki/1986_in_television" title="1986 in television">1986</a>, the NBC television network aired a <a class="external" href="http://en.wikipedia.org/wiki/Made-for-TV_movie" title="Made-for-TV movie">made-for-TV movie</a>, <i><a class="external" href="http://en.wikipedia.org/wiki/Popeye_Doyle" title="Popeye Doyle">Popeye Doyle</a></i>, starring <a class="external" href="http://en.wikipedia.org/wiki/Ed_O%27Neill" title="Ed O'Neill">Ed O'Neill</a> in the title role.</p>
      <p xmlns="http://www.w3.org/1999/xhtml">While not a sequel, <i><a class="external" href="http://en.wikipedia.org/wiki/The_Seven-Ups" title="The Seven-Ups">The Seven-Ups</a></i> (1973) is closely related as it stars Roy Scheider and Tony Lo Bianco, was directed by <a class="external" href="http://en.wikipedia.org/wiki/Philip_D%27Antoni" title="Philip D'Antoni">Philip D'Antoni</a>, written by Sonny Grosso and features another famous car chase choreographed by Bill Hickman. The score for this film was also by Don Ellis.</p>
      <h2 xmlns="http://www.w3.org/1999/xhtml"> <span class="mw-headline" id="References">References</span></h2>
      <h2 xmlns="http://www.w3.org/1999/xhtml"> <span class="mw-headline" id="External_links">External links</span></h2>
      <ul xmlns="http://www.w3.org/1999/xhtml">
	<li><a href="http://www.imdb.com/title/tt0067116/" rel="nofollow"><i>The French Connection</i></a> at the <a class="external" href="http://en.wikipedia.org/wiki/Internet_Movie_Database" title="Internet Movie Database">Internet Movie Database</a></li>
	<li><a href="http://tcmdb.com/title/title.jsp?stid=75646" rel="nofollow"><i>The French Connection</i></a> at the <a class="external" href="http://en.wikipedia.org/wiki/Turner_Classic_Movies" title="Turner Classic Movies">TCM Movie Database</a></li>
	<li><a href="http://www.allmovie.com/work/18617" rel="nofollow"><i>The French Connection</i></a> at <a class="external" href="http://en.wikipedia.org/wiki/Allmovie" title="Allmovie">Allmovie</a></li>
	<li><a href="http://www.rottentomatoes.com/m/french_connection/" rel="nofollow"><i>The French Connection</i></a> at <a class="external" href="http://en.wikipedia.org/wiki/Rotten_Tomatoes" title="Rotten Tomatoes">Rotten Tomatoes</a></li>
	<li><a href="http://www.dga.org/news/v28_2/indie_uti-friedkin03.php3" rel="nofollow"><i>Under the Influence: William Friedkin and The French Connection</i></a>, <i>DGA Magazine</i>.</li>
	<li><a href="http://www.dga.org/news/dgaq_1006/feat_frenchconnection-1006.php3" rel="nofollow"><i>Anatomy of a Chase</i></a>, DGA Magazine<i>.</i></li>
	<li><a href="http://www.nytimes.com/2009/02/22/movies/homevideo/22dave.html" rel="nofollow">Filmmaking at 90 Miles Per Hour</a> retrospective article in <i><a class="external" href="http://en.wikipedia.org/wiki/The_New_York_Times" title="The New York Times">The New York Times</a></i></li>
      </ul>
    </wiki:description>
  </wiki:film>
</wiki:nominee>