<?xml version="1.0" encoding="UTF-8"?>
<wiki:nominee year="1939" span="1" winner="false" award="lead-actress" xmlns:wiki="http://marklogic.com/wikipedia">
  <!--
                            Copyright (c) 2010 MarkLogic Corporation.
                            Permission is granted to copy, distribute and/or modify this document
                            under the terms of the GNU Free Documentation License, Version 1.2
                            or any later version published by the Free Software Foundation;
                            with no Invariant Sections, no Front-Cover Texts, and no Back-Cover Texts.
                            A copy of the license is included in the section entitled "GNU
                            Free Documentation License"
                            
                            Content derived from http://en.wikipedia.org/wiki/Goodbye,_Mr._Chips_(1939_film) and http://en.wikipedia.org/wiki/Greer_Garson
                            Modified in May 2009 by Mark Logic Corporation under the terms of the GNU Free Documentation License.
                        -->
  <wiki:name link="/wiki/Greer_Garson">Greer Garson</wiki:name>
  <wiki:person link="/wiki/Greer_Garson" name="Greer Garson">
    <wiki:oscar year="1939" span="1" winner="false" award="lead-actress" film-link="/wiki/Goodbye,_Mr._Chips_(1939_film)" film-title="Goodbye, Mr. Chips"/>
    <wiki:oscar year="1941" span="1" winner="false" award="lead-actress" film-link="/wiki/Blossoms_in_the_Dust" film-title="Blossoms in the Dust"/>
    <wiki:oscar year="1942" span="1" winner="true" award="lead-actress" film-link="/wiki/Mrs._Miniver_(film)" film-title="Mrs. Miniver"/>
    <wiki:oscar year="1943" span="1" winner="false" award="lead-actress" film-link="/wiki/Madame_Curie_(film)" film-title="Madame Curie"/>
    <wiki:oscar year="1944" span="1" winner="false" award="lead-actress" film-link="/wiki/Mrs._Parkington" film-title="Mrs. Parkington"/>
    <wiki:oscar year="1945" span="1" winner="false" award="lead-actress" film-link="/wiki/The_Valley_of_Decision" film-title="The Valley of Decision"/>
    <wiki:oscar year="1960" span="1" winner="false" award="lead-actress" film-link="/wiki/Sunrise_at_Campobello" film-title="Sunrise at Campobello"/>
    <wiki:image link="http://upload.wikimedia.org/wikipedia/commons/thumb/9/97/Greer_Garson_in_That_Forsyte_Woman_2.JPG/220px-Greer_Garson_in_That_Forsyte_Woman_2.JPG"/>
    <wiki:birth>
      <wiki:date>1904-09-29</wiki:date>
      <wiki:place>
	<wiki:primary link="/wiki/Essex">Essex</wiki:primary>
	<wiki:secondary link="/wiki/England">England</wiki:secondary>
      <enrich><woeid xmlns="http://where.yahooapis.com/v1/schema.rng">24554868</woeid><placeTypeName code="8" xmlns="http://where.yahooapis.com/v1/schema.rng">Country</placeTypeName><name xmlns="http://where.yahooapis.com/v1/schema.rng">England</name><country code="GB" type="Country" xmlns="http://where.yahooapis.com/v1/schema.rng">United Kingdom</country><admin1 code="GB-ENG" type="Country" xmlns="http://where.yahooapis.com/v1/schema.rng">England</admin1><admin2 xmlns="http://where.yahooapis.com/v1/schema.rng"/><admin3 xmlns="http://where.yahooapis.com/v1/schema.rng"/><locality1 xmlns="http://where.yahooapis.com/v1/schema.rng"/><locality2 xmlns="http://where.yahooapis.com/v1/schema.rng"/><postal xmlns="http://where.yahooapis.com/v1/schema.rng"/><centroid xmlns="http://where.yahooapis.com/v1/schema.rng"><latitude>52.883560</latitude><longitude>-1.974060</longitude></centroid><boundingBox xmlns="http://where.yahooapis.com/v1/schema.rng"><southWest><latitude>49.871159</latitude><longitude>-6.379880</longitude></southWest><northEast><latitude>55.811741</latitude><longitude>1.768960</longitude></northEast></boundingBox><areaRank xmlns="http://where.yahooapis.com/v1/schema.rng">11</areaRank><popRank xmlns="http://where.yahooapis.com/v1/schema.rng">0</popRank></enrich></wiki:place>
    </wiki:birth>
    <wiki:death>
      <wiki:date>April 6, 1996</wiki:date>
      <wiki:place>
	<wiki:primary link="/wiki/Dallas,_Texas">Dallas, Texas</wiki:primary>
	<wiki:secondary link=""/>
      </wiki:place>
    </wiki:death>
    <wiki:description>
      <wiki:abstract>
	<p xmlns="http://www.w3.org/1999/xhtml"><b>Greer Garson</b>, <a class="external" href="http://en.wikipedia.org/wiki/Order_of_the_British_Empire" title="Order of the British Empire">CBE</a> (September 29, 1904 â€“ April 6, 1996) was a <a class="external" href="http://en.wikipedia.org/wiki/British_people" title="British people">British</a>-born actress who was very popular during <a class="external" href="http://en.wikipedia.org/wiki/World_War_II" title="World War II">World War II</a>, being listed by the <i><a class="external" href="http://en.wikipedia.org/wiki/Motion_Picture_Herald" title="Motion Picture Herald">Motion Picture Herald</a></i> as one of America's top ten box office draws in 1942, 1943, 1944, and 1945. As one of <a class="external" href="http://en.wikipedia.org/wiki/MGM" title="MGM">MGM</a>'s major stars of the 1940s, Garson received seven <a class="external" href="http://en.wikipedia.org/wiki/Academy_Award" title="Academy Award">Academy Award</a> nominations, winning the <a class="external" href="http://en.wikipedia.org/wiki/Academy_Award_for_Best_Actress" title="Academy Award for Best Actress">Best Actress</a> award for <i><a class="external" href="http://en.wikipedia.org/wiki/Mrs._Miniver_(film)" title="Mrs. Miniver (film)">Mrs. Miniver</a></i> (1942). She was often cast in films with <a class="external" href="http://en.wikipedia.org/wiki/Walter_Pidgeon" title="Walter Pidgeon">Walter Pidgeon</a> as her co-star.</p>
	<h2 xmlns="http://www.w3.org/1999/xhtml"> <span class="mw-headline" id="Early_life">Early life</span></h2>
	<p xmlns="http://www.w3.org/1999/xhtml">Greer Garson was born <b>Eileen Evelyn Greer Garson</b> in <a class="external" href="http://en.wikipedia.org/wiki/Manor_Park,_London" title="Manor Park, London">Manor Park</a>, <a class="external" href="http://en.wikipedia.org/wiki/Essex" title="Essex">Essex</a> (now <a class="external" href="http://en.wikipedia.org/wiki/Greater_London" title="Greater London">Greater London</a>), <a class="external" href="http://en.wikipedia.org/wiki/England" title="England">England</a> in 1904. She was the only child of George Garson (1865â€“1906), a clerk born in <a class="external" href="http://en.wikipedia.org/wiki/London" title="London">London</a>, but with <a class="external" href="http://en.wikipedia.org/wiki/Scotland" title="Scotland">Scottish</a> lineage, and his <a class="external" href="http://en.wikipedia.org/wiki/Irish_people" title="Irish people">Irish</a> wife, Nancy ("Nina") Sophia Greer (d. 1958). Her maternal grandfather was David Greer, a <a class="external" href="http://en.wikipedia.org/wiki/Royal_Irish_Constabulary" title="Royal Irish Constabulary">RIC</a> sergeant in <a class="external" href="http://en.wikipedia.org/wiki/Castlewellan" title="Castlewellan">Castlewellan</a>, <a class="external" href="http://en.wikipedia.org/wiki/Co_Down" title="Co Down">Co Down</a>, <a class="external" href="http://en.wikipedia.org/wiki/Ireland" title="Ireland">Ireland</a> in the 1880s and who later became a land steward to the Annesleys' wealthy landlords, who built the town of Castlewellan. He lived in a large detached house built on the lower part of what was known as Pig Street or known locally as the Back Way near Shillidayâ€™s builderâ€™s yard. The house was called â€˜Claremountâ€™ and today the street is named Claremount Avenue. It was often reported that Garson was born in this house. She was, in fact born in London, but spent much of her childhood in Castlewellan.</p>
	<p xmlns="http://www.w3.org/1999/xhtml">She was educated at <a class="external" href="http://en.wikipedia.org/wiki/King%27s_College_London" title="King's College London">King's College London</a>, where she earned degrees in <a class="external" href="http://en.wikipedia.org/wiki/French_language" title="French language">French</a> and <a class="external" href="http://en.wikipedia.org/wiki/18th_century_literature" title="18th century literature">18th century literature</a>, and at the <a class="external" href="http://en.wikipedia.org/wiki/University_of_Grenoble" title="University of Grenoble">University of Grenoble</a> in France. She had intended to become a teacher, but instead began working with an advertising agency, and appeared in local theatrical productions.</p>
	<h2 xmlns="http://www.w3.org/1999/xhtml"> <span class="mw-headline" id="Career">Career</span></h2>
	<p xmlns="http://www.w3.org/1999/xhtml">Greer Garson's early professional appearances were on stage, starting at <a class="external" href="http://en.wikipedia.org/wiki/Birmingham_Repertory_Theatre" title="Birmingham Repertory Theatre">Birmingham Repertory Theatre</a> in January 1932. She appeared on <a class="external" href="http://en.wikipedia.org/wiki/Television" title="Television">television</a> during its earliest years (the late 1930s), most notably starring in a thirty-minute production of an excerpt of <i><a class="external" href="http://en.wikipedia.org/wiki/Twelfth_Night" title="Twelfth Night">Twelfth Night</a></i> in May 1937, with <a class="external" href="http://en.wikipedia.org/wiki/Dorothy_Black" title="Dorothy Black">Dorothy Black</a>. These live transmissions were part of the <a class="external" href="http://en.wikipedia.org/wiki/BBC" title="BBC">BBC</a>'s experimental service from <a class="external" href="http://en.wikipedia.org/wiki/Alexandra_Palace" title="Alexandra Palace">Alexandra Palace</a> and this is the first known instance of a <a class="external" href="http://en.wikipedia.org/wiki/William_Shakespeare" title="William Shakespeare">Shakespeare</a> play performed on television.</p>
	<p xmlns="http://www.w3.org/1999/xhtml"><a class="external" href="http://en.wikipedia.org/wiki/Louis_B._Mayer" title="Louis B. Mayer">Louis B. Mayer</a> discovered Garson while he was in London looking for new talent. Garson was signed to a contract with <a class="external" href="http://en.wikipedia.org/wiki/MGM" title="MGM">MGM</a> in late 1937, but did not begin work on her first film, <i><a class="external" href="http://en.wikipedia.org/wiki/Goodbye,_Mr._Chips_(1939_film)" title="Goodbye, Mr. Chips (1939 film)">Goodbye, Mr. Chips</a></i>, until late 1938. She received her first Oscar nomination for the role, but lost to <a class="external" href="http://en.wikipedia.org/wiki/Vivien_Leigh" title="Vivien Leigh">Vivien Leigh</a> for <i><a class="external" href="http://en.wikipedia.org/wiki/Gone_with_the_Wind_(film)" title="Gone with the Wind (film)">Gone with the Wind</a></i>. She received critical acclaim the next year for her role as <a class="external" href="http://en.wikipedia.org/wiki/Elizabeth_Bennet" title="Elizabeth Bennet">Elizabeth Bennet</a> in the 1940 film, <i><a class="external" href="http://en.wikipedia.org/wiki/Pride_and_Prejudice_(1940_film)" title="Pride and Prejudice (1940 film)">Pride and Prejudice</a></i>.</p>
	<p xmlns="http://www.w3.org/1999/xhtml">Garson starred with <a class="external" href="http://en.wikipedia.org/wiki/Joan_Crawford" title="Joan Crawford">Joan Crawford</a> in <i><a class="external" href="http://en.wikipedia.org/wiki/When_Ladies_Meet_(1941_film)" title="When Ladies Meet (1941 film)">When Ladies Meet</a></i> in 1941, and that same year became a major box office star with the sentimental <a class="external" href="http://en.wikipedia.org/wiki/Technicolor" title="Technicolor">Technicolor</a> drama <i><a class="external" href="http://en.wikipedia.org/wiki/Blossoms_in_the_Dust" title="Blossoms in the Dust">Blossoms in the Dust</a></i>, which brought her the first of five consecutive Best Actress Oscar nominations, tying <a class="external" href="http://en.wikipedia.org/wiki/Bette_Davis" title="Bette Davis">Bette Davis</a>' 1938-1942 record, a record that still stands. Garson won the <a class="external" href="http://en.wikipedia.org/wiki/Academy_Award_for_Best_Actress" title="Academy Award for Best Actress">Academy Award for Best Actress</a> in 1942 for her role as a strong British wife and mother in the middle of World War II in <i><a class="external" href="http://en.wikipedia.org/wiki/Mrs._Miniver_(film)" title="Mrs. Miniver (film)">Mrs. Miniver</a></i>. (<a class="external" href="http://en.wikipedia.org/wiki/Guinness_Book_of_World_Records" title="Guinness Book of World Records">Guinness Book of World Records</a> credits her with the longest <a class="external" href="http://en.wikipedia.org/wiki/Academy_Award" title="Academy Award">Oscar</a> acceptance speech, at five minutes and 30 seconds, after which the Academy Awards instituted a time limit.) She was also nominated for <i><a class="external" href="http://en.wikipedia.org/wiki/Madame_Curie_(film)" title="Madame Curie (film)">Madame Curie</a></i> (1943), <i><a class="external" href="http://en.wikipedia.org/wiki/Mrs._Parkington" title="Mrs. Parkington">Mrs. Parkington</a></i> (1944), and <i><a class="external" href="http://en.wikipedia.org/wiki/The_Valley_of_Decision" title="The Valley of Decision">The Valley of Decision</a></i> (1945).</p>
	<p xmlns="http://www.w3.org/1999/xhtml">Garson was partnered with <a class="external" href="http://en.wikipedia.org/wiki/Clark_Gable" title="Clark Gable">Clark Gable</a>, after his return from war service, in <i><a class="external" href="http://en.wikipedia.org/wiki/Adventure_(1945_film)" title="Adventure (1945 film)">Adventure</a></i> (1945). The film was advertised with the catch-phrase "Gable's back and Garson's got him!" Gable argued for "He put the Arson in Garson"; she countered "She Put the Able in Gable!"; thereafter, the safer catchphrase was selected. Garson's popularity dropped somewhat in the late 1940s, but she remained a prominent film star until the mid-1950s, as she was known for her gorgeous red hair.</p>
	<p xmlns="http://www.w3.org/1999/xhtml">In 1951, she became a <a class="external" href="http://en.wikipedia.org/wiki/Naturalized_citizen" title="Naturalized citizen">naturalized citizen</a> of the United States. She made only a few films after her <a class="external" href="http://en.wikipedia.org/wiki/MGM" title="MGM">MGM</a> contract expired in 1954. In 1958, she received a warm reception on Broadway in <i><a class="external" href="http://en.wikipedia.org/wiki/Auntie_Mame" title="Auntie Mame">Auntie Mame</a></i>, replacing <a class="external" href="http://en.wikipedia.org/wiki/Rosalind_Russell" title="Rosalind Russell">Rosalind Russell</a>, who had gone to Hollywood to make the film version. In 1960, Garson received her seventh and final Oscar nomination for <i><a class="external" href="http://en.wikipedia.org/wiki/Sunrise_at_Campobello" title="Sunrise at Campobello">Sunrise at Campobello</a></i>, in which she played <a class="external" href="http://en.wikipedia.org/wiki/Eleanor_Roosevelt" title="Eleanor Roosevelt">Eleanor Roosevelt</a>, this time losing to <a class="external" href="http://en.wikipedia.org/wiki/Elizabeth_Taylor" title="Elizabeth Taylor">Elizabeth Taylor</a> for <i><a class="external" href="http://en.wikipedia.org/wiki/Butterfield_8" title="Butterfield 8">Butterfield 8</a></i>.</p>
	<p xmlns="http://www.w3.org/1999/xhtml">Garson's last film, in 1967, was Disney's <i><a class="external" href="http://en.wikipedia.org/wiki/The_Happiest_Millionaire" title="The Happiest Millionaire">The Happiest Millionaire</a></i>, although she made infrequent television appearances. In 1968, she narrated the children's television special <i><a class="external" href="http://en.wikipedia.org/wiki/The_Little_Drummer_Boy" title="The Little Drummer Boy">The Little Drummer Boy</a></i>, which went on to become a classic children's Christmas television program which was broadcast annually for many years.</p>
	<h2 xmlns="http://www.w3.org/1999/xhtml"> <span class="mw-headline" id="Personal_life">Personal life</span></h2>
	<p xmlns="http://www.w3.org/1999/xhtml">Garson was married three times. Her first marriage, on 28 September 1933, was to Edward Alec Abbot Snelson (1904â€“1992), later Sir Edward, a British <a class="external" href="http://en.wikipedia.org/wiki/Civil_servant" title="Civil servant">civil servant</a> who became a noted judge and expert in Indian and Pakistani affairs. The actual marriage reportedly lasted only a few weeks, but was not formally dissolved until 1943.</p>
	<p xmlns="http://www.w3.org/1999/xhtml">Her second husband, whom she married (at age 39) in 1943, was <a class="external" href="http://en.wikipedia.org/wiki/Richard_Ney" title="Richard Ney">Richard Ney</a> (1916â€“2004), the younger actor (27 years old) who played her son in <i>Mrs. Miniver</i>. They divorced in 1947, with Garson claiming that Ney called her a "has-been" and belittled her age, as well as testimony from Garson that he also <a class="external" href="http://en.wikipedia.org/wiki/Domestic_violence" title="Domestic violence">physically abused</a> her. Ney eventually became a respected stock-market analyst and financial consultant.</p>
	<p xmlns="http://www.w3.org/1999/xhtml">That same year, she married a millionaire <a class="external" href="http://en.wikipedia.org/wiki/Texas" title="Texas">Texas</a> oilman and <a class="external" href="http://en.wikipedia.org/wiki/Horse_breeding" title="Horse breeding">horse breeder</a>, <a class="external" href="http://en.wikipedia.org/wiki/Buddy_Fogelson" title="Buddy Fogelson">E. E. "Buddy" Fogelson</a> (1900â€“1987), and in 1967, the couple retired to their "Forked Lightning Ranch" in <a class="external" href="http://en.wikipedia.org/wiki/New_Mexico" title="New Mexico">New Mexico</a>. They purchased the <a class="external" href="http://en.wikipedia.org/wiki/National_Museum_of_Racing_and_Hall_of_Fame" title="National Museum of Racing and Hall of Fame">U.S. Hall of Fame</a> champion <a class="external" href="http://en.wikipedia.org/wiki/Thoroughbred" title="Thoroughbred">Thoroughbred</a> <a class="external" href="http://en.wikipedia.org/wiki/Ack_Ack_(horse)" title="Ack Ack (horse)">Ack Ack</a> from the estate of <a class="external" href="http://en.wikipedia.org/wiki/Harry_F._Guggenheim" title="Harry F. Guggenheim">Harry F. Guggenheim</a> in 1971, and were highly successful as breeders. They also maintained a home in <a class="external" href="http://en.wikipedia.org/wiki/Dallas,_Texas" title="Dallas, Texas">Dallas, Texas</a>, where Garson funded the Greer Garson Theater facility at <a class="external" href="http://en.wikipedia.org/wiki/Southern_Methodist_University" title="Southern Methodist University">Southern Methodist University</a>.</p>
	<p xmlns="http://www.w3.org/1999/xhtml">Garson donated millions for the construction of the Greer Garson Theater at the <a class="external" href="http://en.wikipedia.org/wiki/College_of_Santa_Fe" title="College of Santa Fe">Santa Fe University of Art and Design</a> and The <a class="external" href="http://en.wikipedia.org/wiki/Meadows_School_of_the_Arts" title="Meadows School of the Arts">Meadows School of the Arts</a> at <a class="external" href="http://en.wikipedia.org/wiki/Southern_Methodist_University" title="Southern Methodist University">Southern Methodist University</a> on three conditions: 1) that the stage be circular, 2) that the premiere production be <a class="external" href="http://en.wikipedia.org/wiki/William_Shakespeare" title="William Shakespeare">William Shakespeare</a>'s <i><a class="external" href="http://en.wikipedia.org/wiki/A_Midsummer_Night%27s_Dream" title="A Midsummer Night's Dream">A Midsummer Night's Dream</a></i>, and 3) that it have large ladies' rooms.</p>
	<p xmlns="http://www.w3.org/1999/xhtml">Garson was a devout <a class="external" href="http://en.wikipedia.org/wiki/Presbyterian" title="Presbyterian">Presbyterian</a>.</p>
	<p xmlns="http://www.w3.org/1999/xhtml">Greer Garson died from <a class="external" href="http://en.wikipedia.org/wiki/Heart_failure" title="Heart failure">heart failure</a> in <a class="external" href="http://en.wikipedia.org/wiki/Dallas,_Texas" title="Dallas, Texas">Dallas</a> on 6 April 1996, at the age of 90. She is interred there in the <a class="external" href="http://en.wikipedia.org/wiki/Sparkman-Hillcrest_Memorial_Park_Cemetery" title="Sparkman-Hillcrest Memorial Park Cemetery">Sparkman-Hillcrest Memorial Park Cemetery</a>.</p>
	<h2 xmlns="http://www.w3.org/1999/xhtml"> <span class="mw-headline" id="Filmography">Filmography</span></h2>
	<h2 xmlns="http://www.w3.org/1999/xhtml"> <span class="mw-headline" id="References">References</span></h2>
      </wiki:abstract>
      <ul xmlns="http://www.w3.org/1999/xhtml">
	<li>Sarvady, Andrea, <i>Leading Ladies: The 50 Most Unforgettable Actresses of the Studio Era</i> (edited by Frank Miller), (TCM Film Guides), San Francisco, Chronicle Books, 2006, <a class="external" href="http://en.wikipedia.org/wiki/Special:BookSources/0811852482">ISBN 0-8118-5248-2</a></li>
	<li>Troyan, Michael, <i>A Rose for Mrs. Miniver: The Life of Greer Garson</i>, Lexington, University Press of Kentucky, 1999, <a class="external" href="http://en.wikipedia.org/wiki/Special:BookSources/0813120942">ISBN 0-8131-2094-2</a></li>
      </ul>
      <h2 xmlns="http://www.w3.org/1999/xhtml"> <span class="mw-headline" id="External_links">External links</span></h2>
      <ul xmlns="http://www.w3.org/1999/xhtml">
	<li><a href="http://www.nytimes.com/1996/04/07/us/greer-garson-92-actress-dies-won-oscar-for-mrs-miniver.html" rel="nofollow">Greer Garson, Oscar Winner, dies at 92</a></li>
	<li><a href="http://www.youtube.com/watch?v=8irGzD7h_PE" rel="nofollow">Elwy Yost interview with Greer Garson from TVO's <i>Saturday Night at the Movies</i> circa 1985</a></li>
	<li><a href="http://home.hiwaay.net/~oliver/garson.htm" rel="nofollow">Greer Garson</a> - Tribute site</li>
	<li><a href="http://www.imdb.com/name/nm0002093/" rel="nofollow">Greer Garson</a> at the <a class="external" href="http://en.wikipedia.org/wiki/Internet_Movie_Database" title="Internet Movie Database">Internet Movie Database</a></li>
	<li><a href="http://www.allmovie.com/artist/26066" rel="nofollow">Greer Garson</a> at <a class="external" href="http://en.wikipedia.org/wiki/Allmovie" title="Allmovie">Allmovie</a></li>
	<li><a href="http://tcmdb.com/participant/participant.jsp?participantId=68970" rel="nofollow">Greer Garson</a> at the <a class="external" href="http://en.wikipedia.org/wiki/Turner_Classic_Movies" title="Turner Classic Movies">TCM Movie Database</a></li>
	<li><a href="http://www.ibdb.com/person.asp?ID=22101" rel="nofollow">Greer Garson</a> at the <a class="external" href="http://en.wikipedia.org/wiki/Internet_Broadway_Database" title="Internet Broadway Database">Internet Broadway Database</a></li>
	<li><a href="http://www.findagrave.com/cgi-bin/fg.cgi?page=gr&amp;GRid=2465" rel="nofollow">Greer Garson</a> at <a class="external" href="http://en.wikipedia.org/wiki/Find_a_Grave" title="Find a Grave">Find a Grave</a></li>
	<li><a href="http://www.nps.gov/peco/historyculture/forked-lightning-ranch.htm" rel="nofollow">Pecos National Historical Park Forked Lightning Page</a></li>
      </ul>
    </wiki:description>
  </wiki:person>
  <wiki:film-title link="/wiki/Goodbye,_Mr._Chips_(1939_film)">Goodbye, Mr. Chips</wiki:film-title>
  <wiki:film link="/wiki/Goodbye,_Mr._Chips_(1939_film)" title="Goodbye, Mr. Chips">
    <wiki:oscar-ref year="1939" span="1" winner="true" award="lead-actor" person-link="/wiki/Robert_Donat" person-name="Robert Donat"/>
    <wiki:oscar-ref year="1939" span="1" winner="false" award="lead-actress" person-link="/wiki/Greer_Garson" person-name="Greer Garson"/>
    <wiki:oscar-ref year="1939" span="1" winner="false" award="best-director" person-link="/wiki/Sam_Wood" person-name="Sam Wood"/>
    <wiki:oscar year="1939" span="1" winner="false" award="best-picture"/>
    <wiki:producer link="/wiki/Victor_Saville">Victor Saville</wiki:producer>
    <wiki:director link="/wiki/Sam_Wood">Sam Wood</wiki:director>
    <wiki:writer link="/wiki/R._C._Sherriff">R. C. Sherriff</wiki:writer>
    <wiki:writer link="/w/index.php?title=Claudine_West&amp;action=edit&amp;redlink=1">Claudine West</wiki:writer>
    <wiki:writer link="/wiki/Eric_Maschwitz">Eric Maschwitz</wiki:writer>
    <wiki:writer link="/wiki/James_Hilton">James Hilton</wiki:writer>
    <wiki:distributor link="/wiki/Metro-Goldwyn-Mayer">Metro-Goldwyn-Mayer</wiki:distributor>
    <wiki:starring link="/wiki/Robert_Donat">Robert Donat</wiki:starring>
    <wiki:starring link="/wiki/Greer_Garson">Greer Garson</wiki:starring>
    <wiki:starring link="/wiki/Terry_Kilburn">Terry Kilburn</wiki:starring>
    <wiki:starring link="/wiki/Paul_Henreid">Paul Henreid</wiki:starring>
    <wiki:starring link="/wiki/John_Mills">John Mills</wiki:starring>
    <wiki:description>
      <wiki:abstract>
	<p xmlns="http://www.w3.org/1999/xhtml"><i><b>Goodbye, Mr. Chips</b></i> is a 1939 <a class="external" href="http://en.wikipedia.org/wiki/Cinema_of_the_United_Kingdom" title="Cinema of the United Kingdom">British film</a> based on <a class="external" href="http://en.wikipedia.org/wiki/Goodbye,_Mr._Chips" title="Goodbye, Mr. Chips">the novel of the same name</a> by <a class="external" href="http://en.wikipedia.org/wiki/James_Hilton" title="James Hilton">James Hilton</a>. It was directed by <a class="external" href="http://en.wikipedia.org/wiki/Sam_Wood" title="Sam Wood">Sam Wood</a>, and starred <a class="external" href="http://en.wikipedia.org/wiki/Robert_Donat" title="Robert Donat">Robert Donat</a>, <a class="external" href="http://en.wikipedia.org/wiki/Greer_Garson" title="Greer Garson">Greer Garson</a>, <a class="external" href="http://en.wikipedia.org/wiki/Terry_Kilburn" title="Terry Kilburn">Terry Kilburn</a>, <a class="external" href="http://en.wikipedia.org/wiki/John_Mills" title="John Mills">John Mills</a>, and <a class="external" href="http://en.wikipedia.org/wiki/Paul_Henreid" title="Paul Henreid">Paul Henreid</a>. The <a class="external" href="http://en.wikipedia.org/wiki/Screenplay" title="Screenplay">screenplay</a> was adapted from the novel by <a class="external" href="http://en.wikipedia.org/wiki/R._C._Sherriff" title="R. C. Sherriff">R. C. Sherriff</a>, <a class="external" href="http://en.wikipedia.org/w/index.php?title=Claudine_West&amp;action=edit&amp;redlink=1" title="Claudine West (page does not exist)">Claudine West</a> and <a class="external" href="http://en.wikipedia.org/wiki/Eric_Maschwitz" title="Eric Maschwitz">Eric Maschwitz</a>. The film was voted the 72nd greatest British film ever in the <a class="external" href="http://en.wikipedia.org/wiki/BFI_Top_100_British_films" title="BFI Top 100 British films">BFI Top 100 British films</a> poll.</p>
	<h2 xmlns="http://www.w3.org/1999/xhtml"> <span class="mw-headline" id="Plot">Plot</span></h2>
	<p xmlns="http://www.w3.org/1999/xhtml">In 1933, Mr. Chipping, a retired schoolteacher of 83, is kept home by a <a class="external" href="http://en.wikipedia.org/wiki/Common_cold" title="Common cold">cold</a>. Managing to arrive late, despite doctor's orders he finds the assembly hall locked. Back at home he falls asleep (and his 58-year career is related in <a class="external" href="http://en.wikipedia.org/wiki/Flashback_(narrative)" title="Flashback (narrative)">flashback</a>).</p>
	<p xmlns="http://www.w3.org/1999/xhtml">When 25-year-old Charles Edward Chipping first arrives as a <a class="external" href="http://en.wikipedia.org/wiki/Latin" title="Latin">Latin</a> teacher to Brookfield Public School in 1870, he becomes a target of many <a class="external" href="http://en.wikipedia.org/wiki/Practical_jokes" title="Practical jokes">practical jokes</a>. He reacts by imposing strict discipline in his classroom, making him respected, but disliked. Realising he is not good at his profession, he glumly ponders his future. However, the <a class="external" href="http://en.wikipedia.org/wiki/German_language" title="German language">German</a> teacher, Max Staefel, saves him from despair by taking him on holiday to his native <a class="external" href="http://en.wikipedia.org/wiki/Austria" title="Austria">Austria</a>. While mountain climbing, Chipping "rescues" Kathy Ellis (even though she did not actually need to be saved). Kathy is a feisty English <a class="external" href="http://en.wikipedia.org/wiki/Suffragette" title="Suffragette">suffragette</a> on a cycling holiday. They meet again in <a class="external" href="http://en.wikipedia.org/wiki/Vienna" title="Vienna">Vienna</a> and dance to the <a class="external" href="http://en.wikipedia.org/wiki/Blue_Danube_Waltz" title="Blue Danube Waltz">Blue Danube Waltz</a>. This piece of music is used as a <i><a class="external" href="http://en.wikipedia.org/wiki/Leitmotif" title="Leitmotif">leitmotif</a></i>, symbolising Chipping's love for her. Max points out that the <a class="external" href="http://en.wikipedia.org/wiki/Danube_River" title="Danube River">Danube River</a> appears blue, but only to those who are in love. As Chipping looks at the river, he notices that it is blue. Even though Kathy is considerably younger and livelier than Chipping, she loves and marries him. They return to England, where Kathy takes up residence at the school, conquering everyone with her personal warmth.</p>
	<p xmlns="http://www.w3.org/1999/xhtml">During their tragically short marriage (she dies in <a class="external" href="http://en.wikipedia.org/wiki/Childbirth" title="Childbirth">childbirth</a>, along with their baby), she brings 'Mr. Chips' out of his shell and shows him how to be a better teacher. He acquires a flair for <a class="external" href="http://en.wikipedia.org/wiki/Lex_Canuleia" title="Lex Canuleia">Latin puns</a>. As the years pass, Chips becomes a much-loved school institution, developing a rapport with generations of students; he teaches the sons and grandsons of many of his earlier pupils.</p>
      </wiki:abstract>
      <p xmlns="http://www.w3.org/1999/xhtml">Chips finally retires in 1914 at age 66, but is summoned back to serve as interim headmaster, because of the shortage of teachers resulting from <a class="external" href="http://en.wikipedia.org/wiki/World_War_I" title="World War I">World War I</a>. He remembers Kathy had predicted he would become headmaster one day. During a bombing attack by a German <a class="external" href="http://en.wikipedia.org/wiki/Zeppelin" title="Zeppelin">zeppelin</a>, Chips insists that the boys keep on construing their Latin - choosing the story of <a class="external" href="http://en.wikipedia.org/wiki/Julius_Caesar" title="Julius Caesar">Julius Caesar</a>'s battles against Germanic tribes, which describes the latter's belligerent nature, much to the amusement of his pupils. As the Great War drags on, Chips reads aloud into the school's <a class="external" href="http://en.wikipedia.org/wiki/Roll_of_Honour" title="Roll of Honour">Roll of Honour</a> every Sunday the names of the many former boys and teachers who have died in battle. Upon finding out that Max Staefel has died fighting on the German side, Chips, symbolising the decency being consumed by the slaughter, reads his name out in chapel.</p>
      <h2 xmlns="http://www.w3.org/1999/xhtml"> <span class="mw-headline" id="Cast">Cast</span></h2>
      <ul xmlns="http://www.w3.org/1999/xhtml">
	<li><a class="external" href="http://en.wikipedia.org/wiki/Robert_Donat" title="Robert Donat">Robert Donat</a> as <a class="external" href="http://en.wikipedia.org/wiki/Mr._Chips" title="Mr. Chips">Mr. Chips</a>. The 34-year-old Donat ages 63 years (1870-1933) over the course of the film. He remarked: "As soon as I put the moustache on, I felt the part, even if I did look like a great <a class="external" href="http://en.wikipedia.org/wiki/Airedale_terrier" title="Airedale terrier">airedale</a> come out of a puddle."</li>
	<li><a class="external" href="http://en.wikipedia.org/wiki/Greer_Garson" title="Greer Garson">Greer Garson</a> as Katherine. Garson was initially offered a contract for MGM in 1937, but refused all the minor parts she was offered until she was given this role.</li>
	<li><a class="external" href="http://en.wikipedia.org/wiki/Lyn_Harding" title="Lyn Harding">Lyn Harding</a> as Wetherby, headmaster of Brookfield when Chips first arrives</li>
	<li><a class="external" href="http://en.wikipedia.org/wiki/Paul_Henreid" title="Paul Henreid">Paul Henreid</a> as Max Staeffel, the German master</li>
	<li><a class="external" href="http://en.wikipedia.org/wiki/Terry_Kilburn" title="Terry Kilburn">Terry Kilburn</a> as John Colley, Peter Colley I, II and III, several generations of pupils from the same family taught by Mr. Chips</li>
	<li><a class="external" href="http://en.wikipedia.org/wiki/John_Mills" title="John Mills">John Mills</a> as Peter Colley as an adult</li>
	<li><a class="external" href="http://en.wikipedia.org/wiki/Scott_Sunderland_(actor)" title="Scott Sunderland (actor)">Scott Sunderland</a> as Sir John Colley</li>
	<li><a class="external" href="http://en.wikipedia.org/wiki/David_Croft" title="David Croft">David Croft</a> as Perkins - Greengrocer's boy (uncredited)</li>
	<li><a class="external" href="http://en.wikipedia.org/wiki/David_Tree" title="David Tree">David Tree</a> as Jackson</li>
      </ul>
      <h2 xmlns="http://www.w3.org/1999/xhtml"> <span class="mw-headline" id="Production">Production</span></h2>
      <p xmlns="http://www.w3.org/1999/xhtml">The film was shot at <a class="external" href="http://en.wikipedia.org/wiki/Repton_School" title="Repton School">Repton School</a> and <a class="external" href="http://en.wikipedia.org/wiki/Denham_Film_Studios" title="Denham Film Studios">Denham Film Studios</a>.</p>
      <h2 xmlns="http://www.w3.org/1999/xhtml"> <span class="mw-headline" id="Awards_and_nominations">Awards and nominations</span></h2>
      <p xmlns="http://www.w3.org/1999/xhtml">The film was nominated for seven <a class="external" href="http://en.wikipedia.org/wiki/Academy_Award" title="Academy Award">Academy Awards</a> for <a class="external" href="http://en.wikipedia.org/wiki/Academy_Award_for_Best_Picture" title="Academy Award for Best Picture">Outstanding Production</a>, <a class="external" href="http://en.wikipedia.org/wiki/Academy_Award_for_Best_Director" title="Academy Award for Best Director">Best Director</a>, <a class="external" href="http://en.wikipedia.org/wiki/Academy_Award_for_Best_Actor" title="Academy Award for Best Actor">Actor</a>, <a class="external" href="http://en.wikipedia.org/wiki/Academy_Award_for_Best_Actress" title="Academy Award for Best Actress">Actress</a>, <a class="external" href="http://en.wikipedia.org/wiki/Academy_Award_for_Best_Writing_(Adapted_Screenplay)" title="Academy Award for Best Writing (Adapted Screenplay)">Best Writing, Screenplay</a>, <a class="external" href="http://en.wikipedia.org/wiki/Academy_Award_for_Best_Film_Editing" title="Academy Award for Best Film Editing">Best Film Editing</a>, and <a class="external" href="http://en.wikipedia.org/wiki/Academy_Award_for_Best_Sound" title="Academy Award for Best Sound">Best Sound</a>. It was up against <i><a class="external" href="http://en.wikipedia.org/wiki/Gone_with_the_Wind_(film)" title="Gone with the Wind (film)">Gone with the Wind</a></i> in all seven categories; Robert Donat won for Best Actor, beating out <a class="external" href="http://en.wikipedia.org/wiki/Clark_Gable" title="Clark Gable">Clark Gable</a>, but <i>Goodbye, Mr. Chips</i> lost to <i>Gone With the Wind</i> in five of the six remaining categories. (Best Sound went to the otherwise undistinguished <i><a class="external" href="http://en.wikipedia.org/wiki/When_Tomorrow_Comes_(film)" title="When Tomorrow Comes (film)">When Tomorrow Comes</a></i>).</p>
      <h2 xmlns="http://www.w3.org/1999/xhtml"> <span class="mw-headline" id="Notes">Notes</span></h2>
      <h2 xmlns="http://www.w3.org/1999/xhtml"> <span class="mw-headline" id="External_links">External links</span></h2>
      <ul xmlns="http://www.w3.org/1999/xhtml">
	<li><a href="http://www.imdb.com/title/tt0031385/" rel="nofollow"><i>Goodbye, Mr. Chips</i></a> at the <a class="external" href="http://en.wikipedia.org/wiki/Internet_Movie_Database" title="Internet Movie Database">Internet Movie Database</a></li>
	<li><a href="http://www.allmovie.com/work/20346" rel="nofollow"><i>Goodbye, Mr. Chips</i></a> at <a class="external" href="http://en.wikipedia.org/wiki/Allmovie" title="Allmovie">Allmovie</a></li>
	<li><a href="http://tcmdb.com/title/title.jsp?stid=76737" rel="nofollow"><i>Goodbye, Mr. Chips</i></a> at the <a class="external" href="http://en.wikipedia.org/wiki/Turner_Classic_Movies" title="Turner Classic Movies">TCM Movie Database</a></li>
      </ul>
    </wiki:description>
  </wiki:film>
</wiki:nominee>