<?xml version="1.0" encoding="UTF-8"?>
<wiki:nominee year="1996" span="1" winner="false" award="lead-actress" xmlns:wiki="http://marklogic.com/wikipedia">
  <!--
                            Copyright (c) 2010 MarkLogic Corporation.
                            Permission is granted to copy, distribute and/or modify this document
                            under the terms of the GNU Free Documentation License, Version 1.2
                            or any later version published by the Free Software Foundation;
                            with no Invariant Sections, no Front-Cover Texts, and no Back-Cover Texts.
                            A copy of the license is included in the section entitled "GNU
                            Free Documentation License"
                            
                            Content derived from http://en.wikipedia.org/wiki/Breaking_the_Waves and http://en.wikipedia.org/wiki/Emily_Watson
                            Modified in May 2009 by Mark Logic Corporation under the terms of the GNU Free Documentation License.
                        -->
  <wiki:name link="/wiki/Emily_Watson">Emily Watson</wiki:name>
  <wiki:person link="/wiki/Emily_Watson" name="Emily Watson">
    <wiki:oscar year="1996" span="1" winner="false" award="lead-actress" film-link="/wiki/Breaking_the_Waves" film-title="Breaking the Waves"/>
    <wiki:oscar year="1998" span="1" winner="false" award="lead-actress" film-link="/wiki/Hilary_and_Jackie" film-title="Hilary and Jackie"/>
    <wiki:image link="http://upload.wikimedia.org/wikipedia/commons/thumb/2/2c/EmilyWatsonBAFTA07.jpg/200px-EmilyWatsonBAFTA07.jpg"/>
    <wiki:birth>
      <wiki:date>1967-01-14</wiki:date>
      <wiki:place>
	<wiki:primary link="/wiki/London,_England">London, England</wiki:primary>
	<wiki:secondary link="/wiki/United_Kingdom">UK</wiki:secondary>
      <enrich><woeid xmlns="http://where.yahooapis.com/v1/schema.rng">23416974</woeid><placeTypeName code="9" xmlns="http://where.yahooapis.com/v1/schema.rng">County</placeTypeName><name xmlns="http://where.yahooapis.com/v1/schema.rng">Greater London</name><country code="GB" type="Country" xmlns="http://where.yahooapis.com/v1/schema.rng">United Kingdom</country><admin1 code="GB-ENG" type="Country" xmlns="http://where.yahooapis.com/v1/schema.rng">England</admin1><admin2 code="GB-LND" type="County" xmlns="http://where.yahooapis.com/v1/schema.rng">Greater London</admin2><admin3 xmlns="http://where.yahooapis.com/v1/schema.rng"/><locality1 xmlns="http://where.yahooapis.com/v1/schema.rng"/><locality2 xmlns="http://where.yahooapis.com/v1/schema.rng"/><postal xmlns="http://where.yahooapis.com/v1/schema.rng"/><centroid xmlns="http://where.yahooapis.com/v1/schema.rng"><latitude>51.489578</latitude><longitude>-0.088160</longitude></centroid><boundingBox xmlns="http://where.yahooapis.com/v1/schema.rng"><southWest><latitude>51.286839</latitude><longitude>-0.510350</longitude></southWest><northEast><latitude>51.692322</latitude><longitude>0.334030</longitude></northEast></boundingBox><areaRank xmlns="http://where.yahooapis.com/v1/schema.rng">7</areaRank><popRank xmlns="http://where.yahooapis.com/v1/schema.rng">0</popRank></enrich></wiki:place>
    </wiki:birth>
    <wiki:description>
      <p xmlns="http://www.w3.org/1999/xhtml"><b>Emily Watson</b> (born 14 January 1967) is an English actress. She made an acclaimed debut film performance in <a class="external" href="http://en.wikipedia.org/wiki/Lars_von_Trier" title="Lars von Trier">Lars von Trier</a>'s <i><a class="external" href="http://en.wikipedia.org/wiki/Breaking_the_Waves" title="Breaking the Waves">Breaking the Waves</a></i>.</p>
      <h2 xmlns="http://www.w3.org/1999/xhtml"> <span class="mw-headline" id="Early_life">Early life</span></h2>
      <p xmlns="http://www.w3.org/1999/xhtml">Watson was born in <a class="external" href="http://en.wikipedia.org/wiki/Islington" title="Islington">Islington</a>, London, England, the daughter of an <a class="external" href="http://en.wikipedia.org/wiki/Architect" title="Architect">architect</a> father and an English professor mother. She was brought up as an <a class="external" href="http://en.wikipedia.org/wiki/Anglican" title="Anglican">Anglican</a>.</p>
      <h2 xmlns="http://www.w3.org/1999/xhtml"> <span class="mw-headline" id="Education">Education</span></h2>
      <p xmlns="http://www.w3.org/1999/xhtml">Watson was educated at <a class="external" href="http://en.wikipedia.org/wiki/Notting_Hill_and_Ealing_High_School" title="Notting Hill and Ealing High School">Notting Hill and Ealing High School</a>, an <a class="external" href="http://en.wikipedia.org/wiki/Independent_school" title="Independent school">independent school</a> for girls in <a class="external" href="http://en.wikipedia.org/wiki/Ealing" title="Ealing">Ealing</a> in west London, which she has described as a 'progressive' school, and trained at <a class="external" href="http://en.wikipedia.org/wiki/Drama_Studio_London" title="Drama Studio London">Drama Studio London</a>, followed by the <a class="external" href="http://en.wikipedia.org/wiki/University_of_Bristol" title="University of Bristol">University of Bristol</a>, where she obtained a <a class="external" href="http://en.wikipedia.org/wiki/Bachelor_of_arts" title="Bachelor of arts">B.A.</a> (1988, English) as well as an <a class="external" href="http://en.wikipedia.org/wiki/Master_of_Arts_(postgraduate)" title="Master of Arts (postgraduate)">M.A.</a> (2003, honorary) from <a class="external" href="http://en.wikipedia.org/wiki/Bristol_University" title="Bristol University">Bristol University</a>.</p>
      <h2 xmlns="http://www.w3.org/1999/xhtml"> <span class="mw-headline" id="Life_and_career">Life and career</span></h2>
      <p xmlns="http://www.w3.org/1999/xhtml">Although best known internationally for her film roles, Watson's career began on the stage. Her theatre credits include <i><a class="external" href="http://en.wikipedia.org/wiki/The_Children%27s_Hour_(play)" title="The Children's Hour (play)">The Children's Hour</a></i> (at the <a class="external" href="http://en.wikipedia.org/wiki/Royal_National_Theatre" title="Royal National Theatre">Royal National Theatre</a>), <i><a class="external" href="http://en.wikipedia.org/wiki/Three_Sisters_(play)" title="Three Sisters (play)">Three Sisters</a></i>, <i><a class="external" href="http://en.wikipedia.org/wiki/Much_Ado_about_Nothing" title="Much Ado about Nothing">Much Ado about Nothing</a></i> and <i><a class="external" href="http://en.wikipedia.org/wiki/The_Lady_from_the_Sea" title="The Lady from the Sea">The Lady from the Sea</a></i>.</p>
      <p xmlns="http://www.w3.org/1999/xhtml">She has also worked with the <a class="external" href="http://en.wikipedia.org/wiki/Royal_Shakespeare_Company" title="Royal Shakespeare Company">Royal Shakespeare Company</a> in such productions as <i><a class="external" href="http://en.wikipedia.org/wiki/A_Jovial_Crew" title="A Jovial Crew">A Jovial Crew</a></i>, <i><a class="external" href="http://en.wikipedia.org/wiki/The_Taming_of_the_Shrew" title="The Taming of the Shrew">The Taming of the Shrew</a></i>, <i><a class="external" href="http://en.wikipedia.org/wiki/All%27s_Well_That_Ends_Well" title="All's Well That Ends Well">All's Well That Ends Well</a></i> and <i><a class="external" href="http://en.wikipedia.org/wiki/The_Changeling_(play)" title="The Changeling (play)">The Changeling</a></i>.</p>
      <p xmlns="http://www.w3.org/1999/xhtml">In 2002, she took time off from cinema to play two roles in <a class="external" href="http://en.wikipedia.org/wiki/Sam_Mendes" title="Sam Mendes">Sam Mendes</a>'s <a class="external" href="http://en.wikipedia.org/wiki/Repertory" title="Repertory">repertory</a> productions of <i><a class="external" href="http://en.wikipedia.org/wiki/Uncle_Vanya" title="Uncle Vanya">Uncle Vanya</a></i> and <i><a class="external" href="http://en.wikipedia.org/wiki/Twelfth_Night" title="Twelfth Night">Twelfth Night</a></i>, first at Mendes's <a class="external" href="http://en.wikipedia.org/wiki/Donmar_Warehouse" title="Donmar Warehouse">Donmar Warehouse</a> in London and later at the <a class="external" href="http://en.wikipedia.org/wiki/Brooklyn_Academy_of_Music" title="Brooklyn Academy of Music">Brooklyn Academy of Music</a>. Her performance was widely acclaimed on both sides of the Atlantic and garnered her an <a class="external" href="http://en.wikipedia.org/wiki/Olivier_Award" title="Olivier Award">Olivier Award</a> nomination.</p>
      <p xmlns="http://www.w3.org/1999/xhtml">Watson was virtually unknown until director <a class="external" href="http://en.wikipedia.org/wiki/Lars_von_Trier" title="Lars von Trier">Lars von Trier</a> chose her to star in his controversial <i><a class="external" href="http://en.wikipedia.org/wiki/Breaking_the_Waves" title="Breaking the Waves">Breaking the Waves</a></i> after <a class="external" href="http://en.wikipedia.org/wiki/Helena_Bonham_Carter" title="Helena Bonham Carter">Helena Bonham Carter</a>, dropped out "at the very last minute." Her performance as Bess McNeill won Watson the <a class="external" href="http://en.wikipedia.org/wiki/Los_Angeles_Film_Critics_Association" title="Los Angeles Film Critics Association">Los Angeles</a>, <a class="external" href="http://en.wikipedia.org/wiki/London_Film_Critics_Circle" title="London Film Critics Circle">London</a> and <a class="external" href="http://en.wikipedia.org/wiki/New_York_Film_Critics_Circle_Awards" title="New York Film Critics Circle Awards">New York</a> Critics Circle Awards, the US National Society of Film Critics Award for Best Actress, and ultimately an <a class="external" href="http://en.wikipedia.org/wiki/Academy_Awards" title="Academy Awards">Oscar</a> nomination.</p>
      <p xmlns="http://www.w3.org/1999/xhtml">Watson came to public notice again in another controversial role, as cellist <a class="external" href="http://en.wikipedia.org/wiki/Jacqueline_du_Pr%C3%A9" title="Jacqueline du PrÃ©">Jacqueline du PrÃ©</a> in <i><a class="external" href="http://en.wikipedia.org/wiki/Hilary_and_Jackie" title="Hilary and Jackie">Hilary and Jackie</a></i>, for which she learned to play the <a class="external" href="http://en.wikipedia.org/wiki/Cello" title="Cello">cello</a>, and received another <a class="external" href="http://en.wikipedia.org/wiki/Academy_Awards" title="Academy Awards">Oscar</a> nomination. She also played a leading role in <i><a class="external" href="http://en.wikipedia.org/wiki/Cradle_Will_Rock" title="Cradle Will Rock">Cradle Will Rock</a></i>, a story of a theatre show in the 1930s, directed by <a class="external" href="http://en.wikipedia.org/wiki/Tim_Robbins" title="Tim Robbins">Tim Robbins</a>. Though she won the title role of <a class="external" href="http://en.wikipedia.org/wiki/Frank_McCourt_(author)" title="Frank McCourt (author)">Frank McCourt</a>'s mother in the adaptation of his memoir, <i><a class="external" href="http://en.wikipedia.org/wiki/Angela%27s_Ashes_(film)" title="Angela's Ashes (film)">Angela's Ashes</a></i>, the film underperformed. In 2001, she appeared alongside <a class="external" href="http://en.wikipedia.org/wiki/John_Turturro" title="John Turturro">John Turturro</a> in <i><a class="external" href="http://en.wikipedia.org/wiki/The_Luzhin_Defence" title="The Luzhin Defence">The Luzhin Defence</a></i> and in <a class="external" href="http://en.wikipedia.org/wiki/Robert_Altman" title="Robert Altman">Robert Altman</a>'s ensemble piece <i><a class="external" href="http://en.wikipedia.org/wiki/Gosford_Park" title="Gosford Park">Gosford Park</a></i>. The following year, she starred as <a class="external" href="http://en.wikipedia.org/w/index.php?title=Reba_McClane&amp;action=edit&amp;redlink=1" title="Reba McClane (page does not exist)">Reba McClane</a> in the adaptation of <a class="external" href="http://en.wikipedia.org/wiki/Thomas_Harris" title="Thomas Harris">Thomas Harris</a>'s <i><a class="external" href="http://en.wikipedia.org/wiki/The_Silence_of_the_Lambs_(novel)" title="The Silence of the Lambs (novel)">The Silence of the Lambs</a></i> prequel, <i><a class="external" href="http://en.wikipedia.org/wiki/Red_Dragon_(film)" title="Red Dragon (film)">Red Dragon</a></i>, as the romantic interest of <a class="external" href="http://en.wikipedia.org/wiki/Adam_Sandler" title="Adam Sandler">Adam Sandler</a> in <a class="external" href="http://en.wikipedia.org/wiki/Paul_Thomas_Anderson" title="Paul Thomas Anderson">Paul Thomas Anderson</a>'s <i><a class="external" href="http://en.wikipedia.org/wiki/Punch-Drunk_Love" title="Punch-Drunk Love">Punch-Drunk Love</a></i>, and in the sci-fi action thriller <i><a class="external" href="http://en.wikipedia.org/wiki/Equilibrium_(film)" title="Equilibrium (film)">Equilibrium</a></i> alongside <a class="external" href="http://en.wikipedia.org/wiki/Christian_Bale" title="Christian Bale">Christian Bale</a>.</p>
      <p xmlns="http://www.w3.org/1999/xhtml">In 2004, Watson received a <a class="external" href="http://en.wikipedia.org/wiki/Golden_Globe" title="Golden Globe">Golden Globe</a> nomination for her role as <a class="external" href="http://en.wikipedia.org/wiki/Peter_Sellers" title="Peter Sellers">Peter Sellers</a>'s first wife, Anne Howe, in the <a class="external" href="http://en.wikipedia.org/wiki/HBO" title="HBO">HBO</a> movie <i><a class="external" href="http://en.wikipedia.org/wiki/The_Life_and_Death_of_Peter_Sellers" title="The Life and Death of Peter Sellers">The Life and Death of Peter Sellers</a></i>. 2005 saw Watson starring in four films: <i><a class="external" href="http://en.wikipedia.org/wiki/Wah-Wah" title="Wah-Wah">Wah-Wah</a></i>, <a class="external" href="http://en.wikipedia.org/wiki/Richard_E._Grant" title="Richard E. Grant">Richard E. Grant</a>'s autobiographical directorial debut; <i><a class="external" href="http://en.wikipedia.org/wiki/Separate_Lies" title="Separate Lies">Separate Lies</a></i>, directed by <i>Gosford Park</i> writer <a class="external" href="http://en.wikipedia.org/wiki/Julian_Fellowes" title="Julian Fellowes">Julian Fellowes</a>; <a class="external" href="http://en.wikipedia.org/wiki/Tim_Burton" title="Tim Burton">Tim Burton</a>'s animated film <i><a class="external" href="http://en.wikipedia.org/wiki/Corpse_Bride" title="Corpse Bride">Corpse Bride</a></i>, alongside <a class="external" href="http://en.wikipedia.org/wiki/Johnny_Depp" title="Johnny Depp">Johnny Depp</a> and Helena Bonham Carter; and <a class="external" href="http://en.wikipedia.org/wiki/Nick_Cave" title="Nick Cave">Nick Cave</a>'s Australian-set western, <i><a class="external" href="http://en.wikipedia.org/wiki/The_Proposition" title="The Proposition">The Proposition</a></i>. In 2006, she took a supporting role in <i><a class="external" href="http://en.wikipedia.org/wiki/Miss_Potter" title="Miss Potter">Miss Potter</a>,</i> a <a class="external" href="http://en.wikipedia.org/wiki/Biopic" title="Biopic">biopic</a> of children's author <a class="external" href="http://en.wikipedia.org/wiki/Beatrix_Potter" title="Beatrix Potter">Beatrix Potter</a> from <i><a class="external" href="http://en.wikipedia.org/wiki/Babe_(film)" title="Babe (film)">Babe</a></i> director <a class="external" href="http://en.wikipedia.org/wiki/Chris_Noonan" title="Chris Noonan">Chris Noonan</a>, with <a class="external" href="http://en.wikipedia.org/wiki/Ewan_McGregor" title="Ewan McGregor">Ewan McGregor</a> and <a class="external" href="http://en.wikipedia.org/wiki/Ren%C3%A9e_Zellweger" title="RenÃ©e Zellweger">RenÃ©e Zellweger</a>, and also in an adaptation of <a class="external" href="http://en.wikipedia.org/wiki/Thea_Beckman" title="Thea Beckman">Thea Beckman</a>'s children's novel <i><a class="external" href="http://en.wikipedia.org/wiki/Crusade_in_Jeans" title="Crusade in Jeans">Crusade in Jeans</a></i>. In 2007, she appeared in <i><a class="external" href="http://en.wikipedia.org/wiki/The_Water_Horse:_Legend_of_the_Deep" title="The Water Horse: Legend of the Deep">The Water Horse: Legend of the Deep</a></i>, an adaptation of the <a class="external" href="http://en.wikipedia.org/wiki/Dick_King-Smith" title="Dick King-Smith">Dick King-Smith</a> children's novel about the origin of the <a class="external" href="http://en.wikipedia.org/wiki/Loch_Ness_Monster" title="Loch Ness Monster">Loch Ness Monster</a>.</p>
      <p xmlns="http://www.w3.org/1999/xhtml">Watson starred with <a class="external" href="http://en.wikipedia.org/wiki/Julia_Roberts" title="Julia Roberts">Julia Roberts</a> and <a class="external" href="http://en.wikipedia.org/wiki/Carrie-Anne_Moss" title="Carrie-Anne Moss">Carrie-Anne Moss</a> in <i><a class="external" href="http://en.wikipedia.org/wiki/Fireflies_in_the_Garden" title="Fireflies in the Garden">Fireflies in the Garden</a></i>, and appears in the film <i><a class="external" href="http://en.wikipedia.org/wiki/Cold_Souls" title="Cold Souls">Cold Souls</a></i>, from first-time director Sophie Barthes. She also starred in screenwriter <a class="external" href="http://en.wikipedia.org/wiki/Charlie_Kaufman" title="Charlie Kaufman">Charlie Kaufman</a>'s directorial debut, <i><a class="external" href="http://en.wikipedia.org/wiki/Synecdoche,_New_York" title="Synecdoche, New York">Synecdoche, New York</a></i> and <i>Within the Whirlwind</i>, a biopic of Russian poetess <a class="external" href="http://en.wikipedia.org/wiki/Evgenia_Ginzburg" title="Evgenia Ginzburg">Evgenia Ginzburg</a>, from <i><a class="external" href="http://en.wikipedia.org/wiki/The_Luzhin_Defence" title="The Luzhin Defence">Luzhin Defence</a></i> director <a class="external" href="http://en.wikipedia.org/wiki/Marleen_Gorris" title="Marleen Gorris">Marleen Gorris</a>. She is slated to appear in <i>Fellini Black and White</i>, as <a class="external" href="http://en.wikipedia.org/wiki/Giulietta_Massina" title="Giulietta Massina">Giulietta Massina</a>, the wife of film director <a class="external" href="http://en.wikipedia.org/wiki/Federico_Fellini" title="Federico Fellini">Federico Fellini</a>. The film depicts a trip the director made to receive an award and also stars <a class="external" href="http://en.wikipedia.org/wiki/Antonio_Banderas" title="Antonio Banderas">Antonio Banderas</a>, <a class="external" href="http://en.wikipedia.org/wiki/Liv_Tyler" title="Liv Tyler">Liv Tyler</a>, <a class="external" href="http://en.wikipedia.org/wiki/Laurence_Fishburne" title="Laurence Fishburne">Laurence Fishburne</a> and <a class="external" href="http://en.wikipedia.org/wiki/Peter_Dinklage" title="Peter Dinklage">Peter Dinklage</a>.</p>
      <p xmlns="http://www.w3.org/1999/xhtml">In 2007, <i>Mood Indigo</i>, a script written by Watson and her husband, was optioned by <a class="external" href="http://en.wikipedia.org/wiki/Capitol_Films" title="Capitol Films">Capitol Films</a>. The film is a love story set during <a class="external" href="http://en.wikipedia.org/wiki/World_War_II" title="World War II">World War II</a> and concerns a young woman who falls in love with a pilot.</p>
      <p xmlns="http://www.w3.org/1999/xhtml">Director <a class="external" href="http://en.wikipedia.org/wiki/Jean-Pierre_Jeunet" title="Jean-Pierre Jeunet">Jean-Pierre Jeunet</a> wrote the character <i><a class="external" href="http://en.wikipedia.org/wiki/Am%C3%A9lie" title="AmÃ©lie">AmÃ©lie</a></i> for Watson to play (AmÃ©lie was originally named Emily) but she eventually turned the role down due to difficulties speaking French and a desire not to be away from home. The role went on to make an international star of <a class="external" href="http://en.wikipedia.org/wiki/Audrey_Tautou" title="Audrey Tautou">Audrey Tautou</a>. She was also the first choice to play <a class="external" href="http://en.wikipedia.org/wiki/Elizabeth_I_of_England" title="Elizabeth I of England">Elizabeth I</a> in <a class="external" href="http://en.wikipedia.org/wiki/Shekhar_Kapur" title="Shekhar Kapur">Shekhar Kapur</a>'s film <i><a class="external" href="http://en.wikipedia.org/wiki/Elizabeth_(film)" title="Elizabeth (film)">Elizabeth</a></i>, the role that won <a class="external" href="http://en.wikipedia.org/wiki/Cate_Blanchett" title="Cate Blanchett">Cate Blanchett</a> an Academy Award nomination. She was also intended to be the lead in <i><a class="external" href="http://en.wikipedia.org/wiki/Miss_Potter" title="Miss Potter">Miss Potter</a></i>, but ended up with a supporting role.</p>
      <h2 xmlns="http://www.w3.org/1999/xhtml"> <span class="mw-headline" id="Credits">Credits</span></h2>
      <ul xmlns="http://www.w3.org/1999/xhtml">
	<li><i>School for Mothers</i> and <i><a class="external" href="http://en.wikipedia.org/wiki/The_Mistake" title="The Mistake">The Mistake</a></i> (double-bill of one-act plays), White Bear Theatre, London, 1991</li>
	<li><i>All's Well That Ends Well</i> (Royal Shakespeare Company, <a class="external" href="http://en.wikipedia.org/wiki/Swan_Theatre_(Stratford)" title="Swan Theatre (Stratford)">Swan Theatre</a>, <a class="external" href="http://en.wikipedia.org/wiki/Stratford-upon-Avon" title="Stratford-upon-Avon">Stratford-upon-Avon</a> 1992, later Pit Theatre, London, 1993) as Marianna</li>
	<li><i>The Taming of the Shrew</i> (Royal Shakespeare Company, <a class="external" href="http://en.wikipedia.org/wiki/Barbican_Theatre" title="Barbican Theatre">Barbican Theatre</a>, London, 1993) as Mrs. Ruth Banks-Ellis</li>
	<li><i>The Changeling</i> (Royal Shakespeare Company, Pit Theatre, 1993)</li>
	<li><i>A Jovial Crew</i> (Royal Shakespeare Company, Pit Theatre, 1993) as Amie</li>
	<li><i><a class="external" href="http://en.wikipedia.org/wiki/The_Lady_from_the_Sea" title="The Lady from the Sea">The Lady from the Sea</a></i> (<a class="external" href="http://en.wikipedia.org/wiki/Lyric_Hammersmith" title="Lyric Hammersmith">Lyric Hammersmith</a> Theatre, London, 1994) as Hilde Wangel</li>
	<li><i><a class="external" href="http://en.wikipedia.org/wiki/The_Children%27s_Hour_(play)" title="The Children's Hour (play)">The Children's Hour</a></i> (<a class="external" href="http://en.wikipedia.org/wiki/Lyttelton_Theatre" title="Lyttelton Theatre">Lyttelton Theatre</a>, London, 1994) as Mary Tilford</li>
	<li><i>Three Sisters</i> (<a class="external" href="http://en.wikipedia.org/wiki/Out_of_Joint" title="Out of Joint">Out of Joint</a>, 1995)</li>
	<li><i><a class="external" href="http://en.wikipedia.org/wiki/Othello" title="Othello">Othello</a></i> (1996, theatre)</li>
	<li><i>Twelfth Night</i> / <i>Uncle Vanya</i> (Donmar Warehouse, 2002 / BAM, 2003)</li>
      </ul>
      <ul xmlns="http://www.w3.org/1999/xhtml">
	<li><i>The Wolves of Willoughby Chase</i> (1994, radio)</li>
	<li><i>Wuthering Heights</i> (1995, radio series)</li>
      </ul>
      <p xmlns="http://www.w3.org/1999/xhtml">Watson is a committed supporter of the children's charity the <a class="external" href="http://en.wikipedia.org/wiki/NSPCC" title="NSPCC">NSPCC</a>. In 2004, she was inducted into the society's hall of fame for spearheading the successful campaign to appoint a <a class="external" href="http://en.wikipedia.org/wiki/Children%27s_Commissioner_for_England" title="Children's Commissioner for England">Children's Commissioner for England</a>. Receiving her award in the crowded <a class="external" href="http://en.wikipedia.org/wiki/British_House_of_Commons" title="British House of Commons">House of Commons</a>, she actively spoke out against the possibility that the Children's Commissioner become a figurehead with little real power.</p>
      <p xmlns="http://www.w3.org/1999/xhtml">She is also one of the patrons of the London children's charity <a class="external" href="http://en.wikipedia.org/wiki/Scene_%26_Heard" title="Scene &amp; Heard">Scene &amp; Heard</a> </p>
      <h2 xmlns="http://www.w3.org/1999/xhtml"> <span class="mw-headline" id="Family">Family</span></h2>
      <p xmlns="http://www.w3.org/1999/xhtml">Watson married Jack Waters, whom she had met at the <a class="external" href="http://en.wikipedia.org/wiki/Royal_Shakespeare_Company" title="Royal Shakespeare Company">Royal Shakespeare Company</a>, in 1995. Their daughter, Juliet, was born in autumn 2005.</p>
      <h2 xmlns="http://www.w3.org/1999/xhtml"> <span class="mw-headline" id="References">References</span></h2>
      <h2 xmlns="http://www.w3.org/1999/xhtml"> <span class="mw-headline" id="External_links">External links</span></h2>
      <ul xmlns="http://www.w3.org/1999/xhtml">
	<li><a href="http://www.imdb.com/name/nm001833/" rel="nofollow">Emily Watson</a> at the <a class="external" href="http://en.wikipedia.org/wiki/Internet_Movie_Database" title="Internet Movie Database">Internet Movie Database</a></li>
	<li><a href="http://www.premiere.com/actresses/3338/scene-stealer-emily-watson.html" rel="nofollow">Premiere Magazine: Emily Watson Q&amp;A and podcast</a></li>
	<li><a href="http://www.timesonline.co.uk/article/0,,2090-1731949,00.html" rel="nofollow">Emily Watson at the Edinburgh Festival</a></li>
	<li><a href="http://www.filmbug.com/db/772" rel="nofollow">Emily Watson at <i>Film Bug</i></a></li>
      </ul>
    </wiki:description>
  </wiki:person>
  <wiki:film-title link="/wiki/Breaking_the_Waves">Breaking the Waves</wiki:film-title>
  <wiki:film link="/wiki/Breaking_the_Waves" title="Breaking the Waves">
    <wiki:oscar-ref year="1996" span="1" winner="false" award="lead-actress" person-link="/wiki/Emily_Watson" person-name="Emily Watson"/>
    <wiki:producer link="/wiki/Peter_Aalb%C3%A6k_Jensen">Peter AalbÃ¦k Jensen</wiki:producer>
    <wiki:producer link="/w/index.php?title=Vibeke_Windel%C3%B8v&amp;action=edit&amp;redlink=1">Vibeke WindelÃ¸v</wiki:producer>
    <wiki:director link="/wiki/Lars_von_Trier">Lars von Trier</wiki:director>
    <wiki:writer link="/w/index.php?title=Peter_Asmussen&amp;action=edit&amp;redlink=1">Peter Asmussen</wiki:writer>
    <wiki:distributor link="/wiki/October_Films">October Films</wiki:distributor>
    <wiki:distributor link="/wiki/USA">USA</wiki:distributor>
    <wiki:starring link="/wiki/Emily_Watson">Emily Watson</wiki:starring>
    <wiki:starring link="/wiki/Stellan_Skarsg%C3%A5rd">Stellan SkarsgÃ¥rd</wiki:starring>
    <wiki:starring link="/wiki/Katrin_Cartlidge">Katrin Cartlidge</wiki:starring>
    <wiki:starring link="/wiki/Jean-Marc_Barr">Jean-Marc Barr</wiki:starring>
    <wiki:starring link="/wiki/Udo_Kier">Udo Kier</wiki:starring>
    <wiki:language link="/wiki/English_language">English</wiki:language>
    <wiki:description>
      <p xmlns="http://www.w3.org/1999/xhtml"><i><b>Breaking the Waves</b></i> is a <a class="external" href="http://en.wikipedia.org/wiki/1996_in_film" title="1996 in film">1996</a> <a class="external" href="http://en.wikipedia.org/wiki/Film" title="Film">film</a> directed by <a class="external" href="http://en.wikipedia.org/wiki/Lars_von_Trier" title="Lars von Trier">Lars von Trier</a> and starring <a class="external" href="http://en.wikipedia.org/wiki/Emily_Watson" title="Emily Watson">Emily Watson</a>. Set in the <a class="external" href="http://en.wikipedia.org/wiki/Scottish_Highlands" title="Scottish Highlands">Scottish Highlands</a> in the early 1970s, it tells the story of an unusual young woman, Bess McNeill, and of the love she has for Jan, her husband. The film is an international co-production led by Lars von Trier's <a class="external" href="http://en.wikipedia.org/wiki/Cinema_of_Denmark" title="Cinema of Denmark">Danish</a> company <a class="external" href="http://en.wikipedia.org/wiki/Zentropa" title="Zentropa">Zentropa</a>. It is the first film in Trier's 'Golden Heart Trilogy' which also includes <i><a class="external" href="http://en.wikipedia.org/wiki/The_Idiots" title="The Idiots">The Idiots</a></i> from <a class="external" href="http://en.wikipedia.org/wiki/1998_in_film" title="1998 in film">1998</a> and <i><a class="external" href="http://en.wikipedia.org/wiki/Dancer_in_the_Dark" title="Dancer in the Dark">Dancer in the Dark</a></i> from <a class="external" href="http://en.wikipedia.org/wiki/2000_in_film" title="2000 in film">2000</a>.</p>
      <h2 xmlns="http://www.w3.org/1999/xhtml"> <span class="mw-headline" id="Plot">Plot</span></h2>
      <p xmlns="http://www.w3.org/1999/xhtml"><i>Breaking the Waves</i> tells the story of Bess McNeill, who marries Norwegian <a class="external" href="http://en.wikipedia.org/wiki/Oil_platform" title="Oil platform">oil rig</a> worker Jan, despite the apprehensions of her community and <a class="external" href="http://en.wikipedia.org/wiki/Calvinism" title="Calvinism">Calvinist</a> church. Bess is somewhat simple and childlike, and has difficulty living without Jan when he is away on the oil platform, where he is scheduled to work for ten days. She prays for his immediate return, and when he returns the next day paralyzed by an industrial accident, she believes it is her fault. No longer able to perform sexually, and mentally affected by the accident, Jan urges her to find and have sex with other men and then tell him the details. Bess slowly begins to believe that what she is doing is the will of God.</p>
      <h2 xmlns="http://www.w3.org/1999/xhtml"> <span class="mw-headline" id="Cast">Cast</span></h2>
      <ul xmlns="http://www.w3.org/1999/xhtml">
	<li><a class="external" href="http://en.wikipedia.org/wiki/Emily_Watson" title="Emily Watson">Emily Watson</a> as Bess McNeill</li>
	<li><a class="external" href="http://en.wikipedia.org/wiki/Stellan_Skarsg%C3%A5rd" title="Stellan SkarsgÃ¥rd">Stellan SkarsgÃ¥rd</a> as Jan Nyman</li>
	<li><a class="external" href="http://en.wikipedia.org/wiki/Katrin_Cartlidge" title="Katrin Cartlidge">Katrin Cartlidge</a> as Dodo McNeill</li>
	<li><a class="external" href="http://en.wikipedia.org/wiki/Jean-Marc_Barr" title="Jean-Marc Barr">Jean-Marc Barr</a> as Terry</li>
	<li><a class="external" href="http://en.wikipedia.org/wiki/Adrian_Rawlins" title="Adrian Rawlins">Adrian Rawlins</a> as Dr. Richardson</li>
	<li><a class="external" href="http://en.wikipedia.org/w/index.php?title=Jonathan_Hackett&amp;action=edit&amp;redlink=1" title="Jonathan Hackett (page does not exist)">Jonathan Hackett</a> as Priest</li>
	<li><a class="external" href="http://en.wikipedia.org/wiki/Sandra_Voe" title="Sandra Voe">Sandra Voe</a> as Mother</li>
	<li><a class="external" href="http://en.wikipedia.org/wiki/Udo_Kier" title="Udo Kier">Udo Kier</a> as Sadistic Sailor</li>
	<li><a class="external" href="http://en.wikipedia.org/w/index.php?title=Mikkel_Gaup&amp;action=edit&amp;redlink=1" title="Mikkel Gaup (page does not exist)">Mikkel Gaup</a> as Pits</li>
	<li><a class="external" href="http://en.wikipedia.org/w/index.php?title=Roef_Ragas&amp;action=edit&amp;redlink=1" title="Roef Ragas (page does not exist)">Roef Ragas</a> as Pim</li>
	<li><a class="external" href="http://en.wikipedia.org/wiki/Phil_McCall" title="Phil McCall">Phil McCall</a> as Grandfather</li>
	<li><a class="external" href="http://en.wikipedia.org/wiki/Robert_Robertson_(actor)" title="Robert Robertson (actor)">Robert Robertson</a> as Chairman</li>
      </ul>
      <h2 xmlns="http://www.w3.org/1999/xhtml"> <span class="mw-headline" id="Style">Style</span></h2>
      <p xmlns="http://www.w3.org/1999/xhtml">The film is influenced by the <a class="external" href="http://en.wikipedia.org/wiki/Realism_(arts)" title="Realism (arts)">realist</a> <a class="external" href="http://en.wikipedia.org/wiki/Dogme_95" title="Dogme 95">Dogme 95</a> movement, of which von Trier was a founding member, and its grainy images and hand-held photography give it the superficial look of a Dogme film. However, the Dogme rules demand the use of real locations, whereas many of the locations in <i>Breaking the Waves</i> were constructed in a studio. In addition, the film is set in the past and contains dubbed music, as well as a brief scene featuring CGI, none of which is permitted by the Dogme rules. Von Trier's first true Dogme film was <i><a class="external" href="http://en.wikipedia.org/wiki/The_Idiots" title="The Idiots">The Idiots</a></i>.</p>
      <h2 xmlns="http://www.w3.org/1999/xhtml"> <span class="mw-headline" id="Production">Production</span></h2>
      <p xmlns="http://www.w3.org/1999/xhtml">The role of Bess was written with <a class="external" href="http://en.wikipedia.org/wiki/Madonna_(entertainer)" title="Madonna (entertainer)">Madonna</a> in mind. <a class="external" href="http://en.wikipedia.org/wiki/Helena_Bonham_Carter" title="Helena Bonham Carter">Helena Bonham Carter</a> was von Trier's first choice to play the role of Bess, but she dropped out just before shooting was to start, reportedly due to the large amount of nudity and sexuality required by the role. <a class="external" href="http://en.wikipedia.org/wiki/Melanie_Griffith" title="Melanie Griffith">Melanie Griffith</a> was also considered.</p>
      <p xmlns="http://www.w3.org/1999/xhtml">The exterior scenes were shot in Scotland: the graveyard was built for the film on <a class="external" href="http://en.wikipedia.org/wiki/Isle_of_Skye" title="Isle of Skye">Isle of Skye</a>; the church is in <a class="external" href="http://en.wikipedia.org/wiki/Lochailort" title="Lochailort">Lochailort</a>, the harbour in <a class="external" href="http://en.wikipedia.org/wiki/Mallaig" title="Mallaig">Mallaig</a>, and the beach in <a class="external" href="http://en.wikipedia.org/wiki/Morar" title="Morar">Morar</a>. The interiors were shot at Det Danske Filmstudie, <a class="external" href="http://en.wikipedia.org/wiki/Lyngby" title="Lyngby">Lyngby</a>, <a class="external" href="http://en.wikipedia.org/wiki/Denmark" title="Denmark">Denmark</a>.</p>
      <h2 xmlns="http://www.w3.org/1999/xhtml"> <span class="mw-headline" id="Reception">Reception</span></h2>
      <p xmlns="http://www.w3.org/1999/xhtml"><i>Breaking the Waves</i> was named one of the ten best films of the decade by both <a class="external" href="http://en.wikipedia.org/wiki/Roger_Ebert" title="Roger Ebert">Roger Ebert</a> and <a class="external" href="http://en.wikipedia.org/wiki/Martin_Scorsese" title="Martin Scorsese">Martin Scorsese</a> during a show where the famous film personalities listed their top movies of the 1990s.</p>
      <p xmlns="http://www.w3.org/1999/xhtml">Released on November 13, 1996, the film has grossed just over $4 million in the US.</p>
      <p xmlns="http://www.w3.org/1999/xhtml"><i>Breaking the Waves</i> won the <a class="external" href="http://en.wikipedia.org/wiki/Grand_Prix_(Cannes_Film_Festival)" title="Grand Prix (Cannes Film Festival)">Grand Prix</a> at the <a class="external" href="http://en.wikipedia.org/wiki/1996_Cannes_Film_Festival" title="1996 Cannes Film Festival">1996 Cannes Film Festival</a>, and three awards at the 1996 <a class="external" href="http://en.wikipedia.org/wiki/European_Film_Awards" title="European Film Awards">European Film Awards</a> including: Film of the Year, International Film Journalists Award, and European Actress of the Year (Watson). Emily Watson was nominated for the 1996 <a class="external" href="http://en.wikipedia.org/wiki/Academy_Award_for_Best_Actress" title="Academy Award for Best Actress">Academy Award for Best Actress</a>, the 1997 <a class="external" href="http://en.wikipedia.org/wiki/British_Academy_of_Film_and_Television_Arts" title="British Academy of Film and Television Arts">British Academy of Film and Television Arts</a> award, the <a class="external" href="http://en.wikipedia.org/wiki/National_Society_of_Film_Critics" title="National Society of Film Critics">National Society of Film Critics</a> prize, and the <a class="external" href="http://en.wikipedia.org/wiki/European_Film_Award" title="European Film Award">European Film Award</a> for Best Actress.</p>
      <h2 xmlns="http://www.w3.org/1999/xhtml"> <span class="mw-headline" id="References">References</span></h2>
      <h2 xmlns="http://www.w3.org/1999/xhtml"> <span class="mw-headline" id="Bibliography">Bibliography</span></h2>
      <ul xmlns="http://www.w3.org/1999/xhtml">
	<li><span class="citation book"><a class="external" href="http://en.wikipedia.org/wiki/Lars_von_Trier" title="Lars von Trier">Trier, Lars von</a> (1996). <a href="http://books.google.com/books?id=bx2SQgAACAAJ" rel="nofollow"><i>Breaking the waves</i></a>. Faber. <a class="external" href="http://en.wikipedia.org/wiki/International_Standard_Book_Number" title="International Standard Book Number">ISBN</a>Â <a class="external" href="http://en.wikipedia.org/wiki/Special:BookSources/9780571191154" title="Special:BookSources/9780571191154">9780571191154</a><span class="printonly">. <a href="http://books.google.com/books?id=bx2SQgAACAAJ" rel="nofollow">http://books.google.com/books?id=bx2SQgAACAAJ</a></span><span class="reference-accessdate">. Retrieved 15 October 2010</span>.</span><span class="Z3988" title="ctx_ver=Z39.88-2004&amp;rft_val_fmt=info%3Aofi%2Ffmt%3Akev%3Amtx%3Abook&amp;rft.genre=book&amp;rft.btitle=Breaking+the+waves&amp;rft.aulast=Trier&amp;rft.aufirst=Lars+von&amp;rft.au=Trier%2C%26%2332%3BLars+von&amp;rft.date=1996&amp;rft.pub=Faber&amp;rft.isbn=9780571191154&amp;rft_id=http%3A%2F%2Fbooks.google.com%2Fbooks%3Fid%3Dbx2SQgAACAAJ&amp;rfr_id=info:sid/en.wikipedia.org:Breaking_the_Waves"><span style="display: none;">Â </span></span></li>
	<li>Ebbe Villadsen: <i>Danish Erotic Film Classics</i> (2005)</li>
	<li>Georg Tiefenbach: <i>Drama und Regie (Writing and Directing): Lars von Trier's Breaking the Waves, Dancer in the Dark, Dogville.</i> WÃ¼rzburg: KÃ¶nigshausen &amp; Neumann 2010. <a class="external" href="http://en.wikipedia.org/wiki/Special:BookSources/9783826040962">ISBN 978-3-8260-4096-2</a>.</li>
      </ul>
      <h2 xmlns="http://www.w3.org/1999/xhtml"> <span class="mw-headline" id="External_links">External links</span></h2>
      <ul xmlns="http://www.w3.org/1999/xhtml">
	<li><a href="http://www.allmovie.com/work/136347" rel="nofollow"><i>Breaking the Waves</i></a> at <a class="external" href="http://en.wikipedia.org/wiki/Allmovie" title="Allmovie">Allmovie</a></li>
	<li><a href="http://www.boxofficemojo.com/movies/?id=breakingthewaves.htm" rel="nofollow"><i>Breaking the Waves</i></a> at <a class="external" href="http://en.wikipedia.org/wiki/Box_Office_Mojo" title="Box Office Mojo">Box Office Mojo</a></li>
	<li><a href="http://www.imdb.com/title/tt0115751/" rel="nofollow"><i>Breaking the Waves</i></a> at the <a class="external" href="http://en.wikipedia.org/wiki/Internet_Movie_Database" title="Internet Movie Database">Internet Movie Database</a></li>
	<li><a href="http://tcmdb.com/title/title.jsp?stid=442820" rel="nofollow"><i>Breaking the Waves</i></a> at the <a class="external" href="http://en.wikipedia.org/wiki/Turner_Classic_Movies" title="Turner Classic Movies">TCM Movie Database</a></li>
	<li><a href="http://www.rottentomatoes.com/m/breaking_the_waves/" rel="nofollow"><i>Breaking the Waves</i></a> at <a class="external" href="http://en.wikipedia.org/wiki/Rotten_Tomatoes" title="Rotten Tomatoes">Rotten Tomatoes</a></li>
	<li><a href="http://www.metacritic.com/video/titles/breakingthewaves?q=breaking%20the%20waves" rel="nofollow"><i>Breaking the Waves</i></a> at <a class="external" href="http://en.wikipedia.org/wiki/Metacritic" title="Metacritic">Metacritic</a></li>
      </ul>
    </wiki:description>
  </wiki:film>
</wiki:nominee>