<?xml version="1.0" encoding="UTF-8"?>
<wiki:nominee year="2008" span="1" winner="false" award="supporting-actress" xmlns:wiki="http://marklogic.com/wikipedia">
  <!--
                            Copyright (c) 2010 MarkLogic Corporation.
                            Permission is granted to copy, distribute and/or modify this document
                            under the terms of the GNU Free Documentation License, Version 1.2
                            or any later version published by the Free Software Foundation;
                            with no Invariant Sections, no Front-Cover Texts, and no Back-Cover Texts.
                            A copy of the license is included in the section entitled "GNU
                            Free Documentation License"
                            
                            Content derived from http://en.wikipedia.org/wiki/The_Wrestler_(2008_film) and http://en.wikipedia.org/wiki/Marisa_Tomei
                            Modified in May 2009 by Mark Logic Corporation under the terms of the GNU Free Documentation License.
                        -->
  <wiki:name link="/wiki/Marisa_Tomei">Marisa Tomei</wiki:name>
  <wiki:person link="/wiki/Marisa_Tomei" name="Marisa Tomei">
    <wiki:oscar year="1992" span="1" winner="true" award="supporting-actress" film-link="/wiki/My_Cousin_Vinny" film-title="My Cousin Vinny"/>
    <wiki:oscar year="2001" span="1" winner="false" award="supporting-actress" film-link="/wiki/In_the_Bedroom" film-title="In the Bedroom"/>
    <wiki:oscar year="2008" span="1" winner="false" award="supporting-actress" film-link="/wiki/The_Wrestler_(2008_film)" film-title="The Wrestler"/>
    <wiki:image link="http://upload.wikimedia.org/wikipedia/commons/thumb/7/7c/Marisa_Tomei_by_David_Shankbone.jpg/220px-Marisa_Tomei_by_David_Shankbone.jpg"/>
    <wiki:birth>
      <wiki:date>1964-12-04</wiki:date>
      <wiki:place>
	<wiki:primary link="/wiki/Brooklyn,_New_York">Brooklyn, New York</wiki:primary>
	<wiki:secondary link=""/>
      <enrich><woeid xmlns="http://where.yahooapis.com/v1/schema.rng">2459115</woeid><placeTypeName code="7" xmlns="http://where.yahooapis.com/v1/schema.rng">Town</placeTypeName><name xmlns="http://where.yahooapis.com/v1/schema.rng">New York</name><country code="US" type="Country" xmlns="http://where.yahooapis.com/v1/schema.rng">United States</country><admin1 code="US-NY" type="State" xmlns="http://where.yahooapis.com/v1/schema.rng">New York</admin1><admin2 xmlns="http://where.yahooapis.com/v1/schema.rng"/><admin3 xmlns="http://where.yahooapis.com/v1/schema.rng"/><locality1 type="Town" xmlns="http://where.yahooapis.com/v1/schema.rng">New York</locality1><locality2 xmlns="http://where.yahooapis.com/v1/schema.rng"/><postal xmlns="http://where.yahooapis.com/v1/schema.rng"/><centroid xmlns="http://where.yahooapis.com/v1/schema.rng"><latitude>40.714550</latitude><longitude>-74.007118</longitude></centroid><boundingBox xmlns="http://where.yahooapis.com/v1/schema.rng"><southWest><latitude>40.495682</latitude><longitude>-74.255653</longitude></southWest><northEast><latitude>40.917622</latitude><longitude>-73.689484</longitude></northEast></boundingBox><areaRank xmlns="http://where.yahooapis.com/v1/schema.rng">4</areaRank><popRank xmlns="http://where.yahooapis.com/v1/schema.rng">13</popRank></enrich></wiki:place>
    </wiki:birth>
    <wiki:description>
      <wiki:abstract>
	<p xmlns="http://www.w3.org/1999/xhtml"><b>Marisa Tomei</b> (<small>pronouncedÂ </small><span title="Pronunciation in IPA" class="IPA"><a class="external" href="http://en.wikipedia.org/wiki/Wikipedia:IPA_for_English" title="Wikipedia:IPA for English">/mÉ™ËˆrÉªsÉ™ toÊŠËˆmeÉª/</a></span>; born December 4, 1964) is an American <a class="external" href="http://en.wikipedia.org/wiki/Theatre" title="Theatre">stage</a>, film and television actress. Tomei first came to prominence as a supporting <a class="external" href="http://en.wikipedia.org/wiki/Cast_member" title="Cast member">cast member</a> on <i><a class="external" href="http://en.wikipedia.org/wiki/The_Cosby_Show" title="The Cosby Show">The Cosby Show</a></i> <a class="external" href="http://en.wikipedia.org/wiki/Television_spin-off" title="Television spin-off">spinoff</a> <i><a class="external" href="http://en.wikipedia.org/wiki/A_Different_World_(TV_series)" title="A Different World (TV series)">A Different World</a></i> in 1987.</p>
	<p xmlns="http://www.w3.org/1999/xhtml">She won the <a class="external" href="http://en.wikipedia.org/wiki/Academy_Award_for_Best_Supporting_Actress" title="Academy Award for Best Supporting Actress">Academy Award for Best Supporting Actress</a> for her performance in <i><a class="external" href="http://en.wikipedia.org/wiki/My_Cousin_Vinny" title="My Cousin Vinny">My Cousin Vinny</a></i> (1992). She received subsequent nominations for her performances in <i><a class="external" href="http://en.wikipedia.org/wiki/In_the_Bedroom" title="In the Bedroom">In the Bedroom</a></i> (2001) and <i><a class="external" href="http://en.wikipedia.org/wiki/The_Wrestler_(2008_film)" title="The Wrestler (2008 film)">The Wrestler</a></i> (2008).</p>
	<p xmlns="http://www.w3.org/1999/xhtml">Her most commercially successful films to date are <i><a class="external" href="http://en.wikipedia.org/wiki/What_Women_Want" title="What Women Want">What Women Want</a></i> (2000), <i><a class="external" href="http://en.wikipedia.org/wiki/Anger_Management_(film)" title="Anger Management (film)">Anger Management</a></i> (2003), and <i><a class="external" href="http://en.wikipedia.org/wiki/Wild_Hogs" title="Wild Hogs">Wild Hogs</a></i> (2007). She received critical acclaim for her performances in <i><a class="external" href="http://en.wikipedia.org/wiki/Unhook_the_Stars" title="Unhook the Stars">Unhook the Stars</a></i> (1996), <i><a class="external" href="http://en.wikipedia.org/wiki/Before_the_Devil_Knows_You%27re_Dead" title="Before the Devil Knows You're Dead">Before the Devil Knows You're Dead</a></i> (2007) and <i><a class="external" href="http://en.wikipedia.org/wiki/The_Wrestler_(2008_film)" title="The Wrestler (2008 film)">The Wrestler</a></i> (2008).</p>
	<h2 xmlns="http://www.w3.org/1999/xhtml"> <span class="mw-headline" id="Early_life">Early life</span></h2>
	<p xmlns="http://www.w3.org/1999/xhtml">Tomei, an <a class="external" href="http://en.wikipedia.org/wiki/Italian_American" title="Italian American">Italian American</a>, was born in <a class="external" href="http://en.wikipedia.org/wiki/Brooklyn,_New_York" title="Brooklyn, New York">Brooklyn, New York</a>, the daughter of Patricia "Addie," an English teacher, and Gary A. Tomei, a trial lawyer. She has a younger brother, actor Adam Tomei, and was partly raised by her paternal grandparents, Rita and Romeo Tomei. Tomei grew up in the <a class="external" href="http://en.wikipedia.org/wiki/Midwood,_Brooklyn" title="Midwood, Brooklyn">Midwood</a> neighborhood of <a class="external" href="http://en.wikipedia.org/wiki/Brooklyn" title="Brooklyn">Brooklyn</a>. While there, she became captivated by the Broadway shows that her theater-loving parents took her to and became drawn to acting as a career. At Andries Hudde Junior High School, she played the part of Hedy LaRue in a school production of <a class="external" href="http://en.wikipedia.org/wiki/How_to_Succeed_in_Business_Without_Really_Trying" title="How to Succeed in Business Without Really Trying">How to Succeed in Business Without Really Trying</a>. After graduating from <a class="external" href="http://en.wikipedia.org/wiki/Edward_R._Murrow_High_School" title="Edward R. Murrow High School">Edward R. Murrow High School</a>, she attended <a class="external" href="http://en.wikipedia.org/wiki/Boston_University" title="Boston University">Boston University</a> for a year, transferring to <a class="external" href="http://en.wikipedia.org/wiki/New_York_University" title="New York University">New York University</a> in 1983 after landing a role in the soap opera <i><a class="external" href="http://en.wikipedia.org/wiki/As_The_World_Turns" title="As The World Turns">As The World Turns</a></i>. Soon afterward, she dropped out of college as her acting career became more successful.</p>
	<h2 xmlns="http://www.w3.org/1999/xhtml"> <span class="mw-headline" id="Career">Career</span></h2>
	<p xmlns="http://www.w3.org/1999/xhtml">Tomei followed up <i>As the World Turns</i>, in 1986, with a role on the sitcom <i><a class="external" href="http://en.wikipedia.org/wiki/A_Different_World_(TV_series)" title="A Different World (TV series)">A Different World</a></i>. Her breakthrough comedic performance came in <i><a class="external" href="http://en.wikipedia.org/wiki/My_Cousin_Vinny" title="My Cousin Vinny">My Cousin Vinny</a></i> (1992), for which she was named <a class="external" href="http://en.wikipedia.org/wiki/Academy_Award_for_Best_Supporting_Actress" title="Academy Award for Best Supporting Actress">Best Supporting Actress</a> at the <a class="external" href="http://en.wikipedia.org/wiki/65th_Academy_Awards" title="65th Academy Awards">1993 Academy Awards</a>, prevailing over <a class="external" href="http://en.wikipedia.org/wiki/Miranda_Richardson" title="Miranda Richardson">Miranda Richardson</a>, <a class="external" href="http://en.wikipedia.org/wiki/Joan_Plowright" title="Joan Plowright">Joan Plowright</a>, <a class="external" href="http://en.wikipedia.org/wiki/Vanessa_Redgrave" title="Vanessa Redgrave">Vanessa Redgrave</a> and <a class="external" href="http://en.wikipedia.org/wiki/Judy_Davis" title="Judy Davis">Judy Davis</a>. American film critic <a class="external" href="http://en.wikipedia.org/wiki/Rex_Reed" title="Rex Reed">Rex Reed</a> created controversy (and a minor Hollywood myth) when he suggested that <a class="external" href="http://en.wikipedia.org/wiki/Jack_Palance" title="Jack Palance">Jack Palance</a> had announced the wrong name after opening the envelope. While this has been repeatedly disprovedÂ â€“ even the <a class="external" href="http://en.wikipedia.org/wiki/Academy_of_Motion_Picture_Arts_and_Sciences" title="Academy of Motion Picture Arts and Sciences">Academy</a> has officially denied itÂ â€“ Tomei has called the story "extremely hurtful".</p>
	<p xmlns="http://www.w3.org/1999/xhtml">After her Oscar win, she received a <a class="external" href="http://en.wikipedia.org/wiki/Screen_Actor%27s_Guild" title="Screen Actor's Guild">Screen Actor's Guild</a> Award nomination for Outstanding Female Supporting Actor for <a class="external" href="http://en.wikipedia.org/wiki/Nick_Cassavetes" title="Nick Cassavetes">Nick Cassavetes</a>'s <i><a class="external" href="http://en.wikipedia.org/wiki/Unhook_the_Stars" title="Unhook the Stars">Unhook the Stars</a></i>. Next, Tomei received an <a class="external" href="http://en.wikipedia.org/wiki/American_Comedy_Award" title="American Comedy Award">American Comedy Award</a> nomination for Funniest Supporting Actress for <a class="external" href="http://en.wikipedia.org/wiki/Tamara_Jenkins" title="Tamara Jenkins">Tamara Jenkins</a>'s <i><a class="external" href="http://en.wikipedia.org/wiki/Slums_of_Beverly_Hills" title="Slums of Beverly Hills">Slums of Beverly Hills</a></i>. However, she spent several years away from high-profile roles and major motion pictures before rising again to prominence. Next, she was nominated for a <a class="external" href="http://en.wikipedia.org/wiki/Satellite_Award" title="Satellite Award">Satellite Award</a>, as Best Supporting Actress for <i><a class="external" href="http://en.wikipedia.org/wiki/What_Women_Want" title="What Women Want">What Women Want</a></i>. She would go on to receive further critical acclaim and respect for her performances in <i><a class="external" href="http://en.wikipedia.org/wiki/Alfie_(2004_film)" title="Alfie (2004 film)">Alfie</a></i> and <i><a class="external" href="http://en.wikipedia.org/wiki/Before_the_Devil_Knows_You%27re_Dead" title="Before the Devil Knows You're Dead">Before the Devil Knows You're Dead</a></i> and received Academy Award nominations for <i><a class="external" href="http://en.wikipedia.org/wiki/In_the_Bedroom" title="In the Bedroom">In the Bedroom</a></i> and <i><a class="external" href="http://en.wikipedia.org/wiki/The_Wrestler_(2008_film)" title="The Wrestler (2008 film)">The Wrestler</a></i>.</p>
	<p xmlns="http://www.w3.org/1999/xhtml">Former <i><a class="external" href="http://en.wikipedia.org/wiki/Saturday_Night_Live" title="Saturday Night Live">Saturday Night Live</a></i> cast member <a class="external" href="http://en.wikipedia.org/wiki/Jay_Mohr" title="Jay Mohr">Jay Mohr</a> wrote in his book <i><a class="external" href="http://en.wikipedia.org/wiki/Gasping_for_Airtime" title="Gasping for Airtime">Gasping for Airtime</a></i> that, as guest host in October 1994, Tomei insisted that a proposed sketch about another actress not be used because she didn't like the idea of making fun of her, which displeased the writers and performers, given the show's penchant for satirizing celebrities.</p>
	<p xmlns="http://www.w3.org/1999/xhtml">In 1996, Tomei made a guest appearance on the sitcom <i><a class="external" href="http://en.wikipedia.org/wiki/Seinfeld" title="Seinfeld">Seinfeld</a></i>, playing herself in the two-part episode "<a class="external" href="http://en.wikipedia.org/wiki/The_Cadillac_(Seinfeld)" title="The Cadillac (Seinfeld)">The Cadillac</a>". In this episode, George attempts to get a date with Tomei through a friend of Elaine. She has also made an appearance on <i><a class="external" href="http://en.wikipedia.org/wiki/The_Simpsons" title="The Simpsons">The Simpsons</a></i> as movie star Sara Sloane, who falls in love with <a class="external" href="http://en.wikipedia.org/wiki/Ned_Flanders" title="Ned Flanders">Ned Flanders</a>.</p>
	<p xmlns="http://www.w3.org/1999/xhtml">She received her first <a class="external" href="http://en.wikipedia.org/wiki/Golden_Globe_Award" title="Golden Globe Award">Golden Globe Award</a> and her second <a class="external" href="http://en.wikipedia.org/wiki/Academy_Award" title="Academy Award">Academy Award</a> (Best Supporting Actress) nominations for her work in <a class="external" href="http://en.wikipedia.org/wiki/Todd_Field" title="Todd Field">Todd Field</a>'s <i><a class="external" href="http://en.wikipedia.org/wiki/In_The_Bedroom" title="In The Bedroom">In The Bedroom</a></i> (2001).</p>
      </wiki:abstract>
      <p xmlns="http://www.w3.org/1999/xhtml">In 2003, Tomei appeared in the hit <i><a class="external" href="http://en.wikipedia.org/wiki/Anger_Management_(film)" title="Anger Management (film)">Anger Management</a></i> with <a class="external" href="http://en.wikipedia.org/wiki/Adam_Sandler" title="Adam Sandler">Adam Sandler</a> and <a class="external" href="http://en.wikipedia.org/wiki/Jack_Nicholson" title="Jack Nicholson">Jack Nicholson</a>. In 2005, she was featured in an ad campaign for <a class="external" href="http://en.wikipedia.org/wiki/Hanes" title="Hanes">Hanes</a> with the slogan <i>"Look who we've got our Hanes on now"</i>, featuring various other celebrities including <a class="external" href="http://en.wikipedia.org/wiki/Michael_Jordan" title="Michael Jordan">Michael Jordan</a>, <a class="external" href="http://en.wikipedia.org/wiki/Jennifer_Love_Hewitt" title="Jennifer Love Hewitt">Jennifer Love Hewitt</a>, <a class="external" href="http://en.wikipedia.org/wiki/Damon_Wayans" title="Damon Wayans">Damon Wayans</a>, <a class="external" href="http://en.wikipedia.org/wiki/Matthew_Perry_(actor)" title="Matthew Perry (actor)">Matthew Perry</a> and, on <a class="external" href="http://en.wikipedia.org/wiki/Spanish-language" title="Spanish-language">Spanish-language</a> advertising, <a class="external" href="http://en.wikipedia.org/wiki/Aracely_Arambula" title="Aracely Arambula">Aracely Arambula</a> and <a class="external" href="http://en.wikipedia.org/wiki/Pablo_Montero" title="Pablo Montero">Pablo Montero</a>.</p>
      <p xmlns="http://www.w3.org/1999/xhtml">In 2006, Tomei had a recurring role on <i><a class="external" href="http://en.wikipedia.org/wiki/Rescue_Me_(TV_series)" title="Rescue Me (TV series)">Rescue Me</a></i>, playing <a class="external" href="http://en.wikipedia.org/wiki/Johnny_Gavin_(Rescue_Me)" title="Johnny Gavin (Rescue Me)">Johnny Gavin</a>'s ex-wife Angie. She won a Gracie Allen Award for Supporting Actress in a Drama Series for her work in the four episodes she appeared in.</p>
      <p xmlns="http://www.w3.org/1999/xhtml">In 2007, she appeared in the comedy <i><a class="external" href="http://en.wikipedia.org/wiki/Wild_Hogs" title="Wild Hogs">Wild Hogs</a></i> alongside <a class="external" href="http://en.wikipedia.org/wiki/John_Travolta" title="John Travolta">John Travolta</a>, <a class="external" href="http://en.wikipedia.org/wiki/Tim_Allen" title="Tim Allen">Tim Allen</a>, <a class="external" href="http://en.wikipedia.org/wiki/William_H._Macy" title="William H. Macy">William H. Macy</a> and <a class="external" href="http://en.wikipedia.org/wiki/Martin_Lawrence" title="Martin Lawrence">Martin Lawrence</a>. The film was a blockbuster hit and was one of the highest-grossing movies of 2007. She also starred in the <a class="external" href="http://en.wikipedia.org/wiki/Sidney_Lumet" title="Sidney Lumet">Sidney Lumet</a>-directed <i><a class="external" href="http://en.wikipedia.org/wiki/Before_the_Devil_Knows_You%27re_Dead" title="Before the Devil Knows You're Dead">Before the Devil Knows You're Dead</a></i> opposite co-stars <a class="external" href="http://en.wikipedia.org/wiki/Philip_Seymour_Hoffman" title="Philip Seymour Hoffman">Philip Seymour Hoffman</a> and <a class="external" href="http://en.wikipedia.org/wiki/Ethan_Hawke" title="Ethan Hawke">Ethan Hawke</a>. This role received extra attention because Tomei appeared in nude love scenes with both Hoffman and Hawke. In 2008, Tomei performed nude dance routines in the independent film <i><a class="external" href="http://en.wikipedia.org/wiki/The_Wrestler_(2008_film)" title="The Wrestler (2008 film)">The Wrestler</a></i> opposite <a class="external" href="http://en.wikipedia.org/wiki/Mickey_Rourke" title="Mickey Rourke">Mickey Rourke</a>. She was nominated for a <a class="external" href="http://en.wikipedia.org/wiki/BAFTA" title="BAFTA">BAFTA</a>, <a class="external" href="http://en.wikipedia.org/wiki/Golden_Globe" title="Golden Globe">Golden Globe</a> and <a class="external" href="http://en.wikipedia.org/wiki/Academy_Award" title="Academy Award">Academy Award</a> for this performance. Numerous critics heralded this performance as a standout in her career.</p>
      <p xmlns="http://www.w3.org/1999/xhtml">Tomei was included at #18 on the <i><a class="external" href="http://en.wikipedia.org/wiki/FHM_magazine" title="FHM magazine">FHM</a></i> annual list of "100 Sexiest Females in the world" in 2009.</p>
      <h2 xmlns="http://www.w3.org/1999/xhtml"> <span class="mw-headline" id="Theatre">Theatre</span></h2>
      <p xmlns="http://www.w3.org/1999/xhtml">Tomei has also done substantial work in the theater, including taking lead roles on Broadway in <i><a class="external" href="http://en.wikipedia.org/wiki/Wait_Until_Dark" title="Wait Until Dark">Wait Until Dark</a></i> (1998) and <i><a class="external" href="http://en.wikipedia.org/wiki/Salom%C3%A9_(play)" title="SalomÃ© (play)">SalomÃ©</a></i> (2003), and many <a class="external" href="http://en.wikipedia.org/wiki/Off-Broadway" title="Off-Broadway">Off-Broadway</a> plays.</p>
      <h2 xmlns="http://www.w3.org/1999/xhtml"> <span class="mw-headline" id="Personal_life">Personal life</span></h2>
      <p xmlns="http://www.w3.org/1999/xhtml">In the early 1990s, Tomei dated <a class="external" href="http://en.wikipedia.org/wiki/Robert_Downey,_Jr." title="Robert Downey, Jr.">Robert Downey, Jr.</a> (her co-star in <i><a class="external" href="http://en.wikipedia.org/wiki/Chaplin_(film)" title="Chaplin (film)">Chaplin</a></i> and <i><a class="external" href="http://en.wikipedia.org/wiki/Only_You_(1994_film)" title="Only You (1994 film)">Only You</a></i>). In 1999, she dated actor <a class="external" href="http://en.wikipedia.org/wiki/Dana_Ashbrook" title="Dana Ashbrook">Dana Ashbrook</a> and had a relationship with playwright <a class="external" href="http://en.wikipedia.org/wiki/Frank_Pugliese" title="Frank Pugliese">Frank Pugliese</a>, living with him in <a class="external" href="http://en.wikipedia.org/wiki/Greenwich_Village" title="Greenwich Village">Greenwich Village</a>.</p>
      <p xmlns="http://www.w3.org/1999/xhtml">Tomei was the recipient of an honorary degree from <a class="external" href="http://en.wikipedia.org/wiki/Boston_University" title="Boston University">Boston University</a>.</p>
      <h2 xmlns="http://www.w3.org/1999/xhtml"> <span class="mw-headline" id="Filmography">Filmography</span></h2>
      <h2 xmlns="http://www.w3.org/1999/xhtml"> <span class="mw-headline" id="References">References</span></h2>
      <h2 xmlns="http://www.w3.org/1999/xhtml"> <span class="mw-headline" id="External_links">External links</span></h2>
      <ul xmlns="http://www.w3.org/1999/xhtml">
	<li><a href="http://www.imdb.com/name/nm0000673/" rel="nofollow">Marisa Tomei</a> at the <a class="external" href="http://en.wikipedia.org/wiki/Internet_Movie_Database" title="Internet Movie Database">Internet Movie Database</a></li>
	<li><a href="http://www.tv.com/person/4007/summary.html" rel="nofollow">Marisa Tomei</a> at <a class="external" href="http://en.wikipedia.org/wiki/TV.com" title="TV.com">TV.com</a></li>
	<li><a href="http://www.ibdb.com/person.asp?ID=62439" rel="nofollow">Marisa Tomei</a> at the <a class="external" href="http://en.wikipedia.org/wiki/Internet_Broadway_Database" title="Internet Broadway Database">Internet Broadway Database</a></li>
	<li><a href="http://www.lortel.org/LLA_archive/index.cfm?search_by=people&amp;first=Marisa&amp;last=Tomei&amp;middle=" rel="nofollow">Marisa Tomei</a> at the <a class="external" href="http://en.wikipedia.org/wiki/Lortel_Archives" title="Lortel Archives">Internet Off-Broadway Database</a></li>
      </ul>
    </wiki:description>
  </wiki:person>
  <wiki:film-title link="/wiki/The_Wrestler_(2008_film)">The Wrestler</wiki:film-title>
  <wiki:film link="/wiki/The_Wrestler_(2008_film)" title="The_Wrestler_(2008_film)">
    <wiki:oscar-ref year="2008" span="1" winner="false" award="lead-actor" person-link="/wiki/Mickey_Rourke" person-name="Mickey Rourke"/>
    <wiki:oscar-ref year="2008" span="1" winner="false" award="supporting-actress" person-link="/wiki/Marisa_Tomei" person-name="Marisa Tomei"/>
    <wiki:director link="/wiki/Darren_Aronofsky">Darren Aronofsky</wiki:director>
    <wiki:writer link="/wiki/Robert_D._Siegel">Robert D. Siegel</wiki:writer>
    <wiki:distributor link="/wiki/Fox_Searchlight_Pictures">Fox Searchlight Pictures</wiki:distributor>
    <wiki:distributor link="/wiki/Optimum_Releasing">Optimum Releasing</wiki:distributor>
    <wiki:starring link="/wiki/Mickey_Rourke">Mickey Rourke</wiki:starring>
    <wiki:starring link="/wiki/Marisa_Tomei">Marisa Tomei</wiki:starring>
    <wiki:starring link="/wiki/Evan_Rachel_Wood">Evan Rachel Wood</wiki:starring>
    <wiki:starring link="/wiki/Ernest_Miller">Ernest Miller</wiki:starring>
    <wiki:description>
      <wiki:abstract>
	<p xmlns="http://www.w3.org/1999/xhtml"><i><b>The Wrestler</b></i> is a 2008 drama film directed by <a class="external" href="http://en.wikipedia.org/wiki/Darren_Aronofsky" title="Darren Aronofsky">Darren Aronofsky</a>, written by <a class="external" href="http://en.wikipedia.org/wiki/Robert_D._Siegel" title="Robert D. Siegel">Robert D. Siegel</a>, and starring <a class="external" href="http://en.wikipedia.org/wiki/Mickey_Rourke" title="Mickey Rourke">Mickey Rourke</a>, <a class="external" href="http://en.wikipedia.org/wiki/Marisa_Tomei" title="Marisa Tomei">Marisa Tomei</a>, <a class="external" href="http://en.wikipedia.org/wiki/Evan_Rachel_Wood" title="Evan Rachel Wood">Evan Rachel Wood</a>, and <a class="external" href="http://en.wikipedia.org/wiki/Ernest_Miller" title="Ernest Miller">Ernest Miller</a>. Production began in January 2008 and <a class="external" href="http://en.wikipedia.org/wiki/Fox_Searchlight_Pictures" title="Fox Searchlight Pictures">Fox Searchlight Pictures</a> acquired rights to distribute the film in the U.S.; it was released in a limited capacity on December 17, 2008 and was released nationwide on January 23, 2009. It was released on <a class="external" href="http://en.wikipedia.org/wiki/DVD" title="DVD">DVD</a> and <a class="external" href="http://en.wikipedia.org/wiki/Blu-ray_Disc" title="Blu-ray Disc">Blu-ray Disc</a> on April 21, 2009 in the <a class="external" href="http://en.wikipedia.org/wiki/United_States" title="United States">United States</a>. It was released in the <a class="external" href="http://en.wikipedia.org/wiki/United_Kingdom" title="United Kingdom">United Kingdom</a> on June 1, 2009.</p>
      </wiki:abstract>
      <p xmlns="http://www.w3.org/1999/xhtml">The film received wide critical acclaim. At its premier at the 2008 <a class="external" href="http://en.wikipedia.org/wiki/65th_Venice_International_Film_Festival" title="65th Venice International Film Festival">Venice Film Festival</a> in August, it won the <a class="external" href="http://en.wikipedia.org/wiki/Golden_Lion" title="Golden Lion">Golden Lion</a> Award. Film critic <a class="external" href="http://en.wikipedia.org/wiki/Roger_Ebert" title="Roger Ebert">Roger Ebert</a> wrote it as one of the year's best films, while <a class="external" href="http://en.wikipedia.org/wiki/Rotten_Tomatoes" title="Rotten Tomatoes">Rotten Tomatoes</a> reported that 98% of critics gave the film positive reviews. For his role, Mickey Rourke went on to receive a <a class="external" href="http://en.wikipedia.org/wiki/BAFTA" title="BAFTA">BAFTA</a> award, a <a class="external" href="http://en.wikipedia.org/wiki/Golden_Globe" title="Golden Globe">Golden Globe</a> award, an <a class="external" href="http://en.wikipedia.org/wiki/Independent_Spirit_Award" title="Independent Spirit Award">Independent Spirit Award</a>, and an <a class="external" href="http://en.wikipedia.org/wiki/Academy_Award" title="Academy Award">Academy Award</a> nomination for Best Actor. Tomei also received an <a class="external" href="http://en.wikipedia.org/wiki/Academy_Award" title="Academy Award">Academy Award</a> nomination for Best Supporting Actress for her performance.</p>
      <h2 xmlns="http://www.w3.org/1999/xhtml"> <span class="mw-headline" id="Plot">Plot</span></h2>
      <p xmlns="http://www.w3.org/1999/xhtml">Robin Ramzinski (<a class="external" href="http://en.wikipedia.org/wiki/Mickey_Rourke" title="Mickey Rourke">Mickey Rourke</a>), stage named Randy "The Ram" Robinson, is a <a class="external" href="http://en.wikipedia.org/wiki/Professional_wrestling" title="Professional wrestling">professional wrestler</a> and was a celebrity in the <a class="external" href="http://en.wikipedia.org/wiki/1980s" title="1980s">1980s</a>. Twenty years later, he is now past his prime, working as a supermarket laborer and wrestling on weekends for <a class="external" href="http://en.wikipedia.org/wiki/Independent_circuit" title="Independent circuit">independent</a> promotions in the <a class="external" href="http://en.wikipedia.org/wiki/Elizabeth,_New_Jersey" title="Elizabeth, New Jersey">Elizabeth, New Jersey</a> area. He struggles to pay the rent for his trailer and his supermarket boss, Wayne (<a class="external" href="http://en.wikipedia.org/wiki/Todd_Barry" title="Todd Barry">Todd Barry</a>), continually derides him. He also regularly visits a <a class="external" href="http://en.wikipedia.org/wiki/Strip_club" title="Strip club">strip club</a> where he has befriended a <a class="external" href="http://en.wikipedia.org/wiki/Striptease" title="Striptease">stripper</a>, Cassidy (<a class="external" href="http://en.wikipedia.org/wiki/Marisa_Tomei" title="Marisa Tomei">Marisa Tomei</a>). Though still beautiful she, like Randy, is getting old for her job. Randy agrees to a proposed 20th anniversary rematch in <a class="external" href="http://en.wikipedia.org/wiki/Wilmington,_Delaware" title="Wilmington, Delaware">Wilmington</a> with his most notable opponent, "The Ayatollah" (<a class="external" href="http://en.wikipedia.org/wiki/Ernest_Miller" title="Ernest Miller">Ernest Miller</a>).</p>
      <p xmlns="http://www.w3.org/1999/xhtml">Randy steps up his training, including <a class="external" href="http://en.wikipedia.org/wiki/Steroid" title="Steroid">steroid</a> injections. At his next show, Randy wrestles in a brutal <a class="external" href="http://en.wikipedia.org/wiki/Hardcore_wrestling" title="Hardcore wrestling">hardcore match</a>. His opponent, <a class="external" href="http://en.wikipedia.org/wiki/Necro_Butcher" title="Necro Butcher">Necro Butcher</a>, attacks him with a staple gun. A bloody Randy is treated for his wounds backstage, but suffers a <a class="external" href="http://en.wikipedia.org/wiki/Myocardial_infarction" title="Myocardial infarction">heart attack</a>. Randy receives <a class="external" href="http://en.wikipedia.org/wiki/Coronary_artery_bypass_surgery" title="Coronary artery bypass surgery">coronary artery bypass surgery</a> and is told that his heart cannot take the stress of wrestling. He cancels his upcoming matches and takes an extra deli counter job at the supermarket. At Cassidy's suggestion, Randy visits his estranged adult daughter Stephanie (<a class="external" href="http://en.wikipedia.org/wiki/Evan_Rachel_Wood" title="Evan Rachel Wood">Evan Rachel Wood</a>), whom he abandoned when she was a child. She curses him for not being a supportive father and rejects him. When Cassidy meets with Randy to buy gifts for Stephanie, she reveals she has a son too, and Randy makes romantic advances on her which she rejects on the grounds of her job. Randy gives the gifts to his daughter and apologizes. The two bond over a visit to a beachfront boardwalk, and they agree to meet for dinner on the coming Saturday.</p>
      <p xmlns="http://www.w3.org/1999/xhtml">Randy goes to Cassidy's strip club to thank her but she once more rejects his romantic feelings, which results in an angry exchange. Upset, Randy spectates a wrestling match and receives friendly attention from fellow wrestlers. Randy gets drunk with them at a bar, snorts <a class="external" href="http://en.wikipedia.org/wiki/Cocaine" title="Cocaine">cocaine</a>, and has sex with a woman. He sleeps the entire next day and misses his dinner with Stephanie. He goes to her house at night to apologize, but she cries and tells him to break it off permanently. At the supermarket deli counter, a patron recognizes him as The Ram. Randy gets agitated and cuts his hand, then creates chaos in the store and quits. Inspired by the patron and with nothing left, he decides to return to wrestling. He reschedules the rematch with The Ayatollah and reconciles with Cassidy, who warns him of his heart condition. However, he goes on stage, explaining to her and the crowd in an emotional statement that regardless of the real world, he truly belongs in the ring where he is loved and admired by his fans.</p>
      <p xmlns="http://www.w3.org/1999/xhtml">During the match, Randy begins to feel heart pain and becomes unsteady, but continues nonetheless. The Ayatollah pressures Randy to pin him down and finish it, but Randy climbs the top rope. He prepares to deliver his signature finishing move, a <a class="external" href="http://en.wikipedia.org/wiki/Professional_wrestling_aerial_techniques#Diving_head_butt" title="Professional wrestling aerial techniques">diving head butt</a> (called "The Ram Jam"). In tears, he salutes the crowd and leaps.</p>
      <h2 xmlns="http://www.w3.org/1999/xhtml"> <span class="mw-headline" id="Cast">Cast</span></h2>
      <ul xmlns="http://www.w3.org/1999/xhtml">
	<li><a class="external" href="http://en.wikipedia.org/wiki/Mickey_Rourke" title="Mickey Rourke">Mickey Rourke</a> as Randy "The Ram" Robinson (Wrestling name), Robin Ramzinski (Birth name)</li>
	<li><a class="external" href="http://en.wikipedia.org/wiki/Marisa_Tomei" title="Marisa Tomei">Marisa Tomei</a> as Pam / Cassidy</li>
	<li><a class="external" href="http://en.wikipedia.org/wiki/Evan_Rachel_Wood" title="Evan Rachel Wood">Evan Rachel Wood</a> as Stephanie</li>
	<li><a class="external" href="http://en.wikipedia.org/wiki/Todd_Barry" title="Todd Barry">Todd Barry</a> as Wayne</li>
	<li><a class="external" href="http://en.wikipedia.org/wiki/Mark_Margolis" title="Mark Margolis">Mark Margolis</a> as Lenny</li>
	<li><a class="external" href="http://en.wikipedia.org/wiki/Judah_Friedlander" title="Judah Friedlander">Judah Friedlander</a> as Scott Brumberg</li>
	<li><a class="external" href="http://en.wikipedia.org/wiki/Ernest_Miller" title="Ernest Miller">Ernest Miller</a> as Bob / "The Ayatollah"</li>
	<li><a class="external" href="http://en.wikipedia.org/wiki/Ron_Killings" title="Ron Killings">Ron Killings</a> as Ron "The Truth" Killings</li>
      </ul>
      <ul xmlns="http://www.w3.org/1999/xhtml">
	<li><a class="external" href="http://en.wikipedia.org/wiki/Rob_Eckos" title="Rob Eckos">Rob Eckos</a> (name only)</li>
	<li>Kevin Matthews</li>
	<li>Johnny Valiant</li>
	<li>Ref Hanson</li>
	<li>Tommy Rotten</li>
	<li>Pete Nixon</li>
	<li>Brolly</li>
	<li>Danny Inferno</li>
	<li><a class="external" href="http://en.wikipedia.org/wiki/Necro_Butcher" title="Necro Butcher">Necro Butcher</a></li>
	<li>Mike "Rage" Miller</li>
	<li>Paul E. Normous</li>
	<li><a class="external" href="http://en.wikipedia.org/wiki/Nick_Berk" title="Nick Berk">Nick Berk</a></li>
	<li>DJ Hyde</li>
	<li>Havoc</li>
	<li>Johnny Mangus</li>
	<li>Billy Dream</li>
	<li>Eric Cobian</li>
	<li><a class="external" href="http://en.wikipedia.org/wiki/Sabian_(wrestler)" title="Sabian (wrestler)">Sabian</a></li>
	<li><a class="external" href="http://en.wikipedia.org/wiki/Nate_Hatred" title="Nate Hatred">Nate Hatred</a></li>
	<li>Sugga</li>
	<li><a class="external" href="http://en.wikipedia.org/wiki/Lloyd_Anoa%27i" title="Lloyd Anoa'i">L.A. Smooth</a></li>
	<li>Whacks</li>
	<li>Devon Moore</li>
	<li>The Funky Samoans</li>
	<li><a class="external" href="http://en.wikipedia.org/wiki/Jay_Lethal" title="Jay Lethal">Jay Lethal</a></li>
	<li><a class="external" href="http://en.wikipedia.org/wiki/Jim_Powers" title="Jim Powers">Jim Powers</a></li>
	<li>Kid USA (as Randy's stunt double)</li>
	<li><a class="external" href="http://en.wikipedia.org/wiki/Claudio_Castagnoli" title="Claudio Castagnoli">Claudio Castagnoli</a></li>
	<li>Bobby Dempsey</li>
	<li>Mike Mongoose</li>
	<li>Bobby Cruise</li>
	<li><a class="external" href="http://en.wikipedia.org/wiki/Romeo_Roselli" title="Romeo Roselli">Romeo Roselli</a></li>
	<li><a class="external" href="http://en.wikipedia.org/wiki/John_Zandig" title="John Zandig">John Zandig</a></li>
	<li><a class="external" href="http://en.wikipedia.org/wiki/Chuck_Taylor_(wrestler)" title="Chuck Taylor (wrestler)">Chuck Taylor</a></li>
	<li><a class="external" href="http://en.wikipedia.org/wiki/Nigel_McGuinness" title="Nigel McGuinness">Nigel McGuinness</a>.</li>
      </ul>
      <h2 xmlns="http://www.w3.org/1999/xhtml"> <span class="mw-headline" id="Production">Production</span></h2>
      <p xmlns="http://www.w3.org/1999/xhtml"><i>The Wrestler</i> was scripted by <a class="external" href="http://en.wikipedia.org/wiki/Robert_D._Siegel" title="Robert D. Siegel">Robert D. Siegel</a>, a former writer for <i><a class="external" href="http://en.wikipedia.org/wiki/The_Onion" title="The Onion">The Onion</a></i> and entered development at director Darren Aronofsky's <a class="external" href="http://en.wikipedia.org/w/index.php?title=Protozoa_Pictures&amp;action=edit&amp;redlink=1" title="Protozoa Pictures (page does not exist)">Protozoa Pictures</a>. Actor <a class="external" href="http://en.wikipedia.org/wiki/Nicolas_Cage" title="Nicolas Cage">Nicolas Cage</a> entered negotiations in October 2007 to star as Randy. The following month Cage left the project, and Mickey Rourke replaced him in the lead role. According to Aronofsky, Cage pulled out of the movie because Aronofsky wanted Rourke as the lead character. Aronofsky stated that Cage was "a complete gentleman, and he understood that my heart was with Mickey and he stepped aside. I have so much respect for Nic Cage as an actor and I think it really could have worked with Nic but, you know, Nic was incredibly supportive of Mickey and he is old friends with Mickey and really wanted to help with this opportunity, so he pulled himself out of the race."</p>
      <p xmlns="http://www.w3.org/1999/xhtml">The roughly 40-day shoot began in January 2008, with filming taking place throughout New Jersey in <a class="external" href="http://en.wikipedia.org/wiki/Elizabeth,_New_Jersey" title="Elizabeth, New Jersey">Elizabeth</a>, Hasbrouck Heights, Garfield, <a class="external" href="http://en.wikipedia.org/wiki/Asbury_Park,_New_Jersey" title="Asbury Park, New Jersey">Asbury Park</a>, <a class="external" href="http://en.wikipedia.org/wiki/Linden,_New_Jersey" title="Linden, New Jersey">Linden</a>, <a class="external" href="http://en.wikipedia.org/wiki/Rahway,_New_Jersey" title="Rahway, New Jersey">Rahway</a>, <a class="external" href="http://en.wikipedia.org/wiki/Roselle_Park,_New_Jersey" title="Roselle Park, New Jersey">Roselle Park</a>, Dover, a supermarket in <a class="external" href="http://en.wikipedia.org/wiki/Bayonne,_New_Jersey" title="Bayonne, New Jersey">Bayonne</a> where Rourke served and improvised with real customers, and in <a class="external" href="http://en.wikipedia.org/wiki/New_York" title="New York">New York</a>. Scenes were also shot at <a class="external" href="http://en.wikipedia.org/wiki/The_Arena_(Philadelphia)" title="The Arena (Philadelphia)">The Arena</a> in <a class="external" href="http://en.wikipedia.org/wiki/Philadelphia" title="Philadelphia">Philadelphia</a>.</p>
      <p xmlns="http://www.w3.org/1999/xhtml"><a class="external" href="http://en.wikipedia.org/wiki/Afa_Anoa%27i" title="Afa Anoa'i">Afa Anoa'i</a>, a former <a class="external" href="http://en.wikipedia.org/wiki/Professional_wrestling" title="Professional wrestling">professional wrestler</a>, was hired to train Rourke for his role. Anoa'i brought his two main trainers, <a class="external" href="http://en.wikipedia.org/wiki/Jon_Trosky" title="Jon Trosky">Jon Trosky</a> and Tom Farra, to work with Rourke for eight weeks. Both trainers also have parts in the movie.</p>
      <p xmlns="http://www.w3.org/1999/xhtml">A scene in the film features a fictional <a class="external" href="http://en.wikipedia.org/wiki/Nintendo_Entertainment_System" title="Nintendo Entertainment System">Nintendo Entertainment System</a> <a class="external" href="http://en.wikipedia.org/wiki/Video_game" title="Video game">video game</a> called <i>Wrestle Jam '88</i>. It starred the characters of Robinson and The Ayatollah. Aronofsky requested a fully functioning game for the actors to play with, with programmer Randall Furino and the film's title designer Kristyn Hume creating a playable demo with a working interface and <a class="external" href="http://en.wikipedia.org/wiki/Artificial_intelligence" title="Artificial intelligence">AI</a> routines that also featured 1980s era-appropriate graphics and music.</p>
      <h2 xmlns="http://www.w3.org/1999/xhtml"> <span class="mw-headline" id="Music">Music</span></h2>
      <p xmlns="http://www.w3.org/1999/xhtml"><a class="external" href="http://en.wikipedia.org/wiki/Clint_Mansell" title="Clint Mansell">Clint Mansell</a>, the composer for Aronofsky's previous films, <i><a class="external" href="http://en.wikipedia.org/wiki/Pi_(film)" title="Pi (film)">Ï€</a></i>, <i><a class="external" href="http://en.wikipedia.org/wiki/Requiem_for_a_Dream" title="Requiem for a Dream">Requiem for a Dream</a></i>, and <i><a class="external" href="http://en.wikipedia.org/wiki/The_Fountain" title="The Fountain">The Fountain</a></i>, reprised his role as composer for <i>The Wrestler</i>. <a class="external" href="http://en.wikipedia.org/wiki/Slash_(musician)" title="Slash (musician)">Slash</a> played the guitars on the score. A new <a class="external" href="http://en.wikipedia.org/wiki/Bruce_Springsteen" title="Bruce Springsteen">Bruce Springsteen</a> song, also titled "<a class="external" href="http://en.wikipedia.org/wiki/The_Wrestler_(song)" title="The Wrestler (song)">The Wrestler</a>", plays over the film's closing credits. Springsteen wrote the song while on tour in Europe after receiving a letter and a copy of the script from Rourke.</p>
      <p xmlns="http://www.w3.org/1999/xhtml">The <a class="external" href="http://en.wikipedia.org/wiki/Guns_N%27_Roses" title="Guns N' Roses">Guns N' Roses</a> song "<a class="external" href="http://en.wikipedia.org/wiki/Sweet_Child_o%27_Mine" title="Sweet Child o' Mine">Sweet Child o' Mine</a>" is played during Randy's <a class="external" href="http://en.wikipedia.org/wiki/Music_in_professional_wrestling" title="Music in professional wrestling">ring entrance</a> at the end of the film. In his <a class="external" href="http://en.wikipedia.org/wiki/Golden_Globe_Award" title="Golden Globe Award">Golden Globe</a> acceptance speech, Mickey Rourke mentioned that <a class="external" href="http://en.wikipedia.org/wiki/Axl_Rose" title="Axl Rose">Axl Rose</a> donated the song for free due to the budget, and the film's closing credits thank Rose for this. Rourke had used the same song as his intro music during his <a class="external" href="http://en.wikipedia.org/wiki/Mickey_Rourke#From_actor_to_boxer" title="Mickey Rourke">stint as a boxer in the mid-90s</a>. Randy even mocks one of Axl Rose's biggest rivals in the popular music scene of the early 1990s: <a class="external" href="http://en.wikipedia.org/wiki/Kurt_Cobain" title="Kurt Cobain">Kurt Cobain</a>.</p>
      <p xmlns="http://www.w3.org/1999/xhtml">Also featured in the film are two <a class="external" href="http://en.wikipedia.org/wiki/Ratt" title="Ratt">Ratt</a> songs ("<a class="external" href="http://en.wikipedia.org/wiki/Round_and_Round_(Ratt_song)" title="Round and Round (Ratt song)">Round and Round</a>" and "I'm Insane"), the <a class="external" href="http://en.wikipedia.org/wiki/Quiet_Riot" title="Quiet Riot">Quiet Riot</a> song "<a class="external" href="http://en.wikipedia.org/wiki/Metal_Health_(song)" title="Metal Health (song)">Metal Health</a>" (which is Randy's entrance song except for the last match), the <a class="external" href="http://en.wikipedia.org/wiki/FireHouse_(band)" title="FireHouse (band)">FireHouse</a> song "Don't Walk Away", the <a class="external" href="http://en.wikipedia.org/wiki/Slaughter_(band)" title="Slaughter (band)">Slaughter</a> song "Dangerous", the <a class="external" href="http://en.wikipedia.org/wiki/Scorpions_(band)" title="Scorpions (band)">Scorpions</a> song "Animal Magnetism", "<a class="external" href="http://en.wikipedia.org/wiki/Balls_to_the_Wall_(song)" title="Balls to the Wall (song)">Balls to the Wall</a>" by <a class="external" href="http://en.wikipedia.org/wiki/Accept" title="Accept">Accept</a>, "Soundtrack to a War" by <a class="external" href="http://en.wikipedia.org/wiki/Rhino_Bucket" title="Rhino Bucket">Rhino Bucket</a> and the <a class="external" href="http://en.wikipedia.org/wiki/Cinderella_(band)" title="Cinderella (band)">Cinderella</a> song "<a class="external" href="http://en.wikipedia.org/wiki/Don%27t_Know_What_You_Got_(Till_It%27s_Gone)" title="Don't Know What You Got (Till It's Gone)">Don't Know What You Got (Till It's Gone)</a>." The two Ratt tunes are actually recordings by Rat Attack, a project featuring Ratt lead singer <a class="external" href="http://en.wikipedia.org/wiki/Stephen_Pearcy" title="Stephen Pearcy">Stephen Pearcy</a> and guitarists <a class="external" href="http://en.wikipedia.org/wiki/George_Lynch_(musician)" title="George Lynch (musician)">George Lynch</a> (<a class="external" href="http://en.wikipedia.org/wiki/Dokken" title="Dokken">Dokken</a>) and <a class="external" href="http://en.wikipedia.org/wiki/Tracii_Guns" title="Tracii Guns">Tracii Guns</a> (<a class="external" href="http://en.wikipedia.org/wiki/L.A._Guns" title="L.A. Guns">L.A. Guns</a>). The <a class="external" href="http://en.wikipedia.org/wiki/Madonna_(entertainer)" title="Madonna (entertainer)">Madonna</a> song "Jump" is played in the bar scene. The <a class="external" href="http://en.wikipedia.org/wiki/Birdman_(rapper)" title="Birdman (rapper)">Birdman</a> and <a class="external" href="http://en.wikipedia.org/wiki/Lil_Wayne" title="Lil Wayne">Lil Wayne</a> song "<a class="external" href="http://en.wikipedia.org/wiki/Stuntin%27_Like_My_Daddy" title="Stuntin' Like My Daddy">Stuntin' Like My Daddy</a>" can be heard in the strip club.</p>
      <p xmlns="http://www.w3.org/1999/xhtml">In the <a class="external" href="http://en.wikipedia.org/wiki/Toronto_International_Film_Festival" title="Toronto International Film Festival">Toronto International Film Festival</a> interview conducted by <a class="external" href="http://en.wikipedia.org/wiki/James_Rocchi" title="James Rocchi">James Rocchi</a>, Aronofsky credited the 1957 <a class="external" href="http://en.wikipedia.org/wiki/Charles_Mingus" title="Charles Mingus">Charles Mingus</a> song "<a class="external" href="http://en.wikipedia.org/wiki/The_Clown_(album)" title="The Clown (album)">The Clown</a>," an instrumental piece with a poem read over the music about a clown who accidentally discovers the bloodlust of the crowds and eventually kills himself in performance, as a major source of inspiration for the movie. Aronofsky also said the brief reprise of Senator and Presidential-candidate <a class="external" href="http://en.wikipedia.org/wiki/John_McCain" title="John McCain">John McCain</a>'s "Bomb bomb <a class="external" href="http://en.wikipedia.org/wiki/Iran" title="Iran">Iran</a>" to the tune of <a class="external" href="http://en.wikipedia.org/wiki/The_Beach_Boys" title="The Beach Boys">The Beach Boys</a>' "<a class="external" href="http://en.wikipedia.org/wiki/Barbara_Ann" title="Barbara Ann">Barbara Ann</a>" in the movie evolved as improvisation on the set. The Ayatollah wrestling character's persona had developed more than 20 years before but, in part through this musical moment and its connection with the character, came to still feel appropriate to Aronofsky in 2008.</p>
      <h2 xmlns="http://www.w3.org/1999/xhtml"> <span class="mw-headline" id="Promotion">Promotion</span></h2>
      <p xmlns="http://www.w3.org/1999/xhtml"><a class="external" href="http://en.wikipedia.org/wiki/World_Wrestling_Entertainment" title="World Wrestling Entertainment">World Wrestling Entertainment</a> (WWE) helped promote the film through an on-screen <a class="external" href="http://en.wikipedia.org/wiki/Angle_(professional_wrestling)" title="Angle (professional wrestling)">angle</a> (a fictional storyline used in wrestling). This involved the <a class="external" href="http://en.wikipedia.org/wiki/Heel_(professional_wrestling)" title="Heel (professional wrestling)">heel</a> <a class="external" href="http://en.wikipedia.org/wiki/Chris_Jericho" title="Chris Jericho">Chris Jericho</a> criticizing legendary retired wrestlers such as <a class="external" href="http://en.wikipedia.org/wiki/Ric_Flair" title="Ric Flair">Ric Flair</a>, whom he felt were embarrassing themselves, as well as Mickey Rourke for his portrayal in <i>The Wrestler</i>. At the <a class="external" href="http://en.wikipedia.org/wiki/15th_Screen_Actors_Guild_Awards" title="15th Screen Actors Guild Awards">15th Screen Actors Guild Awards</a>, Rourke announced he would be competing at <a class="external" href="http://en.wikipedia.org/wiki/WrestleMania_XXV" title="WrestleMania XXV">WrestleMania XXV</a>, specifically targeting Jericho. The announcement led to a confrontation between the two on <i><a class="external" href="http://en.wikipedia.org/wiki/Larry_King_Live" title="Larry King Live">Larry King Live</a></i>, which showed signs of second thoughts from Rourke. On January 28, it was announced through Rourke's spokesperson that the actor would not compete at the event, and he was soon after announced instead as a guest.</p>
      <p xmlns="http://www.w3.org/1999/xhtml">Rourke was also invited to the <a class="external" href="http://en.wikipedia.org/wiki/WWE_Hall_of_Fame" title="WWE Hall of Fame">WWE Hall of Fame</a> 2009 induction ceremony the night before WrestleMania. The angle culminated the following night where Jericho faced <a class="external" href="http://en.wikipedia.org/wiki/Ricky_Steamboat" title="Ricky Steamboat">Ricky Steamboat</a>, <a class="external" href="http://en.wikipedia.org/wiki/Roddy_Piper" title="Roddy Piper">Roddy Piper</a>, and <a class="external" href="http://en.wikipedia.org/wiki/Jimmy_Snuka" title="Jimmy Snuka">Jimmy Snuka</a> in a handicap match. After his victory, Jericho dismantled Ric Flair and challenged Rourke, who finally entered the ring and punched him out. Flair then congratulated Rourke.</p>
      <h2 xmlns="http://www.w3.org/1999/xhtml"> <span class="mw-headline" id="Reception">Reception</span></h2>
      <p xmlns="http://www.w3.org/1999/xhtml"><i>The Wrestler</i> has received overwhelmingly strong critical acclaim. <a class="external" href="http://en.wikipedia.org/wiki/Rotten_Tomatoes" title="Rotten Tomatoes">Rotten Tomatoes</a> reported that 98% of critics gave the film positive write-ups based upon a sample of 207, and gave it a golden tomato for best drama of 2008. At <a class="external" href="http://en.wikipedia.org/wiki/Metacritic" title="Metacritic">Metacritic</a>, which assigns a <a class="external" href="http://en.wikipedia.org/wiki/Standard_score" title="Standard score">normalized</a> rating out of 100 to reviews from mainstream critics, the film has received an average score of 81, signifying "universal acclaim". Alonso Duralde, of MSNBC, said, "Rourke's work transcends mere stunt-casting; his performance is a howl of pain that seems to come from a very real place."</p>
      <p xmlns="http://www.w3.org/1999/xhtml">Todd McCarthy, of <i><a class="external" href="http://en.wikipedia.org/wiki/Variety_(magazine)" title="Variety (magazine)">Variety</a></i>, said, "Rourke creates a galvanizing, humorous, deeply moving portrait that instantly takes its place among the great, iconic screen performances." <a class="external" href="http://en.wikipedia.org/wiki/Ben_Mankiewicz" title="Ben Mankiewicz">Ben Mankiewicz</a>, from <i><a class="external" href="http://en.wikipedia.org/wiki/At_the_Movies_(U.S._TV_series)" title="At the Movies (U.S. TV series)">At the Movies</a></i>, said, "To put it simply, this is the best film I've seen this year." <i><a class="external" href="http://en.wikipedia.org/wiki/Le_Monde" title="Le Monde">Le Monde</a></i> praised the film for melding European film style with an American plot, and stated that â€œMickey Rourkeâ€™s performance in â€˜The Wrestlerâ€™ is a continuous celebration of the burdens and splendors of the profession of performance.â€&#157; (One other French movie critic, Philippe Azoury, praised its portrayal of "the American heartland" as what he viewed as a bleak wasteland.) Although <i>The Wrestler</i> was not technically in <a class="external" href="http://en.wikipedia.org/wiki/Roger_Ebert" title="Roger Ebert">Roger Ebert</a>'s "Best Films" list, he includes a note at the bottom of his review: "'The Wrestler' is one of the year's best films. It wasn't on my 'best films' list for complicated and boring reasons."</p>
      <p xmlns="http://www.w3.org/1999/xhtml">Prominent wrestling industry figures have commented on the movie. Aronofsky remarked during an <a class="external" href="http://en.wikipedia.org/wiki/National_Public_Radio" title="National Public Radio">NPR</a> interview on <a class="external" href="http://en.wikipedia.org/wiki/World_Wrestling_Entertainment" title="World Wrestling Entertainment">WWE</a> chairman <a class="external" href="http://en.wikipedia.org/wiki/Vince_McMahon" title="Vince McMahon">Vince McMahon</a>'s feelings on <i>The Wrestler</i>:</p>
      <p xmlns="http://www.w3.org/1999/xhtml"><a class="external" href="http://en.wikipedia.org/wiki/WWE_Hall_of_Fame" title="WWE Hall of Fame">WWE Hall of Famer</a> <a class="external" href="http://en.wikipedia.org/wiki/Bret_Hart" title="Bret Hart">Bret "Hit Man" Hart</a>, who was a multi-time <a class="external" href="http://en.wikipedia.org/wiki/World_Heavyweight_Championship_(professional_wrestling)" title="World Heavyweight Championship (professional wrestling)">world champion</a> in both WWE and <a class="external" href="http://en.wikipedia.org/wiki/World_Championship_Wrestling" title="World Championship Wrestling">WCW</a>, enjoyed <i>The Wrestler</i> and applauded Rourke's "<a class="external" href="http://en.wikipedia.org/wiki/Clairvoyance" title="Clairvoyance">clairvoyant</a>" performance, but called the film a "dark misinterpretation" of the business. He asserted: "Randy â€œThe Ramâ€&#157; Robinson was a main-eventer who sold out Madison Square Garden. So was I... Although the film speaks superbly to the speed bumps all pro wrestlers navigate, Iâ€™m happy to report most of us donâ€™t swerve off the road quite so severely." WWE <a class="external" href="http://en.wikipedia.org/wiki/Sports_commentary" title="Sports commentary">play-by-play</a> commentator <a class="external" href="http://en.wikipedia.org/wiki/Jim_Ross" title="Jim Ross">Jim Ross</a> called it a "really strong, dramatic film that depicts how people who are obsessed with their own lives and their careers can self-destruct".</p>
      <p xmlns="http://www.w3.org/1999/xhtml">Former <a class="external" href="http://en.wikipedia.org/wiki/WWE_Championship" title="WWE Championship">WWE</a> and <a class="external" href="http://en.wikipedia.org/wiki/TNA_World_Heavyweight_Championship" title="TNA World Heavyweight Championship">TNA</a> world heavyweight champion <a class="external" href="http://en.wikipedia.org/wiki/Mick_Foley" title="Mick Foley">Mick Foley</a> enjoyed the film, saying: "Within five [minutes], I had completely forgotten I was looking at Mickey Rourke. That guy on the screen simply <i>was</i> Randy "the Ram" Robinson." WWE Hall of Famer <a class="external" href="http://en.wikipedia.org/wiki/Roddy_Piper" title="Roddy Piper">"Rowdy" Roddy Piper</a> was said to have been highly emotional after watching a screening of the movie. Aronofsky said of Piper: "He loved it. He broke down and cried in Mickey's arms, so he was psyched that this story was finally told." Insights on the film from Roddy Piper and other former pro wrestlers can be seen in <a class="external" href="http://en.wikipedia.org/wiki/Fox_Searchlight_Pictures" title="Fox Searchlight Pictures">Fox Searchlight Pictures</a>'s "Wrestler Round Table", which was included in the Blu-ray release from the film.</p>
      <h2 xmlns="http://www.w3.org/1999/xhtml"> <span class="mw-headline" id=".22The_Ayatollah.22_controversy">"The Ayatollah" controversy</span></h2>
      <p xmlns="http://www.w3.org/1999/xhtml"><i>The Wrestler</i> has been condemned as an "anti-<a class="external" href="http://en.wikipedia.org/wiki/Iran" title="Iran">Iranian</a>" film in many Iran newspapers and websites, in response to a scene in which Mickey Rourke violently breaks a pole bearing an <a class="external" href="http://en.wikipedia.org/wiki/Flag_of_Iran" title="Flag of Iran">Iranian flag</a> in half across his knee. <i>Borna News</i>, a state-run Iranian newspaper, also criticized the <a class="external" href="http://en.wikipedia.org/wiki/Heel_(professional_wrestling)" title="Heel (professional wrestling)">heel</a> (bad-guy) wrestler character "The Ayatollah", who is portrayed as a villain wearing arabic clothings <a class="external" href="http://en.wikipedia.org/wiki/Keffiyeh" title="Keffiyeh">Keffiyeh</a> and <a class="external" href="http://en.wikipedia.org/wiki/Bisht" title="Bisht">Bisht</a> creating a deliberate amalgam of Iranians and Arabs among the audience. On the wrestling ring he wears a skimpy leotard in the pattern of an Iranian flag with the <a class="external" href="http://en.wikipedia.org/wiki/Aleph" title="Aleph">alef</a> character, representing the first letter of the word <a class="external" href="http://en.wikipedia.org/wiki/Ayatollah" title="Ayatollah">Ayatollah</a>.</p>
      <p xmlns="http://www.w3.org/1999/xhtml">Some Iranian newspapers avoided mentioning the character, presumably to avoid offending Iran clerical rulers. In March 2009, <a class="external" href="http://en.wikipedia.org/wiki/Javad_Shamaqdari" title="Javad Shamaqdari">Javad Shamaqdari</a>, cultural adviser to <a class="external" href="http://en.wikipedia.org/wiki/President_of_Iran" title="President of Iran">President</a> <a class="external" href="http://en.wikipedia.org/wiki/Mahmoud_Ahmadinejad" title="Mahmoud Ahmadinejad">Mahmoud Ahmadinejad</a>, demanded an apology from a delegation of <a class="external" href="http://en.wikipedia.org/wiki/Academy_of_Motion_Picture_Arts_and_Sciences" title="Academy of Motion Picture Arts and Sciences">Academy of Motion Picture Arts and Sciences</a> actors and producers visiting Iran for what he characterized as negative and unfair portrayals of the <a class="external" href="http://en.wikipedia.org/wiki/Islamic_republic" title="Islamic republic">Islamic republic</a> in <i>The Wrestler</i> and other Hollywood films. The Iranian gimmick is a reference to the now legendary rivalry between <a class="external" href="http://en.wikipedia.org/wiki/Hulk_Hogan" title="Hulk Hogan">Hulk Hogan</a> and <a class="external" href="http://en.wikipedia.org/wiki/Iron_Sheik" title="Iron Sheik">The Iron Sheik</a> during the mid-1980s.<span class="Z3988" title="ctx_ver=Z39.88-2004&amp;rft_val_fmt=info%3Aofi%2Ffmt%3Akev%3Amtx%3Abook&amp;rft.genre=book&amp;rft.btitle=&amp;rfr_id=info:sid/en.wikipedia.org:The_Wrestler_(2008_film)"><span style="display: none;">Â </span></span></p>
      <h2 xmlns="http://www.w3.org/1999/xhtml"> <span class="mw-headline" id="Top_ten_lists">Top ten lists</span></h2>
      <p xmlns="http://www.w3.org/1999/xhtml">The film appeared on many critics' top ten lists of the best films of 2008.</p>
      <h2 xmlns="http://www.w3.org/1999/xhtml"> <span class="mw-headline" id="Accolades">Accolades</span></h2>
      <h2 xmlns="http://www.w3.org/1999/xhtml"> <span class="mw-headline" id="See_also">See also</span></h2>
      <p xmlns="http://www.w3.org/1999/xhtml"><a class="external" href="http://en.wikipedia.org/wiki/Terry_Funk" title="Terry Funk">Terry Funk</a>, hardcore pro wrestler whose real life shares major traits with the character of "Randy Robinson"</p>
      <p xmlns="http://www.w3.org/1999/xhtml"><i><a class="external" href="http://en.wikipedia.org/wiki/Beyond_the_Mat" title="Beyond the Mat">Beyond the Mat</a>,</i> a 1999 doumentary featuring Mick Foley, Terry Funk and Jake Roberts. They deal with and talk about experience with drug addiction, marital infidelity, estranged children, skid-row hardcore matches, <a class="external" href="http://en.wikipedia.org/wiki/Blading_(professional_wrestling)" title="Blading (professional wrestling)">blading</a>, "career-ending" injuries, several retirement bouts, etc.</p>
      <h2 xmlns="http://www.w3.org/1999/xhtml"> <span class="mw-headline" id="References">References</span></h2>
      <h2 xmlns="http://www.w3.org/1999/xhtml"> <span class="mw-headline" id="External_links">External links</span></h2>
      <ul xmlns="http://www.w3.org/1999/xhtml">
	<li><span class="official website"><a href="http://www.thewrestlermovie.com/" rel="nofollow">Official website</a></span></li>
	<li><a href="http://www.imdb.com/title/tt1125849/" rel="nofollow"><i>The Wrestler</i></a> at the <a class="external" href="http://en.wikipedia.org/wiki/Internet_Movie_Database" title="Internet Movie Database">Internet Movie Database</a></li>
	<li><a href="http://www.allmovie.com/work/421997" rel="nofollow"><i>The Wrestler</i></a> at <a class="external" href="http://en.wikipedia.org/wiki/Allmovie" title="Allmovie">Allmovie</a></li>
	<li><a href="http://www.rottentomatoes.com/m/the_wrestler/" rel="nofollow"><i>The Wrestler</i></a> at <a class="external" href="http://en.wikipedia.org/wiki/Rotten_Tomatoes" title="Rotten Tomatoes">Rotten Tomatoes</a></li>
	<li><a href="http://www.metacritic.com/film/titles/wrestler2008" rel="nofollow"><i>The Wrestler</i></a> at <a class="external" href="http://en.wikipedia.org/wiki/Metacritic" title="Metacritic">Metacritic</a></li>
	<li><a href="http://www.boxofficemojo.com/movies/?id=wrestler.htm" rel="nofollow"><i>The Wrestler</i></a> at <a class="external" href="http://en.wikipedia.org/wiki/Box_Office_Mojo" title="Box Office Mojo">Box Office Mojo</a></li>
      </ul>
    </wiki:description>
  </wiki:film>
</wiki:nominee>