<?xml version="1.0" encoding="UTF-8"?>
<wiki:nominee year="1982" span="1" winner="false" award="supporting-actress" xmlns:wiki="http://marklogic.com/wikipedia">
  <!--
                            Copyright (c) 2010 MarkLogic Corporation.
                            Permission is granted to copy, distribute and/or modify this document
                            under the terms of the GNU Free Documentation License, Version 1.2
                            or any later version published by the Free Software Foundation;
                            with no Invariant Sections, no Front-Cover Texts, and no Back-Cover Texts.
                            A copy of the license is included in the section entitled "GNU
                            Free Documentation License"
                            
                            Content derived from http://en.wikipedia.org/wiki/Victor/Victoria and http://en.wikipedia.org/wiki/Lesley_Ann_Warren
                            Modified in May 2009 by Mark Logic Corporation under the terms of the GNU Free Documentation License.
                        -->
  <wiki:name link="/wiki/Lesley_Ann_Warren">Lesley Ann Warren</wiki:name>
  <wiki:person link="/wiki/Lesley_Ann_Warren" name="Lesley Ann Warren">
    <wiki:oscar year="1982" span="1" winner="false" award="supporting-actress" film-link="/wiki/Victor/Victoria" film-title="Victor/Victoria"/>
    <wiki:image link="http://upload.wikimedia.org/wikipedia/en/thumb/b/bf/Lesleywarren2009.jpg/220px-Lesleywarren2009.jpg"/>
    <wiki:birth>
      <wiki:date>1946-08-16</wiki:date>
      <wiki:place>
	<wiki:primary link="/wiki/New_York_City">New York City</wiki:primary>
	<wiki:secondary link="/wiki/New_York">New York</wiki:secondary>
      <enrich><woeid xmlns="http://where.yahooapis.com/v1/schema.rng">2347591</woeid><placeTypeName code="8" xmlns="http://where.yahooapis.com/v1/schema.rng">State</placeTypeName><name xmlns="http://where.yahooapis.com/v1/schema.rng">New York</name><country code="US" type="Country" xmlns="http://where.yahooapis.com/v1/schema.rng">United States</country><admin1 code="US-NY" type="State" xmlns="http://where.yahooapis.com/v1/schema.rng">New York</admin1><admin2 xmlns="http://where.yahooapis.com/v1/schema.rng"/><admin3 xmlns="http://where.yahooapis.com/v1/schema.rng"/><locality1 xmlns="http://where.yahooapis.com/v1/schema.rng"/><locality2 xmlns="http://where.yahooapis.com/v1/schema.rng"/><postal xmlns="http://where.yahooapis.com/v1/schema.rng"/><centroid xmlns="http://where.yahooapis.com/v1/schema.rng"><latitude>42.855350</latitude><longitude>-76.501671</longitude></centroid><boundingBox xmlns="http://where.yahooapis.com/v1/schema.rng"><southWest><latitude>40.496029</latitude><longitude>-79.761971</longitude></southWest><northEast><latitude>45.012810</latitude><longitude>-71.856247</longitude></northEast></boundingBox><areaRank xmlns="http://where.yahooapis.com/v1/schema.rng">11</areaRank><popRank xmlns="http://where.yahooapis.com/v1/schema.rng">0</popRank></enrich></wiki:place>
    </wiki:birth>
    <wiki:description>
      <p xmlns="http://www.w3.org/1999/xhtml"><b>Lesley Ann Warren</b> (born August 16, 1946) is an American actress and singer who has appeared in more than sixty films, including <i><a class="external" href="http://en.wikipedia.org/wiki/The_Happiest_Millionaire" title="The Happiest Millionaire">The Happiest Millionaire</a></i>, <i><a class="external" href="http://en.wikipedia.org/wiki/Victor_Victoria" title="Victor Victoria">Victor Victoria</a></i>, <i><a class="external" href="http://en.wikipedia.org/wiki/Clue_(film)" title="Clue (film)">Clue</a></i>, <i><a class="external" href="http://en.wikipedia.org/wiki/Burglar_(film)" title="Burglar (film)">Burglar</a></i>, <i><a class="external" href="http://en.wikipedia.org/wiki/Cop_(film)" title="Cop (film)">Cop</a></i>, <i><a class="external" href="http://en.wikipedia.org/wiki/Color_of_Night" title="Color of Night">Color of Night</a></i> and <i><a class="external" href="http://en.wikipedia.org/wiki/Secretary_(film)" title="Secretary (film)">Secretary</a></i>. She has also had roles in popular TV shows such as <i><a class="external" href="http://en.wikipedia.org/wiki/Mission:_Impossible" title="Mission: Impossible">Mission: Impossible</a></i>, <i><a class="external" href="http://en.wikipedia.org/wiki/Desperate_Housewives" title="Desperate Housewives">Desperate Housewives</a></i>, <i><a class="external" href="http://en.wikipedia.org/wiki/Crossing_Jordan" title="Crossing Jordan">Crossing Jordan</a></i>, <i><a class="external" href="http://en.wikipedia.org/wiki/Will_%26_Grace" title="Will &amp; Grace">Will &amp; Grace</a></i>, and <i><a class="external" href="http://en.wikipedia.org/wiki/In_Plain_Sight" title="In Plain Sight">In Plain Sight</a></i>.</p>
      <h2 xmlns="http://www.w3.org/1999/xhtml"> <span class="mw-headline" id="Personal_life">Personal life</span></h2>
      <p xmlns="http://www.w3.org/1999/xhtml">Warren was born in New York City, New York, the daughter of Carol (nÃ©e Verblow), a singer, and William Warren, a real estate agent. Her family, whose surname is originally "Warrenoff", was of <a class="external" href="http://en.wikipedia.org/wiki/Russia" title="Russia">Russian</a> <a class="external" href="http://en.wikipedia.org/wiki/Jew" title="Jew">Jewish</a> descent. Her 1967 marriage to producer <a class="external" href="http://en.wikipedia.org/wiki/Jon_Peters" title="Jon Peters">Jon Peters</a> ended in divorce in 1977. They have one son, <a class="external" href="http://en.wikipedia.org/wiki/Christopher_Peters" title="Christopher Peters">Christopher Peters</a> (born 1968, now an actor). She married Ronald Taft in 2000.</p>
      <h2 xmlns="http://www.w3.org/1999/xhtml"> <span class="mw-headline" id="Career">Career</span></h2>
      <p xmlns="http://www.w3.org/1999/xhtml">The 5-foot-8 inch Warren began her career as a <a class="external" href="http://en.wikipedia.org/wiki/Ballet" title="Ballet">ballet</a> dancer, training at the <a class="external" href="http://en.wikipedia.org/wiki/School_of_American_Ballet" title="School of American Ballet">School of American Ballet</a>. She entered the <a class="external" href="http://en.wikipedia.org/wiki/Actors_Studio" title="Actors Studio">Actors Studio</a> at the age of 17 â€” reputedly the youngest applicant ever to be accepted. Her <a class="external" href="http://en.wikipedia.org/wiki/Broadway_theatre" title="Broadway theatre">Broadway</a> debut came in 1963 in the musical, <i><a class="external" href="http://en.wikipedia.org/wiki/110_in_the_Shade" title="110 in the Shade">110 in the Shade</a></i>. She won the <a class="external" href="http://en.wikipedia.org/wiki/Theatre_World_Award" title="Theatre World Award">Theatre World Award</a> for her performance in the 1965 flop musical <i><a class="external" href="http://en.wikipedia.org/wiki/Drat!_The_Cat!" title="Drat! The Cat!">Drat! The Cat!</a></i>. In 1973, she portrayed <a class="external" href="http://en.wikipedia.org/wiki/Scarlett_O%27Hara" title="Scarlett O'Hara">Scarlett O'Hara</a> in the Los Angeles production of the musical <i><a class="external" href="http://en.wikipedia.org/wiki/Scarlett_(musical)" title="Scarlett (musical)">Scarlett</a></i>; however the play was poorly reviewed and did not continue to Broadway as planned.</p>
      <p xmlns="http://www.w3.org/1999/xhtml">Having failed to obtain the role of Liesl in the film version of <i><a class="external" href="http://en.wikipedia.org/wiki/The_Sound_of_Music_(film)" title="The Sound of Music (film)">The Sound of Music</a></i>, Warren's first major television success was in the title role of <a class="external" href="http://en.wikipedia.org/wiki/Rodgers_and_Hammerstein" title="Rodgers and Hammerstein">Rodgers and Hammerstein</a>'s television special, <i><a class="external" href="http://en.wikipedia.org/wiki/Cinderella_(TV)" title="Cinderella (TV)">Cinderella</a></i>, in 1965. She later played the part of <a class="external" href="http://en.wikipedia.org/wiki/List_of_Mission:_Impossible_characters#Dana_Lambert" title="List of Mission: Impossible characters">Dana Lambert</a>, the leading female on the <i><a class="external" href="http://en.wikipedia.org/wiki/Mission:_Impossible" title="Mission: Impossible">Mission: Impossible</a></i> team during the 1970-1971 television season. According to <i>The Complete Mission: Impossible Dossier</i> by Patrick White, she was considered too inexperienced for the part and left after only one year. Despite her departure, throughout the 1970s, Warren became a leading lady of TV movies, TV series and TV miniseries. She even hosted her own episode of <i><a class="external" href="http://en.wikipedia.org/wiki/The_Muppet_Show" title="The Muppet Show">The Muppet Show</a></i> and made an occasional feature film. Warren also played <a class="external" href="http://en.wikipedia.org/wiki/Lois_Lane" title="Lois Lane">Lois Lane</a> in the 1975 TV special <i><a class="external" href="http://en.wikipedia.org/wiki/It%27s_a_Bird...It%27s_a_Plane...It%27s_Superman" title="It's a Bird...It's a Plane...It's Superman">It's a Bird...It's a Plane...It's Superman</a></i>, adapted from the Broadway musical of the same name. Warren went on to screen-test for the role of Lois Lane in the 1978 <i><a class="external" href="http://en.wikipedia.org/wiki/Superman_(1978_film)" title="Superman (1978 film)">Superman</a></i> film, a role that was ultimately won by <a class="external" href="http://en.wikipedia.org/wiki/Margot_Kidder" title="Margot Kidder">Margot Kidder</a> (footage of Warren's screen-test has been included as a supplemental feature on VHS and DVD releases of the film).</p>
      <p xmlns="http://www.w3.org/1999/xhtml">For her portrayal of a dim-witted gangster's moll in the 1982 musical-comedy <i><a class="external" href="http://en.wikipedia.org/wiki/Victor_Victoria" title="Victor Victoria">Victor Victoria</a></i>, Warren was nominated for an Academy Award for Best Actress in a Supporting Role. Warren is also a five-time Golden Globes nominee and won for the 1977 miniseries <i>Harold Robbins' 79 Park Avenue</i>. She was Emmy-nominated for the TV movie <i><a class="external" href="http://en.wikipedia.org/w/index.php?title=Family_of_Spies&amp;action=edit&amp;redlink=1" title="Family of Spies (page does not exist)">Family of Spies</a></i> (1991).</p>
      <p xmlns="http://www.w3.org/1999/xhtml">In 1975, Warren played a disturbed mental patient opposite <a class="external" href="http://en.wikipedia.org/wiki/Peter_Falk" title="Peter Falk">Peter Falk</a> and <a class="external" href="http://en.wikipedia.org/wiki/George_Hamilton_(actor)" title="George Hamilton (actor)">George Hamilton</a> in the <i><a class="external" href="http://en.wikipedia.org/wiki/Columbo_(TV_series)" title="Columbo (TV series)">Columbo</a></i> episode <i>A Deadly State of Mind</i>. Warren played Princess Jeanetta in <i>Shelly Duvall's Faerie Tale Theatre's The Dancing Princesses</i>. In the comedy film version of the popular board game <i><a class="external" href="http://en.wikipedia.org/wiki/Clue_(film)" title="Clue (film)">Clue</a></i> (1985), she starred as one of the prime murder suspects, Miss Scarlet. In 1986, Lesley was prominently featured in <a class="external" href="http://en.wikipedia.org/wiki/Bob_Seger" title="Bob Seger">Bob Seger</a>'s popular music video for his hit song "<a class="external" href="http://en.wikipedia.org/w/index.php?title=American_Storm&amp;action=edit&amp;redlink=1" title="American Storm (page does not exist)">American Storm</a>". In 1989, she appeared in <a class="external" href="http://en.wikipedia.org/wiki/Aerosmith" title="Aerosmith">Aerosmith</a> video "<a class="external" href="http://en.wikipedia.org/wiki/Janie%27s_Got_a_Gun" title="Janie's Got a Gun">Janie's Got a Gun</a>" where she played Janie's mother.</p>
      <p xmlns="http://www.w3.org/1999/xhtml">Warren had recurring roles on <i><a class="external" href="http://en.wikipedia.org/wiki/Will_%26_Grace" title="Will &amp; Grace">Will &amp; Grace</a></i> as <a class="external" href="http://en.wikipedia.org/wiki/Will_Truman" title="Will Truman">Will Truman</a>'s father's mistress, and on <i><a class="external" href="http://en.wikipedia.org/wiki/Desperate_Housewives" title="Desperate Housewives">Desperate Housewives</a></i> as <a class="external" href="http://en.wikipedia.org/wiki/Susan_Mayer" title="Susan Mayer">Susan Mayer</a>'s mother. Other television roles have included Lily Lebowski's mother on <i><a class="external" href="http://en.wikipedia.org/wiki/Crossing_Jordan" title="Crossing Jordan">Crossing Jordan</a></i> and Kip Stedman's mother in <i><a class="external" href="http://en.wikipedia.org/wiki/Less_than_Perfect" title="Less than Perfect">Less than Perfect</a></i>.</p>
      <p xmlns="http://www.w3.org/1999/xhtml">Warren plays the role of Mary Shannon's mother in the <a class="external" href="http://en.wikipedia.org/wiki/USA_Network" title="USA Network">USA Network</a> original television series, <i><a class="external" href="http://en.wikipedia.org/wiki/In_Plain_Sight" title="In Plain Sight">In Plain Sight</a></i>.</p>
      <h2 xmlns="http://www.w3.org/1999/xhtml"> <span class="mw-headline" id="Filmography">Filmography</span></h2>
      <ul xmlns="http://www.w3.org/1999/xhtml">
	<li><i><a class="external" href="http://en.wikipedia.org/wiki/Rodgers_and_Hammerstein%27s_Cinderella" title="Rodgers and Hammerstein's Cinderella">Rodgers and Hammerstein's Cinderella</a></i> (1965)</li>
	<li><i><a class="external" href="http://en.wikipedia.org/w/index.php?title=Gunsmoke,_(TV),_Harvest,_3/26/1966,_Season_11,_Episode_27&amp;action=edit&amp;redlink=1" title="Gunsmoke, (TV), Harvest, 3/26/1966, Season 11, Episode 27 (page does not exist)">Gunsmoke, (TV), Harvest, 3/26/1966, Season 11, Episode 27</a></i></li>
	<li><i><a class="external" href="http://en.wikipedia.org/wiki/The_Happiest_Millionaire" title="The Happiest Millionaire">The Happiest Millionaire</a></i> (1967)</li>
	<li><i><a class="external" href="http://en.wikipedia.org/wiki/The_One_and_Only,_Genuine,_Original_Family_Band" title="The One and Only, Genuine, Original Family Band">The One and Only, Genuine, Original Family Band</a></i> (1968)</li>
	<li><i><a class="external" href="http://en.wikipedia.org/w/index.php?title=Seven_in_Darkness&amp;action=edit&amp;redlink=1" title="Seven in Darkness (page does not exist)">Seven in Darkness</a></i> (1969) (First ABC-TV "Movie of the Week" to be broadcast)</li>
	<li><i><a class="external" href="http://en.wikipedia.org/wiki/Mission:_Impossible" title="Mission: Impossible">Mission: Impossible</a></i> (TV) (1970-1971)</li>
	<li><i><a class="external" href="http://en.wikipedia.org/w/index.php?title=It%27s_A_Bird!..._It%27s_a_Plane!..._It%27s_Superman!&amp;action=edit&amp;redlink=1" title="It's A Bird!... It's a Plane!... It's Superman! (page does not exist)">It's A Bird!... It's a Plane!... It's Superman!</a></i> (TV) (1975)</li>
	<li><i><a class="external" href="http://en.wikipedia.org/wiki/List_of_Columbo_episodes#Fourth_season_.281974-1975.2C_6_episodes.29" title="List of Columbo episodes">Columbo: A Deadly State of Mind</a></i> (TV) (1975)</li>
	<li><i><a class="external" href="http://en.wikipedia.org/wiki/79_Park_Avenue" title="79 Park Avenue">79 Park Avenue</a></i> (1977)</li>
	<li><i><a class="external" href="http://en.wikipedia.org/wiki/Race_for_the_Yankee_Zephyr" title="Race for the Yankee Zephyr">Race for the Yankee Zephyr</a></i> (1981)</li>
	<li><i><a class="external" href="http://en.wikipedia.org/wiki/Victor_Victoria" title="Victor Victoria">Victor Victoria</a></i> (1982) (<a class="external" href="http://en.wikipedia.org/wiki/Academy_Award" title="Academy Award">Academy Award</a> nomination for <a class="external" href="http://en.wikipedia.org/wiki/Best_Supporting_Actress" title="Best Supporting Actress">Best Supporting Actress</a>)</li>
	<li><i><a class="external" href="http://en.wikipedia.org/wiki/A_Night_in_Heaven" title="A Night in Heaven">A Night in Heaven</a></i> (1983)</li>
	<li><i><a class="external" href="http://en.wikipedia.org/wiki/Choose_Me" title="Choose Me">Choose Me</a></i> (1984)</li>
	<li><i><a class="external" href="http://en.wikipedia.org/wiki/Songwriter_(film)" title="Songwriter (film)">Songwriter</a></i> (1984)</li>
	<li><i><a class="external" href="http://en.wikipedia.org/w/index.php?title=The_Dancing_Princesses,_Shelley_Duvall%27s_Faerie_Tale_Theatre&amp;action=edit&amp;redlink=1" title="The Dancing Princesses, Shelley Duvall's Faerie Tale Theatre (page does not exist)">The Dancing Princesses, Shelley Duvall's Faerie Tale Theatre</a></i> (1984)</li>
	<li><i><a class="external" href="http://en.wikipedia.org/w/index.php?title=Evergreen_(TV_miniseries)&amp;action=edit&amp;redlink=1" title="Evergreen (TV miniseries) (page does not exist)">Evergreen</a></i> (1985)</li>
	<li><i><a class="external" href="http://en.wikipedia.org/wiki/Clue_(film)" title="Clue (film)">Clue</a></i> (1985)</li>
	<li><i><a class="external" href="http://en.wikipedia.org/w/index.php?title=A_Fight_for_Jenny&amp;action=edit&amp;redlink=1" title="A Fight for Jenny (page does not exist)">A Fight for Jenny</a></i> (1986)</li>
	<li><i><a class="external" href="http://en.wikipedia.org/wiki/Apology_(TV_film)" title="Apology (TV film)">Apology</a></i> (1986)</li>
	<li><i><a class="external" href="http://en.wikipedia.org/wiki/Burglar_(film)" title="Burglar (film)">Burglar</a></i> (1987)</li>
	<li><i><a class="external" href="http://en.wikipedia.org/wiki/Cop_(film)" title="Cop (film)">Cop</a> (1987)</i></li>
	<li><i><a class="external" href="http://en.wikipedia.org/wiki/Worth_Winning" title="Worth Winning">Worth Winning</a></i> (1989)</li>
	<li><i><a class="external" href="http://en.wikipedia.org/w/index.php?title=Family_of_Spies&amp;action=edit&amp;redlink=1" title="Family of Spies (page does not exist)">Family of Spies</a></i> (1990)</li>
	<li><i><a class="external" href="http://en.wikipedia.org/wiki/Life_Stinks" title="Life Stinks">Life Stinks</a></i> (1991)</li>
	<li><i><a class="external" href="http://en.wikipedia.org/wiki/Pure_Country_(film)" title="Pure Country (film)">Pure Country</a></i> (1992)</li>
	<li><i><a class="external" href="http://en.wikipedia.org/wiki/Desperate_Justice" title="Desperate Justice">Desperate Justice</a> (AKA A Mother's Revenge)</i> (1993)</li>
	<li><i><a class="external" href="http://en.wikipedia.org/wiki/Color_of_Night" title="Color of Night">Color of Night</a></i> (1994)</li>
	<li><i><a class="external" href="http://en.wikipedia.org/wiki/Joseph_(film)" title="Joseph (film)">Joseph</a></i> (1995)</li>
	<li><i><a class="external" href="http://en.wikipedia.org/wiki/Going_All_the_Way" title="Going All the Way">Going All the Way</a></i> (1997)</li>
	<li><i><a class="external" href="http://en.wikipedia.org/w/index.php?title=All_of_It&amp;action=edit&amp;redlink=1" title="All of It (page does not exist)">All of It</a></i> (1998)</li>
	<li><i><a class="external" href="http://en.wikipedia.org/wiki/The_Limey" title="The Limey">The Limey</a></i> (1999)</li>
	<li><i><a class="external" href="http://en.wikipedia.org/wiki/Teaching_Mrs._Tingle" title="Teaching Mrs. Tingle">Teaching Mrs. Tingle</a></i> (1999) (uncredited cameo)</li>
	<li><i><a class="external" href="http://en.wikipedia.org/wiki/Secretary_(film)" title="Secretary (film)">Secretary</a></i> (2002)</li>
	<li><i><a class="external" href="http://en.wikipedia.org/wiki/Deepwater_(film)" title="Deepwater (film)">Deepwater</a></i> (2006)</li>
	<li><i><a class="external" href="http://en.wikipedia.org/w/index.php?title=10th_and_Wolf_(film)&amp;action=edit&amp;redlink=1" title="10th and Wolf (film) (page does not exist)">10th and Wolf</a></i> (2006)</li>
	<li><i><a class="external" href="http://en.wikipedia.org/wiki/Constellation_(film)" title="Constellation (film)">Constellation</a></i> (2007)</li>
	<li><i><a class="external" href="http://en.wikipedia.org/wiki/In_Plain_Sight" title="In Plain Sight">In Plain Sight</a></i> (2008-present)</li>
	<li><i><a class="external" href="http://en.wikipedia.org/w/index.php?title=Bound_by_a_Secret&amp;action=edit&amp;redlink=1" title="Bound by a Secret (page does not exist)">Bound by a Secret</a></i> (2009)</li>
      </ul>
      <h2 xmlns="http://www.w3.org/1999/xhtml"> <span class="mw-headline" id="References">References</span></h2>
      <h2 xmlns="http://www.w3.org/1999/xhtml"> <span class="mw-headline" id="External_links">External links</span></h2>
      <ul xmlns="http://www.w3.org/1999/xhtml">
	<li><a href="http://www.imdb.com/name/nm0000690/" rel="nofollow">Lesley Ann Warren</a> at the <a class="external" href="http://en.wikipedia.org/wiki/Internet_Movie_Database" title="Internet Movie Database">Internet Movie Database</a></li>
      </ul>
    </wiki:description>
  </wiki:person>
  <wiki:film-title link="/wiki/Victor/Victoria">Victor/Victoria</wiki:film-title>
  <wiki:film link="/wiki/Victor/Victoria" title="Victor/Victoria">
    <wiki:oscar-ref year="1982" span="1" winner="false" award="lead-actress" person-link="/wiki/Julie_Andrews" person-name="Julie Andrews"/>
    <wiki:oscar-ref year="1982" span="1" winner="false" award="supporting-actor" person-link="/wiki/Robert_Preston_(actor)" person-name="Robert Preston"/>
    <wiki:oscar-ref year="1982" span="1" winner="false" award="supporting-actress" person-link="/wiki/Lesley_Ann_Warren" person-name="Lesley Ann Warren"/>
    <wiki:producer link="/wiki/Tony_Adams_(producer)">Tony Adams</wiki:producer>
    <wiki:director link="/wiki/Blake_Edwards">Blake Edwards</wiki:director>
    <wiki:distributor link="/wiki/Metro-Goldwyn-Mayer">Metro-Goldwyn-Mayer</wiki:distributor>
    <wiki:starring link="/wiki/Julie_Andrews">Julie Andrews</wiki:starring>
    <wiki:starring link="/wiki/James_Garner">James Garner</wiki:starring>
    <wiki:starring link="/wiki/Robert_Preston_(actor)">Robert Preston</wiki:starring>
    <wiki:starring link="/wiki/Lesley_Ann_Warren">Lesley Ann Warren</wiki:starring>
    <wiki:description>
      <wiki:abstract>
	<p xmlns="http://www.w3.org/1999/xhtml"><i><b>Victor Victoria</b></i> is a 1982 <a class="external" href="http://en.wikipedia.org/wiki/Musical_film" title="Musical film">musical</a> <a class="external" href="http://en.wikipedia.org/wiki/Comedy_film" title="Comedy film">comedy film</a> released by <a class="external" href="http://en.wikipedia.org/wiki/Metro-Goldwyn-Mayer" title="Metro-Goldwyn-Mayer">Metro-Goldwyn-Mayer</a> that involves <a class="external" href="http://en.wikipedia.org/wiki/Transvestism" title="Transvestism">transvestism</a> and <a class="external" href="http://en.wikipedia.org/wiki/Sexual_identity" title="Sexual identity">sexual identity</a> as central themes. It stars <a class="external" href="http://en.wikipedia.org/wiki/Julie_Andrews" title="Julie Andrews">Julie Andrews</a>, <a class="external" href="http://en.wikipedia.org/wiki/James_Garner" title="James Garner">James Garner</a>, <a class="external" href="http://en.wikipedia.org/wiki/Robert_Preston_(actor)" title="Robert Preston (actor)">Robert Preston</a>, <a class="external" href="http://en.wikipedia.org/wiki/Lesley_Ann_Warren" title="Lesley Ann Warren">Lesley Ann Warren</a>, <a class="external" href="http://en.wikipedia.org/wiki/Alex_Karras" title="Alex Karras">Alex Karras</a>, and <a class="external" href="http://en.wikipedia.org/wiki/John_Rhys-Davies" title="John Rhys-Davies">John Rhys-Davies</a>. The film was produced by <a class="external" href="http://en.wikipedia.org/wiki/Tony_Adams_(producer)" title="Tony Adams (producer)">Tony Adams</a>, directed by <a class="external" href="http://en.wikipedia.org/wiki/Blake_Edwards" title="Blake Edwards">Blake Edwards</a>, and scored by <a class="external" href="http://en.wikipedia.org/wiki/Henry_Mancini" title="Henry Mancini">Henry Mancini</a>, with lyrics by <a class="external" href="http://en.wikipedia.org/wiki/Leslie_Bricusse" title="Leslie Bricusse">Leslie Bricusse</a>. It was later adapted in 1995 as a <a class="external" href="http://en.wikipedia.org/wiki/Broadway_musical" title="Broadway musical">Broadway musical</a>. The film was nominated for seven Academy Awards and won the <a class="external" href="http://en.wikipedia.org/wiki/Academy_Award_for_Original_Music_Score" title="Academy Award for Original Music Score">Academy Award for Original Music Score</a>. It is a remake of <i><a class="external" href="http://en.wikipedia.org/wiki/Viktor_und_Viktoria" title="Viktor und Viktoria">Viktor und Viktoria</a></i>, a German film of <a class="external" href="http://en.wikipedia.org/wiki/1933" title="1933">1933</a>.</p>
	<h2 xmlns="http://www.w3.org/1999/xhtml"> <span class="mw-headline" id="Plot_summary">Plot summary</span></h2>
	<p xmlns="http://www.w3.org/1999/xhtml">In 1930s <a class="external" href="http://en.wikipedia.org/wiki/Paris" title="Paris">Paris</a>. Victoria Grant (<a class="external" href="http://en.wikipedia.org/wiki/Julie_Andrews" title="Julie Andrews">Julie Andrews</a>), a struggling <a class="external" href="http://en.wikipedia.org/wiki/Soprano" title="Soprano">soprano</a>, is unable to find work. She bombs an audition at Chez Lui, a tawdry night club where Carroll "Toddy" Todd (<a class="external" href="http://en.wikipedia.org/wiki/Robert_Preston_(actor)" title="Robert Preston (actor)">Robert Preston</a>) also works. That evening, Toddy starts a fight at Chez Lui after finding out that his boyfriend was dating a woman and is subsequently fired. Later that night Victoria runs into Toddy at a Paris <a class="external" href="http://en.wikipedia.org/wiki/Restaurant" title="Restaurant">restaurant</a> where she is scheming to plant a <a class="external" href="http://en.wikipedia.org/wiki/Cockroach" title="Cockroach">cockroach</a> in her food in order to get her meal for free, trying to foil the waiter (<a class="external" href="http://en.wikipedia.org/wiki/Graham_Stark" title="Graham Stark">Graham Stark</a>). The plan goes awry after the cockroach goes missing and ends up on a woman's leg, starting a riot in the restaurant, which Victoria and Toddy use to escape. They spend the night at his <a class="external" href="http://en.wikipedia.org/wiki/Apartment" title="Apartment">apartment</a>. The next day, Toddy's boyfriend shows up to pick up his things and when he insults Toddy, Victoria breaks his nose and takes his spare clothes, as hers were ruined by the previous night's rain. At the sight of Victoria dressed as a man, Toddy hits upon a plan to help both her and himself: Victoria will pretend to be a man pretending to be a woman, and get a job as a <a class="external" href="http://en.wikipedia.org/wiki/Drag_queen" title="Drag queen">female impersonator</a> in a nightclub. In order to enhance the ruse, Toddy will pretend to be her gay lover.</p>
	<p xmlns="http://www.w3.org/1999/xhtml">Soon Victoria's new persona, "Count Victor Grazinski", becomes the <a class="external" href="http://en.wikipedia.org/wiki/Toast_(honor)" title="Toast (honor)">toast</a> of Paris. As money and fame start to turn her (and Toddy's) lives around, an additional complication arises. King Marchand (<a class="external" href="http://en.wikipedia.org/wiki/James_Garner" title="James Garner">James Garner</a>), a <a class="external" href="http://en.wikipedia.org/wiki/Gangster" title="Gangster">gangster</a> and nightclub-owner from <a class="external" href="http://en.wikipedia.org/wiki/Chicago" title="Chicago">Chicago</a>, finds himself at first attracted to Victoria and repelled by "Victor". This encourages his burly bodyguard, "Squash" Bernstein (<a class="external" href="http://en.wikipedia.org/wiki/Alex_Karras" title="Alex Karras">Alex Karras</a>), to <a class="external" href="http://en.wikipedia.org/wiki/Coming_out" title="Coming out">come out of the closet</a>, but it enrages Marchand's whiny-voiced, peroxide-blonde spitfire girlfriend Norma (<a class="external" href="http://en.wikipedia.org/wiki/Lesley_Ann_Warren" title="Lesley Ann Warren">Lesley Ann Warren</a>).</p>
      </wiki:abstract>
      <p xmlns="http://www.w3.org/1999/xhtml">The vocal numbers in the film are presented as nightclub acts. However, the lyrics or situations of some of the songs are calculated to relate to the unfolding drama. Thus, the two staged numbers <i>Le Jazz Hot</i> and <i>The Shady Dame from Seville</i> help to present Victoria as a female impersonator. The latter number is later reinterpreted by Toddy for diversionary purposes in the plot, and the cozy relationship of Toddy and Victoria is promoted by the song <i>You and Me</i>, which is sung before the audience at the nightclub.</p>
      <h2 xmlns="http://www.w3.org/1999/xhtml"> <span class="mw-headline" id="Cast">Cast</span></h2>
      <ul xmlns="http://www.w3.org/1999/xhtml">
	<li><a class="external" href="http://en.wikipedia.org/wiki/Julie_Andrews" title="Julie Andrews">Julie Andrews</a> as Victoria Grant/Count Victor Grazinski</li>
	<li><a class="external" href="http://en.wikipedia.org/wiki/James_Garner" title="James Garner">James Garner</a> as King Marchand</li>
	<li><a class="external" href="http://en.wikipedia.org/wiki/Robert_Preston_(actor)" title="Robert Preston (actor)">Robert Preston</a> as Carroll "Toddy" Todd</li>
	<li><a class="external" href="http://en.wikipedia.org/wiki/Lesley_Ann_Warren" title="Lesley Ann Warren">Lesley Ann Warren</a> as Norma Cassidy</li>
	<li><a class="external" href="http://en.wikipedia.org/wiki/Alex_Karras" title="Alex Karras">Alex Karras</a> as "Squash" Bernstein</li>
	<li><a class="external" href="http://en.wikipedia.org/wiki/John_Rhys-Davies" title="John Rhys-Davies">John Rhys-Davies</a> as Andre Cassell</li>
	<li><a class="external" href="http://en.wikipedia.org/wiki/Graham_Stark" title="Graham Stark">Graham Stark</a> as Waiter</li>
	<li><a class="external" href="http://en.wikipedia.org/wiki/Peter_Arne" title="Peter Arne">Peter Arne</a> as Labisse</li>
	<li>Sherloque Tanney as Charles Bovin</li>
	<li><a class="external" href="http://en.wikipedia.org/wiki/Michael_Robbins" title="Michael Robbins">Michael Robbins</a> as Manager of Victoria's hotel</li>
	<li><a class="external" href="http://en.wikipedia.org/wiki/Maria_Charles" title="Maria Charles">Maria Charles</a> as Madame President</li>
	<li><a class="external" href="http://en.wikipedia.org/wiki/Glen_Murphy" title="Glen Murphy">Glen Murphy</a> as boxer</li>
      </ul>
      <h2 xmlns="http://www.w3.org/1999/xhtml"> <span class="mw-headline" id="Production">Production</span></h2>
      <p xmlns="http://www.w3.org/1999/xhtml">The film's <a class="external" href="http://en.wikipedia.org/wiki/Screenplay" title="Screenplay">screenplay</a> was adapted by <a class="external" href="http://en.wikipedia.org/wiki/Blake_Edwards" title="Blake Edwards">Blake Edwards</a> (Andrews' husband) and Hans Hoemburg from the 1933 <a class="external" href="http://en.wikipedia.org/wiki/German_language" title="German language">German</a> film <i><a class="external" href="http://en.wikipedia.org/wiki/Viktor_und_Viktoria" title="Viktor und Viktoria">Viktor und Viktoria</a></i> by Reinhold SchÃ¼nzel. According to Edwards, the screenplay took only one month to write. There was also a 1935 remake named <i>First a Girl</i>, made in the United Kingdom and directed by <a class="external" href="http://en.wikipedia.org/wiki/Victor_Saville" title="Victor Saville">Victor Saville</a>, about a woman who stands in for a female impersonator and becomes a hit. Julie Andrews watched the 1933 version to prepare for her role.</p>
      <h2 xmlns="http://www.w3.org/1999/xhtml"> <span class="mw-headline" id="Awards">Awards</span></h2>
      <p xmlns="http://www.w3.org/1999/xhtml">The movie won the <a class="external" href="http://en.wikipedia.org/wiki/Academy_Awards" title="Academy Awards">Academy Award</a> for <a class="external" href="http://en.wikipedia.org/wiki/Academy_Award_for_Original_Music_Score" title="Academy Award for Original Music Score">Best Music, Original Song Score and Its Adaptation or Best Adaptation Score</a>. It was nominated for <a class="external" href="http://en.wikipedia.org/wiki/Academy_Award_for_Best_Supporting_Actor" title="Academy Award for Best Supporting Actor">Best Actor in a Supporting Role</a> (Robert Preston), <a class="external" href="http://en.wikipedia.org/wiki/Academy_Award_for_Best_Actress" title="Academy Award for Best Actress">Best Actress in a Leading Role</a> (Julie Andrews), <a class="external" href="http://en.wikipedia.org/wiki/Academy_Award_for_Best_Supporting_Actress" title="Academy Award for Best Supporting Actress">Best Actress in a Supporting Role</a> (<a class="external" href="http://en.wikipedia.org/wiki/Lesley_Ann_Warren" title="Lesley Ann Warren">Lesley Ann Warren</a>), <a class="external" href="http://en.wikipedia.org/wiki/Academy_Award_for_Best_Art_Direction" title="Academy Award for Best Art Direction">Best Art Direction-Set Decoration</a> (<a class="external" href="http://en.wikipedia.org/wiki/Rodger_Maus" title="Rodger Maus">Rodger Maus</a>, <a class="external" href="http://en.wikipedia.org/wiki/Tim_Hutchinson_(production_designer)" title="Tim Hutchinson (production designer)">Tim Hutchinson</a>, <a class="external" href="http://en.wikipedia.org/wiki/William_Craig_Smith" title="William Craig Smith">William Craig Smith</a>, <a class="external" href="http://en.wikipedia.org/wiki/Harry_Cordwell" title="Harry Cordwell">Harry Cordwell</a>), <a class="external" href="http://en.wikipedia.org/wiki/Academy_Award_for_Costume_Design" title="Academy Award for Costume Design">Best Costume Design</a> and <a class="external" href="http://en.wikipedia.org/wiki/Academy_Award_for_Writing_Adapted_Screenplay" title="Academy Award for Writing Adapted Screenplay">Best Writing, Screenplay Based on Material from Another Medium</a>.</p>
      <p xmlns="http://www.w3.org/1999/xhtml"><b><a class="external" href="http://en.wikipedia.org/wiki/American_Film_Institute" title="American Film Institute">American Film Institute</a> recognition</b></p>
      <ul xmlns="http://www.w3.org/1999/xhtml">
	<li>2000: <a class="external" href="http://en.wikipedia.org/wiki/AFI%27s_100_Years..._100_Laughs" title="AFI's 100 Years... 100 Laughs">AFI's 100 Years... 100 Laughs</a> #76</li>
      </ul>
      <h2 xmlns="http://www.w3.org/1999/xhtml"> <span class="mw-headline" id="See_also">See also</span></h2>
      <ul xmlns="http://www.w3.org/1999/xhtml">
	<li><a class="external" href="http://en.wikipedia.org/wiki/Cross-dressing_in_film_and_television" title="Cross-dressing in film and television">Cross-dressing in film and television</a></li>
      </ul>
      <h2 xmlns="http://www.w3.org/1999/xhtml"> <span class="mw-headline" id="References">References</span></h2>
      <h2 xmlns="http://www.w3.org/1999/xhtml"> <span class="mw-headline" id="External_links">External links</span></h2>
      <ul xmlns="http://www.w3.org/1999/xhtml">
	<li><a href="http://www.imdb.com/title/tt0084865/" rel="nofollow"><i>Victor/Victoria</i></a> at the <a class="external" href="http://en.wikipedia.org/wiki/Internet_Movie_Database" title="Internet Movie Database">Internet Movie Database</a> (film)</li>
	<li><a href="http://www.ibdb.com/production.php?id=4310" rel="nofollow"><i>Victor/Victoria</i></a> at the <a class="external" href="http://en.wikipedia.org/wiki/Internet_Broadway_Database" title="Internet Broadway Database">Internet Broadway Database</a> (Broadway play)</li>
	<li><a href="http://www.imdb.com/title/tt0265987/" rel="nofollow"><i>Victor/Victoria</i></a> at the <a class="external" href="http://en.wikipedia.org/wiki/Internet_Movie_Database" title="Internet Movie Database">Internet Movie Database</a> (TV adaptation of Broadway play)</li>
	<li><a href="http://www.allmovie.com/work/52384" rel="nofollow"><i>Victor/Victoria</i></a> at <a class="external" href="http://en.wikipedia.org/wiki/Allmovie" title="Allmovie">Allmovie</a> (film)</li>
	<li><a href="http://video.google.com/videoplay?docid=8844857220560459276&amp;q=%22James+Garner%22+%22Charlie+Rose%22&amp;total=4&amp;start=0&amp;num=10&amp;so=0&amp;type=search&amp;plindex=0" rel="nofollow">James Garner Interview on the <i>Charlie Rose Show</i></a></li>
	<li><a href="http://video.google.com/videosearch?q=%22archive+of+american+television+interview+with+james+garner%22" rel="nofollow">James Garner interview</a> at <a class="external" href="http://en.wikipedia.org/wiki/Archive_of_American_Television" title="Archive of American Television">Archive of American Television</a></li>
      </ul>
    </wiki:description>
  </wiki:film>
</wiki:nominee>