<?xml version="1.0" encoding="UTF-8"?>
<wiki:nominee year="1947" span="1" winner="false" award="supporting-actress" xmlns:wiki="http://marklogic.com/wikipedia">
  <!--
                            Copyright (c) 2010 MarkLogic Corporation.
                            Permission is granted to copy, distribute and/or modify this document
                            under the terms of the GNU Free Documentation License, Version 1.2
                            or any later version published by the Free Software Foundation;
                            with no Invariant Sections, no Front-Cover Texts, and no Back-Cover Texts.
                            A copy of the license is included in the section entitled "GNU
                            Free Documentation License"
                            
                            Content derived from http://en.wikipedia.org/wiki/Gentleman%27s_Agreement and http://en.wikipedia.org/wiki/Anne_Revere
                            Modified in May 2009 by Mark Logic Corporation under the terms of the GNU Free Documentation License.
                        -->
  <wiki:name link="/wiki/Anne_Revere">Anne Revere</wiki:name>
  <wiki:person link="/wiki/Anne_Revere" name="Anne Revere">
    <wiki:oscar year="1943" span="1" winner="false" award="supporting-actress" film-link="/wiki/The_Song_of_Bernadette_(film)" film-title="The Song of Bernadette"/>
    <wiki:oscar year="1945" span="1" winner="true" award="supporting-actress" film-link="/wiki/National_Velvet_(film)" film-title="National Velvet"/>
    <wiki:oscar year="1947" span="1" winner="false" award="supporting-actress" film-link="/wiki/Gentleman%27s_Agreement" film-title="Gentleman's Agreement"/>
    <wiki:image link="http://upload.wikimedia.org/wikipedia/commons/thumb/4/4c/Anne_Revere_in_Gentleman%27s_Agreement_trailer_cropped.jpg/200px-Anne_Revere_in_Gentleman%27s_Agreement_trailer_cropped.jpg"/>
    <wiki:birth>
      <wiki:date>1903-06-25</wiki:date>
      <wiki:place>
	<wiki:primary link="/wiki/New_York_City,_New_York">New York City, New York</wiki:primary>
	<wiki:secondary link="/wiki/United_States">U.S.</wiki:secondary>
      <enrich><woeid xmlns="http://where.yahooapis.com/v1/schema.rng">2347591</woeid><placeTypeName code="8" xmlns="http://where.yahooapis.com/v1/schema.rng">State</placeTypeName><name xmlns="http://where.yahooapis.com/v1/schema.rng">New York</name><country code="US" type="Country" xmlns="http://where.yahooapis.com/v1/schema.rng">United States</country><admin1 code="US-NY" type="State" xmlns="http://where.yahooapis.com/v1/schema.rng">New York</admin1><admin2 xmlns="http://where.yahooapis.com/v1/schema.rng"/><admin3 xmlns="http://where.yahooapis.com/v1/schema.rng"/><locality1 xmlns="http://where.yahooapis.com/v1/schema.rng"/><locality2 xmlns="http://where.yahooapis.com/v1/schema.rng"/><postal xmlns="http://where.yahooapis.com/v1/schema.rng"/><centroid xmlns="http://where.yahooapis.com/v1/schema.rng"><latitude>42.855350</latitude><longitude>-76.501671</longitude></centroid><boundingBox xmlns="http://where.yahooapis.com/v1/schema.rng"><southWest><latitude>40.496029</latitude><longitude>-79.761971</longitude></southWest><northEast><latitude>45.012810</latitude><longitude>-71.856247</longitude></northEast></boundingBox><areaRank xmlns="http://where.yahooapis.com/v1/schema.rng">11</areaRank><popRank xmlns="http://where.yahooapis.com/v1/schema.rng">0</popRank></enrich></wiki:place>
    </wiki:birth>
    <wiki:death>
      <wiki:date>December 18, 1990</wiki:date>
      <wiki:place>
	<wiki:primary link="/wiki/Locust_Valley,_New_York">Locust Valley, New York</wiki:primary>
	<wiki:secondary link="/wiki/United_States">U.S.</wiki:secondary>
      </wiki:place>
    </wiki:death>
    <wiki:description>
      <p xmlns="http://www.w3.org/1999/xhtml"><b>Anne Revere</b> (June 25, 1903 â€“ December 18, 1990) was an <a class="external" href="http://en.wikipedia.org/wiki/United_States" title="United States">American</a> stage, film, and television actress.</p>
      <p xmlns="http://www.w3.org/1999/xhtml">Born in <a class="external" href="http://en.wikipedia.org/wiki/New_York_City" title="New York City">New York City</a>, Revere was a direct descendant of <a class="external" href="http://en.wikipedia.org/wiki/American_Revolution" title="American Revolution">American Revolution</a> hero <a class="external" href="http://en.wikipedia.org/wiki/Paul_Revere" title="Paul Revere">Paul Revere</a>. Her father was a stockbroker, and she was raised on the <a class="external" href="http://en.wikipedia.org/wiki/Upper_West_Side" title="Upper West Side">Upper West Side</a> and in <a class="external" href="http://en.wikipedia.org/wiki/Westfield,_New_Jersey" title="Westfield, New Jersey">Westfield, New Jersey</a>. In 1926, she graduated from <a class="external" href="http://en.wikipedia.org/wiki/Wellesley_College" title="Wellesley College">Wellesley College</a>, then enrolled at the American Laboratory School to study acting with <a class="external" href="http://en.wikipedia.org/wiki/Maria_Ouspenskaya" title="Maria Ouspenskaya">Maria Ouspenskaya</a> and <a class="external" href="http://en.wikipedia.org/wiki/Richard_Boleslavsky" title="Richard Boleslavsky">Richard Boleslavsky</a>.</p>
      <p xmlns="http://www.w3.org/1999/xhtml">Revere made her <a class="external" href="http://en.wikipedia.org/wiki/Broadway_theatre" title="Broadway theatre">Broadway</a> debut in 1931 in <i>The Great Barrington</i>. Three years later she went to Hollywood to reprise her stage role in the film adaptation of <i>Double Door</i>. She returned to Broadway to create the role of Martha Dobie in the original 1934 production of <i><a class="external" href="http://en.wikipedia.org/wiki/The_Children%27s_Hour_(play)" title="The Children's Hour (play)">The Children's Hour</a></i>, and in later years she appeared on the New York stage in <i><a class="external" href="http://en.wikipedia.org/wiki/As_You_Like_It" title="As You Like It">As You Like It</a></i>, <i><a class="external" href="http://en.wikipedia.org/wiki/Three_Sisters_(play)" title="Three Sisters (play)">The Three Sisters</a></i>, and <i><a class="external" href="http://en.wikipedia.org/wiki/Toys_in_the_Attic_(play)" title="Toys in the Attic (play)">Toys in the Attic (play)</a></i>, for which she won the 1960 <a class="external" href="http://en.wikipedia.org/wiki/Tony_Award_for_Best_Performance_by_a_Featured_Actress_in_a_Play" title="Tony Award for Best Performance by a Featured Actress in a Play">Tony Award for Best Performance by a Featured Actress in a Play</a>.</p>
      <p xmlns="http://www.w3.org/1999/xhtml">Revere worked steadily as a character actress in films, appearing in nearly three dozen between 1934 and 1951. She frequently was cast in the role of a matriarch and played mother to <a class="external" href="http://en.wikipedia.org/wiki/Elizabeth_Taylor" title="Elizabeth Taylor">Elizabeth Taylor</a>, <a class="external" href="http://en.wikipedia.org/wiki/Jennifer_Jones" title="Jennifer Jones">Jennifer Jones</a>, <a class="external" href="http://en.wikipedia.org/wiki/Gregory_Peck" title="Gregory Peck">Gregory Peck</a>, <a class="external" href="http://en.wikipedia.org/wiki/John_Garfield" title="John Garfield">John Garfield</a>, and <a class="external" href="http://en.wikipedia.org/wiki/Montgomery_Clift" title="Montgomery Clift">Montgomery Clift</a>, among others. She was nominated for the <a class="external" href="http://en.wikipedia.org/wiki/Academy_Award_for_Best_Supporting_Actress" title="Academy Award for Best Supporting Actress">Academy Award for Best Supporting Actress</a> three times and won for her performance in <i><a class="external" href="http://en.wikipedia.org/wiki/National_Velvet_(film)" title="National Velvet (film)">National Velvet</a></i>. Additional screen credits included <i><a class="external" href="http://en.wikipedia.org/wiki/The_Song_of_Bernadette_(film)" title="The Song of Bernadette (film)">The Song of Bernadette</a></i>, <i><a class="external" href="http://en.wikipedia.org/wiki/Gentleman%27s_Agreement" title="Gentleman's Agreement">Gentleman's Agreement</a></i>, <i><a class="external" href="http://en.wikipedia.org/wiki/The_Keys_of_the_Kingdom_(film)" title="The Keys of the Kingdom (film)">The Keys of the Kingdom</a></i>, <i><a class="external" href="http://en.wikipedia.org/wiki/Body_and_Soul" title="Body and Soul">Body and Soul</a></i>, and <i><a class="external" href="http://en.wikipedia.org/wiki/A_Place_in_the_Sun" title="A Place in the Sun">A Place in the Sun</a></i>.</p>
      <p xmlns="http://www.w3.org/1999/xhtml">In 1951, Revere resigned from the board of the <a class="external" href="http://en.wikipedia.org/wiki/Screen_Actors_Guild" title="Screen Actors Guild">Screen Actors Guild</a> after she pleaded the <a class="external" href="http://en.wikipedia.org/wiki/Fifth_Amendment_to_the_United_States_Constitution" title="Fifth Amendment to the United States Constitution">Fifth Amendment</a> and refused to testify before the <a class="external" href="http://en.wikipedia.org/wiki/House_Un-American_Activities_Committee" title="House Un-American Activities Committee">House Un-American Activities Committee</a>. She would not appear again on film for the next twenty years, finally returning to the screen in <i><a class="external" href="http://en.wikipedia.org/wiki/Tell_Me_That_You_Love_Me,_Junie_Moon" title="Tell Me That You Love Me, Junie Moon">Tell Me That You Love Me, Junie Moon</a></i>. She began appearing on television in 1960, notably in <a class="external" href="http://en.wikipedia.org/wiki/Soap_opera" title="Soap opera">soap operas</a> such as <i><a class="external" href="http://en.wikipedia.org/wiki/The_Edge_of_Night" title="The Edge of Night">The Edge of Night</a></i>, <i><a class="external" href="http://en.wikipedia.org/wiki/Search_for_Tomorrow" title="Search for Tomorrow">Search for Tomorrow</a></i>, and <i><a class="external" href="http://en.wikipedia.org/wiki/Ryan%27s_Hope" title="Ryan's Hope">Ryan's Hope</a></i>.</p>
      <p xmlns="http://www.w3.org/1999/xhtml">Revere and her husband, <a class="external" href="http://en.wikipedia.org/wiki/Theatre_director" title="Theatre director">theatre director</a> Samuel Rosen, moved to New York and opened an acting school, and she continued to work in <a class="external" href="http://en.wikipedia.org/wiki/Summer_stock_theatre" title="Summer stock theatre">summer stock</a> and <a class="external" href="http://en.wikipedia.org/wiki/Regional_theater_in_the_United_States" title="Regional theater in the United States">regional theater</a> productions and on television.</p>
      <h2 xmlns="http://www.w3.org/1999/xhtml"> <span class="mw-headline" id="Illness_and_death">Illness and death</span></h2>
      <p xmlns="http://www.w3.org/1999/xhtml">Revere died of <a class="external" href="http://en.wikipedia.org/wiki/Pneumonia" title="Pneumonia">pneumonia</a> in her <a class="external" href="http://en.wikipedia.org/wiki/Locust_Valley,_New_York" title="Locust Valley, New York">Locust Valley, New York</a> home at the age of 87.</p>
      <h2 xmlns="http://www.w3.org/1999/xhtml"> <span class="mw-headline" id="Filmography">Filmography</span></h2>
      <h2 xmlns="http://www.w3.org/1999/xhtml"> <span class="mw-headline" id="References">References</span></h2>
      <h2 xmlns="http://www.w3.org/1999/xhtml"> <span class="mw-headline" id="External_links">External links</span></h2>
      <ul xmlns="http://www.w3.org/1999/xhtml">
	<li><a href="http://www.ibdb.com/person.asp?ID=68608" rel="nofollow">Anne Revere</a> at the <a class="external" href="http://en.wikipedia.org/wiki/Internet_Broadway_Database" title="Internet Broadway Database">Internet Broadway Database</a></li>
	<li><a href="http://www.imdb.com/name/nm0720843/" rel="nofollow">Anne Revere</a> at the <a class="external" href="http://en.wikipedia.org/wiki/Internet_Movie_Database" title="Internet Movie Database">Internet Movie Database</a></li>
	<li><a href="http://www.findagrave.com/cgi-bin/fg.cgi?page=gr&amp;GRid=6675752" rel="nofollow">Anne Revere</a> at <a class="external" href="http://en.wikipedia.org/wiki/Find_a_Grave" title="Find a Grave">Find a Grave</a></li>
      </ul>
    </wiki:description>
  </wiki:person>
  <wiki:film-title link="/wiki/Gentleman%27s_Agreement">Gentleman's Agreement</wiki:film-title>
  <wiki:film link="/wiki/Gentleman%27s_Agreement" title="Gentleman's Agreement">
    <wiki:oscar-ref year="1947" span="1" winner="false" award="lead-actor" person-link="/wiki/Gregory_Peck" person-name="Gregory Peck"/>
    <wiki:oscar-ref year="1947" span="1" winner="false" award="lead-actress" person-link="/wiki/Dorothy_McGuire" person-name="Dorothy McGuire"/>
    <wiki:oscar-ref year="1947" span="1" winner="true" award="best-director" person-link="/wiki/Elia_Kazan" person-name="Elia Kazan"/>
    <wiki:oscar-ref year="1947" span="1" winner="true" award="supporting-actress" person-link="/wiki/Celeste_Holm" person-name="Celeste Holm"/>
    <wiki:oscar-ref year="1947" span="1" winner="false" award="supporting-actress" person-link="/wiki/Anne_Revere" person-name="Anne Revere"/>
    <wiki:oscar year="1947" span="1" winner="true" award="best-picture"/>
    <wiki:producer link="/wiki/Darryl_F._Zanuck">Darryl F. Zanuck</wiki:producer>
    <wiki:director link="/wiki/Elia_Kazan">Elia Kazan</wiki:director>
    <wiki:writer link="/wiki/Laura_Z._Hobson">Laura Z. Hobson</wiki:writer>
    <wiki:writer link="/wiki/Moss_Hart">Moss Hart</wiki:writer>
    <wiki:distributor link="/wiki/Twentieth_Century_Fox">Twentieth Century Fox</wiki:distributor>
    <wiki:starring link="/wiki/Gregory_Peck">Gregory Peck</wiki:starring>
    <wiki:starring link="/wiki/Dorothy_McGuire">Dorothy McGuire</wiki:starring>
    <wiki:starring link="/wiki/John_Garfield">John Garfield</wiki:starring>
    <wiki:starring link="/wiki/Celeste_Holm">Celeste Holm</wiki:starring>
    <wiki:starring link="/wiki/June_Havoc">June Havoc</wiki:starring>
    <wiki:starring link="/wiki/Anne_Revere">Anne Revere</wiki:starring>
    <wiki:description>
      <wiki:abstract>
	<p xmlns="http://www.w3.org/1999/xhtml"><i><b>Gentleman's Agreement</b></i> is a <a class="external" href="http://en.wikipedia.org/wiki/1947_in_film" title="1947 in film">1947</a> <a class="external" href="http://en.wikipedia.org/wiki/Drama_film" title="Drama film">drama film</a> about a journalist (played by <a class="external" href="http://en.wikipedia.org/wiki/Gregory_Peck" title="Gregory Peck">Gregory Peck</a>) who goes undercover as a <a class="external" href="http://en.wikipedia.org/wiki/Jew" title="Jew">Jew</a> to research <a class="external" href="http://en.wikipedia.org/wiki/Antisemitism" title="Antisemitism">antisemitism</a> in <a class="external" href="http://en.wikipedia.org/wiki/New_York_City" title="New York City">New York City</a> and the affluent community of <a class="external" href="http://en.wikipedia.org/wiki/Darien,_Connecticut" title="Darien, Connecticut">Darien, Connecticut</a>. The movie was controversial in its time, as was a similar film on the same subject, <i><a class="external" href="http://en.wikipedia.org/wiki/Crossfire_(film)" title="Crossfire (film)">Crossfire</a></i>, which was also released the same year and also nominated for a <a class="external" href="http://en.wikipedia.org/wiki/Academy_Award_for_Best_Picture" title="Academy Award for Best Picture">Best Picture Oscar</a>. <i>Gentleman's Agreement</i> was based on <a class="external" href="http://en.wikipedia.org/wiki/Laura_Z._Hobson" title="Laura Z. Hobson">Laura Z. Hobson</a>'s 1947 <a class="external" href="http://en.wikipedia.org/wiki/Gentleman%27s_Agreement_(novel)" title="Gentleman's Agreement (novel)">novel of the same name</a>.</p>
	<p xmlns="http://www.w3.org/1999/xhtml">The movie is available on <a class="external" href="http://en.wikipedia.org/wiki/DVD" title="DVD">DVD</a> as part of the <a class="external" href="http://en.wikipedia.org/wiki/20th_Century_Fox_Studio_Classics" title="20th Century Fox Studio Classics">20th Century Fox Studio Classics</a> collection.</p>
	<h2 xmlns="http://www.w3.org/1999/xhtml"> <span class="mw-headline" id="Plot">Plot</span></h2>
	<p xmlns="http://www.w3.org/1999/xhtml">Philip Schuyler Green (<a class="external" href="http://en.wikipedia.org/wiki/Gregory_Peck" title="Gregory Peck">Gregory Peck</a>) is a widowed <a class="external" href="http://en.wikipedia.org/wiki/Journalist" title="Journalist">journalist</a> who has just moved to <a class="external" href="http://en.wikipedia.org/wiki/New_York_City" title="New York City">New York City</a> with his son Tommy (<a class="external" href="http://en.wikipedia.org/wiki/Dean_Stockwell" title="Dean Stockwell">Dean Stockwell</a>) and mother (<a class="external" href="http://en.wikipedia.org/wiki/Anne_Revere" title="Anne Revere">Anne Revere</a>). Green meets with magazine publisher John Minify (<a class="external" href="http://en.wikipedia.org/wiki/Albert_Dekker" title="Albert Dekker">Albert Dekker</a>), who asks Green to write an article on <a class="external" href="http://en.wikipedia.org/wiki/Antisemitism" title="Antisemitism">antisemitism</a>. After initially struggling with how to approach the topic in a fresh way, Green is inspired to adopt a Jewish identity ("Phil Greenberg") and write about his own first-hand experiences. Green and Minify agree to keep it secret that Phil is not Jewish; since he and his family are new to New York, it should be easy to hide.</p>
	<p xmlns="http://www.w3.org/1999/xhtml">At a dinner party, Phil meets Minify's divorced niece Kathy Lacey (<a class="external" href="http://en.wikipedia.org/wiki/Dorothy_McGuire" title="Dorothy McGuire">Dorothy McGuire</a>), who turns out to be the person who originally suggested the story idea. Minify provides her with a large apartment and money. Kathy "works" as a pre-school teacher. Phil and Kathy begin dating. Though she seems to have <a class="external" href="http://en.wikipedia.org/wiki/Liberalism_in_the_United_States" title="Liberalism in the United States">liberal</a> views, when he reveals what he intends to do, she is taken aback and asks if he actually is Jewish. The strain on their relationship due to Kathy's subtle acquiescence to bigotry becomes a key theme in the film.</p>
	<p xmlns="http://www.w3.org/1999/xhtml">At the magazine, Phil is assigned a secretary, Elaine Wales (<a class="external" href="http://en.wikipedia.org/wiki/June_Havoc" title="June Havoc">June Havoc</a>), who reveals that she too is Jewish. She changed her name in order to get the job (her application under her real, Jewish-sounding name, Estelle Wilovsky, was rejected). After Phil informs Minify about Wales' experience, Minify orders the magazine to adopt hiring policies that are open to Jews. Wales has reservations about the new policy, fearing that the "wrong Jews" will be hired and ruin things for the few Jews working there now. Phil meets fashion editor Anne Dettrey (<a class="external" href="http://en.wikipedia.org/wiki/Celeste_Holm" title="Celeste Holm">Celeste Holm</a>), who becomes a good friend and potentially more, particularly as strains develop between Phil and Kathy.</p>
	<p xmlns="http://www.w3.org/1999/xhtml">As Phil's assignment proceeds, his childhood friend, Dave Goldman (<a class="external" href="http://en.wikipedia.org/wiki/John_Garfield" title="John Garfield">John Garfield</a>), who is Jewish, moves to New York for a job and lives with the Greens while he looks for a home for his family. Housing is scarce in the city, but it is particularly difficult for Goldman, since not all landlords will rent to a Jewish family. When Phil tells Dave about his project, Dave is supportive, but concerned.</p>
	<p xmlns="http://www.w3.org/1999/xhtml">As time goes on, Phil experiences several incidents of bigotry. When his mother becomes ill with a heart condition, the doctor discourages him from consulting a specialist with an obviously Jewish name, suggesting he might be cheated. When Phil reveals that he is himself Jewish, the doctor becomes uncomfortable and leaves. Also, when Phil wants to celebrate his honey moon at a swanky hotel for rich people in the country, the manager of the hotel refuses to register Phil, due to his being a Jew. Also, when kids at school learn that Tommy is Jewish, he becomes the target of <a class="external" href="http://en.wikipedia.org/wiki/Bullying" title="Bullying">bullies</a>. Phil is troubled by the way Kathy consoles Tommy, telling him that their taunts of "dirty Jew" are wrong because he isn't Jewish, not that the <a class="external" href="http://en.wikipedia.org/wiki/Epithet" title="Epithet">epithet</a> is wrong in and of itself.</p>
	<p xmlns="http://www.w3.org/1999/xhtml">Kathy's attitudes are revealed further when she and Phil announce their engagement. Her sister Jane (<a class="external" href="http://en.wikipedia.org/wiki/Jane_Wyatt" title="Jane Wyatt">Jane Wyatt</a>) invites them to a celebration in her home in <a class="external" href="http://en.wikipedia.org/wiki/Darien,_Connecticut" title="Darien, Connecticut">Darien, Connecticut</a>, which is known to be a "restricted" community where Jews are not welcome. Fearing an awkward scene, Kathy wants to tell her family and friends that Phil is only pretending to be a Jew, but Phil prevails on Kathy to tell only Jane. At the party, everyone is very friendly to Phil, though many people are "unable" to attend at the last minute.</p>
      </wiki:abstract>
      <h2 xmlns="http://www.w3.org/1999/xhtml"> <span class="mw-headline" id="Production">Production</span></h2>
      <p xmlns="http://www.w3.org/1999/xhtml">Zanuck decided to make a film version of Hobson's novel after being refused membership in the <a class="external" href="http://en.wikipedia.org/wiki/Los_Angeles_Country_Club" title="Los Angeles Country Club">Los Angeles Country Club</a> when it was assumed incorrectly that he was Jewish. Before filming commenced, <a class="external" href="http://en.wikipedia.org/wiki/Samuel_Goldwyn" title="Samuel Goldwyn">Samuel Goldwyn</a> and other Jewish film executives approached Darryl Zanuck and asked him not to make the film, fearing that it would "stir up trouble". They also warned that <a class="external" href="http://en.wikipedia.org/wiki/Hays_Code" title="Hays Code">Hays Code</a> enforcer <a class="external" href="http://en.wikipedia.org/wiki/Joseph_Breen" title="Joseph Breen">Joseph Breen</a> might not allow the film to pass the censors, as he had been known to make disparaging remarks about Jews. There was also concern that Dorothy McGuire's character being divorced would offend the <a class="external" href="http://en.wikipedia.org/wiki/National_Legion_of_Decency" title="National Legion of Decency">National Legion of Decency</a>. The role of Phillip Green was first offered to <a class="external" href="http://en.wikipedia.org/wiki/Cary_Grant" title="Cary Grant">Cary Grant</a>, but he turned it down. Peck decided to accept the role, although his agent advised him to refuse, believing he would be endangering his career. Jewish actor John Garfield agreed to play a lesser role in the film in order to be a part of the film.</p>
      <p xmlns="http://www.w3.org/1999/xhtml">The film was shot on location in Darien, Connecticut.</p>
      <h2 xmlns="http://www.w3.org/1999/xhtml"> <span class="mw-headline" id="Reception">Reception</span></h2>
      <p xmlns="http://www.w3.org/1999/xhtml"><i>Gentleman's Agreement</i> received a generally favorable reception from influential <i><a class="external" href="http://en.wikipedia.org/wiki/The_New_York_Times" title="The New York Times">New York Times</a></i> critic <a class="external" href="http://en.wikipedia.org/wiki/Bosley_Crowther" title="Bosley Crowther">Bosley Crowther</a>. Crowther said that "every point about prejudice which Miss Hobson had to make in her book has been made with superior illustration and more graphic demonstration in the film, so that the sweep of her moral indignation is not only widened but intensified thereby."</p>
      <p xmlns="http://www.w3.org/1999/xhtml">Crowther said that the movie shared the novel's failings in that "explorations are narrowly confined to the upper-class social and professional level to which he is immediately exposed." He also said that the main character's shock at the extent of antisemitism was lacking in credibility: "it is, in a careful analysis, an extraordinarily naive role."</p>
      <p xmlns="http://www.w3.org/1999/xhtml">In addition to winning Academy Awards for best picture and best director, <i>Gentleman's Agreement</i> was one of Fox's highest grossing movies of 1947. The political nature of the film, however, upset the <a class="external" href="http://en.wikipedia.org/wiki/House_Un-American_Activities_Committee" title="House Un-American Activities Committee">House Un-American Activities Committee</a>, with <a class="external" href="http://en.wikipedia.org/wiki/Elia_Kazan" title="Elia Kazan">Elia Kazan</a>, <a class="external" href="http://en.wikipedia.org/wiki/Darryl_F._Zanuck" title="Darryl F. Zanuck">Darryl Zanuck</a>, <a class="external" href="http://en.wikipedia.org/wiki/John_Garfield" title="John Garfield">John Garfield</a>, and <a class="external" href="http://en.wikipedia.org/wiki/Anne_Revere" title="Anne Revere">Anne Revere</a> all being called to testify before the committee. Both Garfield and Revere refused to testify and were placed on the <a class="external" href="http://en.wikipedia.org/wiki/Hollywood_Blacklist" title="Hollywood Blacklist">Hollywood Blacklist</a>. Revere did not appear in another movie for twenty years. Garfield remained on the blacklist for one year, was called again to testify against his wife, and died of a heart attack at the age of 39 before his second hearing date.</p>
      <h2 xmlns="http://www.w3.org/1999/xhtml"> <span class="mw-headline" id="Main_cast_and_characters">Main cast and characters</span></h2>
      <h2 xmlns="http://www.w3.org/1999/xhtml"> <span class="mw-headline" id="Awards">Awards</span></h2>
      <ul xmlns="http://www.w3.org/1999/xhtml">
	<li><a class="external" href="http://en.wikipedia.org/wiki/Academy_Award_for_Best_Picture" title="Academy Award for Best Picture">Academy Award for Best Picture</a> - <a class="external" href="http://en.wikipedia.org/wiki/20th_Century_Fox" title="20th Century Fox">20th Century-Fox</a> (<a class="external" href="http://en.wikipedia.org/wiki/Darryl_F._Zanuck" title="Darryl F. Zanuck">Darryl F. Zanuck</a>, producer)</li>
	<li><a class="external" href="http://en.wikipedia.org/wiki/Academy_Award_for_Best_Supporting_Actress" title="Academy Award for Best Supporting Actress">Academy Award for Best Supporting Actress</a> - <a class="external" href="http://en.wikipedia.org/wiki/Celeste_Holm" title="Celeste Holm">Celeste Holm</a></li>
	<li><a class="external" href="http://en.wikipedia.org/wiki/Academy_Award_for_Directing" title="Academy Award for Directing">Academy Award for Directing</a> - <a class="external" href="http://en.wikipedia.org/wiki/Elia_Kazan" title="Elia Kazan">Elia Kazan</a></li>
      </ul>
      <ul xmlns="http://www.w3.org/1999/xhtml">
	<li><a class="external" href="http://en.wikipedia.org/wiki/Academy_Award_for_Best_Actor" title="Academy Award for Best Actor">Academy Award for Best Actor</a> - Gregory Peck</li>
	<li><a class="external" href="http://en.wikipedia.org/wiki/Academy_Award_for_Best_Actress" title="Academy Award for Best Actress">Academy Award for Best Actress</a> - <a class="external" href="http://en.wikipedia.org/wiki/Dorothy_McGuire" title="Dorothy McGuire">Dorothy McGuire</a></li>
	<li><a class="external" href="http://en.wikipedia.org/wiki/Academy_Award_for_Best_Supporting_Actress" title="Academy Award for Best Supporting Actress">Academy Award for Best Supporting Actress</a> - <a class="external" href="http://en.wikipedia.org/wiki/Anne_Revere" title="Anne Revere">Anne Revere</a></li>
	<li><a class="external" href="http://en.wikipedia.org/wiki/Academy_Award_for_Film_Editing" title="Academy Award for Film Editing">Academy Award for Film Editing</a> - <a class="external" href="http://en.wikipedia.org/w/index.php?title=Harmon_Jones&amp;action=edit&amp;redlink=1" title="Harmon Jones (page does not exist)">Harmon Jones</a></li>
	<li><a class="external" href="http://en.wikipedia.org/wiki/Academy_Award_for_Best_Writing,_Screenplay" title="Academy Award for Best Writing, Screenplay">Academy Award for Best Writing, Screenplay</a> - <a class="external" href="http://en.wikipedia.org/wiki/Moss_Hart" title="Moss Hart">Moss Hart</a></li>
      </ul>
      <h2 xmlns="http://www.w3.org/1999/xhtml"> <span class="mw-headline" id="References">References</span></h2>
      <h2 xmlns="http://www.w3.org/1999/xhtml"> <span class="mw-headline" id="External_links">External links</span></h2>
      <ul xmlns="http://www.w3.org/1999/xhtml">
	<li><a href="http://www.imdb.com/title/tt0039416/" rel="nofollow"><i>Gentleman's Agreement</i></a> at the <a class="external" href="http://en.wikipedia.org/wiki/Internet_Movie_Database" title="Internet Movie Database">Internet Movie Database</a></li>
	<li><a href="http://www.allmovie.com/work/19402" rel="nofollow"><i>Gentleman's Agreement</i></a> at <a class="external" href="http://en.wikipedia.org/wiki/Allmovie" title="Allmovie">Allmovie</a></li>
	<li><a href="http://tcmdb.com/title/title.jsp?stid=76108" rel="nofollow"><i>Gentleman's Agreement</i></a> at the <a class="external" href="http://en.wikipedia.org/wiki/Turner_Classic_Movies" title="Turner Classic Movies">TCM Movie Database</a></li>
	<li><a href="http://www.rottentomatoes.com/m/gentlemans_agreement/" rel="nofollow"><i>Gentleman's Agreement</i></a> at <a class="external" href="http://en.wikipedia.org/wiki/Rotten_Tomatoes" title="Rotten Tomatoes">Rotten Tomatoes</a></li>
      </ul>
    </wiki:description>
  </wiki:film>
</wiki:nominee>