<?xml version="1.0" encoding="UTF-8"?>
<wiki:nominee year="2004" span="1" winner="false" award="supporting-actress" xmlns:wiki="http://marklogic.com/wikipedia">
  <!--
                            Copyright (c) 2010 MarkLogic Corporation.
                            Permission is granted to copy, distribute and/or modify this document
                            under the terms of the GNU Free Documentation License, Version 1.2
                            or any later version published by the Free Software Foundation;
                            with no Invariant Sections, no Front-Cover Texts, and no Back-Cover Texts.
                            A copy of the license is included in the section entitled "GNU
                            Free Documentation License"
                            
                            Content derived from http://en.wikipedia.org/wiki/Sideways and http://en.wikipedia.org/wiki/Virginia_Madsen
                            Modified in May 2009 by Mark Logic Corporation under the terms of the GNU Free Documentation License.
                        -->
  <wiki:name link="/wiki/Virginia_Madsen">Virginia Madsen</wiki:name>
  <wiki:person link="/wiki/Virginia_Madsen" name="Virginia Madsen">
    <wiki:oscar year="2004" span="1" winner="false" award="supporting-actress" film-link="/wiki/Sideways" film-title="Sideways"/>
    <wiki:image link="http://upload.wikimedia.org/wikipedia/commons/thumb/e/e6/Virginia_Madsen_Oscars_2009.jpg/220px-Virginia_Madsen_Oscars_2009.jpg"/>
    <wiki:birth>
      <wiki:date>1961-09-11</wiki:date>
      <wiki:place>
	<wiki:primary link="/wiki/Chicago,_Illinois">Chicago, Illinois</wiki:primary>
	<wiki:secondary link=""/>
      <enrich><woeid xmlns="http://where.yahooapis.com/v1/schema.rng">12588093</woeid><placeTypeName code="9" xmlns="http://where.yahooapis.com/v1/schema.rng">County</placeTypeName><name xmlns="http://where.yahooapis.com/v1/schema.rng">Cook</name><country code="US" type="Country" xmlns="http://where.yahooapis.com/v1/schema.rng">United States</country><admin1 code="US-IL" type="State" xmlns="http://where.yahooapis.com/v1/schema.rng">Illinois</admin1><admin2 code="" type="County" xmlns="http://where.yahooapis.com/v1/schema.rng">Cook</admin2><admin3 xmlns="http://where.yahooapis.com/v1/schema.rng"/><locality1 xmlns="http://where.yahooapis.com/v1/schema.rng"/><locality2 xmlns="http://where.yahooapis.com/v1/schema.rng"/><postal xmlns="http://where.yahooapis.com/v1/schema.rng"/><centroid xmlns="http://where.yahooapis.com/v1/schema.rng"><latitude>41.812019</latitude><longitude>-87.894127</longitude></centroid><boundingBox xmlns="http://where.yahooapis.com/v1/schema.rng"><southWest><latitude>41.469700</latitude><longitude>-88.263779</longitude></southWest><northEast><latitude>42.154339</latitude><longitude>-87.524490</longitude></northEast></boundingBox><areaRank xmlns="http://where.yahooapis.com/v1/schema.rng">7</areaRank><popRank xmlns="http://where.yahooapis.com/v1/schema.rng">0</popRank></enrich></wiki:place>
    </wiki:birth>
    <wiki:description>
      <p xmlns="http://www.w3.org/1999/xhtml"><b>Virginia Madsen</b> (born September 11, 1961) is an American actress and documentary film producer. She came to fame during the 1980s, having appeared in several films aimed at a teenage audience. Two decades later, she had an <a class="external" href="http://en.wikipedia.org/wiki/Academy_Award" title="Academy Award">Academy Award</a> and <a class="external" href="http://en.wikipedia.org/wiki/Golden_Globe" title="Golden Globe">Golden Globe</a>-nominated role in the 2004 film <i><a class="external" href="http://en.wikipedia.org/wiki/Sideways" title="Sideways">Sideways</a></i>.</p>
      <h2 xmlns="http://www.w3.org/1999/xhtml"> <span class="mw-headline" id="Early_life">Early life</span></h2>
      <p xmlns="http://www.w3.org/1999/xhtml">Madsen was born in <a class="external" href="http://en.wikipedia.org/wiki/Chicago,_Illinois" title="Chicago, Illinois">Chicago, Illinois</a>, the daughter of Elaine (<a class="external" href="http://en.wikipedia.org/wiki/N%C3%A9e" title="NÃ©e">nÃ©e</a> Melson), an <a class="external" href="http://en.wikipedia.org/wiki/Emmy_Award" title="Emmy Award">Emmy</a>-winning <a class="external" href="http://en.wikipedia.org/wiki/Poet" title="Poet">poet</a>, producer and <a class="external" href="http://en.wikipedia.org/wiki/Playwright" title="Playwright">playwright</a> who often works for <a class="external" href="http://en.wikipedia.org/wiki/PBS" title="PBS">PBS</a>, and Calvin Madsen, a <a class="external" href="http://en.wikipedia.org/wiki/Firefighter" title="Firefighter">fireman</a>. Madsen's mother left a career in corporate business to pursue a writing career. Madsen's brother is actor <a class="external" href="http://en.wikipedia.org/wiki/Michael_Madsen" title="Michael Madsen">Michael Madsen</a>. Her paternal grandparents were Danish and her mother has Irish and <a class="external" href="http://en.wikipedia.org/wiki/Native_Americans_in_the_United_States" title="Native Americans in the United States">Native American</a> ancestry. Madsen is a graduate of <a class="external" href="http://en.wikipedia.org/wiki/New_Trier_High_School" title="New Trier High School">New Trier High School</a> in <a class="external" href="http://en.wikipedia.org/wiki/Winnetka,_Illinois" title="Winnetka, Illinois">Winnetka, Illinois</a>.</p>
      <p xmlns="http://www.w3.org/1999/xhtml">Her first effort as a <a class="external" href="http://en.wikipedia.org/wiki/Thespian" title="Thespian">thespian</a> was as her brotherâ€™s assistant in magic shows the two would concoct for their family. She later attended the Ted Liss Acting Studio in Chicago and Harand Camp Adult Theater Seminar in <a class="external" href="http://en.wikipedia.org/wiki/Elkhart_Lake,_Wisconsin" title="Elkhart Lake, Wisconsin">Elkhart Lake, Wisconsin</a>. Of her experience with Liss, she said:</p>
      <h2 xmlns="http://www.w3.org/1999/xhtml"> <span class="mw-headline" id="Career">Career</span></h2>
      <p xmlns="http://www.w3.org/1999/xhtml">Audiences first caught a glimpse of Madsen in a bit part she landed as Lisa in the teen sex comedy <i><a class="external" href="http://en.wikipedia.org/wiki/Class_(film)" title="Class (film)">Class</a></i>. She portrayed a role as cellist named Madeline in <i><a class="external" href="http://en.wikipedia.org/wiki/Electric_Dreams_(film)" title="Electric Dreams (film)">Electric Dreams</a></i> (1984), which was the first film release by Virgin Films Production Company. She was cast as <a class="external" href="http://en.wikipedia.org/wiki/Princess_Irulan" title="Princess Irulan">Princess Irulan</a> in <a class="external" href="http://en.wikipedia.org/wiki/David_Lynch" title="David Lynch">David Lynch</a>'s <a class="external" href="http://en.wikipedia.org/wiki/Science_fiction" title="Science fiction">science fiction</a> epic <i><a class="external" href="http://en.wikipedia.org/wiki/Dune_(film)" title="Dune (film)">Dune</a></i> (1984).</p>
      <p xmlns="http://www.w3.org/1999/xhtml">Madsen first became popular with audiences in 1986 with her portrayal of a Catholic schoolgirl who fell in love with a boy from a prison camp in Duncan Gibbons's <i><a class="external" href="http://en.wikipedia.org/wiki/Fire_with_Fire" title="Fire with Fire">Fire with Fire</a></i>. As beauty queen Dixie Lee Boxx, she was the sexy romantic interest of minor-league baseball manager Cecil "Stud" Cantrell (<a class="external" href="http://en.wikipedia.org/wiki/William_Petersen" title="William Petersen">William Petersen</a>) in the made-for-cable <i>Long Gone</i> (1987). She appeared as Maddie Hayes' cousin in the final season of <i><a class="external" href="http://en.wikipedia.org/wiki/Moonlighting_(TV_series)" title="Moonlighting (TV series)">Moonlighting</a></i>.</p>
      <p xmlns="http://www.w3.org/1999/xhtml">She also starred in the 1992 <a class="external" href="http://en.wikipedia.org/wiki/Slasher_film" title="Slasher film">slasher film</a> <i><a class="external" href="http://en.wikipedia.org/wiki/Candyman_(film)" title="Candyman (film)">Candyman</a></i>. During the filming of <i>Candyman</i> Madsen was hypnotised so that her pupils would remain dilated while she acted out certain scenes. The director <a class="external" href="http://en.wikipedia.org/wiki/Bernard_Rose_(director)" title="Bernard Rose (director)">Bernard Rose</a> wanted the character to not have a typical screaming style of when confronted by the villain. Madsen stated in an interview for the DVD in 2004 that there were some days during filming that she did not remember much due to the hypnotism. She told her director that she did not want to be hypnotised after the initial few experiences.</p>
      <p xmlns="http://www.w3.org/1999/xhtml">A couple of provocative film appearances followed: 1990's <i><a class="external" href="http://en.wikipedia.org/wiki/The_Hot_Spot" title="The Hot Spot">The Hot Spot</a></i> with <a class="external" href="http://en.wikipedia.org/wiki/Don_Johnson" title="Don Johnson">Don Johnson</a>, directed by <a class="external" href="http://en.wikipedia.org/wiki/Dennis_Hopper" title="Dennis Hopper">Dennis Hopper</a>, and the equally steamy <i>Third Degree Burn</i> with <a class="external" href="http://en.wikipedia.org/wiki/Treat_Williams" title="Treat Williams">Treat Williams</a>. She was also co-host of the TV series <i><a class="external" href="http://en.wikipedia.org/wiki/Unsolved_Mysteries" title="Unsolved Mysteries">Unsolved Mysteries</a></i> in 1999, the show's final season on <a class="external" href="http://en.wikipedia.org/wiki/CBS" title="CBS">CBS</a>.</p>
      <p xmlns="http://www.w3.org/1999/xhtml">Madsen appeared in a small but key role in the <a class="external" href="http://en.wikipedia.org/wiki/Francis_Ford_Coppola" title="Francis Ford Coppola">Francis Ford Coppola</a> drama <i><a class="external" href="http://en.wikipedia.org/wiki/The_Rainmaker_(1997_film)" title="The Rainmaker (1997 film)">The Rainmaker</a></i> (1997) starring <a class="external" href="http://en.wikipedia.org/wiki/Matt_Damon" title="Matt Damon">Matt Damon</a>. Film critic <a class="external" href="http://en.wikipedia.org/wiki/Roger_Ebert" title="Roger Ebert">Roger Ebert</a> said that Madsen had a "strong scene," while reviewer James Berardinelli noted that "the supporting cast is solid, with turns from... Virginia Madsen as a witness for the plaintiff". Madsen had spent more than twenty years in minor films before her breakout critically acclaimed performance in <i><a class="external" href="http://en.wikipedia.org/wiki/Sideways" title="Sideways">Sideways</a></i> (2004). The role catapulted her onto the Hollywood <a class="external" href="http://en.wikipedia.org/wiki/A-list" title="A-list">A-list</a>. Her first major role after <i>Sideways</i> was opposite <a class="external" href="http://en.wikipedia.org/wiki/Harrison_Ford" title="Harrison Ford">Harrison Ford</a> in <i><a class="external" href="http://en.wikipedia.org/wiki/Firewall_(film)" title="Firewall (film)">Firewall</a></i>. She later appeared in <a class="external" href="http://en.wikipedia.org/wiki/Robert_Altman" title="Robert Altman">Robert Altman</a>'s <i><a class="external" href="http://en.wikipedia.org/wiki/A_Prairie_Home_Companion" title="A Prairie Home Companion">A Prairie Home Companion</a>,</i> in a key role as the angel. She co-starred with <a class="external" href="http://en.wikipedia.org/wiki/Jim_Carrey" title="Jim Carrey">Jim Carrey</a> in <i><a class="external" href="http://en.wikipedia.org/wiki/The_Number_23" title="The Number 23">The Number 23</a></i> and <a class="external" href="http://en.wikipedia.org/wiki/Billy_Bob_Thornton" title="Billy Bob Thornton">Billy Bob Thornton</a> in <i><a class="external" href="http://en.wikipedia.org/wiki/The_Astronaut_Farmer" title="The Astronaut Farmer">The Astronaut Farmer</a></i>; both films opened in North America on February 23, 2007.</p>
      <p xmlns="http://www.w3.org/1999/xhtml">She voiced <a class="external" href="http://en.wikipedia.org/wiki/Hippolyta_(DC_Comics)" title="Hippolyta (DC Comics)">Queen Hippolyte</a>, mother of <a class="external" href="http://en.wikipedia.org/wiki/Wonder_Woman" title="Wonder Woman">Wonder Woman</a>, in the 2009 animated <i><a class="external" href="http://en.wikipedia.org/wiki/Wonder_Woman_(film)" title="Wonder Woman (film)">Wonder Woman</a></i> film.</p>
      <p xmlns="http://www.w3.org/1999/xhtml">Madsen has made numerous television appearances including: <i><a class="external" href="http://en.wikipedia.org/wiki/Star_Trek:_Voyager" title="Star Trek: Voyager">Star Trek: Voyager</a></i>, <i><a class="external" href="http://en.wikipedia.org/wiki/CSI:_Miami" title="CSI: Miami">CSI: Miami</a></i>, <i><a class="external" href="http://en.wikipedia.org/wiki/Dawson%27s_Creek" title="Dawson's Creek">Dawson's Creek</a></i>, <i><a class="external" href="http://en.wikipedia.org/wiki/The_Practice" title="The Practice">The Practice</a></i>, <i><a class="external" href="http://en.wikipedia.org/wiki/Frasier" title="Frasier">Frasier</a></i>, and other series. She starred opposite <a class="external" href="http://en.wikipedia.org/wiki/Ray_Liotta" title="Ray Liotta">Ray Liotta</a> in <a class="external" href="http://en.wikipedia.org/wiki/CBS" title="CBS">CBS</a>'s short-lived crime drama series <i><a class="external" href="http://en.wikipedia.org/wiki/Smith_(TV_series)" title="Smith (TV series)">Smith</a></i>. She also made many appearances in the final season of the USA series <i><a class="external" href="http://en.wikipedia.org/wiki/Monk_(TV_series)" title="Monk (TV series)">Monk</a></i>.</p>
      <p xmlns="http://www.w3.org/1999/xhtml">She appeared with <a class="external" href="http://en.wikipedia.org/wiki/Kenny_Loggins" title="Kenny Loggins">Kenny Loggins</a> in the music video "I'm Free", from the <i><a class="external" href="http://en.wikipedia.org/wiki/Footloose_(1984_film)" title="Footloose (1984 film)">Footloose</a></i> <a class="external" href="http://en.wikipedia.org/wiki/Footloose_(soundtrack)" title="Footloose (soundtrack)">soundtrack</a> (1984).</p>
      <p xmlns="http://www.w3.org/1999/xhtml">In 2010, she landed the starring role of <i>Cheryl West</i> in the ABC crime series <i><a class="external" href="http://en.wikipedia.org/wiki/Scoundrels" title="Scoundrels">Scoundrels</a></i>.</p>
      <p xmlns="http://www.w3.org/1999/xhtml">In 2008, she formed her own film production company called Title IX Prods. Her first project was a film made with her mother called <i>I Know a Woman Like That.</i> The film is a documentary about the lives of older women. Her second project is called <i>Fighting Gravity</i> and is about the inability of female ski jumpers to obtain recognition in Olympic competition.</p>
      <h2 xmlns="http://www.w3.org/1999/xhtml"> <span class="mw-headline" id="Personal_life">Personal life</span></h2>
      <p xmlns="http://www.w3.org/1999/xhtml">When Madsen arrived in Hollywood, she was engaged to actor <a class="external" href="http://en.wikipedia.org/wiki/Billy_Campbell" title="Billy Campbell">Billy Campbell</a>. She married actor <a class="external" href="http://en.wikipedia.org/wiki/Danny_Huston" title="Danny Huston">Danny Huston</a> in 1989 and they divorced in 1992. Madsen also had a relationship with actor <a class="external" href="http://en.wikipedia.org/wiki/Antonio_Sab%C3%A0to,_Jr." title="Antonio SabÃ to, Jr.">Antonio SabÃ to, Jr.</a>, with whom she had a son, Jack Antonio (born August 6, 1994).</p>
      <p xmlns="http://www.w3.org/1999/xhtml">Madsen has <a class="external" href="http://en.wikipedia.org/wiki/Heterochromia" title="Heterochromia">heterochromia</a>, a <a class="external" href="http://en.wikipedia.org/wiki/Genetics" title="Genetics">genetic</a> trait resulting in different pigmentation of the eyes. Madsen has one green eye, and one half-green, half-brown eye.</p>
      <p xmlns="http://www.w3.org/1999/xhtml">She was a member of the US Dramatic Jury at the <a class="external" href="http://en.wikipedia.org/wiki/2009_Sundance_Film_Festival" title="2009 Sundance Film Festival">2009 Sundance Film Festival</a>.</p>
      <h2 xmlns="http://www.w3.org/1999/xhtml"> <span class="mw-headline" id="Awards">Awards</span></h2>
      <p xmlns="http://www.w3.org/1999/xhtml"><b>Nominations:</b> <b><a class="external" href="http://en.wikipedia.org/wiki/Academy_Awards" title="Academy Awards">Academy Awards</a></b></p>
      <ul xmlns="http://www.w3.org/1999/xhtml">
	<li><i>Sideways</i> (2004) â€“ Best Supporting Actress</li>
      </ul>
      <p xmlns="http://www.w3.org/1999/xhtml"><b>Nominations:</b> <b><a class="external" href="http://en.wikipedia.org/wiki/Golden_Globes" title="Golden Globes">Golden Globes</a></b></p>
      <ul xmlns="http://www.w3.org/1999/xhtml">
	<li><i>Sideways</i> (2004) â€“ Best Supporting Actress</li>
      </ul>
      <p xmlns="http://www.w3.org/1999/xhtml"><b>Wins:</b></p>
      <ul xmlns="http://www.w3.org/1999/xhtml">
	<li><i>Candyman</i> (1992) â€“ Best Actress: <a class="external" href="http://en.wikipedia.org/wiki/Academy_of_Science_Fiction,_Fantasy_%26_Horror_Films" title="Academy of Science Fiction, Fantasy &amp; Horror Films">Academy of Science Fiction, Fantasy &amp; Horror Films</a>.</li>
	<li><i>Sideways</i> (2004) â€“ Best Supporting Actress: <a class="external" href="http://en.wikipedia.org/wiki/Broadcast_Film_Critics_Association" title="Broadcast Film Critics Association">Broadcast Film Critics Association</a> Awards; <a class="external" href="http://en.wikipedia.org/wiki/Chicago_Film_Critics_Association" title="Chicago Film Critics Association">Chicago Film Critics Association</a> Awards; Dallas-Fort Worth Film Critics Association Awards; <a class="external" href="http://en.wikipedia.org/wiki/Los_Angeles_Film_Critics_Association" title="Los Angeles Film Critics Association">Los Angeles Film Critics Association</a> Awards; <a class="external" href="http://en.wikipedia.org/wiki/New_York_Film_Critics_Circle" title="New York Film Critics Circle">New York Film Critics Circle</a> Awards; and others.</li>
      </ul>
      <h2 xmlns="http://www.w3.org/1999/xhtml"> <span class="mw-headline" id="Filmography">Filmography</span></h2>
      <ul xmlns="http://www.w3.org/1999/xhtml">
	<li>1983: <i><a class="external" href="http://en.wikipedia.org/wiki/Class_(film)" title="Class (film)">Class</a></i> as Lisa</li>
	<li>1984: <i><a class="external" href="http://en.wikipedia.org/wiki/Electric_Dreams_(film)" title="Electric Dreams (film)">Electric Dreams</a></i> as Madeline Robistat</li>
	<li>1984: <i><a class="external" href="http://en.wikipedia.org/wiki/Dune_(film)" title="Dune (film)">Dune</a></i> as Princess Irulan</li>
	<li>1985: <i><a class="external" href="http://en.wikipedia.org/wiki/Creator_(film)" title="Creator (film)">Creator</a></i> as Barbara Spencer</li>
	<li>1986: <i><a class="external" href="http://en.wikipedia.org/wiki/Fire_with_Fire" title="Fire with Fire">Fire with Fire</a></i> as Lisa Taylor</li>
	<li>1986: <i><a class="external" href="http://en.wikipedia.org/wiki/Modern_Girls" title="Modern Girls">Modern Girls</a></i> as Kelly</li>
	<li>1987: <i><a class="external" href="http://en.wikipedia.org/wiki/Slam_Dance_(film)" title="Slam Dance (film)">Slam Dance</a></i> as Yolanda Caldwell</li>
	<li>1987: <i><a class="external" href="http://en.wikipedia.org/wiki/Zombie_High" title="Zombie High">Zombie High</a></i> as Andrea</li>
	<li>1987: <i><a class="external" href="http://en.wikipedia.org/wiki/Long_Gone" title="Long Gone">Long Gone</a></i> as Dixie Lee Boxx</li>
	<li>1988: <i>Gotham</i> as Rachel Carlyle</li>
	<li>1988: <i><a class="external" href="http://en.wikipedia.org/wiki/Mr._North" title="Mr. North">Mr. North</a></i> as Sally Boffin</li>
	<li>1988: <i><a class="external" href="http://en.wikipedia.org/wiki/Hot_to_Trot" title="Hot to Trot">Hot to Trot</a></i> as Allison Rowe</li>
	<li>1989: <i><a class="external" href="http://en.wikipedia.org/wiki/Heart_of_Dixie" title="Heart of Dixie">Heart of Dixie</a></i> as Delia June Curry</li>
	<li>1990: <i><a class="external" href="http://en.wikipedia.org/wiki/The_Hot_Spot" title="The Hot Spot">The Hot Spot</a></i> as Dolly Harshaw</li>
	<li>1991: <i>Becoming Colette</i> as Polaire</li>
	<li>1991: <i><a class="external" href="http://en.wikipedia.org/wiki/Highlander_II:_The_Quickening" title="Highlander II: The Quickening">Highlander II: The Quickening</a></i> as Louise Marcus</li>
	<li>1991: <i><a class="external" href="http://en.wikipedia.org/wiki/Ironclads_(film)" title="Ironclads (film)">Ironclads</a></i> as Betty Stuart</li>
	<li>1992: <i>A Murderous Affair: The <a class="external" href="http://en.wikipedia.org/wiki/Carolyn_Warmus" title="Carolyn Warmus">Carolyn Warmus</a> Story</i> as Carolyn Warmus</li>
	<li>1992: <i><a class="external" href="http://en.wikipedia.org/wiki/Candyman_(film)" title="Candyman (film)">Candyman</a></i> as Helen Lyle</li>
	<li>1994: <i><a class="external" href="http://en.wikipedia.org/wiki/Caroline_at_Midnight" title="Caroline at Midnight">Caroline at Midnight</a></i> as Susan Prince</li>
	<li>1994: <i><a class="external" href="http://en.wikipedia.org/wiki/Blue_Tiger_(film)" title="Blue Tiger (film)">Blue Tiger</a></i> as Gina Hayes</li>
	<li>1995: <i><a class="external" href="http://en.wikipedia.org/wiki/The_Prophecy" title="The Prophecy">The Prophecy</a></i> as Katherine</li>
	<li>1996: <i><a class="external" href="http://en.wikipedia.org/wiki/Just_Your_Luck" title="Just Your Luck">Just Your Luck</a></i> as Kim</li>
	<li>1996: <i><a class="external" href="http://en.wikipedia.org/wiki/Ghosts_of_Mississippi" title="Ghosts of Mississippi">Ghosts of Mississippi</a></i> as Dixie DeLaughter</li>
	<li>1997: <i><a class="external" href="http://en.wikipedia.org/wiki/The_Rainmaker_(1997_film)" title="The Rainmaker (1997 film)">The Rainmaker</a></i> as Jackie Lemancyzk</li>
	<li>1998: <i>Ballad of the Nightingale</i> as N/A</li>
	<li>1998: <i>Ambushed</i> as Lucy Monroe</li>
	<li>1999: <i><a class="external" href="http://en.wikipedia.org/wiki/The_Florentine" title="The Florentine">The Florentine</a></i> as Molly</li>
	<li>1999: <i><a class="external" href="http://en.wikipedia.org/wiki/The_Haunting_(1999_film)" title="The Haunting (1999 film)">The Haunting</a></i> as Jane</li>
	<li>2000: <i>Lying in Wait</i> as Vera Miller</li>
	<li>2000: <i>Children of Fortune</i> as Ingrid Bast</li>
	<li>2000: <i><a class="external" href="http://en.wikipedia.org/wiki/After_Sex_(2000_film)" title="After Sex (2000 film)">After Sex</a></i> as Traci</li>
	<li>2001: <i><a class="external" href="http://en.wikipedia.org/wiki/Crossfire_Trail_(film)" title="Crossfire Trail (film)">Crossfire Trail</a></i> as Anne Rodney</li>
	<li>2001: <i><a class="external" href="http://en.wikipedia.org/wiki/Full_Disclosure_(film)" title="Full Disclosure (film)">Full Disclosure</a></i> as Brenda Hopkins</li>
	<li>2001: <i>Almost Salinas</i> as Clare</li>
	<li>2001: <i>Just Ask My Children</i> as Brenda Kniffen</li>
	<li>2002: <i>Justice League</i> as Dr. Sarah Corwin <small>(4 episodes) [2002-06</small></li>
	<li>2002: <i><a class="external" href="http://en.wikipedia.org/wiki/American_Gun_(2002_film)" title="American Gun (2002 film)">American Gun</a></i> as Penny Tillman</li>
	<li>2003: <i>Artworks</i> as Emma Becker</li>
	<li>2003: <i>Nobody Knows Anything!</i> as Prison Lawyer</li>
	<li>2003: <i><a class="external" href="http://en.wikipedia.org/wiki/CSI:_Miami" title="CSI: Miami">CSI: Miami</a></i> as Krista Walker <small>(1 episode)</small></li>
	<li>2003: <i>Tempted</i> as Emma Burke</li>
	<li>2004: <i><a class="external" href="http://en.wikipedia.org/wiki/Sideways" title="Sideways">Sideways</a></i> as Maya</li>
	<li>2004: <i>Brave New Girl</i> as Wanda Lovell</li>
	<li>2006: <i>Smith</i> as Hope Stevens <small>(7 episodes) [2006-07]</small></li>
	<li>2006: <i><a class="external" href="http://en.wikipedia.org/wiki/Firewall_(film)" title="Firewall (film)">Firewall</a></i> as Beth Stanfield</li>
	<li>2006: <i><a class="external" href="http://en.wikipedia.org/wiki/A_Prairie_Home_Companion_(film)" title="A Prairie Home Companion (film)">A Prairie Home Companion</a></i> as Dangerous Woman</li>
	<li>2007: <i><a class="external" href="http://en.wikipedia.org/wiki/The_Astronaut_Farmer" title="The Astronaut Farmer">The Astronaut Farmer</a></i> as Audrey 'Audie' Farmer</li>
	<li>2007: <i>Ripple Effect</i> as Sherry</li>
	<li>2007: <i><a class="external" href="http://en.wikipedia.org/wiki/The_Number_23" title="The Number 23">The Number 23</a></i> as Agatha Sparrow / Fabrizia</li>
	<li>2007: <i><a class="external" href="http://en.wikipedia.org/wiki/Cutlass_(short_film)" title="Cutlass (short film)">Cutlass</a></i> as Robin</li>
	<li>2007: <i><a class="external" href="http://en.wikipedia.org/wiki/Being_Michael_Madsen" title="Being Michael Madsen">Being Michael Madsen</a></i> as N/A</li>
	<li>2008: <i><a class="external" href="http://en.wikipedia.org/wiki/Diminished_Capacity" title="Diminished Capacity">Diminished Capacity</a></i> as Charlotte</li>
	<li>2009: <i><a class="external" href="http://en.wikipedia.org/wiki/The_Haunting_in_Connecticut" title="The Haunting in Connecticut">The Haunting in Connecticut</a></i> as Sara Campbell</li>
	<li>2009: <i><a class="external" href="http://en.wikipedia.org/wiki/Monk_(TV_series)" title="Monk (TV series)">Monk</a></i> as T.K. Jensen <small>(3 episodes)</small></li>
	<li>2009: <i><a class="external" href="http://en.wikipedia.org/wiki/Amelia_(film)" title="Amelia (film)">Amelia</a></i> as <a class="external" href="http://en.wikipedia.org/w/index.php?title=Dorothy_Binney&amp;action=edit&amp;redlink=1" title="Dorothy Binney (page does not exist)">Dorothy Binney</a> <small>(her scenes were cut)</small></li>
	<li>2010: <i>Father of Invention</i> as N/A</li>
	<li>2010: <i><a class="external" href="http://en.wikipedia.org/wiki/Scoundrels_(TV_series)" title="Scoundrels (TV series)">Scoundrels</a></i> as Cheryl West <small>[2010â€“present]</small></li>
	<li>2011: <i><a class="external" href="http://en.wikipedia.org/wiki/Red_Riding_Hood_(2011_film)" title="Red Riding Hood (2011 film)">Red Riding Hood</a></i> as Suzette <small>(filming)</small></li>
      </ul>
      <h2 xmlns="http://www.w3.org/1999/xhtml"> <span class="mw-headline" id="References">References</span></h2>
      <h2 xmlns="http://www.w3.org/1999/xhtml"> <span class="mw-headline" id="External_links">External links</span></h2>
      <ul xmlns="http://www.w3.org/1999/xhtml">
	<li><span class="official website"><a href="http://virginia-madsen.org" rel="nofollow">Official website</a></span></li>
	<li><a href="http://www.imdb.com/name/nm515/" rel="nofollow">Virginia Madsen</a> at the <a class="external" href="http://en.wikipedia.org/wiki/Internet_Movie_Database" title="Internet Movie Database">Internet Movie Database</a></li>
	<li><a href="http://www.knightatthemovies.com/KATM_Virginia_Madsen" rel="nofollow">Virginia Madsen interview regarding The Astronaut Farmer-The Number 23</a></li>
	<li><a href="http://www.knightatthemovies.com/KATM_VirginiaMadsen09" rel="nofollow">Virginia Madsen discusses A Haunting in Connecticut with Knight at the Movies</a></li>
      </ul>
    </wiki:description>
  </wiki:person>
  <wiki:film-title link="/wiki/Sideways">Sideways</wiki:film-title>
  <wiki:film link="/wiki/Sideways" title="Sideways">
    <wiki:oscar-ref year="2004" span="1" winner="false" award="best-director" person-link="/wiki/Alexander_Payne" person-name="Alexander Payne"/>
    <wiki:oscar-ref year="2004" span="1" winner="false" award="supporting-actor" person-link="/wiki/Thomas_Haden_Church" person-name="Thomas Haden Church"/>
    <wiki:oscar-ref year="2004" span="1" winner="false" award="supporting-actress" person-link="/wiki/Virginia_Madsen" person-name="Virginia Madsen"/>
    <wiki:oscar year="2004" span="1" winner="false" award="best-picture"/>
    <wiki:producer link="/wiki/Michael_London">Michael London</wiki:producer>
    <wiki:director link="/wiki/Alexander_Payne">Alexander Payne</wiki:director>
    <wiki:writer link="/wiki/Rex_Pickett">Rex Pickett</wiki:writer>
    <wiki:writer link="/wiki/Jim_Taylor_(writer)">Jim Taylor</wiki:writer>
    <wiki:distributor link="/wiki/Fox_Searchlight">Fox Searchlight</wiki:distributor>
    <wiki:starring link="/wiki/Paul_Giamatti">Paul Giamatti</wiki:starring>
    <wiki:starring link="/wiki/Thomas_Haden_Church">Thomas Haden Church</wiki:starring>
    <wiki:starring link="/wiki/Virginia_Madsen">Virginia Madsen</wiki:starring>
    <wiki:starring link="/wiki/Sandra_Oh">Sandra Oh</wiki:starring>
    <wiki:description>
      <wiki:abstract>
	<p xmlns="http://www.w3.org/1999/xhtml"><i><b>Sideways</b></i> is a 2004 American <a class="external" href="http://en.wikipedia.org/wiki/Comedy-drama_film" title="Comedy-drama film">comedy-drama film</a> written by <a class="external" href="http://en.wikipedia.org/wiki/Jim_Taylor_(writer)" title="Jim Taylor (writer)">Jim Taylor</a> and <a class="external" href="http://en.wikipedia.org/wiki/Alexander_Payne" title="Alexander Payne">Alexander Payne</a> and directed by Payne. Adapted from <a class="external" href="http://en.wikipedia.org/wiki/Rex_Pickett" title="Rex Pickett">Rex Pickett</a>'s <a class="external" href="http://en.wikipedia.org/wiki/Sideways_(novel)" title="Sideways (novel)">2004 novel</a>, <i>Sideways</i> follows two forty-something year old men, portrayed by <a class="external" href="http://en.wikipedia.org/wiki/Paul_Giamatti" title="Paul Giamatti">Paul Giamatti</a> and <a class="external" href="http://en.wikipedia.org/wiki/Thomas_Haden_Church" title="Thomas Haden Church">Thomas Haden Church</a>, who take a week-long road trip to the wine country of <a class="external" href="http://en.wikipedia.org/wiki/Santa_Barbara_County,_California" title="Santa Barbara County, California">Santa Barbara</a>. Payne and Taylor won multiple awards for their screenplay. Giamatti and Church, as well as actresses <a class="external" href="http://en.wikipedia.org/wiki/Virginia_Madsen" title="Virginia Madsen">Virginia Madsen</a> and <a class="external" href="http://en.wikipedia.org/wiki/Sandra_Oh" title="Sandra Oh">Sandra Oh</a>, playing local women who become romantically involved with the men, all received accolades for their performances.</p>
	<h2 xmlns="http://www.w3.org/1999/xhtml"> <span class="mw-headline" id="Plot">Plot</span></h2>
	<p xmlns="http://www.w3.org/1999/xhtml">Miles Raymond (Giamatti) is a single divorcÃ©, unpublished <a class="external" href="http://en.wikipedia.org/wiki/Writer" title="Writer">writer</a>, <a class="external" href="http://en.wikipedia.org/wiki/Oenophilia" title="Oenophilia">wine-aficionado</a> and middle school English teacher, living in <a class="external" href="http://en.wikipedia.org/wiki/San_Diego" title="San Diego">San Diego</a>, who takes his soon-to-be-married <a class="external" href="http://en.wikipedia.org/wiki/Actor" title="Actor">actor</a> friend and <a class="external" href="http://en.wikipedia.org/wiki/College" title="College">college</a> <a class="external" href="http://en.wikipedia.org/wiki/Roommate" title="Roommate">roommate</a>, Jack Cole (Church), on a week-long road trip through <a class="external" href="http://en.wikipedia.org/wiki/Santa_Ynez_Valley" title="Santa Ynez Valley">Santa Ynez Valley</a> <a class="external" href="http://en.wikipedia.org/wiki/Wine" title="Wine">wine</a> <a class="external" href="http://en.wikipedia.org/wiki/Country" title="Country">country</a>. Miles wants to drink <a class="external" href="http://en.wikipedia.org/wiki/Wine" title="Wine">wine</a>, eat fine <a class="external" href="http://en.wikipedia.org/wiki/Food" title="Food">food</a>, play <a class="external" href="http://en.wikipedia.org/wiki/Golf" title="Golf">golf</a>, enjoy the scenery, and send Jack off in style. However, Jack is more interested in "sowing his wild oats" and having one last <a class="external" href="http://en.wikipedia.org/wiki/Casual_sex" title="Casual sex">sexual fling</a>. Along the way, Miles stops to see his mother for her birthday, and also to steal some cash that she keeps hidden. During dinner it becomes clear that Miles still has strong feelings for his ex-wife, Victoria.</p>
	<p xmlns="http://www.w3.org/1999/xhtml">Soon after their arrival in wine country, they encounter Maya (<a class="external" href="http://en.wikipedia.org/wiki/Virginia_Madsen" title="Virginia Madsen">Virginia Madsen</a>), a waitress at Miles' favorite restaurant, and her friend Stephanie (<a class="external" href="http://en.wikipedia.org/wiki/Sandra_Oh" title="Sandra Oh">Sandra Oh</a>), a winery employee. Jack quickly arranges a double date. Neither man tells the women about Jack's imminent marriage. Jack embarks on a whirlwind affair with Stephanie while Miles hesitantly tries to connect with Maya. After some fumbling and awkward moments, Miles and Maya sleep together, and he gives her a copy of his unpublished <a class="external" href="http://en.wikipedia.org/wiki/Manuscript" title="Manuscript">manuscript</a>.</p>
	<p xmlns="http://www.w3.org/1999/xhtml">The following day, Miles accidentally lets slip to Maya the fact that Jack is soon to be married. She tells Stephanie, who attacks Jack, breaking his nose. Miles also receives the crushing news that his novel has been rejected yet again, and his agent advises him that it is probably futile to keep resubmitting it. He causes a scene in a winery, drinking the contents of the <a class="external" href="http://en.wikipedia.org/wiki/Spittoon" title="Spittoon">spittoon</a> in an attempt to drown his sorrows.</p>
	<p xmlns="http://www.w3.org/1999/xhtml">Miles hopes that the altercation with Stephanie has quieted Jack's hormonally charged mindset, but Jack meets Cammi, an overweight <a class="external" href="http://en.wikipedia.org/wiki/Waitress" title="Waitress">waitress</a> who recognizes him from his acting work, and he goes home with her. Miles is awakened in the middle of the night by Jack, who has returned to the <a class="external" href="http://en.wikipedia.org/wiki/Motel" title="Motel">motel</a> panicked and naked. He breathlessly tells Miles that Cammi's <a class="external" href="http://en.wikipedia.org/wiki/Husband" title="Husband">husband</a> caught him <a class="external" href="http://en.wikipedia.org/wiki/In_flagrante_delicto" title="In flagrante delicto">in flagrante delicto</a> and he had to run, leaving behind his <a class="external" href="http://en.wikipedia.org/wiki/Clothes" title="Clothes">clothes</a> and a <a class="external" href="http://en.wikipedia.org/wiki/Wallet" title="Wallet">wallet</a> containing irreplaceable, custom-made <a class="external" href="http://en.wikipedia.org/wiki/Wedding_band" title="Wedding band">wedding bands</a>. If he returns home without the rings, he says, his fiancee will dump him, and that will destroy him. He tearfully begs Miles to retrieve the bands. Miles reluctantly agrees to help, sneaking into Cammi's house while she and her husband are having <a class="external" href="http://en.wikipedia.org/wiki/Sex" title="Sex">sex</a>. He retrieves the wallet, but is furiously pursued out of the house by Cammi's <a class="external" href="http://en.wikipedia.org/wiki/Naked" title="Naked">naked</a> husband, narrowly escaping. As a cover <a class="external" href="http://en.wikipedia.org/wiki/Story" title="Story">story</a> to explain his broken nose, Jack fakes an accident, runs Miles' car into a tree (and eventually into a ditch). Jack's <a class="external" href="http://en.wikipedia.org/wiki/Fiancee" title="Fiancee">fiancee</a> and her wealthy family believe the tale and offer him support and sympathy.</p>
	<p xmlns="http://www.w3.org/1999/xhtml">At the wedding, Miles encounters his ex-wife, Victoria, who has remained friendly with Jack. She introduces Miles to her new husband and tells him that she is pregnant. Miles, finally forced to face the fact that Victoria will never return to him, skips the reception to go home and get his most prized bottle, a 1961 <a class="external" href="http://en.wikipedia.org/wiki/Ch%C3%A2teau_Cheval_Blanc" title="ChÃ¢teau Cheval Blanc">ChÃ¢teau Cheval Blanc</a>. He had purchased the wine so that he and Victoria could drink it together on the 10th anniversary of their wedding; instead, he drinks it alone, unceremoniously, from a foam cup at a fast-food restaurant.</p>
      </wiki:abstract>
      <h2 xmlns="http://www.w3.org/1999/xhtml"> <span class="mw-headline" id="Cast">Cast</span></h2>
      <ul xmlns="http://www.w3.org/1999/xhtml">
	<li><a class="external" href="http://en.wikipedia.org/wiki/Paul_Giamatti" title="Paul Giamatti">Paul Giamatti</a> as Miles Raymond</li>
	<li><a class="external" href="http://en.wikipedia.org/wiki/Thomas_Haden_Church" title="Thomas Haden Church">Thomas Haden Church</a> as Jack Lopate</li>
	<li><a class="external" href="http://en.wikipedia.org/wiki/Virginia_Madsen" title="Virginia Madsen">Virginia Madsen</a> as Maya Randall</li>
	<li><a class="external" href="http://en.wikipedia.org/wiki/Sandra_Oh" title="Sandra Oh">Sandra Oh</a> as Stephanie</li>
	<li>Marylouise Burke as Phyllis Raymond</li>
	<li><a class="external" href="http://en.wikipedia.org/wiki/Jessica_Hecht" title="Jessica Hecht">Jessica Hecht</a> as Victoria</li>
	<li><a class="external" href="http://en.wikipedia.org/wiki/Stephanie_Faracy" title="Stephanie Faracy">Stephanie Faracy</a> as Stephanie's Mother</li>
	<li><a class="external" href="http://en.wikipedia.org/wiki/Missy_Doty" title="Missy Doty">Missy Doty</a> as Cammi</li>
	<li><a class="external" href="http://en.wikipedia.org/wiki/M.C._Gainey" title="M.C. Gainey">M.C. Gainey</a> as Cammi's Husband</li>
	<li><a class="external" href="http://en.wikipedia.org/wiki/Alysia_Reiner" title="Alysia Reiner">Alysia Reiner</a> as Christine Erganian</li>
	<li>Shake Tukhmanyan as Mrs. Erganian</li>
	<li>Shaun Duke as Mike Erganian</li>
      </ul>
      <h2 xmlns="http://www.w3.org/1999/xhtml"> <span class="mw-headline" id="Reception">Reception</span></h2>
      <p xmlns="http://www.w3.org/1999/xhtml"><a class="external" href="http://en.wikipedia.org/wiki/Time_Out_London" title="Time Out London">Time Out London</a> said the film was "intelligent, funny and moving," and the <i><a class="external" href="http://en.wikipedia.org/wiki/Chicago_Sun-Times" title="Chicago Sun-Times">Chicago Sun-Times</a>'</i> <a class="external" href="http://en.wikipedia.org/wiki/Roger_Ebert" title="Roger Ebert">Roger Ebert</a>, giving the film four stars, said, "what happens during the seven days adds up to the best human comedy of the year -- comedy, because it is funny, and human, because it is surprisingly moving." The review aggregator <a class="external" href="http://en.wikipedia.org/wiki/Metacritic" title="Metacritic">Metacritic</a> gives <i>Sideways</i> a Metascore of 94%, signifying "universal [critical] acclaim." The movie also holds a rare 97% rating at <a class="external" href="http://en.wikipedia.org/wiki/Rotten_Tomatoes" title="Rotten Tomatoes">Rotten Tomatoes</a> with 201 positive reviews out of 208.</p>
      <p xmlns="http://www.w3.org/1999/xhtml">A surprise hit, <i>Sideways</i> became popular in Hollywood, the US and internationally. <a class="external" href="http://en.wikipedia.org/wiki/Santa_Ynez_Valley" title="Santa Ynez Valley">Santa Ynez Valley</a>, where much of the film is set, attracted increased tourism. The film was nominated for dozens of awards, winning many, and was dubbed "the best reviewed movie of 2004." With the exception of Giamatti, who had already starred in critically acclaimed films such as <i><a class="external" href="http://en.wikipedia.org/wiki/American_Splendor_(film)" title="American Splendor (film)">American Splendor</a></i> (2003), the film was a career breakthrough for the stars. Haden Church and Madsen were nominated for Oscars. Giamatti has since been headlined as "The World's Best <a class="external" href="http://en.wikipedia.org/wiki/Character_Actor" title="Character Actor">Character Actor</a>" by <i><a class="external" href="http://en.wikipedia.org/wiki/Time_Magazine" title="Time Magazine">Time Magazine</a></i>. Giamatti was nominated for both a Golden Globe and an Oscar for his performance in <i><a class="external" href="http://en.wikipedia.org/wiki/Cinderella_Man" title="Cinderella Man">Cinderella Man</a></i> (2005). Sandra Oh, who has since broken up with the film's director, Alexander Payne, has gone on to star in <i><a class="external" href="http://en.wikipedia.org/wiki/Grey%27s_Anatomy" title="Grey's Anatomy">Grey's Anatomy</a></i> for which she won a Golden Globe and the <a class="external" href="http://en.wikipedia.org/wiki/Screen_Actors_Guild_Awards" title="Screen Actors Guild Awards">Screen Actors Guild Award</a>. Church went on to play a prominent role in the blockbuster <i><a class="external" href="http://en.wikipedia.org/wiki/Spider-Man_3" title="Spider-Man 3">Spider-Man 3</a></i> (2007).</p>
      <p xmlns="http://www.w3.org/1999/xhtml"><i>Sideways</i> ranks 494th on <a class="external" href="http://en.wikipedia.org/wiki/Empire_magazine" title="Empire magazine">Empire magazine</a>'s 2008 list of the 500 greatest movies of all time.</p>
      <h2 xmlns="http://www.w3.org/1999/xhtml"> <span class="mw-headline" id="Impact_on_wine_industry">Impact on wine industry</span></h2>
      <p xmlns="http://www.w3.org/1999/xhtml">Throughout the film, Miles speaks fondly of the <a class="external" href="http://en.wikipedia.org/wiki/Red_wine" title="Red wine">red wine</a> <a class="external" href="http://en.wikipedia.org/wiki/Varietal" title="Varietal">varietal</a> <a class="external" href="http://en.wikipedia.org/wiki/Pinot_Noir" title="Pinot Noir">Pinot Noir</a>, while denigrating <a class="external" href="http://en.wikipedia.org/wiki/Merlot" title="Merlot">Merlot</a>. Following the film's U.S. release in October 2004, Merlot sales dropped 2% while <a class="external" href="http://en.wikipedia.org/wiki/Pinot_Noir" title="Pinot Noir">Pinot Noir</a> sales increased 16% in the <a class="external" href="http://en.wikipedia.org/wiki/Western_United_States" title="Western United States">Western United States</a>. A similar trend occurred in British wine outlets. Sales of <a class="external" href="http://en.wikipedia.org/wiki/Merlot" title="Merlot">Merlot</a> dropped after the film's release possibly due to Miles' disparaging remarks about the varietal in the film. However, sales of Merlot in the United States remain more than double those of Pinot Noir, the country's second most popular wine.</p>
      <h2 xmlns="http://www.w3.org/1999/xhtml"> <span class="mw-headline" id="Awards_and_nominations">Awards and nominations</span></h2>
      <h2 xmlns="http://www.w3.org/1999/xhtml"> <span class="mw-headline" id="Soundtrack">Soundtrack</span></h2>
      <p xmlns="http://www.w3.org/1999/xhtml">The original <a class="external" href="http://en.wikipedia.org/wiki/Soundtrack" title="Soundtrack">soundtrack</a> <a class="external" href="http://en.wikipedia.org/wiki/Album" title="Album">album</a> of the film features 15 <a class="external" href="http://en.wikipedia.org/wiki/Jazz" title="Jazz">jazz</a> <a class="external" href="http://en.wikipedia.org/wiki/Instrumental" title="Instrumental">instrumentals</a> composed and produced by <a class="external" href="http://en.wikipedia.org/wiki/Rolfe_Kent" title="Rolfe Kent">Rolfe Kent</a>. The album was nominated for the <a class="external" href="http://en.wikipedia.org/wiki/Golden_Globe_Award" title="Golden Globe Award">Golden Globe Award</a> for "Best Original Score".</p>
      <h2 xmlns="http://www.w3.org/1999/xhtml"> <span class="mw-headline" id="Remake">Remake</span></h2>
      <p xmlns="http://www.w3.org/1999/xhtml">Fox International Productions and <a class="external" href="http://en.wikipedia.org/wiki/Fuji_TV" title="Fuji TV">Fuji TV</a> released a <a class="external" href="http://en.wikipedia.org/wiki/Japan" title="Japan">Japanese</a>-language remake of the film in October 2009, often referred to in English as <i>Saidoweizu</i> (the anglicization of its Japanese title). It is directed by Cellin Gluck and stars <a class="external" href="http://en.wikipedia.org/wiki/Katsuhisa_Namase" title="Katsuhisa Namase">Katsuhisa Namase</a>, Fumiyo Kohinata, <a class="external" href="http://en.wikipedia.org/wiki/Ky%C5%8Dka_Suzuki" title="KyÅ&#141;ka Suzuki">KyÅ&#141;ka Suzuki</a> and <a class="external" href="http://en.wikipedia.org/wiki/Rinko_Kikuchi" title="Rinko Kikuchi">Rinko Kikuchi</a>.</p>
      <p xmlns="http://www.w3.org/1999/xhtml">The remake shifts the setting of the film to <a class="external" href="http://en.wikipedia.org/wiki/Napa_Valley" title="Napa Valley">Napa Valley</a>. Although listed as an executive producer, Payne was not involved with the remake but gave it his blessing. Giamatti (perhaps facetiously) criticized aspects of the remake, and turned down a <a class="external" href="http://en.wikipedia.org/wiki/Cameo_appearance" title="Cameo appearance">cameo</a> in the film.</p>
      <h2 xmlns="http://www.w3.org/1999/xhtml"> <span class="mw-headline" id="See_also">See also</span></h2>
      <ul xmlns="http://www.w3.org/1999/xhtml">
	<li><a class="external" href="http://en.wikipedia.org/wiki/List_of_American_films_of_2004" title="List of American films of 2004">List of American films of 2004</a></li>
      </ul>
      <h2 xmlns="http://www.w3.org/1999/xhtml"> <span class="mw-headline" id="References">References</span></h2>
      <h2 xmlns="http://www.w3.org/1999/xhtml"> <span class="mw-headline" id="External_links">External links</span></h2>
      <ul xmlns="http://www.w3.org/1999/xhtml">
	<li><span class="official website"><a href="http://www.foxsearchlight.com/sideways/" rel="nofollow">Official website</a></span></li>
	<li><a href="http://www.imdb.com/title/tt0375063/" rel="nofollow"><i>Sideways</i></a> at the <a class="external" href="http://en.wikipedia.org/wiki/Internet_Movie_Database" title="Internet Movie Database">Internet Movie Database</a></li>
	<li><a href="http://www.allmovie.com/work/296117" rel="nofollow"><i>Sideways</i></a> at <a class="external" href="http://en.wikipedia.org/wiki/Allmovie" title="Allmovie">Allmovie</a></li>
	<li><a href="http://www.rottentomatoes.com/m/sideways/" rel="nofollow"><i>Sideways</i></a> at <a class="external" href="http://en.wikipedia.org/wiki/Rotten_Tomatoes" title="Rotten Tomatoes">Rotten Tomatoes</a></li>
	<li><a href="http://www.metacritic.com/film/titles/sideways" rel="nofollow"><i>Sideways</i></a> at <a class="external" href="http://en.wikipedia.org/wiki/Metacritic" title="Metacritic">Metacritic</a></li>
	<li><a href="http://www.boxofficemojo.com/movies/?id=sideways.htm" rel="nofollow"><i>Sideways</i></a> at <a class="external" href="http://en.wikipedia.org/wiki/Box_Office_Mojo" title="Box Office Mojo">Box Office Mojo</a></li>
	<li><a href="http://rogerebert.suntimes.com/apps/pbcs.dll/article?AID=/20041028/REVIEWS/40922017/1001" rel="nofollow"><i>Sideways</i></a> review by <a class="external" href="http://en.wikipedia.org/wiki/Roger_Ebert" title="Roger Ebert">Roger Ebert</a></li>
	<li><a href="http://travel.nytimes.com/2006/06/04/travel/04journeys.html" rel="nofollow">The Danish Soul of That Town in <i>Sideways</i></a></li>
      </ul>
    </wiki:description>
  </wiki:film>
</wiki:nominee>