<?xml version="1.0" encoding="UTF-8"?>
<wiki:nominee year="1951" span="1" winner="false" award="supporting-actress" xmlns:wiki="http://marklogic.com/wikipedia">
  <!--
                            Copyright (c) 2010 MarkLogic Corporation.
                            Permission is granted to copy, distribute and/or modify this document
                            under the terms of the GNU Free Documentation License, Version 1.2
                            or any later version published by the Free Software Foundation;
                            with no Invariant Sections, no Front-Cover Texts, and no Back-Cover Texts.
                            A copy of the license is included in the section entitled "GNU
                            Free Documentation License"
                            
                            Content derived from http://en.wikipedia.org/wiki/Death_of_a_Salesman and http://en.wikipedia.org/wiki/Mildred_Dunnock
                            Modified in May 2009 by Mark Logic Corporation under the terms of the GNU Free Documentation License.
                        -->
  <wiki:name link="/wiki/Mildred_Dunnock">Mildred Dunnock</wiki:name>
  <wiki:person link="/wiki/Mildred_Dunnock" name="Mildred Dunnock">
    <wiki:oscar year="1951" span="1" winner="false" award="supporting-actress" film-link="/wiki/Death_of_a_Salesman" film-title="Death of a Salesman"/>
    <wiki:oscar year="1956" span="1" winner="false" award="supporting-actress" film-link="/wiki/Baby_Doll" film-title="Baby Doll"/>
    <wiki:birth>
      <wiki:date>1901-01-25</wiki:date>
      <wiki:place>
	<wiki:primary link="/wiki/Baltimore,_Maryland">Baltimore, Maryland</wiki:primary>
	<wiki:secondary link=""/>
      <enrich><woeid xmlns="http://where.yahooapis.com/v1/schema.rng">12588679</woeid><placeTypeName code="9" xmlns="http://where.yahooapis.com/v1/schema.rng">County</placeTypeName><name xmlns="http://where.yahooapis.com/v1/schema.rng">Baltimore City</name><country code="US" type="Country" xmlns="http://where.yahooapis.com/v1/schema.rng">United States</country><admin1 code="US-MD" type="State" xmlns="http://where.yahooapis.com/v1/schema.rng">Maryland</admin1><admin2 code="" type="County" xmlns="http://where.yahooapis.com/v1/schema.rng">Baltimore City</admin2><admin3 xmlns="http://where.yahooapis.com/v1/schema.rng"/><locality1 xmlns="http://where.yahooapis.com/v1/schema.rng"/><locality2 xmlns="http://where.yahooapis.com/v1/schema.rng"/><postal xmlns="http://where.yahooapis.com/v1/schema.rng"/><centroid xmlns="http://where.yahooapis.com/v1/schema.rng"><latitude>39.304790</latitude><longitude>-76.620216</longitude></centroid><boundingBox xmlns="http://where.yahooapis.com/v1/schema.rng"><southWest><latitude>39.197239</latitude><longitude>-76.711479</longitude></southWest><northEast><latitude>39.372089</latitude><longitude>-76.528961</longitude></northEast></boundingBox><areaRank xmlns="http://where.yahooapis.com/v1/schema.rng">5</areaRank><popRank xmlns="http://where.yahooapis.com/v1/schema.rng">0</popRank></enrich></wiki:place>
    </wiki:birth>
    <wiki:death>
      <wiki:date>July 5, 1991</wiki:date>
      <wiki:place>
	<wiki:primary link="/wiki/Oak_Bluffs,_Massachusetts">Oak Bluffs, Massachusetts</wiki:primary>
	<wiki:secondary link=""/>
      </wiki:place>
    </wiki:death>
    <wiki:description>
      <wiki:abstract>
	<p xmlns="http://www.w3.org/1999/xhtml"><b>Mildred Dunnock</b> (January 25, 1901 â€“ July 5, 1991) was an American <a class="external" href="http://en.wikipedia.org/wiki/Theater" title="Theater">theater</a>, film and television actress.</p>
	<h2 xmlns="http://www.w3.org/1999/xhtml"> <span class="mw-headline" id="Early_life">Early life</span></h2>
	<p xmlns="http://www.w3.org/1999/xhtml">Born in <a class="external" href="http://en.wikipedia.org/wiki/Baltimore,_Maryland" title="Baltimore, Maryland">Baltimore, Maryland</a> and graduated from Western Senior High School, Dunnock was a school teacher who did not start acting until she was in her early thirties. She attended <a class="external" href="http://en.wikipedia.org/wiki/Goucher_College" title="Goucher College">Goucher College</a> where she was a member of <a class="external" href="http://en.wikipedia.org/wiki/Alpha_Phi" title="Alpha Phi">Alpha Phi</a> sorority.</p>
	<h2 xmlns="http://www.w3.org/1999/xhtml"> <span class="mw-headline" id="Career">Career</span></h2>
	<p xmlns="http://www.w3.org/1999/xhtml">After a couple of roles in <a class="external" href="http://en.wikipedia.org/wiki/Broadway_theatre" title="Broadway theatre">Broadway</a> productions, Dunnock won praise for her performance as a Welsh school teacher in <i><a class="external" href="http://en.wikipedia.org/wiki/The_Corn_is_Green" title="The Corn is Green">The Corn is Green</a></i> (1940). The <a class="external" href="http://en.wikipedia.org/wiki/The_Corn_Is_Green_(1945_film)" title="The Corn Is Green (1945 film)">1945 film version</a> marked her screen debut opposite <a class="external" href="http://en.wikipedia.org/wiki/Bette_Davis" title="Bette Davis">Bette Davis</a>.</p>
	<p xmlns="http://www.w3.org/1999/xhtml">During the 1940s Dunnock performed mostly on stage, in such dramas as <i><a class="external" href="http://en.wikipedia.org/wiki/Another_Part_of_the_Forest" title="Another Part of the Forest">Another Part of the Forest</a></i> (1946) and <i><a class="external" href="http://en.wikipedia.org/wiki/Death_of_a_Salesman" title="Death of a Salesman">Death of a Salesman</a></i> (1949) and in the musical <i><a class="external" href="http://en.wikipedia.org/wiki/Lute_Song_(musical)" title="Lute Song (musical)">Lute Song</a></i> (1946). She reprised her <i>Salesman</i> role in the 1951 film version. She originated the role of Big Mama in the <a class="external" href="http://en.wikipedia.org/wiki/Tennessee_Williams" title="Tennessee Williams">Tennessee Williams</a>' <i><a class="external" href="http://en.wikipedia.org/wiki/Cat_on_a_Hot_Tin_Roof" title="Cat on a Hot Tin Roof">Cat on a Hot Tin Roof</a></i>, although she lost the movie role to <a class="external" href="http://en.wikipedia.org/wiki/Judith_Anderson" title="Judith Anderson">Judith Anderson</a>. Her films include <i><a class="external" href="http://en.wikipedia.org/wiki/The_Trouble_with_Harry" title="The Trouble with Harry">The Trouble with Harry</a></i> (1955), <i><a class="external" href="http://en.wikipedia.org/wiki/Love_Me_Tender_(1956_film)" title="Love Me Tender (1956 film)">Love Me Tender</a></i> (1956), <i><a class="external" href="http://en.wikipedia.org/wiki/Baby_Doll" title="Baby Doll">Baby Doll</a></i> (1956), <i><a class="external" href="http://en.wikipedia.org/wiki/Peyton_Place_(film)" title="Peyton Place (film)">Peyton Place</a></i> (1957), <i><a class="external" href="http://en.wikipedia.org/wiki/The_Nun%27s_Story_(film)" title="The Nun's Story (film)">The Nun's Story</a></i> (1959), <i><a class="external" href="http://en.wikipedia.org/wiki/Butterfield_8" title="Butterfield 8">Butterfield 8</a></i> (1960), and <i><a class="external" href="http://en.wikipedia.org/wiki/Sweet_Bird_of_Youth" title="Sweet Bird of Youth">Sweet Bird of Youth</a></i> (1962).</p>
	<p xmlns="http://www.w3.org/1999/xhtml">She was the uncredited woman in the wheelchair pushed down the stairs to her death by <a class="external" href="http://en.wikipedia.org/wiki/Richard_Widmark" title="Richard Widmark">Richard Widmark</a> in the 1947 film <i><a class="external" href="http://en.wikipedia.org/wiki/Kiss_of_Death_(1947_film)" title="Kiss of Death (1947 film)">Kiss of Death</a></i>.</p>
	<p xmlns="http://www.w3.org/1999/xhtml">In addition to her successful career as a character actress in film and theater, Dunnock appeared frequently in numerous TV series in guest roles, and later in her career, several made-for-television movies, including a remake of <i>Death of a Salesman</i> in which she played Linda Loman for the third time.</p>
	<p xmlns="http://www.w3.org/1999/xhtml">Dunnock was twice nominated for an <a class="external" href="http://en.wikipedia.org/wiki/Academy_Award_for_Best_Supporting_Actress" title="Academy Award for Best Supporting Actress">Academy Award for Best Supporting Actress</a>, for <i><a class="external" href="http://en.wikipedia.org/wiki/Death_of_a_Salesman_(1951_film)" title="Death of a Salesman (1951 film)">Death of a Salesman</a></i> in 1951, and for <i>Baby Doll</i> in 1956. She was also nominated for the <a class="external" href="http://en.wikipedia.org/wiki/Golden_Globe" title="Golden Globe">Golden Globe</a> for Best Supporting Actress for <i>Baby Doll</i>. Her final film was <i><a class="external" href="http://en.wikipedia.org/wiki/The_Pick-up_Artist_(film)" title="The Pick-up Artist (film)">The Pick-up Artist</a></i> (1987), which starred <a class="external" href="http://en.wikipedia.org/wiki/Robert_Downey,_Jr." title="Robert Downey, Jr.">Robert Downey, Jr.</a> and <a class="external" href="http://en.wikipedia.org/wiki/Molly_Ringwald" title="Molly Ringwald">Molly Ringwald</a>.</p>
      </wiki:abstract>
      <p xmlns="http://www.w3.org/1999/xhtml">Dunnock died in <a class="external" href="http://en.wikipedia.org/wiki/Oak_Bluffs,_Massachusetts" title="Oak Bluffs, Massachusetts">Oak Bluffs, Massachusetts</a>, of natural causes at the age of 90.</p>
      <h2 xmlns="http://www.w3.org/1999/xhtml"> <span class="mw-headline" id="External_links">External links</span></h2>
      <ul xmlns="http://www.w3.org/1999/xhtml">
	<li><a href="http://www.imdb.com/name/nm0242972/" rel="nofollow">Mildred Dunnock</a> at the <a class="external" href="http://en.wikipedia.org/wiki/Internet_Movie_Database" title="Internet Movie Database">Internet Movie Database</a></li>
	<li><a href="http://www.ibdb.com/person.asp?ID=38755" rel="nofollow">Mildred Dunnock</a> at the <a class="external" href="http://en.wikipedia.org/wiki/Internet_Broadway_Database" title="Internet Broadway Database">Internet Broadway Database</a></li>
	<li><a href="http://www.lortel.org/LLA_archive/index.cfm?search_by=people&amp;first=Mildred&amp;last=Dunnock&amp;middle=" rel="nofollow">Mildred Dunnock</a> at the <a class="external" href="http://en.wikipedia.org/wiki/Lortel_Archives" title="Lortel Archives">Internet Off-Broadway Database</a></li>
	<li><a href="http://www.findagrave.com/cgi-bin/fg.cgi?page=gr&amp;GRid=6678265" rel="nofollow">Mildred Dunnock</a> at <a class="external" href="http://en.wikipedia.org/wiki/Find_a_Grave" title="Find a Grave">Find a Grave</a></li>
      </ul>
    </wiki:description>
  </wiki:person>
  <wiki:film-title link="/wiki/Death_of_a_Salesman">Death of a Salesman</wiki:film-title>
  <wiki:film link="/wiki/Death_of_a_Salesman" title="Death of a Salesman">
    <wiki:oscar-ref year="1951" span="1" winner="false" award="lead-actor" person-link="/wiki/Fredric_March" person-name="Fredric March"/>
    <wiki:oscar-ref year="1951" span="1" winner="false" award="supporting-actor" person-link="/wiki/Kevin_McCarthy_(actor)" person-name="Kevin McCarthy"/>
    <wiki:oscar-ref year="1951" span="1" winner="false" award="supporting-actress" person-link="/wiki/Mildred_Dunnock" person-name="Mildred Dunnock"/>
    <wiki:writer link="/wiki/Arthur_Miller">Arthur Miller</wiki:writer>
    <wiki:description>
      <wiki:abstract>
	<p xmlns="http://www.w3.org/1999/xhtml"><i><b>Death of a Salesman</b></i> is a 1949 <a class="external" href="http://en.wikipedia.org/wiki/Play_(theatre)" title="Play (theatre)">play</a> written by American playwright <a class="external" href="http://en.wikipedia.org/wiki/Arthur_Miller" title="Arthur Miller">Arthur Miller</a>. The play ran for 745 performances, winning both the <a class="external" href="http://en.wikipedia.org/wiki/Tony_Award" title="Tony Award">Tony Award</a> and the <a class="external" href="http://en.wikipedia.org/wiki/Pulitzer_Prize" title="Pulitzer Prize">Pulitzer Prize</a> for drama. The original production was directed by <a class="external" href="http://en.wikipedia.org/wiki/Elia_Kazan" title="Elia Kazan">Elia Kazan</a> with <a class="external" href="http://en.wikipedia.org/wiki/Lee_J._Cobb" title="Lee J. Cobb">Lee J. Cobb</a> starring in the leading role of Willy Loman.</p>
	<p xmlns="http://www.w3.org/1999/xhtml">The play attempts to raise a counterexample to <a class="external" href="http://en.wikipedia.org/wiki/Aristotle" title="Aristotle">Aristotle</a>'s characterization of <a class="external" href="http://en.wikipedia.org/wiki/Tragedy" title="Tragedy">tragedy</a> as the downfall of a great man: though Loman certainly has <i><a class="external" href="http://en.wikipedia.org/wiki/Hamartia" title="Hamartia">hamartia</a>,</i> a tragic flaw or error, his downfall is that of an ordinary man. In this sense, Miller's play represents a democratization of the ancient form of tragedy; the play's protagonist is himself obsessed with the question of greatness, and his downfall arises directly from his continued misconception of himself--at age 63--as someone capable of greatness, as well as the unshakable conviction that greatness stems directly from personal charisma or popularity.</p>
	<h2 xmlns="http://www.w3.org/1999/xhtml"> <span class="mw-headline" id="Style">Style</span></h2>
	<p xmlns="http://www.w3.org/1999/xhtml">The play is mostly told from the point of view of the main protagonist, Willy, and it shows previous parts of Willy's life in his time shifts, sometimes during a present day scene. It does this by having a scene begin in the present time and adding characters onto the stage that only Willy can see and hear, representing characters and conversations from other times and places. Many dramatic techniques are also used to represent these time shifts. For example, leaves often appear around the current setting (representing the leaves of the two elm trees which were situated next to the house, prior to the development of the apartment blocks). Biff and Happy are dressed in high school football sweaters and are accompanied with the "<i>gay music of the boy's</i>". The characters will also be allowed to pass through the walls that are only obeyed to in the present as told in Miller's stage directions in the opening of ACT 1:</p>
	<p xmlns="http://www.w3.org/1999/xhtml"><i>Whenever the action is in the present the actors observe the imaginary wall-lines, entering the house only through its door at the left. But in the scenes of the past these boundaries are broken and characters enter or leave a room by stepping 'through' a wall onto the forestage.</i></p>
      </wiki:abstract>
      <p xmlns="http://www.w3.org/1999/xhtml">The play's structure resembles a <a class="external" href="http://en.wikipedia.org/wiki/Stream_of_consciousness_writing" title="Stream of consciousness writing">stream of consciousness</a> account: Willy drifts between his living room, downstage, to the apron and flashbacks of an idyllic past, and also to <a class="external" href="http://en.wikipedia.org/wiki/Fantasy_(psychology)" title="Fantasy (psychology)">fantasized</a> conversations with Ben. When we are in the present the characters abide by the rules of the set, entering only through the stage door to the left; however, when we visit Willy's "past" these rules are removed, with characters openly moving through walls. Whereas the term "flashback" as a form of cinematography for these scenes is often heard, Miller himself rather speaks of "mobile concurrences". In fact, flashbacks would show an objective image of the past. Miller's mobile concurrences, however, rather show highly subjective memories. Furthermore, as Willy's mental state deteriorates, the boundaries between past and present are destroyed, and the two start to exist in parallel.</p>
      <h2 xmlns="http://www.w3.org/1999/xhtml"> <span class="mw-headline" id="Productions">Productions</span></h2>
      <p xmlns="http://www.w3.org/1999/xhtml">The original Broadway production was produced by <a class="external" href="http://en.wikipedia.org/wiki/Kermit_Bloomgarden" title="Kermit Bloomgarden">Kermit Bloomgarden</a> and opened at the <a class="external" href="http://en.wikipedia.org/wiki/Morosco_Theatre" title="Morosco Theatre">Morosco Theatre</a> on February 10, 1949, and won the <a class="external" href="http://en.wikipedia.org/wiki/Tony_Award" title="Tony Award">Tony Award</a> for Best Play, Best Supporting or Featured Actor (<a class="external" href="http://en.wikipedia.org/wiki/Arthur_Kennedy_(actor)" title="Arthur Kennedy (actor)">Arthur Kennedy</a>), Best Scenic Design (<a class="external" href="http://en.wikipedia.org/wiki/Jo_Mielziner" title="Jo Mielziner">Jo Mielziner</a>), Producer (Dramatic), Author (<a class="external" href="http://en.wikipedia.org/wiki/Arthur_Miller" title="Arthur Miller">Arthur Miller</a>), and Director (<a class="external" href="http://en.wikipedia.org/wiki/Elia_Kazan" title="Elia Kazan">Elia Kazan</a>), as well as the 1949 <a class="external" href="http://en.wikipedia.org/wiki/Pulitzer_Prize" title="Pulitzer Prize">Pulitzer Prize</a> for Drama and the <a class="external" href="http://en.wikipedia.org/wiki/New_York_Drama_Critics%27_Circle_Award" title="New York Drama Critics' Circle Award">New York Drama Critics' Circle Award</a> for Best Play. <a class="external" href="http://en.wikipedia.org/wiki/Jayne_Mansfield" title="Jayne Mansfield">Jayne Mansfield</a> performed in a production of the play in <a class="external" href="http://en.wikipedia.org/wiki/Dallas,_Texas" title="Dallas, Texas">Dallas, Texas</a> in October, 1953. Her performance in the play attracted <a class="external" href="http://en.wikipedia.org/wiki/Paramount_Pictures" title="Paramount Pictures">Paramount Pictures</a> to hire her for the studio's film productions.</p>
      <p xmlns="http://www.w3.org/1999/xhtml">The play has been revived on <a class="external" href="http://en.wikipedia.org/wiki/Broadway_theatre" title="Broadway theatre">Broadway</a> three times since:</p>
      <ul xmlns="http://www.w3.org/1999/xhtml">
	<li>June 26, 1975 at the <a class="external" href="http://en.wikipedia.org/wiki/Circle_in_the_Square_Theatre" title="Circle in the Square Theatre">Circle in the Square Theatre</a>, running for 71 performances. <a class="external" href="http://en.wikipedia.org/wiki/George_C._Scott" title="George C. Scott">George C. Scott</a> starred as Willy.</li>
	<li>March 29, 1984 at the <a class="external" href="http://en.wikipedia.org/wiki/Broadhurst_Theatre" title="Broadhurst Theatre">Broadhurst Theatre</a>, running for 97 performances. <a class="external" href="http://en.wikipedia.org/wiki/Dustin_Hoffman" title="Dustin Hoffman">Dustin Hoffman</a> played Willy. In a return engagement, this production re-opened on September 14, 1984 and ran for 88 performances. The production won the <a class="external" href="http://en.wikipedia.org/wiki/Tony_Award_for_Best_Revival" title="Tony Award for Best Revival">Tony Award for Best Revival</a> and the <a class="external" href="http://en.wikipedia.org/wiki/Drama_Desk_Award_for_Outstanding_Revival" title="Drama Desk Award for Outstanding Revival">Drama Desk Award for Outstanding Revival</a>.</li>
      </ul>
      <ul xmlns="http://www.w3.org/1999/xhtml">
	<li>February 10, 1999 at the <a class="external" href="http://en.wikipedia.org/wiki/Eugene_O%27Neill_Theatre" title="Eugene O'Neill Theatre">Eugene O'Neill Theatre</a>, running for 274 performances, with <a class="external" href="http://en.wikipedia.org/wiki/Brian_Dennehy" title="Brian Dennehy">Brian Dennehy</a> as Willy. The production won the <a class="external" href="http://en.wikipedia.org/wiki/Tony_Award" title="Tony Award">Tony Award</a> for: Best Revival of a Play; Best Actor in Play; Best Featured Actress in a Play (<a class="external" href="http://en.wikipedia.org/wiki/Elizabeth_Franz" title="Elizabeth Franz">Elizabeth Franz</a>); Best Direction of a Play (<a class="external" href="http://en.wikipedia.org/wiki/Robert_Falls" title="Robert Falls">Robert Falls</a>). This production was filmed.</li>
      </ul>
      <p xmlns="http://www.w3.org/1999/xhtml">It was also part of the <a class="external" href="http://en.wikipedia.org/wiki/Guthrie_Theater_production_history#1963" title="Guthrie Theater production history">inaugural season</a> of the <a class="external" href="http://en.wikipedia.org/wiki/Guthrie_Theater" title="Guthrie Theater">Guthrie Theater</a> in <a class="external" href="http://en.wikipedia.org/wiki/Minneapolis,_Minnesota" title="Minneapolis, Minnesota">Minneapolis, Minnesota</a>.</p>
      <p xmlns="http://www.w3.org/1999/xhtml"><a class="external" href="http://en.wikipedia.org/wiki/Christopher_Lloyd" title="Christopher Lloyd">Christopher Lloyd</a> portrayed Willy Loman in a 2010 productions by the Weston Playhouse in <a class="external" href="http://en.wikipedia.org/wiki/Weston,_VT" title="Weston, VT">Weston, VT</a>, which toured several <a class="external" href="http://en.wikipedia.org/wiki/New_England" title="New England">New England</a> venues. </p>
      <h2 xmlns="http://www.w3.org/1999/xhtml"> <span class="mw-headline" id="Adaptations">Adaptations</span></h2>
      <p xmlns="http://www.w3.org/1999/xhtml">In 1951, it was adapted by Stanley Roberts into a <a class="external" href="http://en.wikipedia.org/wiki/Death_of_a_Salesman_(1951_film)" title="Death of a Salesman (1951 film)">film</a> which was directed by <a class="external" href="http://en.wikipedia.org/wiki/L%C3%A1szl%C3%B3_Benedek" title="LÃ¡szlÃ³ Benedek">LÃ¡szlÃ³ Benedek</a> who won the <a class="external" href="http://en.wikipedia.org/wiki/Golden_Globe_Award_for_Best_Director_-_Motion_Picture" title="Golden Globe Award for Best Director - Motion Picture">Golden Globe Award for Best Director</a>. The film was nominated for <a class="external" href="http://en.wikipedia.org/wiki/Academy_Awards" title="Academy Awards">Academy Awards</a> for <a class="external" href="http://en.wikipedia.org/wiki/Academy_Award_for_Best_Actor" title="Academy Award for Best Actor">Best Actor in a Leading Role</a> (Fredric March), <a class="external" href="http://en.wikipedia.org/wiki/Academy_Award_for_Best_Supporting_Actor" title="Academy Award for Best Supporting Actor">Best Actor in a Supporting Role</a> (Kevin McCarthy), <a class="external" href="http://en.wikipedia.org/wiki/Academy_Award_for_Best_Supporting_Actress" title="Academy Award for Best Supporting Actress">Best Actress in a Supporting Role</a> (Mildred Dunnock), <a class="external" href="http://en.wikipedia.org/wiki/Academy_Award_for_Best_Cinematography" title="Academy Award for Best Cinematography">Best Cinematography, Black-and-White</a> and <a class="external" href="http://en.wikipedia.org/wiki/Academy_Award_for_Original_Music_Score" title="Academy Award for Original Music Score">Best Music, Scoring of a Dramatic or Comedy Picture</a>.</p>
      <ul xmlns="http://www.w3.org/1999/xhtml">
	<li>1961: <i>En Handelsresandes dÃ¶d</i> starring <a class="external" href="http://en.wikipedia.org/w/index.php?title=Kolbj%C3%B6rn_Knudsen&amp;action=edit&amp;redlink=1" title="KolbjÃ¶rn Knudsen (page does not exist)">KolbjÃ¶rn Knudsen</a> - directed by <a class="external" href="http://en.wikipedia.org/w/index.php?title=Hans_Abramson&amp;action=edit&amp;redlink=1" title="Hans Abramson (page does not exist)">Hans Abramson</a> (in <a class="external" href="http://en.wikipedia.org/wiki/Swedish_language" title="Swedish language">Swedish</a>)</li>
	<li>1968: <i>Der Tod eines Handlungsreisenden</i> starring <a class="external" href="http://en.wikipedia.org/wiki/Heinz_R%C3%BChmann" title="Heinz RÃ¼hmann">Heinz RÃ¼hmann</a> and directed by <a class="external" href="http://en.wikipedia.org/w/index.php?title=Gerhard_Klingenberg&amp;action=edit&amp;redlink=1" title="Gerhard Klingenberg (page does not exist)">Gerhard Klingenberg</a></li>
      </ul>
      <ul xmlns="http://www.w3.org/1999/xhtml">
	<li>1966: starring <a class="external" href="http://en.wikipedia.org/wiki/Lee_J._Cobb" title="Lee J. Cobb">Lee J. Cobb</a>, <a class="external" href="http://en.wikipedia.org/wiki/Gene_Wilder" title="Gene Wilder">Gene Wilder</a>, <a class="external" href="http://en.wikipedia.org/wiki/Mildred_Dunnock" title="Mildred Dunnock">Mildred Dunnock</a>, <a class="external" href="http://en.wikipedia.org/wiki/James_Farentino" title="James Farentino">James Farentino</a>, <a class="external" href="http://en.wikipedia.org/wiki/Karen_Steele" title="Karen Steele">Karen Steele</a> and <a class="external" href="http://en.wikipedia.org/wiki/George_Segal" title="George Segal">George Segal</a>. It was directed by <a class="external" href="http://en.wikipedia.org/wiki/Alex_Segal" title="Alex Segal">Alex Segal</a>.</li>
	<li>1985: starring <a class="external" href="http://en.wikipedia.org/wiki/Dustin_Hoffman" title="Dustin Hoffman">Dustin Hoffman</a>, <a class="external" href="http://en.wikipedia.org/wiki/Kate_Reid" title="Kate Reid">Kate Reid</a>, <a class="external" href="http://en.wikipedia.org/wiki/John_Malkovich" title="John Malkovich">John Malkovich</a>, <a class="external" href="http://en.wikipedia.org/wiki/Stephen_Lang_(actor)" title="Stephen Lang (actor)">Stephen Lang</a> and <a class="external" href="http://en.wikipedia.org/wiki/Charles_Durning" title="Charles Durning">Charles Durning</a>. It was directed by <a class="external" href="http://en.wikipedia.org/wiki/Volker_Schl%C3%B6ndorff" title="Volker SchlÃ¶ndorff">Volker SchlÃ¶ndorff</a>.</li>
	<li>1996: starring <a class="external" href="http://en.wikipedia.org/wiki/Warren_Mitchell" title="Warren Mitchell">Warren Mitchell</a>, <a class="external" href="http://en.wikipedia.org/wiki/Rosemary_Harris" title="Rosemary Harris">Rosemary Harris</a>, <a class="external" href="http://en.wikipedia.org/wiki/Iain_Glen" title="Iain Glen">Iain Glen</a> and <a class="external" href="http://en.wikipedia.org/wiki/Owen_Teale" title="Owen Teale">Owen Teale</a>. It was directed by <a class="external" href="http://en.wikipedia.org/wiki/David_Thacker" title="David Thacker">David Thacker</a>.</li>
	<li>2000: starring <a class="external" href="http://en.wikipedia.org/wiki/Brian_Dennehy" title="Brian Dennehy">Brian Dennehy</a>, <a class="external" href="http://en.wikipedia.org/wiki/Elizabeth_Franz" title="Elizabeth Franz">Elizabeth Franz</a>, <a class="external" href="http://en.wikipedia.org/wiki/Ron_Eldard" title="Ron Eldard">Ron Eldard</a>, <a class="external" href="http://en.wikipedia.org/w/index.php?title=Ted_Koch&amp;action=edit&amp;redlink=1" title="Ted Koch (page does not exist)">Ted Koch</a>, <a class="external" href="http://en.wikipedia.org/wiki/Howard_Witt" title="Howard Witt">Howard Witt</a> and <a class="external" href="http://en.wikipedia.org/w/index.php?title=Richard_Thompson_(actor)&amp;action=edit&amp;redlink=1" title="Richard Thompson (actor) (page does not exist)">Richard Thompson</a>. It was directed by <a class="external" href="http://en.wikipedia.org/wiki/Kirk_Browning" title="Kirk Browning">Kirk Browning</a>.</li>
      </ul>
      <h2 xmlns="http://www.w3.org/1999/xhtml"> <span class="mw-headline" id="Awards_and_nominations">Awards and nominations</span></h2>
      <ul xmlns="http://www.w3.org/1999/xhtml">
	<li>1949 New York Drama Critics' Circle Best Play</li>
	<li>1949 Pulitzer Prize for Drama</li>
	<li>1949 Tony Award for Best Play</li>
	<li>1984 Drama Desk Award Outstanding Revival</li>
	<li>1984 Tony Award for Best Reproduction</li>
	<li>1999 Tony Award for Best Revival of a Play</li>
	<li>1999 Drama Desk Award Outstanding Revival of a Play</li>
      </ul>
      <h2 xmlns="http://www.w3.org/1999/xhtml"> <span class="mw-headline" id="References_in_Popular_Culture">References in Popular Culture</span></h2>
      <ul xmlns="http://www.w3.org/1999/xhtml">
	<li>On the Season 2 episode of the sitcom <i><a class="external" href="http://en.wikipedia.org/wiki/Taxi_(TV_series)" title="Taxi (TV series)">Taxi</a></i> entitled "Tony and Brian", <a class="external" href="http://en.wikipedia.org/wiki/Jeff_Conaway" title="Jeff Conaway">Jeff Conaway</a>'s character, struggling actor Bobby Wheeler, is reading newspaper reviews of his portrayal as Biff Loman in an <a class="external" href="http://en.wikipedia.org/wiki/Off_Broadway" title="Off Broadway">off Broadway</a> production of <i>Death of a Salesman</i>.</li>
	<li>In the hit sitcom <i><a class="external" href="http://en.wikipedia.org/wiki/Seinfeld" title="Seinfeld">Seinfeld</a></i>, <a class="external" href="http://en.wikipedia.org/wiki/Jerry_Seinfeld_(character)" title="Jerry Seinfeld (character)">Jerry Seinfeld</a> refers occasionally to <a class="external" href="http://en.wikipedia.org/wiki/Jason_Alexander" title="Jason Alexander">Jason Alexander</a>'s character <a class="external" href="http://en.wikipedia.org/wiki/George_Costanza" title="George Costanza">George Costanza</a> as Biff Loman, much to his annoyance.</li>
	<li>In <i><a class="external" href="http://en.wikipedia.org/wiki/Orgazmo" title="Orgazmo">Orgazmo</a></i>, a 1997 American comedy film written by <a class="external" href="http://en.wikipedia.org/wiki/Trey_Parker" title="Trey Parker">Trey Parker</a> and <a class="external" href="http://en.wikipedia.org/wiki/Matt_Stone" title="Matt Stone">Matt Stone</a>, the character Joe Young lies to his girlfriend Lisa about his 'acting' career, telling her that he is to star in a film adaptation of <i>Death Of A Salesman</i>, rather than confessing that he is actually starring in an adult <a class="external" href="http://en.wikipedia.org/wiki/Pornographic_film" title="Pornographic film">pornographic film</a>.</li>
	<li>In an episode of <i><a class="external" href="http://en.wikipedia.org/wiki/Family_Guy" title="Family Guy">Family Guy</a></i> entitled <i><a class="external" href="http://en.wikipedia.org/wiki/There%27s_Something_About_Paulie" title="There's Something About Paulie">There's Something About Paulie</a></i>, Meg Griffin plays the part of Linda, reciting the line "Willy Loman never made a lot of money, his name was never in the paper, but, uh, you know, like, attention could be paid." Then a hitman, playing the role of Happy Loman, replies "People are worse off than Willy Loman" before firing at Lois.</li>
      </ul>
      <h2 xmlns="http://www.w3.org/1999/xhtml"> <span class="mw-headline" id="References">References</span></h2>
      <h2 xmlns="http://www.w3.org/1999/xhtml"> <span class="mw-headline" id="Further_reading">Further reading</span></h2>
      <ul xmlns="http://www.w3.org/1999/xhtml">
	<li><span class="citation book">Hurell, John D. (1961). <i>Two Modern American Tragedies: Reviews and Criticism of Death of a Salesman and A streetcar Named Desire</i>. New York: Scribner. pp.Â 82â€“8. <a class="external" href="http://en.wikipedia.org/wiki/Online_Computer_Library_Center" title="Online Computer Library Center">OCLC</a>Â <a href="http://www.worldcat.org/oclc/249094" rel="nofollow">249094</a>.</span><span class="Z3988" title="ctx_ver=Z39.88-2004&amp;rft_val_fmt=info%3Aofi%2Ffmt%3Akev%3Amtx%3Abook&amp;rft.genre=book&amp;rft.btitle=Two+Modern+American+Tragedies%3A+Reviews+and+Criticism+of+Death+of+a+Salesman+and+A+streetcar+Named+Desire&amp;rft.aulast=Hurell&amp;rft.aufirst=John+D.&amp;rft.au=Hurell%2C%26%2332%3BJohn+D.&amp;rft.date=1961&amp;rft.pages=pp.%26nbsp%3B82%E2%80%938&amp;rft.place=New+York&amp;rft.pub=Scribner&amp;rft_id=info:oclcnum/249094&amp;rfr_id=info:sid/en.wikipedia.org:Death_of_a_Salesman"><span style="display: none;">Â </span></span></li>
	<li><span class="citation book">Sandage, Scott A. (2005). <i>Born Losers: A History of Failure in America</i>. Cambridge: Harvard University Press. <a class="external" href="http://en.wikipedia.org/wiki/International_Standard_Book_Number" title="International Standard Book Number">ISBN</a>Â <a class="external" href="http://en.wikipedia.org/wiki/Special:BookSources/067401510X" title="Special:BookSources/067401510X">067401510X</a>.</span><span class="Z3988" title="ctx_ver=Z39.88-2004&amp;rft_val_fmt=info%3Aofi%2Ffmt%3Akev%3Amtx%3Abook&amp;rft.genre=book&amp;rft.btitle=Born+Losers%3A+A+History+of+Failure+in+America&amp;rft.aulast=Sandage&amp;rft.aufirst=Scott+A.&amp;rft.au=Sandage%2C%26%2332%3BScott+A.&amp;rft.date=2005&amp;rft.place=Cambridge&amp;rft.pub=Harvard+University+Press&amp;rft.isbn=067401510X&amp;rfr_id=info:sid/en.wikipedia.org:Death_of_a_Salesman"><span style="display: none;">Â </span></span></li>
      </ul>
      <h2 xmlns="http://www.w3.org/1999/xhtml"> <span class="mw-headline" id="External_links">External links</span></h2>
      <ul xmlns="http://www.w3.org/1999/xhtml">
	<li><a href="http://www.ibdb.com/production.php?id=2111" rel="nofollow"><i>Death of a Salesman</i></a> at the <a class="external" href="http://en.wikipedia.org/wiki/Internet_Broadway_Database" title="Internet Broadway Database">Internet Broadway Database</a></li>
	<li><a href="http://plays.about.com/od/plays/a/willyloman.htm" rel="nofollow">Character Analysis of Willy Loman</a></li>
	<li><a href="http://plays.about.com/od/plays/a/lindaloman.htm" rel="nofollow">Character Analysis of Linda Loman</a></li>
	<li><a href="http://www.gradesaver.com/classicnotes/titles/salesman/" rel="nofollow">GradeSaver analysis, glossary, themes and quizzes on the novel</a></li>
	<li><a href="http://jco.usfca.edu/arthurmiller.html" rel="nofollow"><i>Death of a Salesman</i>: A Celebration</a> by <a class="external" href="http://en.wikipedia.org/wiki/Joyce_Carol_Oates" title="Joyce Carol Oates">Joyce Carol Oates</a></li>
	<li><a href="http://www.shvoong.com/tags/death-of-a-salesman/" rel="nofollow"><i>Death of a Salesman</i> Reviews</a></li>
	<li><a href="http://www.alexanderbarnett.com/salesman.html" rel="nofollow">Director's Notes for "Death of a Salesman"</a></li>
      </ul>
    </wiki:description>
  </wiki:film>
</wiki:nominee>