<?xml version="1.0" encoding="UTF-8"?>
<wiki:nominee year="1979" span="1" winner="false" award="lead-actress" xmlns:wiki="http://marklogic.com/wikipedia">
  <!--
                            Copyright (c) 2010 MarkLogic Corporation.
                            Permission is granted to copy, distribute and/or modify this document
                            under the terms of the GNU Free Documentation License, Version 1.2
                            or any later version published by the Free Software Foundation;
                            with no Invariant Sections, no Front-Cover Texts, and no Back-Cover Texts.
                            A copy of the license is included in the section entitled "GNU
                            Free Documentation License"
                            
                            Content derived from http://en.wikipedia.org/wiki/Chapter_Two and http://en.wikipedia.org/wiki/Marsha_Mason
                            Modified in May 2009 by Mark Logic Corporation under the terms of the GNU Free Documentation License.
                        -->
  <wiki:name link="/wiki/Marsha_Mason">Marsha Mason</wiki:name>
  <wiki:person link="/wiki/Marsha_Mason" name="Marsha Mason">
    <wiki:oscar year="1973" span="1" winner="false" award="lead-actress" film-link="/wiki/Cinderella_Liberty" film-title="Cinderella Liberty"/>
    <wiki:oscar year="1977" span="1" winner="false" award="lead-actress" film-link="/wiki/The_Goodbye_Girl" film-title="The Goodbye Girl"/>
    <wiki:oscar year="1979" span="1" winner="false" award="lead-actress" film-link="/wiki/Chapter_Two" film-title="Chapter Two"/>
    <wiki:oscar year="1981" span="1" winner="false" award="lead-actress" film-link="/wiki/Only_When_I_Laugh_(film)" film-title="Only When I Laugh"/>
    <wiki:birth>
      <wiki:date>1942-04-03</wiki:date>
      <wiki:place>
	<wiki:primary link="/wiki/St._Louis,_Missouri">St. Louis, Missouri</wiki:primary>
	<wiki:secondary link="/wiki/United_States">U.S.</wiki:secondary>
      <enrich><woeid xmlns="http://where.yahooapis.com/v1/schema.rng">12589067</woeid><placeTypeName code="9" xmlns="http://where.yahooapis.com/v1/schema.rng">County</placeTypeName><name xmlns="http://where.yahooapis.com/v1/schema.rng">St. Louis City</name><country code="US" type="Country" xmlns="http://where.yahooapis.com/v1/schema.rng">United States</country><admin1 code="US-MO" type="State" xmlns="http://where.yahooapis.com/v1/schema.rng">Missouri</admin1><admin2 code="" type="County" xmlns="http://where.yahooapis.com/v1/schema.rng">St. Louis City</admin2><admin3 xmlns="http://where.yahooapis.com/v1/schema.rng"/><locality1 xmlns="http://where.yahooapis.com/v1/schema.rng"/><locality2 xmlns="http://where.yahooapis.com/v1/schema.rng"/><postal xmlns="http://where.yahooapis.com/v1/schema.rng"/><centroid xmlns="http://where.yahooapis.com/v1/schema.rng"><latitude>38.653099</latitude><longitude>-90.243530</longitude></centroid><boundingBox xmlns="http://where.yahooapis.com/v1/schema.rng"><southWest><latitude>38.531940</latitude><longitude>-90.320572</longitude></southWest><northEast><latitude>38.774250</latitude><longitude>-90.166489</longitude></northEast></boundingBox><areaRank xmlns="http://where.yahooapis.com/v1/schema.rng">5</areaRank><popRank xmlns="http://where.yahooapis.com/v1/schema.rng">0</popRank></enrich></wiki:place>
    </wiki:birth>
    <wiki:description>
      <p xmlns="http://www.w3.org/1999/xhtml"><b>Marsha Mason</b> (born April 3, 1942) is an <a class="external" href="http://en.wikipedia.org/wiki/United_States" title="United States">American</a> <a class="external" href="http://en.wikipedia.org/wiki/Actress" title="Actress">actress</a> and <a class="external" href="http://en.wikipedia.org/wiki/Television_director" title="Television director">television director</a>.</p>
      <p xmlns="http://www.w3.org/1999/xhtml">She received four <a class="external" href="http://en.wikipedia.org/wiki/Academy_Award" title="Academy Award">Academy Award</a> nominations as Best Actress for her performances in <i><a class="external" href="http://en.wikipedia.org/wiki/Cinderella_Liberty" title="Cinderella Liberty">Cinderella Liberty</a></i>, <i><a class="external" href="http://en.wikipedia.org/wiki/The_Goodbye_Girl" title="The Goodbye Girl">The Goodbye Girl</a></i>, <i><a class="external" href="http://en.wikipedia.org/wiki/Chapter_Two" title="Chapter Two">Chapter Two</a></i>, and <i><a class="external" href="http://en.wikipedia.org/wiki/Only_When_I_Laugh_(film)" title="Only When I Laugh (film)">Only When I Laugh</a></i>. She is also known for starring in the 1986 film <i><a class="external" href="http://en.wikipedia.org/wiki/Heartbreak_Ridge" title="Heartbreak Ridge">Heartbreak Ridge</a></i>.</p>
      <h2 xmlns="http://www.w3.org/1999/xhtml"> <span class="mw-headline" id="Life">Life</span></h2>
      <p xmlns="http://www.w3.org/1999/xhtml">Mason was born in <a class="external" href="http://en.wikipedia.org/wiki/St._Louis,_Missouri" title="St. Louis, Missouri">St. Louis, Missouri</a>, to James Joseph Mason and his wife Jacqueline Helena Mason. She and her younger sister, Linda (b. 1943), grew up on Elmont Lane in Crestwood, Missouri. Mason is a graduate of <a class="external" href="http://en.wikipedia.org/wiki/Nerinx_Hall_High_School" title="Nerinx Hall High School">Nerinx Hall High School</a> and <a class="external" href="http://en.wikipedia.org/wiki/Webster_University" title="Webster University">Webster University</a>, both in <a class="external" href="http://en.wikipedia.org/wiki/Webster_Groves,_Missouri" title="Webster Groves, Missouri">Webster Groves, Missouri</a>.</p>
      <p xmlns="http://www.w3.org/1999/xhtml">She raced a <a class="external" href="http://en.wikipedia.org/wiki/Mazda_RX-7" title="Mazda RX-7">Mazda RX-7</a> in <a class="external" href="http://en.wikipedia.org/wiki/SCCA" title="SCCA">SCCA</a> events.</p>
      <p xmlns="http://www.w3.org/1999/xhtml">She is a resident of New Mexico where she has a farm in <a class="external" href="http://en.wikipedia.org/wiki/Abiquiu" title="Abiquiu">Abiquiu</a> that grows certified organic herbs. In the late 1990â€™s Mason sold herbs wholesale to companies both locally and regionally before starting a line of wellness and bath &amp; body products, called Resting in the River .</p>
      <h2 xmlns="http://www.w3.org/1999/xhtml"> <span class="mw-headline" id="Career">Career</span></h2>
      <p xmlns="http://www.w3.org/1999/xhtml">Marsha Mason has had a distinguished career in film and theater. <a class="external" href="http://en.wikipedia.org/wiki/Neil_Simon" title="Neil Simon">Neil Simon</a> cast her in his Broadway play <i><a class="external" href="http://en.wikipedia.org/wiki/The_Good_Doctor" title="The Good Doctor">The Good Doctor</a></i> in 1973. Shortly afterwards, Mason and Simon, a widower, fell in love and got married. That same year, Mason co-starred opposite <a class="external" href="http://en.wikipedia.org/wiki/James_Caan" title="James Caan">James Caan</a> in the 20th Century Fox film <i><a class="external" href="http://en.wikipedia.org/wiki/Cinderella_Liberty" title="Cinderella Liberty">Cinderella Liberty</a></i>, which netted her an Oscar nomination for Best Actress. In 1977, Mason's performance in Simon's smash hit film, <i><a class="external" href="http://en.wikipedia.org/wiki/The_Goodbye_Girl" title="The Goodbye Girl">The Goodbye Girl</a></i>, won her a second Best Actress Academy Award nomination. In 1979, Simon successfully cast Mason as Jennie MacLaine in the screen adaptation of his hit play <i><a class="external" href="http://en.wikipedia.org/wiki/Chapter_Two" title="Chapter Two">Chapter Two</a></i>, which was based on Mason's relationship with Simon up to their marriage. The film proved to be another big hit garnering her third Oscar nomination for Best Actress.</p>
      <p xmlns="http://www.w3.org/1999/xhtml">In 1981, Mason starred, along with <a class="external" href="http://en.wikipedia.org/wiki/Kristy_McNichol" title="Kristy McNichol">Kristy McNichol</a>, <a class="external" href="http://en.wikipedia.org/wiki/James_Coco" title="James Coco">James Coco</a>, and <a class="external" href="http://en.wikipedia.org/wiki/Joan_Hackett" title="Joan Hackett">Joan Hackett</a>, in <i><a class="external" href="http://en.wikipedia.org/wiki/Only_When_I_Laugh_(film)" title="Only When I Laugh (film)">Only When I Laugh</a></i>, Simon's film adaptation of his Broadway comedy-drama <i><a class="external" href="http://en.wikipedia.org/wiki/The_Gingerbread_Lady" title="The Gingerbread Lady">The Gingerbread Lady</a></i> and another big box-office success. For her performance as Georgia Hines, Mason's performance was again highly praised and earned her a fourth Best Actress Oscar nomination. However, Mason's 1982 film written by Simon, <i><a class="external" href="http://en.wikipedia.org/wiki/Max_Dugan_Returns" title="Max Dugan Returns">Max Dugan Returns</a></i>, was disappointing. Despite a stellar cast led by Mason, <a class="external" href="http://en.wikipedia.org/wiki/Donald_Sutherland" title="Donald Sutherland">Donald Sutherland</a>, <a class="external" href="http://en.wikipedia.org/wiki/Jason_Robards" title="Jason Robards">Jason Robards</a> and <a class="external" href="http://en.wikipedia.org/wiki/Matthew_Broderick" title="Matthew Broderick">Matthew Broderick</a>, Simon's script was a letdown and the film failed at the box office. By this time, Mason and Simon had divorced and her film career lost momentum. However, her film career began to pick up again when she co-starred with <a class="external" href="http://en.wikipedia.org/wiki/Clint_Eastwood" title="Clint Eastwood">Clint Eastwood</a> in the 1986 film <i><a class="external" href="http://en.wikipedia.org/wiki/Heartbreak_Ridge" title="Heartbreak Ridge">Heartbreak Ridge</a></i>, which was a major critical and commercial success.</p>
      <p xmlns="http://www.w3.org/1999/xhtml">Before <i>Heartbreak Ridge</i>, she played in a New York production of <a class="external" href="http://en.wikipedia.org/wiki/Harold_Pinter" title="Harold Pinter">Harold Pinter</a>'s <i><a class="external" href="http://en.wikipedia.org/wiki/Old_Times" title="Old Times">Old Times</a></i> and directed the play <i><a class="external" href="http://en.wikipedia.org/w/index.php?title=Juno%27s_Swans&amp;action=edit&amp;redlink=1" title="Juno's Swans (page does not exist)">Juno's Swans</a></i>, by <a class="external" href="http://en.wikipedia.org/w/index.php?title=E._Katherine_Kerr&amp;action=edit&amp;redlink=1" title="E. Katherine Kerr (page does not exist)">E. Katherine Kerr</a>, at the Second Stage Theatre in Los Angeles.</p>
      <p xmlns="http://www.w3.org/1999/xhtml">In 1987, she directed the television film <i><a class="external" href="http://en.wikipedia.org/w/index.php?title=Little_Miss_Perfect_(TV_film)&amp;action=edit&amp;redlink=1" title="Little Miss Perfect (TV film) (page does not exist)">Little Miss Perfect</a></i>.</p>
      <p xmlns="http://www.w3.org/1999/xhtml">In 2001, Mason appeared in the ABC-TV film, <i><a class="external" href="http://en.wikipedia.org/wiki/Life_with_Judy_Garland:_Me_and_My_Shadows" title="Life with Judy Garland: Me and My Shadows">Life with Judy Garland: Me and My Shadows</a></i>, in which she portrayed Garland's mother, Ethel Gumm.</p>
      <p xmlns="http://www.w3.org/1999/xhtml">Masonâ€™s theater credit include <a class="external" href="http://en.wikipedia.org/wiki/Norman_Mailer" title="Norman Mailer">Norman Mailer</a>â€™s â€œ<a class="external" href="http://en.wikipedia.org/wiki/The_Deer_Park" title="The Deer Park">The Deer Park</a>â€&#157;, <a class="external" href="http://en.wikipedia.org/wiki/Israel_Horovitz" title="Israel Horovitz">Israel Horovitz</a>â€™s â€œ<a class="external" href="http://en.wikipedia.org/wiki/The_Indian_Wants_the_Bronx" title="The Indian Wants the Bronx">The Indian Wants the Bronx</a>â€&#157;, Neil Simonâ€™s â€œ<a class="external" href="http://en.wikipedia.org/wiki/The_Good_Doctor_(play)" title="The Good Doctor (play)">The Good Doctor (play)</a>â€&#157; and â€œKing Richard III (play)â€&#157; at <a class="external" href="http://en.wikipedia.org/wiki/Lincoln_Center_for_the_Performing_Arts" title="Lincoln Center for the Performing Arts">Lincoln Center for the Performing Arts</a>. Mason starred on <a class="external" href="http://en.wikipedia.org/wiki/Broadway_theatre" title="Broadway theatre">Broadway</a> in â€œ<a class="external" href="http://en.wikipedia.org/wiki/Night_of_the_Iguana" title="Night of the Iguana">Night of the Iguana</a>â€&#157; in 1996, and the following year in Michael <a class="external" href="http://en.wikipedia.org/wiki/Cristofer" title="Cristofer">Cristofer</a>â€™s â€œAmazing Graceâ€&#157;. Mason reunited with â€œGoodbye Girlâ€&#157; co-star <a class="external" href="http://en.wikipedia.org/wiki/Richard_Dreyfus" title="Richard Dreyfus">Richard Dreyfus</a> and writer Neil Simon in Duncan Weldon and <a class="external" href="http://en.wikipedia.org/wiki/Emanuel_Azenberg" title="Emanuel Azenberg">Emanuel Azenberg</a>â€™s production of â€œ<a class="external" href="http://en.wikipedia.org/wiki/The_Prisoner_of_Second_Avenue" title="The Prisoner of Second Avenue">The Prisoner of Second Avenue</a>â€&#157; in 1999 which was performed at the L.A. Theatre Works shortly after a revival in London's West End and led to a Grammy nomination in comedy . She appeared in Charles L. Meeâ€™s â€œWintertimeâ€&#157; at the Second Stage theatre in New York. In August 2005 Mason starred as Hecuba at the Chicago Shakespeare Theater and on Broadway <i><a class="external" href="http://en.wikipedia.org/wiki/Steel_Magnolias" title="Steel Magnolias">Steel Magnolias</a></i>, with <a class="external" href="http://en.wikipedia.org/wiki/Delta_Burke" title="Delta Burke">Delta Burke</a>, <a class="external" href="http://en.wikipedia.org/wiki/Frances_Sternhagen" title="Frances Sternhagen">Frances Sternhagen</a>, <a class="external" href="http://en.wikipedia.org/wiki/Rebecca_Gayheart" title="Rebecca Gayheart">Rebecca Gayheart</a>, <a class="external" href="http://en.wikipedia.org/wiki/Lily_Rabe" title="Lily Rabe">Lily Rabe</a> and [[Christine Ebersole]. She appeared in â€œA Feminine Endingâ€&#157; at Playwrights Horizons and most recently in the Shakespeare Theater Companyâ€™s performance of â€œ<a class="external" href="http://en.wikipedia.org/wiki/All%27s_Well_That_Ends_Well" title="All's Well That Ends Well">All's Well That Ends Well</a>â€&#157;  in <a class="external" href="http://en.wikipedia.org/wiki/Washington,_D.C." title="Washington, D.C.">Washington, D.C.</a></p>
      <p xmlns="http://www.w3.org/1999/xhtml">Her other television work includes guest roles on <i><a class="external" href="http://en.wikipedia.org/wiki/Seinfeld" title="Seinfeld">Seinfeld</a></i>, <i><a class="external" href="http://en.wikipedia.org/wiki/Lipstick_Jungle" title="Lipstick Jungle">Lipstick Jungle</a></i>, and <i><a class="external" href="http://en.wikipedia.org/wiki/Army_Wives" title="Army Wives">Army Wives</a></i>. Mason starred in her own series, <i><a class="external" href="http://en.wikipedia.org/wiki/Sibs" title="Sibs">Sibs</a></i>, which ran from 1991 to 1992. In 1997 and 1998, she had a recurring role on the TV show <i><a class="external" href="http://en.wikipedia.org/wiki/Frasier" title="Frasier">Frasier</a></i> as Sherry Dempsey.</p>
      <p xmlns="http://www.w3.org/1999/xhtml">In February 2010, she co-starred in <i><a class="external" href="http://en.wikipedia.org/wiki/California_Suite" title="California Suite">California Suite</a></i> at the <a class="external" href="http://en.wikipedia.org/wiki/Skirball_Cultural_Center" title="Skirball Cultural Center">Skirball Cultural Center</a>, Los Angeles.</p>
      <p xmlns="http://www.w3.org/1999/xhtml">In April of that year, Mason co-starred with actors <a class="external" href="http://en.wikipedia.org/wiki/Keir_Dullea" title="Keir Dullea">Keir Dullea</a> and <a class="external" href="http://en.wikipedia.org/wiki/Matt_Servitto" title="Matt Servitto">Matt Servitto</a> in an <a class="external" href="http://en.wikipedia.org/wiki/Off-Broadway" title="Off-Broadway">off-Broadway</a> production of the <a class="external" href="http://en.wikipedia.org/wiki/Robert_Woodruff_Anderson" title="Robert Woodruff Anderson">Robert Anderson</a> play <i><a class="external" href="http://en.wikipedia.org/w/index.php?title=I_Never_Sang_for_My_Father_(play)&amp;action=edit&amp;redlink=1" title="I Never Sang for My Father (play) (page does not exist)">I Never Sang for My Father</a></i>. For her performance as Margaret Garrison, Mason received gratifying reviews.</p>
      <p xmlns="http://www.w3.org/1999/xhtml">Marsha Mason has received a star on the <a class="external" href="http://en.wikipedia.org/wiki/St._Louis_Walk_of_Fame" title="St. Louis Walk of Fame">St. Louis Walk of Fame</a>.</p>
      <h2 xmlns="http://www.w3.org/1999/xhtml"> <span class="mw-headline" id="Filmography">Filmography</span></h2>
      <h2 xmlns="http://www.w3.org/1999/xhtml"> <span class="mw-headline" id="References">References</span></h2>
      <h2 xmlns="http://www.w3.org/1999/xhtml"> <span class="mw-headline" id="External_links">External links</span></h2>
      <ul xmlns="http://www.w3.org/1999/xhtml">
	<li><a href="http://www.imdb.com/name/nm0556850/" rel="nofollow">Marsha Mason</a> at the <a class="external" href="http://en.wikipedia.org/wiki/Internet_Movie_Database" title="Internet Movie Database">Internet Movie Database</a></li>
	<li><a href="http://www.ibdb.com/person.asp?ID=51777" rel="nofollow">Marsha Mason</a> at the <a class="external" href="http://en.wikipedia.org/wiki/Internet_Broadway_Database" title="Internet Broadway Database">Internet Broadway Database</a></li>
	<li><a href="http://www.lortel.org/LLA_archive/index.cfm?search_by=people&amp;first=Marsha&amp;last=Mason&amp;middle=" rel="nofollow">Marsha Mason</a> at the <a class="external" href="http://en.wikipedia.org/wiki/Lortel_Archives" title="Lortel Archives">Internet Off-Broadway Database</a></li>
	<li><a href="http://www.nndb.com/people/232/000100929" rel="nofollow">Marsha Mason</a> at the <a class="external" href="http://en.wikipedia.org/wiki/Notable_Names_Database" title="Notable Names Database">Notable Names Database</a></li>
	<li><a href="http://www.stlouiswalkoffame.org/inductees/marsha-mason.html" rel="nofollow">St. Louis Walk of Fame</a></li>
	<li><a href="http://www.broadwayworld.com/article/BWW_Interviews_Marsha_Mason_A_Conversation_for_Womens_History_Month_20100329" rel="nofollow">"Marsha Mason: A Conversation for Women's History Month"</a>, <i>Broadway World</i>, March 29, 2010</li>
	<li><a href="http://americantheatrewing.org/downstagecenter/detail/marsha_mason" rel="nofollow">"With: Marsha Mason"</a>, <i>American Theatre Wing</i>, March 31, 2010</li>
	<li><a href="http://www.wnyc.org/shows/survivalkit/episodes/2004/03/28" rel="nofollow">"SURVIVAL KIT: MARSHA MASON"</a>, <i>WNYC</i>, March 28, 2004</li>
      </ul>
    </wiki:description>
  </wiki:person>
  <wiki:film-title link="/wiki/Chapter_Two">Chapter Two</wiki:film-title>
  <wiki:film link="/wiki/Chapter_Two" title="Chapter Two">
    <wiki:oscar-ref year="1979" span="1" winner="false" award="lead-actress" person-link="/wiki/Marsha_Mason" person-name="Marsha Mason"/>
    <wiki:description>
      <p xmlns="http://www.w3.org/1999/xhtml"><b>Chapter Two</b> refers to a second <a class="external" href="http://en.wikipedia.org/wiki/Chapter_(books)" title="Chapter (books)">chapter</a>, but the term may also refer to:</p>
      <ul xmlns="http://www.w3.org/1999/xhtml">
	<li><a class="external" href="http://en.wikipedia.org/wiki/Chapter_Two_(play)" title="Chapter Two (play)"><i>Chapter Two</i> (play)</a>, a play and film by Neil Simon</li>
	<li><a class="external" href="http://en.wikipedia.org/wiki/Chapter_II_(album)" title="Chapter II (album)"><i>Chapter II</i> (album)</a>, an album by Ashanti</li>
	<li><a class="external" href="http://en.wikipedia.org/wiki/Chapter_Two_(Roberta_Flack_album)" title="Chapter Two (Roberta Flack album)"><i>Chapter Two</i> (Roberta Flack album)</a>, an album by Roberta Flack</li>
	<li><a class="external" href="http://en.wikipedia.org/wiki/Chapter_Two_(Viking_Skull_album)" title="Chapter Two (Viking Skull album)"><i>Chapter Two</i> (Viking Skull album)</a>, an album by Viking Skull</li>
	<li>In the <a class="external" href="http://en.wikipedia.org/wiki/Patent_Cooperation_Treaty" title="Patent Cooperation Treaty">Patent Cooperation Treaty</a>, the prosecution procedure when a demand under Article 31 PCT is made</li>
	<li><a class="external" href="http://en.wikipedia.org/w/index.php?title=Chapter_2_(band)&amp;action=edit&amp;redlink=1" title="Chapter 2 (band) (page does not exist)"><i>Chapter 2</i> (band)</a>, a cover band based in Milwaukee, Wisconsin, USA</li>
      </ul>
      <h2 xmlns="http://www.w3.org/1999/xhtml"> <span class="mw-headline" id="See_also">See also</span></h2>
      <ul xmlns="http://www.w3.org/1999/xhtml">
	<li><i><a class="external" href="http://en.wikipedia.org/wiki/Second_Chapter" title="Second Chapter">Second Chapter</a></i>, an album by Danny Kirwan</li>
      </ul>
    </wiki:description>
  </wiki:film>
</wiki:nominee>