<?xml version="1.0" encoding="UTF-8"?>
<wiki:nominee year="1958" span="1" winner="false" award="supporting-actress" xmlns:wiki="http://marklogic.com/wikipedia">
  <!--
                            Copyright (c) 2010 MarkLogic Corporation.
                            Permission is granted to copy, distribute and/or modify this document
                            under the terms of the GNU Free Documentation License, Version 1.2
                            or any later version published by the Free Software Foundation;
                            with no Invariant Sections, no Front-Cover Texts, and no Back-Cover Texts.
                            A copy of the license is included in the section entitled "GNU
                            Free Documentation License"
                            
                            Content derived from http://en.wikipedia.org/wiki/Lonelyhearts and http://en.wikipedia.org/wiki/Maureen_Stapleton
                            Modified in May 2009 by Mark Logic Corporation under the terms of the GNU Free Documentation License.
                        -->
  <wiki:name link="/wiki/Maureen_Stapleton">Maureen Stapleton</wiki:name>
  <wiki:person link="/wiki/Maureen_Stapleton" name="Maureen Stapleton">
    <wiki:oscar year="1958" span="1" winner="false" award="supporting-actress" film-link="/wiki/Lonelyhearts" film-title="Lonelyhearts"/>
    <wiki:oscar year="1970" span="1" winner="false" award="supporting-actress" film-link="/wiki/Airport_(film)" film-title="Airport"/>
    <wiki:oscar year="1978" span="1" winner="false" award="supporting-actress" film-link="/wiki/Interiors" film-title="Interiors"/>
    <wiki:oscar year="1981" span="1" winner="true" award="supporting-actress" film-link="/wiki/Reds_(film)" film-title="Reds"/>
    <wiki:image link="http://upload.wikimedia.org/wikipedia/en/5/54/Maureen_stapleton.jpg"/>
    <wiki:birth>
      <wiki:date>1925-06-21</wiki:date>
      <wiki:place>
	<wiki:primary link="/wiki/Troy,_New_York">Troy</wiki:primary>
	<wiki:secondary link="/wiki/New_York">New York</wiki:secondary>
      <enrich><woeid xmlns="http://where.yahooapis.com/v1/schema.rng">12589353</woeid><placeTypeName code="9" xmlns="http://where.yahooapis.com/v1/schema.rng">County</placeTypeName><name xmlns="http://where.yahooapis.com/v1/schema.rng">Rensselaer</name><country code="US" type="Country" xmlns="http://where.yahooapis.com/v1/schema.rng">United States</country><admin1 code="US-NY" type="State" xmlns="http://where.yahooapis.com/v1/schema.rng">New York</admin1><admin2 code="" type="County" xmlns="http://where.yahooapis.com/v1/schema.rng">Rensselaer</admin2><admin3 xmlns="http://where.yahooapis.com/v1/schema.rng"/><locality1 xmlns="http://where.yahooapis.com/v1/schema.rng"/><locality2 xmlns="http://where.yahooapis.com/v1/schema.rng"/><postal xmlns="http://where.yahooapis.com/v1/schema.rng"/><centroid xmlns="http://where.yahooapis.com/v1/schema.rng"><latitude>42.711449</latitude><longitude>-73.525436</longitude></centroid><boundingBox xmlns="http://where.yahooapis.com/v1/schema.rng"><southWest><latitude>42.464272</latitude><longitude>-73.786201</longitude></southWest><northEast><latitude>42.958618</latitude><longitude>-73.264679</longitude></northEast></boundingBox><areaRank xmlns="http://where.yahooapis.com/v1/schema.rng">7</areaRank><popRank xmlns="http://where.yahooapis.com/v1/schema.rng">0</popRank></enrich></wiki:place>
    </wiki:birth>
    <wiki:death>
      <wiki:date>March 13, 2006</wiki:date>
      <wiki:place>
	<wiki:primary link="/wiki/Lenox,_Massachusetts">Lenox</wiki:primary>
	<wiki:secondary link="/wiki/Massachusetts">Massachusetts</wiki:secondary>
      </wiki:place>
    </wiki:death>
    <wiki:description>
      <p xmlns="http://www.w3.org/1999/xhtml"><b>Maureen Stapleton</b> (June 21, 1925 â€“ March 13, 2006) was an American actress in <a class="external" href="http://en.wikipedia.org/wiki/Film" title="Film">film</a>, <a class="external" href="http://en.wikipedia.org/wiki/Theatre" title="Theatre">theater</a> and <a class="external" href="http://en.wikipedia.org/wiki/Television" title="Television">television</a>.</p>
      <h2 xmlns="http://www.w3.org/1999/xhtml"> <span class="mw-headline" id="Early_life">Early life</span></h2>
      <p xmlns="http://www.w3.org/1999/xhtml">Stapleton was born <b>Lois Maureen Stapleton</b> in <a class="external" href="http://en.wikipedia.org/wiki/Troy,_New_York" title="Troy, New York">Troy, New York</a>, the daughter of Irene (<a class="external" href="http://en.wikipedia.org/wiki/Married_and_maiden_names" title="Married and maiden names">nÃ©e</a> Walsh) and John P. Stapleton, and grew up in a strict <a class="external" href="http://en.wikipedia.org/wiki/Irish_American" title="Irish American">Irish American</a> <a class="external" href="http://en.wikipedia.org/wiki/Catholic" title="Catholic">Catholic</a> family. Her father was an <a class="external" href="http://en.wikipedia.org/wiki/Alcoholic" title="Alcoholic">alcoholic</a> and her parents separated during her childhood.</p>
      <h2 xmlns="http://www.w3.org/1999/xhtml"> <span class="mw-headline" id="Career">Career</span></h2>
      <p xmlns="http://www.w3.org/1999/xhtml">Stapleton moved to <a class="external" href="http://en.wikipedia.org/wiki/New_York_City" title="New York City">New York City</a> at the age of eighteen, and did modeling to pay the bills. She once said that it was her infatuation with the handsome Hollywood actor <a class="external" href="http://en.wikipedia.org/wiki/Joel_McCrea" title="Joel McCrea">Joel McCrea</a> which led her into acting. She made her <a class="external" href="http://en.wikipedia.org/wiki/Broadway_theatre" title="Broadway theatre">Broadway</a> debut in the production featuring <a class="external" href="http://en.wikipedia.org/wiki/Burgess_Meredith" title="Burgess Meredith">Burgess Meredith</a> of <i><a class="external" href="http://en.wikipedia.org/wiki/The_Playboy_of_the_Western_World" title="The Playboy of the Western World">The Playboy of the Western World</a></i> in 1946. That same year, she played the role of Iras in Shakespeare's "Antony and Cleopatra" in a touring production by actress and producer <a class="external" href="http://en.wikipedia.org/wiki/Katharine_Cornell" title="Katharine Cornell">Katharine Cornell</a>. Stepping in because <a class="external" href="http://en.wikipedia.org/wiki/Anna_Magnani" title="Anna Magnani">Anna Magnani</a> refused the role due to her limited English, Stapleton won a <a class="external" href="http://en.wikipedia.org/wiki/Tony_Award" title="Tony Award">Tony Award</a> for her role in <a class="external" href="http://en.wikipedia.org/wiki/Tennessee_Williams" title="Tennessee Williams">Tennessee Williams</a>' <i><a class="external" href="http://en.wikipedia.org/wiki/The_Rose_Tattoo" title="The Rose Tattoo">The Rose Tattoo</a></i> in 1951. (Magnani's English improved, however, and she was able to play the role in the film version, winning an Oscar.) Stapleton played in other Williams' productions, including <i>Twenty-Seven Wagons Full of Cotton</i> and <i><a class="external" href="http://en.wikipedia.org/wiki/Orpheus_Descending" title="Orpheus Descending">Orpheus Descending</a></i> (and its film adaptation, <i><a class="external" href="http://en.wikipedia.org/wiki/The_Fugitive_Kind" title="The Fugitive Kind">The Fugitive Kind</a></i>), as well as <a class="external" href="http://en.wikipedia.org/wiki/Lillian_Hellman" title="Lillian Hellman">Lillian Hellman</a>'s <i><a class="external" href="http://en.wikipedia.org/wiki/Toys_in_the_Attic_(play)" title="Toys in the Attic (play)">Toys in the Attic</a></i>. She won a second Tony Award for <a class="external" href="http://en.wikipedia.org/wiki/Neil_Simon" title="Neil Simon">Neil Simon</a>'s <i><a class="external" href="http://en.wikipedia.org/wiki/The_Gingerbread_Lady" title="The Gingerbread Lady">The Gingerbread Lady</a></i>, which was written especially for her, in 1971. Later Broadway roles included "Birdie" in <i><a class="external" href="http://en.wikipedia.org/wiki/The_Little_Foxes" title="The Little Foxes">The Little Foxes</a></i> opposite <a class="external" href="http://en.wikipedia.org/wiki/Elizabeth_Taylor" title="Elizabeth Taylor">Elizabeth Taylor</a> and as a replacement for <a class="external" href="http://en.wikipedia.org/wiki/Jessica_Tandy" title="Jessica Tandy">Jessica Tandy</a> in <i><a class="external" href="http://en.wikipedia.org/wiki/The_Gin_Game" title="The Gin Game">The Gin Game</a></i>.</p>
      <p xmlns="http://www.w3.org/1999/xhtml">Stapleton's film career, though limited, brought her immediate success, with her debut in <i><a class="external" href="http://en.wikipedia.org/wiki/Lonelyhearts" title="Lonelyhearts">Lonelyhearts</a></i> (1958) earning a nomination for an <a class="external" href="http://en.wikipedia.org/wiki/Academy_Award_for_Best_Supporting_Actress" title="Academy Award for Best Supporting Actress">Academy Award for Best Supporting Actress</a>. She appeared in the 1963 film version of <i><a class="external" href="http://en.wikipedia.org/wiki/Bye_Bye_Birdie_(film)" title="Bye Bye Birdie (film)">Bye Bye Birdie</a></i>, in the role of Mama Mae Peterson, with <a class="external" href="http://en.wikipedia.org/wiki/Dick_Van_Dyke" title="Dick Van Dyke">Dick Van Dyke</a>, <a class="external" href="http://en.wikipedia.org/wiki/Janet_Leigh" title="Janet Leigh">Janet Leigh</a>, <a class="external" href="http://en.wikipedia.org/wiki/Paul_Lynde" title="Paul Lynde">Paul Lynde</a> and <a class="external" href="http://en.wikipedia.org/wiki/Ann-Margret" title="Ann-Margret">Ann-Margret</a>. Stapleton played the role of Dick Van Dyke's mother, even though she was only 5 months and 22 days older than Van Dyke. She was nominated again for an Oscar for <i><a class="external" href="http://en.wikipedia.org/wiki/Airport_(1970_film)" title="Airport (1970 film)">Airport</a></i> (1970) and <a class="external" href="http://en.wikipedia.org/wiki/Woody_Allen" title="Woody Allen">Woody Allen</a>'s <i><a class="external" href="http://en.wikipedia.org/wiki/Interiors" title="Interiors">Interiors</a></i> (1978). She won the Best Supporting Actress Oscar for <i><a class="external" href="http://en.wikipedia.org/wiki/Reds_(film)" title="Reds (film)">Reds</a></i> (1981), directed by <a class="external" href="http://en.wikipedia.org/wiki/Warren_Beatty" title="Warren Beatty">Warren Beatty</a>, in which she portrayed the Lithuanian-born <a class="external" href="http://en.wikipedia.org/wiki/Anarchism" title="Anarchism">anarchist</a>, <a class="external" href="http://en.wikipedia.org/wiki/Emma_Goldman" title="Emma Goldman">Emma Goldman</a>. She ended her acceptance speech with the quip "I would like to thank everyone I've ever met in my entire life."</p>
      <p xmlns="http://www.w3.org/1999/xhtml">Stapleton won a 1968 <a class="external" href="http://en.wikipedia.org/wiki/Emmy_Award" title="Emmy Award">Emmy Award</a> for her performance in <i><a class="external" href="http://en.wikipedia.org/w/index.php?title=Among_the_Paths_of_Eden&amp;action=edit&amp;redlink=1" title="Among the Paths of Eden (page does not exist)">Among the Paths of Eden</a></i>. She was nominated for the television version of <i><a class="external" href="http://en.wikipedia.org/wiki/All_the_King%27s_Men_(1949_film)" title="All the King's Men (1949 film)">All the King's Men</a></i> (1959), <i><a class="external" href="http://en.wikipedia.org/wiki/Queen_of_the_Stardust_Ballroom" title="Queen of the Stardust Ballroom">Queen of the Stardust Ballroom</a></i> (1975), and <i><a class="external" href="http://en.wikipedia.org/wiki/The_Gathering" title="The Gathering">The Gathering</a></i> (1977). Her more recent appearances included <i><a class="external" href="http://en.wikipedia.org/wiki/Johnny_Dangerously" title="Johnny Dangerously">Johnny Dangerously</a></i> (1984), <i><a class="external" href="http://en.wikipedia.org/wiki/Cocoon_(film)" title="Cocoon (film)">Cocoon</a></i> (1985) and its sequel <i><a class="external" href="http://en.wikipedia.org/wiki/Cocoon:_The_Return" title="Cocoon: The Return">Cocoon: The Return</a></i> (1988).</p>
      <p xmlns="http://www.w3.org/1999/xhtml">She was inducted into the <a class="external" href="http://en.wikipedia.org/wiki/American_Theatre_Hall_of_Fame" title="American Theatre Hall of Fame">American Theatre Hall of Fame</a> in 1981.</p>
      <h2 xmlns="http://www.w3.org/1999/xhtml"> <span class="mw-headline" id="Personal_life">Personal life</span></h2>
      <p xmlns="http://www.w3.org/1999/xhtml">Stapleton's first husband was Max Allentuck, general manager to the producer <a class="external" href="http://en.wikipedia.org/wiki/Kermit_Bloomgarden" title="Kermit Bloomgarden">Kermit Bloomgarden</a>, and her second, playwright David Rayfiel, from whom she divorced. She had a son, Daniel, and a daughter, Katherine, by her first husband. Her daughter, Katherine Allentuck, garnered good reviews for her single movie role, that of "Aggie" in <i><a class="external" href="http://en.wikipedia.org/wiki/Summer_of_%2742" title="Summer of '42">Summer of '42</a></i> (Stapleton herself also had a minor, uncredited role in the film as the protagonist's mother, though only her voice is heard, she does not appear on camera).</p>
      <p xmlns="http://www.w3.org/1999/xhtml">Stapleton suffered from <a class="external" href="http://en.wikipedia.org/wiki/Anxiety" title="Anxiety">anxiety</a> and <a class="external" href="http://en.wikipedia.org/wiki/Alcoholism" title="Alcoholism">alcoholism</a> for many years and once told an interviewer, "The curtain came down and I went into the vodka." She also said that her unhappy childhood contributed to her insecurities. In 2006, Maureen Stapleton, who was a heavy smoker, died of <a class="external" href="http://en.wikipedia.org/wiki/Chronic_obstructive_pulmonary_disease" title="Chronic obstructive pulmonary disease">chronic obstructive pulmonary disease</a> at her home in <a class="external" href="http://en.wikipedia.org/wiki/Lenox,_Massachusetts" title="Lenox, Massachusetts">Lenox, Massachusetts</a>, at the age of 80.</p>
      <p xmlns="http://www.w3.org/1999/xhtml">In 1981 <a class="external" href="http://en.wikipedia.org/wiki/Hudson_Valley_Community_College" title="Hudson Valley Community College">Hudson Valley Community College</a> in Stapleton's childhood city of <a class="external" href="http://en.wikipedia.org/wiki/Troy,_New_York" title="Troy, New York">Troy, New York</a>, dedicated a theater in her name.</p>
      <p xmlns="http://www.w3.org/1999/xhtml">Stapleton is <i>not</i> related to the actress <a class="external" href="http://en.wikipedia.org/wiki/Jean_Stapleton" title="Jean Stapleton">Jean Stapleton</a> (best known for her role as <a class="external" href="http://en.wikipedia.org/wiki/Edith_Bunker" title="Edith Bunker">Edith Bunker</a> on the hit CBS-TV ground-breaking comedy show <i><a class="external" href="http://en.wikipedia.org/wiki/All_in_the_Family" title="All in the Family">All in the Family</a></i>). 'Stapleton' is Jean's mother's maiden name...</p>
      <h2 xmlns="http://www.w3.org/1999/xhtml"> <span class="mw-headline" id="Filmography">Filmography</span></h2>
      <h2 xmlns="http://www.w3.org/1999/xhtml"> <span class="mw-headline" id="References">References</span></h2>
      <h2 xmlns="http://www.w3.org/1999/xhtml"> <span class="mw-headline" id="External_links">External links</span></h2>
      <ul xmlns="http://www.w3.org/1999/xhtml">
	<li><a href="http://www.findagrave.com/cgi-bin/fg.cgi?page=gr&amp;GRid=13604784" rel="nofollow">Maureen Stapleton</a> at <a class="external" href="http://en.wikipedia.org/wiki/Find_a_Grave" title="Find a Grave">Find a Grave</a></li>
	<li><a href="http://www.ibdb.com/person.asp?ID=51912" rel="nofollow">Maureen Stapleton</a> at the <a class="external" href="http://en.wikipedia.org/wiki/Internet_Broadway_Database" title="Internet Broadway Database">Internet Broadway Database</a></li>
	<li><a href="http://www.imdb.com/name/nm0822972/" rel="nofollow">Maureen Stapleton</a> at the <a class="external" href="http://en.wikipedia.org/wiki/Internet_Movie_Database" title="Internet Movie Database">Internet Movie Database</a></li>
	<li><a href="http://www.tv.com/person/34967/summary.html" rel="nofollow">Maureen Stapleton</a> at <a class="external" href="http://en.wikipedia.org/wiki/TV.com" title="TV.com">TV.com</a></li>
      </ul>
    </wiki:description>
  </wiki:person>
  <wiki:film-title link="/wiki/Lonelyhearts">Lonelyhearts</wiki:film-title>
  <wiki:film link="/wiki/Lonelyhearts" title="Lonelyhearts">
    <wiki:oscar-ref year="1958" span="1" winner="false" award="supporting-actress" person-link="/wiki/Maureen_Stapleton" person-name="Maureen Stapleton"/>
    <wiki:producer link="/wiki/Dore_Schary">Dore Schary</wiki:producer>
    <wiki:director link="/wiki/Vincent_J._Donehue">Vincent J. Donehue</wiki:director>
    <wiki:writer link="/w/index.php?title=Howard_Teichmann&amp;action=edit&amp;redlink=1">Howard Teichmann</wiki:writer>
    <wiki:writer link="/wiki/Nathanael_West">Nathanael West</wiki:writer>
    <wiki:distributor link="/wiki/United_Artists">United Artists</wiki:distributor>
    <wiki:starring link="/wiki/Montgomery_Clift">Montgomery Clift</wiki:starring>
    <wiki:starring link="/wiki/Robert_Ryan">Robert Ryan</wiki:starring>
    <wiki:starring link="/wiki/Myrna_Loy">Myrna Loy</wiki:starring>
    <wiki:starring link="/wiki/Dolores_Hart">Dolores Hart</wiki:starring>
    <wiki:description>
      <wiki:abstract>
	<p xmlns="http://www.w3.org/1999/xhtml"><i><b>Lonelyhearts</b></i> (also known as <i><b>Miss Lonelyheart</b></i> ) is a 1958 <i><a class="external" href="http://en.wikipedia.org/wiki/Film_noir" title="Film noir">film noir</a></i> drama film directed by <a class="external" href="http://en.wikipedia.org/wiki/Vincent_J._Donehue" title="Vincent J. Donehue">Vincent J. Donehue</a>. It is based on the play by <a class="external" href="http://en.wikipedia.org/w/index.php?title=Howard_Teichmann&amp;action=edit&amp;redlink=1" title="Howard Teichmann (page does not exist)">Howard Teichmann</a> and the 1933 novel <i><a class="external" href="http://en.wikipedia.org/wiki/Miss_Lonelyhearts" title="Miss Lonelyhearts">Miss Lonelyhearts</a></i> by <a class="external" href="http://en.wikipedia.org/wiki/Nathanael_West" title="Nathanael West">Nathanael West</a>.</p>
	<p xmlns="http://www.w3.org/1999/xhtml">The film stars <a class="external" href="http://en.wikipedia.org/wiki/Montgomery_Clift" title="Montgomery Clift">Montgomery Clift</a>, <a class="external" href="http://en.wikipedia.org/wiki/Robert_Ryan" title="Robert Ryan">Robert Ryan</a>, <a class="external" href="http://en.wikipedia.org/wiki/Myrna_Loy" title="Myrna Loy">Myrna Loy</a>, <a class="external" href="http://en.wikipedia.org/wiki/Jackie_Coogan" title="Jackie Coogan">Jackie Coogan</a>, <a class="external" href="http://en.wikipedia.org/wiki/Dolores_Hart" title="Dolores Hart">Dolores Hart</a>, and <a class="external" href="http://en.wikipedia.org/wiki/Maureen_Stapleton" title="Maureen Stapleton">Maureen Stapleton</a> in her first film role. Stapleton was nominated for an <a class="external" href="http://en.wikipedia.org/wiki/Academy_Award" title="Academy Award">Academy Award</a> for <a class="external" href="http://en.wikipedia.org/wiki/Academy_Award_for_Best_Supporting_Actress" title="Academy Award for Best Supporting Actress">Best Supporting Actress</a> as well as for a <a class="external" href="http://en.wikipedia.org/wiki/Golden_Globe" title="Golden Globe">Golden Globe</a>.</p>
	<h2 xmlns="http://www.w3.org/1999/xhtml"> <span class="mw-headline" id="Background_and_production">Background and production</span></h2>
	<p xmlns="http://www.w3.org/1999/xhtml">Nathanael West's novel on which this film was based was adapted for the screen in <a class="external" href="http://en.wikipedia.org/wiki/1933_in_film" title="1933 in film">1933</a> as <i>Advice to the Lovelorn</i> starring <a class="external" href="http://en.wikipedia.org/wiki/Lee_Tracy" title="Lee Tracy">Lee Tracy</a>. It was made by <a class="external" href="http://en.wikipedia.org/wiki/20th_Century_Pictures" title="20th Century Pictures">20th Century Pictures</a> and distributed by <a class="external" href="http://en.wikipedia.org/wiki/United_Artists" title="United Artists">United Artists</a>, directed by <a class="external" href="http://en.wikipedia.org/wiki/Alfred_L._Werker" title="Alfred L. Werker">Alfred L. Werker</a> from a screenplay by Leonard Praskins. The film was more of a comedy-drama than this version.</p>
	<p xmlns="http://www.w3.org/1999/xhtml">In 1957, the novel was adapted into a stage play entitled <i>Miss Lonelyhearts</i> by Howard Teichmann. It opened on <a class="external" href="http://en.wikipedia.org/wiki/Broadway_theatre" title="Broadway theatre">Broadway</a> at the <a class="external" href="http://en.wikipedia.org/wiki/Music_Box_Theatre" title="Music Box Theatre">Music Box Theatre</a> on October 3, 1957 in a production directed by <a class="external" href="http://en.wikipedia.org/wiki/Alan_Schneider" title="Alan Schneider">Alan Schneider</a> and designed by <a class="external" href="http://en.wikipedia.org/wiki/Jo_Mielziner" title="Jo Mielziner">Jo Mielziner</a>. It ran for only twelve performances.</p>
	<h2 xmlns="http://www.w3.org/1999/xhtml"> <span class="mw-headline" id="Plot">Plot</span></h2>
      </wiki:abstract>
      <h2 xmlns="http://www.w3.org/1999/xhtml"> <span class="mw-headline" id="External_links">External links</span></h2>
      <ul xmlns="http://www.w3.org/1999/xhtml">
	<li><a href="http://www.imdb.com/title/tt0053017/" rel="nofollow"><i>Lonelyhearts</i></a> at the <a class="external" href="http://en.wikipedia.org/wiki/Internet_Movie_Database" title="Internet Movie Database">Internet Movie Database</a></li>
	<li><a href="http://www.allmovie.com/work/29909" rel="nofollow"><i>Lonelyhearts</i></a> at <a class="external" href="http://en.wikipedia.org/wiki/Allmovie" title="Allmovie">Allmovie</a></li>
      </ul>
    </wiki:description>
  </wiki:film>
</wiki:nominee>