<?xml version="1.0" encoding="UTF-8"?>
<wiki:nominee year="1993" span="1" winner="false" award="best-director" xmlns:wiki="http://marklogic.com/wikipedia">
  <!--
                            Copyright (c) 2010 MarkLogic Corporation.
                            Permission is granted to copy, distribute and/or modify this document
                            under the terms of the GNU Free Documentation License, Version 1.2
                            or any later version published by the Free Software Foundation;
                            with no Invariant Sections, no Front-Cover Texts, and no Back-Cover Texts.
                            A copy of the license is included in the section entitled "GNU
                            Free Documentation License"
                            
                            Content derived from http://en.wikipedia.org/wiki/The_Piano and http://en.wikipedia.org/wiki/Jane_Campion
                            Modified in May 2009 by Mark Logic Corporation under the terms of the GNU Free Documentation License.
                        -->
  <wiki:name link="/wiki/Jane_Campion">Jane Campion</wiki:name>
  <wiki:person link="/wiki/Jane_Campion" name="Jane Campion">
    <wiki:oscar year="1993" span="1" winner="false" award="best-director" film-link="/wiki/The_Piano" film-title="The Piano"/>
    <wiki:birth>
      <wiki:date/>
      <wiki:place>
	<wiki:primary link=""/>
	<wiki:secondary link=""/>
      <enrich/></wiki:place>
    </wiki:birth>
    <wiki:description>
      <wiki:abstract>
	<p xmlns="http://www.w3.org/1999/xhtml"><b>Jane Campion</b> (born 30 April 1954) is a <a class="external" href="http://en.wikipedia.org/wiki/Film_maker" title="Film maker">film maker</a> and screenwriter. She is one of the most internationally successful New Zealand directors, although most of her work has been made in or financed by other countries, principally Australia â€“ where she now lives â€“ and the United States. Campion is the second of the four women ever nominated for the <a class="external" href="http://en.wikipedia.org/wiki/Academy_Award_for_Best_Director" title="Academy Award for Best Director">Academy Award for Best Director</a>.</p>
	<h2 xmlns="http://www.w3.org/1999/xhtml"> <span class="mw-headline" id="Early_life">Early life</span></h2>
	<p xmlns="http://www.w3.org/1999/xhtml">Campion was born in <a class="external" href="http://en.wikipedia.org/wiki/Wellington" title="Wellington">Wellington</a>, New Zealand, the daughter of Edith, an actress, and Richard Campion, a theater and opera director. She graduated in Anthropology from <a class="external" href="http://en.wikipedia.org/wiki/Victoria_University_of_Wellington" title="Victoria University of Wellington">Victoria University of Wellington</a> in 1975, and with a painting major at the <a class="external" href="http://en.wikipedia.org/wiki/Sydney_College_of_the_Arts" title="Sydney College of the Arts">Sydney College of the Arts</a> in Australia in 1979.</p>
	<h2 xmlns="http://www.w3.org/1999/xhtml"> <span class="mw-headline" id="Career">Career</span></h2>
	<p xmlns="http://www.w3.org/1999/xhtml">Campion started making films in the early 80s at the <a class="external" href="http://en.wikipedia.org/wiki/Australian_Film_Television_and_Radio_School" title="Australian Film Television and Radio School">Australian Film Television and Radio School</a>.</p>
	<p xmlns="http://www.w3.org/1999/xhtml">Her first short film, <i><a class="external" href="http://en.wikipedia.org/wiki/Peel_(film)" title="Peel (film)">Peel</a></i> (1982) won the <a class="external" href="http://en.wikipedia.org/wiki/Short_Film_Palme_d%27Or" title="Short Film Palme d'Or">Short Film Palme d'Or</a> at the <a class="external" href="http://en.wikipedia.org/wiki/1986_Cannes_Film_Festival" title="1986 Cannes Film Festival">1986 Cannes Film Festival</a>, and other awards followed for the shorts <i><a class="external" href="http://en.wikipedia.org/wiki/Passionless_Moments" title="Passionless Moments">Passionless Moments</a></i> (1983) and <i><a class="external" href="http://en.wikipedia.org/wiki/Girls_Own_Story" title="Girls Own Story">Girls Own Story</a></i> (1984). <i><a class="external" href="http://en.wikipedia.org/wiki/Sweetie_(film)" title="Sweetie (film)">Sweetie</a></i> (1989) was her feature debut, and won international awards. Further recognition followed with <i><a class="external" href="http://en.wikipedia.org/wiki/An_Angel_at_my_Table" title="An Angel at my Table">An Angel at my Table</a></i> (1990), an autobiographical and psychological portrayal of the New Zealand poet <a class="external" href="http://en.wikipedia.org/wiki/Janet_Frame" title="Janet Frame">Janet Frame</a>. International recognition followed with another Palme d'Or at the <a class="external" href="http://en.wikipedia.org/wiki/1993_Cannes_Film_Festival" title="1993 Cannes Film Festival">1993 Cannes Film Festival</a> for <i><a class="external" href="http://en.wikipedia.org/wiki/The_Piano" title="The Piano">The Piano</a></i>, which won the best director award from the <a class="external" href="http://en.wikipedia.org/wiki/Australian_Film_Institute" title="Australian Film Institute">Australian Film Institute</a> and an <a class="external" href="http://en.wikipedia.org/wiki/Academy_Award_for_Best_Original_Screenplay" title="Academy Award for Best Original Screenplay">Academy Award for Best Original Screenplay</a> in 1994. At the <a class="external" href="http://en.wikipedia.org/wiki/66th_Academy_Awards" title="66th Academy Awards">66th Academy Awards</a>, she was the second woman ever to be nominated best director.</p>
	<p xmlns="http://www.w3.org/1999/xhtml">Campion's work since that time has tended to polarize opinion. <i><a class="external" href="http://en.wikipedia.org/wiki/The_Portrait_of_a_Lady_(film)" title="The Portrait of a Lady (film)">The Portrait of a Lady</a></i> (1996), based on the <a class="external" href="http://en.wikipedia.org/wiki/Henry_James" title="Henry James">Henry James</a> novel, featured <a class="external" href="http://en.wikipedia.org/wiki/Nicole_Kidman" title="Nicole Kidman">Nicole Kidman</a>, <a class="external" href="http://en.wikipedia.org/wiki/John_Malkovich" title="John Malkovich">John Malkovich</a>, <a class="external" href="http://en.wikipedia.org/wiki/Barbara_Hershey" title="Barbara Hershey">Barbara Hershey</a> and <a class="external" href="http://en.wikipedia.org/wiki/Martin_Donovan" title="Martin Donovan">Martin Donovan</a>. <i><a class="external" href="http://en.wikipedia.org/wiki/Holy_Smoke!" title="Holy Smoke!">Holy Smoke!</a></i> (1999) teamed Campion again with <a class="external" href="http://en.wikipedia.org/wiki/Harvey_Keitel" title="Harvey Keitel">Harvey Keitel</a>, this time with <a class="external" href="http://en.wikipedia.org/wiki/Kate_Winslet" title="Kate Winslet">Kate Winslet</a> as the female lead. <i><a class="external" href="http://en.wikipedia.org/wiki/In_the_Cut" title="In the Cut">In the Cut</a></i> (2003), an <a class="external" href="http://en.wikipedia.org/wiki/Erotic_thriller" title="Erotic thriller">erotic thriller</a> based on <a class="external" href="http://en.wikipedia.org/wiki/Susanna_Moore" title="Susanna Moore">Susanna Moore</a>'s bestseller, provided <a class="external" href="http://en.wikipedia.org/wiki/Meg_Ryan" title="Meg Ryan">Meg Ryan</a> an opportunity to depart from her more familiar onscreen persona. Her <a class="external" href="http://en.wikipedia.org/wiki/2009" title="2009">2009</a> film <i><a class="external" href="http://en.wikipedia.org/wiki/Bright_Star_(film)" title="Bright Star (film)">Bright Star</a>,</i> a biographical drama about poet <a class="external" href="http://en.wikipedia.org/wiki/John_Keats" title="John Keats">John Keats</a> (played by <a class="external" href="http://en.wikipedia.org/wiki/Ben_Whishaw" title="Ben Whishaw">Ben Whishaw</a>) and his lover <a class="external" href="http://en.wikipedia.org/wiki/Fanny_Brawne" title="Fanny Brawne">Fanny Brawne</a> (<a class="external" href="http://en.wikipedia.org/wiki/Abbie_Cornish" title="Abbie Cornish">Abbie Cornish</a>), was shown at the Cannes Film Festival.</p>
	<p xmlns="http://www.w3.org/1999/xhtml">Campion was an executive producer for the 2006 documentary <i><a class="external" href="http://en.wikipedia.org/wiki/Abduction:_The_Megumi_Yokota_Story" title="Abduction: The Megumi Yokota Story">Abduction: The Megumi Yokota Story</a></i>.</p>
	<h2 xmlns="http://www.w3.org/1999/xhtml"> <span class="mw-headline" id="Personal_life">Personal life</span></h2>
      </wiki:abstract>
      <h2 xmlns="http://www.w3.org/1999/xhtml"> <span class="mw-headline" id="Filmography">Filmography</span></h2>
      <ul xmlns="http://www.w3.org/1999/xhtml">
	<li><i><a class="external" href="http://en.wikipedia.org/wiki/A_Girl%27s_Own_Story" title="A Girl's Own Story">A Girl's Own Story</a></i> (1984)</li>
	<li><i><a class="external" href="http://en.wikipedia.org/wiki/Two_Friends_(film)" title="Two Friends (film)">Two Friends</a></i> (1986)</li>
	<li><i><a class="external" href="http://en.wikipedia.org/wiki/Sweetie_(film)" title="Sweetie (film)">Sweetie</a></i> (1989)</li>
	<li><i><a class="external" href="http://en.wikipedia.org/wiki/An_Angel_at_My_Table" title="An Angel at My Table">An Angel at My Table</a></i> (1990) â€” based on the autobiography of <a class="external" href="http://en.wikipedia.org/wiki/Janet_Frame" title="Janet Frame">Janet Frame</a></li>
	<li><i><a class="external" href="http://en.wikipedia.org/wiki/The_Piano" title="The Piano">The Piano</a></i> (1993)</li>
	<li><i><a class="external" href="http://en.wikipedia.org/wiki/The_Portrait_of_a_Lady_(film)" title="The Portrait of a Lady (film)">The Portrait of a Lady</a></i> (1996) â€” based on the novel by <a class="external" href="http://en.wikipedia.org/wiki/Henry_James" title="Henry James">Henry James</a></li>
	<li><i><a class="external" href="http://en.wikipedia.org/wiki/Holy_Smoke!" title="Holy Smoke!">Holy Smoke!</a></i> (1999)</li>
	<li><i><a class="external" href="http://en.wikipedia.org/wiki/In_the_Cut" title="In the Cut">In the Cut</a></i> (2003) â€” based on the novel by <a class="external" href="http://en.wikipedia.org/wiki/Susanna_Moore" title="Susanna Moore">Susanna Moore</a></li>
	<li><i><a class="external" href="http://en.wikipedia.org/wiki/Bright_Star_(film)" title="Bright Star (film)">Bright Star</a></i> (2009)</li>
      </ul>
      <ul xmlns="http://www.w3.org/1999/xhtml">
	<li><i><a class="external" href="http://en.wikipedia.org/wiki/Soft_Fruit_(film)" title="Soft Fruit (film)">Soft Fruit</a></i> (2000)</li>
	<li><i><a class="external" href="http://en.wikipedia.org/wiki/Abduction:_The_Megumi_Yokota_Story" title="Abduction: The Megumi Yokota Story">Abduction: The Megumi Yokota Story</a></i> (2006)</li>
      </ul>
      <h2 xmlns="http://www.w3.org/1999/xhtml"> <span class="mw-headline" id="See_also">See also</span></h2>
      <ul xmlns="http://www.w3.org/1999/xhtml">
	<li><a class="external" href="http://en.wikipedia.org/wiki/New_Zealand_Film_Makers" title="New Zealand Film Makers">New Zealand Film Makers</a></li>
      </ul>
      <h2 xmlns="http://www.w3.org/1999/xhtml"> <span class="mw-headline" id="Bibliography">Bibliography</span></h2>
      <ul xmlns="http://www.w3.org/1999/xhtml">
	<li>Ellen Cheshire. Jane Campion. London: Pocket Essentials, 2000</li>
	<li>V. W. Wexman. Jane Campion: Interviews. Roundhouse Publishing. 1999</li>
	<li><a class="external" href="http://en.wikipedia.org/wiki/Deb_Verhoeven" title="Deb Verhoeven">Deb Verhoeven</a>. Jane Campion. London: Routledge, 2009</li>
      </ul>
      <h2 xmlns="http://www.w3.org/1999/xhtml"> <span class="mw-headline" id="References">References</span></h2>
      <h2 xmlns="http://www.w3.org/1999/xhtml"> <span class="mw-headline" id="External_links">External links</span></h2>
      <ul xmlns="http://www.w3.org/1999/xhtml">
	<li><a href="http://www.hlamgt.com.au/" rel="nofollow">Jane Campion's Agent</a></li>
	<li><a href="http://www.imdb.com/name/nm0001005/" rel="nofollow">Jane Campion</a> at the <a class="external" href="http://en.wikipedia.org/wiki/Internet_Movie_Database" title="Internet Movie Database">Internet Movie Database</a></li>
	<li><a href="http://www.myspace.com/strangeandstrong" rel="nofollow">Jane Campion Myspace Fan Page</a></li>
	<li><a href="http://www.allmovie.com/artist/83988" rel="nofollow">Jane Campion</a> at <a class="external" href="http://en.wikipedia.org/wiki/Allmovie" title="Allmovie">Allmovie</a></li>
	<li><a href="http://www.lib.berkeley.edu/MRC/campion.html" rel="nofollow">Jane Campion Bibliography (via UC Berkeley</a></li>
	<li><a href="http://www.sensesofcinema.com/contents/directors/02/campion.html" rel="nofollow">Senses of Cinema: Great Directors Critical Database</a></li>
      </ul>
    </wiki:description>
  </wiki:person>
  <wiki:film-title link="/wiki/The_Piano">The Piano</wiki:film-title>
  <wiki:film link="/wiki/The_Piano" title="The Piano">
    <wiki:oscar-ref year="1993" span="1" winner="true" award="lead-actress" person-link="/wiki/Holly_Hunter" person-name="Holly Hunter"/>
    <wiki:oscar-ref year="1993" span="1" winner="false" award="best-director" person-link="/wiki/Jane_Campion" person-name="Jane Campion"/>
    <wiki:oscar-ref year="1993" span="1" winner="true" award="supporting-actress" person-link="/wiki/Anna_Paquin" person-name="Anna Paquin"/>
    <wiki:oscar year="1993" span="1" winner="false" award="best-picture"/>
    <wiki:producer link="/wiki/Jan_Chapman">Jan Chapman</wiki:producer>
    <wiki:director link="/wiki/Jane_Campion">Jane Campion</wiki:director>
    <wiki:writer link="/wiki/Jane_Campion">Jane Campion</wiki:writer>
    <wiki:starring link="/wiki/Holly_Hunter">Holly Hunter</wiki:starring>
    <wiki:starring link="/wiki/Harvey_Keitel">Harvey Keitel</wiki:starring>
    <wiki:starring link="/wiki/Anna_Paquin">Anna Paquin</wiki:starring>
    <wiki:starring link="/wiki/Sam_Neill">Sam Neill</wiki:starring>
    <wiki:language link="/wiki/M%C4%81ori_language">MÄ&#129;ori</wiki:language>
    <wiki:language link="/wiki/British_Sign_Language">British Sign Language</wiki:language>
    <wiki:description>
      <wiki:abstract>
	<p xmlns="http://www.w3.org/1999/xhtml"><i><b>The Piano</b></i> is a 1993 New Zealand drama film about a <a class="external" href="http://en.wikipedia.org/wiki/Muteness" title="Muteness">mute</a> pianist and her daughter, set during the mid-19th century in a rainy, muddy frontier <a class="external" href="http://en.wikipedia.org/wiki/New_Zealand" title="New Zealand">New Zealand</a> backwater. The film was written and directed by <a class="external" href="http://en.wikipedia.org/wiki/Jane_Campion" title="Jane Campion">Jane Campion</a>, and stars <a class="external" href="http://en.wikipedia.org/wiki/Holly_Hunter" title="Holly Hunter">Holly Hunter</a>, <a class="external" href="http://en.wikipedia.org/wiki/Harvey_Keitel" title="Harvey Keitel">Harvey Keitel</a>, <a class="external" href="http://en.wikipedia.org/wiki/Sam_Neill" title="Sam Neill">Sam Neill</a> and <a class="external" href="http://en.wikipedia.org/wiki/Anna_Paquin" title="Anna Paquin">Anna Paquin</a>. It features a score for the <a class="external" href="http://en.wikipedia.org/wiki/Piano" title="Piano">piano</a> by <a class="external" href="http://en.wikipedia.org/wiki/Michael_Nyman" title="Michael Nyman">Michael Nyman</a> which became a bestselling <a class="external" href="http://en.wikipedia.org/wiki/Soundtrack_album" title="Soundtrack album">soundtrack album</a>. Hunter played her own piano pieces for the film, and also served as <a class="external" href="http://en.wikipedia.org/wiki/Sign_language" title="Sign language">sign language</a> teacher for Paquin, earning herself three different screen credits. The film was an <a class="external" href="http://en.wikipedia.org/wiki/International_co-production" title="International co-production">international co-production</a> by Australian producer <a class="external" href="http://en.wikipedia.org/wiki/Jan_Chapman" title="Jan Chapman">Jan Chapman</a> with the French company <a class="external" href="http://en.wikipedia.org/w/index.php?title=Ciby_2000&amp;action=edit&amp;redlink=1" title="Ciby 2000 (page does not exist)">Ciby 2000</a>.</p>
	<p xmlns="http://www.w3.org/1999/xhtml">Alistair Fox has argued that <i>The Piano</i> was significantly influenced by <a class="external" href="http://en.wikipedia.org/wiki/Jane_Mander" title="Jane Mander">Jane Mander</a>'s <i>The Story of a New Zealand River</i>. The movie also serves as a retelling of the fairytale <a class="external" href="http://en.wikipedia.org/wiki/Bluebeard" title="Bluebeard">Bluebeard</a> , which is hinted at further in the inclusion of Bluebeard as a piece of the Christmas <a class="external" href="http://en.wikipedia.org/wiki/Pageant" title="Pageant">pageant</a>. <i>The Piano</i> was a commercial and critical success, grossing more than $40 million, against its 7 million budget. Both Holly Hunter and Anna Paquin received high praise for their role as Ada McGrath and Flora McGrath. At the <a class="external" href="http://en.wikipedia.org/wiki/66th_Academy_Awards" title="66th Academy Awards">66th Academy Awards</a>, <i>The Piano</i> won three awards, including <a class="external" href="http://en.wikipedia.org/wiki/Academy_Award_for_Best_Actress" title="Academy Award for Best Actress">Best Actress</a> for Hunter, <a class="external" href="http://en.wikipedia.org/wiki/Academy_Award_for_Best_Supporting_Actress" title="Academy Award for Best Supporting Actress">Best Supporting Actress</a> for Paquin, and <a class="external" href="http://en.wikipedia.org/wiki/Academy_Award_for_Best_Writing_(Original_Screenplay)" title="Academy Award for Best Writing (Original Screenplay)">Best Original Screenplay</a>. Anna Paquin, who at the time was only eleven years old, became the second youngest ever Best Supporting Actress Oscar winner, after <a class="external" href="http://en.wikipedia.org/wiki/Tatum_O%27Neal" title="Tatum O'Neal">Tatum O'Neal</a>, who won the award in 1974 for <i><a class="external" href="http://en.wikipedia.org/wiki/Paper_Moon_(film)" title="Paper Moon (film)">Paper Moon</a></i>, at the age of ten.</p>
	<h2 xmlns="http://www.w3.org/1999/xhtml"> <span class="mw-headline" id="Plot">Plot</span></h2>
	<p xmlns="http://www.w3.org/1999/xhtml"><i>The Piano</i> tells the story of a mute <a class="external" href="http://en.wikipedia.org/wiki/Scots_people" title="Scots people">Scotswoman</a>, Ada McGrath (Hunter), whose father sells her into marriage to a New Zealand frontiersman, Alistair Stewart (Neill). She is shipped off along with her young daughter Flora McGrath (Paquin). Ada has not spoken a word since she was six years old, expressing herself instead through her piano playing and through sign language for which her daughter has served as the <a class="external" href="http://en.wikipedia.org/wiki/Interpreting" title="Interpreting">interpreter</a>. Ada cares little for the mundane world, occupying herself for hours every day with the piano. It is never made explicitly clear why she ceased to speak. Flora, it is later learned, is the product of a relationship with a teacher whom Ada believed she could control with her mind, making him love her, but who "became frightened and stopped listening," and thus left her.</p>
	<p xmlns="http://www.w3.org/1999/xhtml">Ada, Flora and their belongings, including the piano, are deposited on a New Zealand beach by the ship's crew against her angry objections. As there is no one there to meet them, they spend the night alone, sheltering under a tiny tent made of a hoop skirt frame. The following day, Alistair arrives with a <a class="external" href="http://en.wikipedia.org/wiki/M%C4%81ori" title="MÄ&#129;ori">MÄ&#129;ori</a> crew and his friend Baines (<a class="external" href="http://en.wikipedia.org/wiki/Harvey_Keitel" title="Harvey Keitel">Keitel</a>), a fellow forester and a retired sailor, who has adopted many of the Maori customs, including <a class="external" href="http://en.wikipedia.org/wiki/T%C4%81_moko" title="TÄ&#129; moko">tattooing his face</a> and socializing with the Maori instead of his own race (save Alistair). There are insufficient men to carry everything and Alistair abandons the piano, again eliciting objections from Ada.</p>
      </wiki:abstract>
      <p xmlns="http://www.w3.org/1999/xhtml">In an epilogue, she describes her life with Baines and Flora in <a class="external" href="http://en.wikipedia.org/wiki/Nelson,_New_Zealand" title="Nelson, New Zealand">Nelson</a>, where she has started to give piano lessons in their new home, and her severed finger has been replaced with a silver finger made by Baines. Ada says that she imagines her piano in its grave in the sea, and herself suspended above it, which 'lulls me to sleep.' Ada has also started to take speech lessons in order to learn how to speak again. The film closes with the <a class="external" href="http://en.wikipedia.org/wiki/Thomas_Hood" title="Thomas Hood">Thomas Hood</a> quote, from his poem "Silence", which also opened the film:</p>
      <h2 xmlns="http://www.w3.org/1999/xhtml"> <span class="mw-headline" id="Responses">Responses</span></h2>
      <p xmlns="http://www.w3.org/1999/xhtml">The film won the <a class="external" href="http://en.wikipedia.org/wiki/Palme_d%27Or" title="Palme d'Or">Palme d'Or</a> (Golden Palm, shared with <a class="external" href="http://en.wikipedia.org/wiki/Chen_Kaige" title="Chen Kaige">Chen Kaige</a>'s <i><a class="external" href="http://en.wikipedia.org/wiki/Farewell_My_Concubine_(film)" title="Farewell My Concubine (film)">Farewell My Concubine</a></i>) and a <a class="external" href="http://en.wikipedia.org/wiki/Prix_d%27interpr%C3%A9tation_f%C3%A9minine" title="Prix d'interprÃ©tation fÃ©minine">Best Performance Prize</a> for <a class="external" href="http://en.wikipedia.org/wiki/Holly_Hunter" title="Holly Hunter">Holly Hunter</a> at the <a class="external" href="http://en.wikipedia.org/wiki/1993_Cannes_Film_Festival" title="1993 Cannes Film Festival">1993 Cannes Film Festival</a>. In 1994, the film won <a class="external" href="http://en.wikipedia.org/wiki/Academy_Awards" title="Academy Awards">Academy Awards</a> for <a class="external" href="http://en.wikipedia.org/wiki/Academy_Award_for_Best_Actress" title="Academy Award for Best Actress">Best Actress in a Leading Role</a> (Holly Hunter), as well as <a class="external" href="http://en.wikipedia.org/wiki/Academy_Award_for_Best_Supporting_Actress" title="Academy Award for Best Supporting Actress">Best Actress in a Supporting Role</a> (Anna Paquin) and <a class="external" href="http://en.wikipedia.org/wiki/Academy_Award_for_Writing_Original_Screenplay" title="Academy Award for Writing Original Screenplay">Best Writing, Screenplay Written Directly for the Screen</a>. Anna Paquin was the second youngest person after <a class="external" href="http://en.wikipedia.org/wiki/Tatum_O%27Neal" title="Tatum O'Neal">Tatum O'Neal</a> to win an Academy Award. <a class="external" href="http://en.wikipedia.org/wiki/Holly_Hunter" title="Holly Hunter">Holly Hunter</a> is notable for being one of three actresses â€” along with <a class="external" href="http://en.wikipedia.org/wiki/Marlee_Matlin" title="Marlee Matlin">Marlee Matlin</a> (for her <a class="external" href="http://en.wikipedia.org/wiki/American_sign_language" title="American sign language">American sign language</a> performance in <i><a class="external" href="http://en.wikipedia.org/wiki/Children_of_a_Lesser_God" title="Children of a Lesser God">Children of a Lesser God</a></i>) and <a class="external" href="http://en.wikipedia.org/wiki/Jane_Wyman" title="Jane Wyman">Jane Wyman</a> (for her deaf-mute role in <i><a class="external" href="http://en.wikipedia.org/wiki/Johnny_Belinda_(1948_film)" title="Johnny Belinda (1948 film)">Johnny Belinda</a></i>) âˆ’ to receive an Academy Award for Best Actress in the post-<a class="external" href="http://en.wikipedia.org/wiki/Silent_era" title="Silent era">silent era</a> for a non-speaking role (her voice is only heard off-screen in a few scenes). The film made its US premier at the <a class="external" href="http://en.wikipedia.org/wiki/Hawaii_International_Film_Festival" title="Hawaii International Film Festival">Hawaii International Film Festival</a>.</p>
      <p xmlns="http://www.w3.org/1999/xhtml">Critical reaction was overwhelmingly supportive. <a class="external" href="http://en.wikipedia.org/wiki/Roger_Ebert" title="Roger Ebert">Roger Ebert</a> wrote: "<i>The Piano</i> is as peculiar and haunting as any film I've seen" and "It is one of those rare movies that is not just about a story, or some characters, but about a whole universe of feeling". Hal Hinson of <i><a class="external" href="http://en.wikipedia.org/wiki/The_Washington_Post" title="The Washington Post">The Washington Post</a></i> called it "[An] evocative, powerful, extraordinarily beautiful film". In a <a class="external" href="http://en.wikipedia.org/wiki/Rotten_Tomatoes" title="Rotten Tomatoes">Rotten Tomatoes</a> sample of top critics, <i>The Piano</i> scored a 100 percent rating.</p>
      <h2 xmlns="http://www.w3.org/1999/xhtml"> <span class="mw-headline" id="Awards">Awards</span></h2>
      <ul xmlns="http://www.w3.org/1999/xhtml">
	<li><b><a class="external" href="http://en.wikipedia.org/wiki/Academy_Awards" title="Academy Awards">Academy Awards</a></b>:
<ul>
	    <li>Best Actress (Holly Hunter)</li>
	    <li>Best Screenplay â€” Original (Jane Campion)</li>
	    <li>Best Supporting Actress (Anna Paquin)</li>
	  </ul>
</li>
	<li><b><a class="external" href="http://en.wikipedia.org/wiki/1993_Cannes_Film_Festival" title="1993 Cannes Film Festival">Cannes Film Festival</a></b>
<ul>
	    <li>Golden Palm</li>
	    <li>Best Actress (Holly Hunter)</li>
	  </ul>
</li>
	<li><b><a class="external" href="http://en.wikipedia.org/wiki/C%C3%A9sar_Awards" title="CÃ©sar Awards">CÃ©sar Awards</a></b>
<ul>
	    <li>Best Foreign Film</li>
	  </ul>
</li>
	<li><a class="external" href="http://en.wikipedia.org/wiki/Australian_Film_Institute" title="Australian Film Institute">Australian Film Institute</a>:
<ul>
	    <li>Best Actor (Harvey Keitel)</li>
	    <li>Best Actress (Holly Hunter)</li>
	    <li>Best Cinematography (Stuart Dryburgh)</li>
	    <li>Best Costume Design (Janet Patterson)</li>
	    <li>Best Director (Jane Campion)</li>
	    <li>Best Editing (Veronika Jenet)</li>
	    <li><b>Best Film</b></li>
	    <li>Best Original Music Score (Michael Nyman)</li>
	    <li>Best Production Design</li>
	    <li>Best Screenplay â€” Original (Jane Campion)</li>
	    <li>Best Sound</li>
	  </ul>
</li>
	<li><b><a class="external" href="http://en.wikipedia.org/wiki/BAFTA_Awards" title="BAFTA Awards">BAFTA Awards</a></b>:
<ul>
	    <li>Best Actress (Holly Hunter)</li>
	    <li>Best Costume Design (Janet Patterson)</li>
	    <li>Best Production Design (Andrew McAlpine)</li>
	  </ul>
</li>
	<li><a class="external" href="http://en.wikipedia.org/wiki/Boston_Society_of_Film_Critics_Awards_1993" title="Boston Society of Film Critics Awards 1993">Boston Film Critics</a>:
<ul>
	    <li>Best Actress (Holly Hunter)</li>
	  </ul>
</li>
	<li><a class="external" href="http://en.wikipedia.org/wiki/Chicago_Film_Critics_Association_Awards_1993" title="Chicago Film Critics Association Awards 1993">Chicago Film Critics</a>:
<ul>
	    <li>Best Actress (Holly Hunter)</li>
	    <li>Best Score (Michael Nyman)</li>
	  </ul>
</li>
	<li><a class="external" href="http://en.wikipedia.org/wiki/Dallas-Fort_Worth_Film_Critics_Association_Awards_1993" title="Dallas-Fort Worth Film Critics Association Awards 1993">Dallas-Fort Worth Film Critics</a>:
<ul>
	    <li>Best Actress (Holly Hunter)</li>
	  </ul>
</li>
	<li><b><a class="external" href="http://en.wikipedia.org/wiki/Golden_Globe_Awards_1993" title="Golden Globe Awards 1993">Golden Globe Awards</a></b>:
<ul>
	    <li>Best Actress â€” Drama (Holly Hunter)</li>
	  </ul>
</li>
	<li><a class="external" href="http://en.wikipedia.org/wiki/Independent_Spirit_Awards_1993" title="Independent Spirit Awards 1993">Independent Spirit Awards</a>:
<ul>
	    <li>Best Foreign Film, Australia/New Zealand</li>
	  </ul>
</li>
	<li><a class="external" href="http://en.wikipedia.org/w/index.php?title=London_Film_Critics_Circle_Awards_1993&amp;action=edit&amp;redlink=1" title="London Film Critics Circle Awards 1993 (page does not exist)">London Film Critics</a>:
<ul>
	    <li>Actress of the Year (Holly Hunter)</li>
	    <li><b>Film of the Year</b></li>
	  </ul>
</li>
	<li><a class="external" href="http://en.wikipedia.org/wiki/Los_Angeles_Film_Critics_Association_Awards_1993" title="Los Angeles Film Critics Association Awards 1993">Los Angeles Film Critics</a>:
<ul>
	    <li>Best Actress (Holly Hunter)</li>
	    <li>Best Cinematography</li>
	    <li>Best Director (Jane Campion)</li>
	    <li>Best Screenplay (Jane Campion)</li>
	    <li>Best Supporting Actress (Anna Paquin)</li>
	  </ul>
</li>
	<li><a class="external" href="http://en.wikipedia.org/wiki/National_Board_of_Review_Awards_1993" title="National Board of Review Awards 1993">National Board of Review</a>:
<ul>
	    <li>Best Actress (Holly Hunter)</li>
	  </ul>
</li>
	<li><a class="external" href="http://en.wikipedia.org/wiki/National_Society_of_Film_Critics_Awards_1993" title="National Society of Film Critics Awards 1993">National Society of Film Critics</a>:
<ul>
	    <li>Best Actress (Holly Hunter)</li>
	    <li>Best Screenplay (Jane Campion)</li>
	  </ul>
</li>
	<li><a class="external" href="http://en.wikipedia.org/wiki/New_York_Film_Critics_Circle_Awards_1993" title="New York Film Critics Circle Awards 1993">New York Film Critics</a>:
<ul>
	    <li>Best Actress (Holly Hunter)</li>
	    <li>Best Director (Jane Campion)</li>
	    <li>Best Screenplay (Jane Campion)</li>
	  </ul>
</li>
	<li><a class="external" href="http://en.wikipedia.org/wiki/Southeastern_Film_Critics_Association_Awards_1993" title="Southeastern Film Critics Association Awards 1993">Southeastern Film Critics</a>:
<ul>
	    <li>Best Actress (Holly Hunter)</li>
	    <li>Best Director (Jane Campion)</li>
	    <li><b>Best Picture</b></li>
	  </ul>
</li>
	<li><a class="external" href="http://en.wikipedia.org/wiki/Writers_Guild_of_America_Awards_1993" title="Writers Guild of America Awards 1993">Writers Guild of America (WGA)</a>:
<ul>
	    <li>Best Screenplay â€” Original (Jane Campion)</li>
	  </ul>
</li>
      </ul>
      <ul xmlns="http://www.w3.org/1999/xhtml">
	<li><b><a class="external" href="http://en.wikipedia.org/wiki/Academy_Awards" title="Academy Awards">Academy Awards</a></b>:
<ul>
	    <li>Best Cinematography (Stuart Dryburgh)</li>
	    <li>Best Costume Design (Janet Patterson)</li>
	    <li>Best Director (Jane Campion)</li>
	    <li>Best Editing (Veronika Jenet)</li>
	    <li><b>Best Picture</b></li>
	  </ul>
</li>
	<li><a class="external" href="http://en.wikipedia.org/wiki/American_Cinema_Editors" title="American Cinema Editors">American Cinema Editors</a>:
<ul>
	    <li>Best Edited Feature Film (Veronika Jenet)</li>
	  </ul>
</li>
	<li><a class="external" href="http://en.wikipedia.org/wiki/American_Society_of_Cinematographers" title="American Society of Cinematographers">American Society of Cinematographers</a>:
<ul>
	    <li>Outstanding Achievement in Cinematography in Theatrical Releases (Stuart Dryburgh)</li>
	  </ul>
</li>
	<li><a class="external" href="http://en.wikipedia.org/wiki/Australian_Film_Institute" title="Australian Film Institute">Australian Film Institute</a>:
<ul>
	    <li>Best Supporting Actor (Sam Neill)</li>
	    <li>Best Supporting Actress (Kerry Walker)</li>
	  </ul>
</li>
	<li><b><a class="external" href="http://en.wikipedia.org/wiki/BAFTA_Awards" title="BAFTA Awards">BAFTA Awards</a></b>:
<ul>
	    <li>Best Cinematography</li>
	    <li>Best Director (Jane Campion)</li>
	    <li>Best Editing</li>
	    <li><b>Best Film</b></li>
	    <li>Best Score (Michael Nyman)</li>
	    <li>Best Screenplay â€” Original (Jane Campion)</li>
	    <li>Best Sound</li>
	  </ul>
</li>
	<li><a class="external" href="http://en.wikipedia.org/wiki/Directors_Guild_of_America_Awards_1993" title="Directors Guild of America Awards 1993">Directors Guild of America (DGA)</a>:
<ul>
	    <li>Best Director (Jane Campion)</li>
	  </ul>
</li>
	<li><b><a class="external" href="http://en.wikipedia.org/wiki/Golden_Globe_Awards" title="Golden Globe Awards">Golden Globe Awards</a></b>:
<ul>
	    <li>Best Director (Jane Campion)</li>
	    <li>Best Original Score (Michael Nyman)</li>
	    <li><b>Best Picture â€” Drama</b></li>
	    <li>Best Screenplay (Jane Campion)</li>
	    <li>Best Supporting Actress (Anna Paquin)</li>
	  </ul>
</li>
      </ul>
      <h2 xmlns="http://www.w3.org/1999/xhtml"> <span class="mw-headline" id="Soundtrack">Soundtrack</span></h2>
      <p xmlns="http://www.w3.org/1999/xhtml">The score for the film was written by <a class="external" href="http://en.wikipedia.org/wiki/Michael_Nyman" title="Michael Nyman">Michael Nyman</a>, and included the acclaimed piece "The Heart Asks Pleasure First"; additional pieces were "Big My Secret", "The Mood That Passes Through You", "Silver Fingered Fling", "Deep Sleep Playing" and "The Attraction Of The Peddling Ankle". This album is rated in the top 100 soundtrack albums of all time and Nyman's work is regarded as a key voice in the film, which has a mute lead character (<i>Entertainment Weekly</i>, 12 October 2001, p.Â 44).</p>
      <h2 xmlns="http://www.w3.org/1999/xhtml"> <span class="mw-headline" id="Casting">Casting</span></h2>
      <p xmlns="http://www.w3.org/1999/xhtml">Casting the role of Ada was a difficult process. <a class="external" href="http://en.wikipedia.org/wiki/Sigourney_Weaver" title="Sigourney Weaver">Sigourney Weaver</a> was Campion's first choice, but she turned down the role because she was taking a break from movies at the time. <a class="external" href="http://en.wikipedia.org/wiki/Juliette_Binoche" title="Juliette Binoche">Juliette Binoche</a> was considered for the role at one stage, as was <a class="external" href="http://en.wikipedia.org/wiki/Anjelica_Huston" title="Anjelica Huston">Anjelica Huston</a>. <a class="external" href="http://en.wikipedia.org/wiki/Jennifer_Jason_Leigh" title="Jennifer Jason Leigh">Jennifer Jason Leigh</a> was also considered but she couldn't meet with Campion to read the script because she was committed to shooting the film <i><a class="external" href="http://en.wikipedia.org/wiki/Rush_(1991_film)" title="Rush (1991 film)">Rush</a></i>. <a class="external" href="http://en.wikipedia.org/wiki/Isabelle_Huppert" title="Isabelle Huppert">Isabelle Huppert</a> met with <a class="external" href="http://en.wikipedia.org/wiki/Jane_Campion" title="Jane Campion">Jane Campion</a> and had vintage period-style photographs taken of her as Ada, and later said she regretted not fighting for the role as Hunter did.</p>
      <p xmlns="http://www.w3.org/1999/xhtml">The casting for Flora occurred after Hunter had been selected for the part. They did a series of open auditions for girls age 9 to 13, focusing on girls who were small enough to be believable as Ada's daughter (as Holly Hunter is a rather short actress at 5' 2").</p>
      <h2 xmlns="http://www.w3.org/1999/xhtml"> <span class="mw-headline" id="Notes">Notes</span></h2>
      <h2 xmlns="http://www.w3.org/1999/xhtml"> <span class="mw-headline" id="References">References</span></h2>
      <ul xmlns="http://www.w3.org/1999/xhtml">
	<li>Ellen Cheshire <i>Jane Campion</i>, Great Britain: Pocket Essentials, 2000.</li>
	<li>Cynthia Kaufman "Colonialism, Purity, and Resistance in The Piano", <i>Socialist Review</i> 24 (1995): 251-55.</li>
      </ul>
      <h2 xmlns="http://www.w3.org/1999/xhtml"> <span class="mw-headline" id="External_links">External links</span></h2>
      <ul xmlns="http://www.w3.org/1999/xhtml">
	<li><a href="http://www.imdb.com/title/tt0107822/" rel="nofollow"><i>The Piano</i></a> at the <a class="external" href="http://en.wikipedia.org/wiki/Internet_Movie_Database" title="Internet Movie Database">Internet Movie Database</a></li>
	<li><a href="http://www.allmovie.com/work/119914" rel="nofollow"><i>The Piano</i></a> at <a class="external" href="http://en.wikipedia.org/wiki/Allmovie" title="Allmovie">Allmovie</a></li>
	<li><a href="http://rogerebert.suntimes.com/apps/pbcs.dll/article?AID=/19931119/REVIEWS/311190302/1023" rel="nofollow">Roger Ebert's review</a></li>
	<li><a href="http://www.imsdb.com/scripts/Piano,-The.html" rel="nofollow"><i>The Piano</i> screenplay</a></li>
      </ul>
    </wiki:description>
  </wiki:film>
</wiki:nominee>