<?xml version="1.0" encoding="UTF-8"?>
<wiki:nominee year="1968" span="1" winner="true" award="lead-actor" xmlns:wiki="http://marklogic.com/wikipedia">
  <!--
                            Copyright (c) 2010 MarkLogic Corporation.
                            Permission is granted to copy, distribute and/or modify this document
                            under the terms of the GNU Free Documentation License, Version 1.2
                            or any later version published by the Free Software Foundation;
                            with no Invariant Sections, no Front-Cover Texts, and no Back-Cover Texts.
                            A copy of the license is included in the section entitled "GNU
                            Free Documentation License"
                            
                            Content derived from http://en.wikipedia.org/wiki/Charly and http://en.wikipedia.org/wiki/Cliff_Robertson
                            Modified in May 2009 by Mark Logic Corporation under the terms of the GNU Free Documentation License.
                        -->
  <wiki:name link="/wiki/Cliff_Robertson">Cliff Robertson</wiki:name>
  <wiki:person link="/wiki/Cliff_Robertson" name="Cliff Robertson">
    <wiki:oscar year="1968" span="1" winner="true" award="lead-actor" film-link="/wiki/Charly" film-title="Charly"/>
    <wiki:image link="http://upload.wikimedia.org/wikipedia/commons/c/c8/Cliffrobertson.jpg"/>
    <wiki:birth>
      <wiki:date>1923-09-09</wiki:date>
      <wiki:place>
	<wiki:primary link="/wiki/Los_Angeles,_California">Los Angeles, California</wiki:primary>
	<wiki:secondary link=""/>
      <enrich><woeid xmlns="http://where.yahooapis.com/v1/schema.rng">12587688</woeid><placeTypeName code="9" xmlns="http://where.yahooapis.com/v1/schema.rng">County</placeTypeName><name xmlns="http://where.yahooapis.com/v1/schema.rng">Los Angeles</name><country code="US" type="Country" xmlns="http://where.yahooapis.com/v1/schema.rng">United States</country><admin1 code="US-CA" type="State" xmlns="http://where.yahooapis.com/v1/schema.rng">California</admin1><admin2 code="" type="County" xmlns="http://where.yahooapis.com/v1/schema.rng">Los Angeles</admin2><admin3 xmlns="http://where.yahooapis.com/v1/schema.rng"/><locality1 xmlns="http://where.yahooapis.com/v1/schema.rng"/><locality2 xmlns="http://where.yahooapis.com/v1/schema.rng"/><postal xmlns="http://where.yahooapis.com/v1/schema.rng"/><centroid xmlns="http://where.yahooapis.com/v1/schema.rng"><latitude>34.263512</latitude><longitude>-118.295502</longitude></centroid><boundingBox xmlns="http://where.yahooapis.com/v1/schema.rng"><southWest><latitude>32.800701</latitude><longitude>-118.944817</longitude></southWest><northEast><latitude>34.823299</latitude><longitude>-117.646187</longitude></northEast></boundingBox><areaRank xmlns="http://where.yahooapis.com/v1/schema.rng">9</areaRank><popRank xmlns="http://where.yahooapis.com/v1/schema.rng">0</popRank></enrich></wiki:place>
    </wiki:birth>
    <wiki:description>
      <wiki:abstract>
	<p xmlns="http://www.w3.org/1999/xhtml"><b>Clifford Parker "Cliff" Robertson III</b> (born September 9, 1923) is an American actor with a film and television career that spans half of a century. Robertson won the 1968 <a class="external" href="http://en.wikipedia.org/wiki/Academy_Award_for_Best_Actor" title="Academy Award for Best Actor">Academy Award for Best Actor</a> for his role in the movie <i><a class="external" href="http://en.wikipedia.org/wiki/Charly" title="Charly">Charly</a></i>. He is perhaps best known to contemporary audiences for playing Uncle <a class="external" href="http://en.wikipedia.org/wiki/Uncle_Ben" title="Uncle Ben">Ben Parker</a> in the <a class="external" href="http://en.wikipedia.org/wiki/Spider-Man_(film_series)" title="Spider-Man (film series)"><i>Spider-Man</i> film series</a>.</p>
	<h2 xmlns="http://www.w3.org/1999/xhtml"> <span class="mw-headline" id="Early_life">Early life</span></h2>
	<p xmlns="http://www.w3.org/1999/xhtml">Robertson was born in <a class="external" href="http://en.wikipedia.org/wiki/Los_Angeles,_California" title="Los Angeles, California">Los Angeles, California</a>, the son of Audrey (<a class="external" href="http://en.wikipedia.org/wiki/Married_and_maiden_names" title="Married and maiden names">nÃ©e</a> Willingham) and Clifford Parker Robertson II. He attended <a class="external" href="http://en.wikipedia.org/wiki/Antioch_College" title="Antioch College">Antioch College</a> in <a class="external" href="http://en.wikipedia.org/wiki/Ohio" title="Ohio">Ohio</a> and worked as a <a class="external" href="http://en.wikipedia.org/wiki/Journalist" title="Journalist">journalist</a> for a short time. In high school he was known as 'The Walking Phoenix'.</p>
	<h2 xmlns="http://www.w3.org/1999/xhtml"> <span class="mw-headline" id="Career">Career</span></h2>
	<p xmlns="http://www.w3.org/1999/xhtml">Robertson played a future President of the United States in <i><a class="external" href="http://en.wikipedia.org/wiki/PT_109_(film)" title="PT 109 (film)">PT 109</a></i> (chosen personally by <a class="external" href="http://en.wikipedia.org/wiki/John_F._Kennedy" title="John F. Kennedy">John F. Kennedy</a> to portray the <a class="external" href="http://en.wikipedia.org/wiki/Motor_Torpedo_Boat_PT-109" title="Motor Torpedo Boat PT-109">then-Lt. Kennedy</a>) and a presidential candidate in <i><a class="external" href="http://en.wikipedia.org/wiki/The_Best_Man_(1964_film)" title="The Best Man (1964 film)">The Best Man</a></i> (1964). Later came <i><a class="external" href="http://en.wikipedia.org/wiki/Charly" title="Charly">Charly</a></i> (an adaptation of <i><a class="external" href="http://en.wikipedia.org/wiki/Flowers_for_Algernon" title="Flowers for Algernon">Flowers for Algernon</a></i> for which he won the <a class="external" href="http://en.wikipedia.org/wiki/Academy_Award_for_Best_Actor#1960s" title="Academy Award for Best Actor">1968 Academy Award for Best Actor</a>).</p>
	<p xmlns="http://www.w3.org/1999/xhtml">Other films included <i><a class="external" href="http://en.wikipedia.org/wiki/Picnic_(1955_film)" title="Picnic (1955 film)">Picnic</a></i> (1955), <i><a class="external" href="http://en.wikipedia.org/wiki/Autumn_Leaves_(film)" title="Autumn Leaves (film)">Autumn Leaves</a></i> (1956), <i><a class="external" href="http://en.wikipedia.org/wiki/Gidget" title="Gidget">Gidget</a></i> (1959), <i><a class="external" href="http://en.wikipedia.org/wiki/Sunday_in_New_York" title="Sunday in New York">Sunday in New York</a></i> (1963), <i><a class="external" href="http://en.wikipedia.org/wiki/Devil%27s_Brigade" title="Devil's Brigade">Devil's Brigade</a></i> (1968), <i><a class="external" href="http://en.wikipedia.org/wiki/Too_Late_the_Hero" title="Too Late the Hero">Too Late the Hero</a></i> (1970), <i><a class="external" href="http://en.wikipedia.org/wiki/J._W._Coop" title="J. W. Coop">J. W. Coop</a></i> (1972), <i><a class="external" href="http://en.wikipedia.org/wiki/Three_Days_of_the_Condor" title="Three Days of the Condor">Three Days of the Condor</a></i> (1975), <i><a class="external" href="http://en.wikipedia.org/wiki/Obsession_(film)" title="Obsession (film)">Obsession</a></i> (1976), <i><a class="external" href="http://en.wikipedia.org/wiki/Star_80" title="Star 80">Star 80</a></i> (1983) and <i><a class="external" href="http://en.wikipedia.org/wiki/Malone_(1987_film)" title="Malone (1987 film)">Malone</a></i> (1987). More recently, Robertson's career has had a resurgence. He appeared as <a class="external" href="http://en.wikipedia.org/wiki/Uncle_Ben" title="Uncle Ben">Uncle Ben Parker</a> in the <a class="external" href="http://en.wikipedia.org/wiki/Spider-Man_(film)" title="Spider-Man (film)">first movie adaptation of <i>Spider-Man</i></a> (2002), as well as in the sequels <i><a class="external" href="http://en.wikipedia.org/wiki/Spider-Man_2" title="Spider-Man 2">Spider-Man 2</a></i> (2004) and <i><a class="external" href="http://en.wikipedia.org/wiki/Spider-Man_3" title="Spider-Man 3">Spider-Man 3</a></i> (2007). He commented on his website that "Since <i>Spider-Man 1</i> and <i>2</i>, I seem to have a whole new generation of fans. That in itself is a fine residual." He was also in the horror film <i><a class="external" href="http://en.wikipedia.org/wiki/Riding_the_Bullet_(film)" title="Riding the Bullet (film)">Riding the Bullet</a></i> (2004).</p>
	<p xmlns="http://www.w3.org/1999/xhtml">Robertson's television appearances include guest starring roles in such series as the <a class="external" href="http://en.wikipedia.org/wiki/NBC" title="NBC">NBC</a> <a class="external" href="http://en.wikipedia.org/wiki/Medical_drama" title="Medical drama">medical drama</a> about <a class="external" href="http://en.wikipedia.org/wiki/Psychiatry" title="Psychiatry">psychiatry</a> <i><a class="external" href="http://en.wikipedia.org/wiki/The_Eleventh_Hour_(1962_TV_series)" title="The Eleventh Hour (1962 TV series)">The Eleventh Hour</a></i> (1963) in the role of Jeff Dillon, "The Man Who Came Home Late". In 1958, he portrayed Joe Clay in the very first broadcast of <i>Playhouse 90'</i>s <i><a class="external" href="http://en.wikipedia.org/wiki/Days_of_Wine_and_Roses_(1958_TV_drama)" title="Days of Wine and Roses (1958 TV drama)">Days of Wine and Roses</a></i>, in what some critics cite as the superior version of this poignant story. Other network appearances included <a class="external" href="http://en.wikipedia.org/wiki/Columbia_Broadcasting_System" title="Columbia Broadcasting System">CBS</a>'s <i><a class="external" href="http://en.wikipedia.org/wiki/The_Twilight_Zone_(1959_TV_series)" title="The Twilight Zone (1959 TV series)">The Twilight Zone</a></i> (1961, 1962), <i><a class="external" href="http://en.wikipedia.org/wiki/The_Greatest_Show_on_Earth_(TV_series)" title="The Greatest Show on Earth (TV series)">The Greatest Show on Earth</a></i> (1963) and <a class="external" href="http://en.wikipedia.org/wiki/American_Broadcasting_Company" title="American Broadcasting Company">ABC</a>'s <i><a class="external" href="http://en.wikipedia.org/wiki/Breaking_Point_(1963_TV_series)" title="Breaking Point (1963 TV series)">Breaking Point</a></i> (1964).</p>
	<p xmlns="http://www.w3.org/1999/xhtml">He had a starring role in the live <a class="external" href="http://en.wikipedia.org/wiki/Space_opera" title="Space opera">space opera</a> <i><a class="external" href="http://en.wikipedia.org/wiki/Rod_Brown_of_the_Rocket_Rangers" title="Rod Brown of the Rocket Rangers">Rod Brown of the Rocket Rangers</a></i> (1953â€“54), as well as recurring roles on <i><a class="external" href="http://en.wikipedia.org/wiki/Hallmark_Hall_of_Fame" title="Hallmark Hall of Fame">Hallmark Hall of Fame</a></i> (1952), <i><a class="external" href="http://en.wikipedia.org/wiki/Alcoa_Theatre" title="Alcoa Theatre">Alcoa Theatre</a></i> (1959), and <i><a class="external" href="http://en.wikipedia.org/wiki/Playhouse_90" title="Playhouse 90">Playhouse 90</a></i> (1958, 1960), <i><a class="external" href="http://en.wikipedia.org/wiki/The_Outlaws_(1960_TV_series)" title="The Outlaws (1960 TV series)">The Outlaws</a></i> (three episodes as Chad Burns), <i><a class="external" href="http://en.wikipedia.org/wiki/Batman_(TV_series)" title="Batman (TV series)">Batman</a></i> as the villainous gunfighter Shame (1966, 1968), <i><a class="external" href="http://en.wikipedia.org/wiki/Falcon_Crest" title="Falcon Crest">Falcon Crest</a></i> (1983â€“84) as Dr. Michael Ranson, and most recently, <i><a class="external" href="http://en.wikipedia.org/wiki/The_Lyon%27s_Den" title="The Lyon's Den">The Lyon's Den</a></i> (2003). He had starring roles in episodes of both the 1960s and 1990s versions of <i><a class="external" href="http://en.wikipedia.org/wiki/The_Outer_Limits" title="The Outer Limits">The Outer Limits</a></i>. He was awarded an <a class="external" href="http://en.wikipedia.org/wiki/Emmy_Award" title="Emmy Award">Emmy</a> for his leading role in an <a class="external" href="http://en.wikipedia.org/wiki/1965_in_television" title="1965 in television">1965 episode</a> from <i><a class="external" href="http://en.wikipedia.org/wiki/Bob_Hope_Presents_the_Chrysler_Theatre" title="Bob Hope Presents the Chrysler Theatre">Bob Hope Presents the Chrysler Theatre</a></i> entitled "The Game". His second appearance on <i><a class="external" href="http://en.wikipedia.org/wiki/Batman_(TV_series)" title="Batman (TV series)">Batman</a></i> featured his wife, <a class="external" href="http://en.wikipedia.org/wiki/Dina_Merrill" title="Dina Merrill">Dina Merrill</a>.</p>
      </wiki:abstract>
      <h2 xmlns="http://www.w3.org/1999/xhtml"> <span class="mw-headline" id="Columbia_Pictures_Scandal">Columbia Pictures Scandal</span></h2>
      <p xmlns="http://www.w3.org/1999/xhtml">In 1977, Robertson discovered that his name had been forged on a $10,000 check, although it was not money that was due to him. He also learned that the forgery had been carried out by <a class="external" href="http://en.wikipedia.org/wiki/Columbia_Pictures" title="Columbia Pictures">Columbia</a> studio head <a class="external" href="http://en.wikipedia.org/wiki/David_Begelman" title="David Begelman">David Begelman</a>, and on reporting it, he inadvertently triggered one of the biggest Hollywood scandals of the 1970s. Robertson was subsequently <a class="external" href="http://en.wikipedia.org/wiki/Blacklisted" title="Blacklisted">blacklisted</a> for several years before he finally returned to film in <i><a class="external" href="http://en.wikipedia.org/wiki/Brainstorm_(1983_film)" title="Brainstorm (1983 film)">Brainstorm</a></i> (1983).</p>
      <h2 xmlns="http://www.w3.org/1999/xhtml"> <span class="mw-headline" id="Personal_life">Personal life</span></h2>
      <p xmlns="http://www.w3.org/1999/xhtml">Robertson was married to actress <a class="external" href="http://en.wikipedia.org/wiki/Dina_Merrill" title="Dina Merrill">Dina Merrill</a> from 1966 to 1986.</p>
      <p xmlns="http://www.w3.org/1999/xhtml">One of Robertson's main hobbies is flying and, among other aircraft, he has owned several <a class="external" href="http://en.wikipedia.org/wiki/De_Havilland_Tiger_Moth" title="De Havilland Tiger Moth">de Havilland Tiger Moths</a>, a <a class="external" href="http://en.wikipedia.org/wiki/Messerschmitt_Bf_108" title="Messerschmitt Bf 108">Messerschmitt Bf 108</a> and a genuine World War II era Mk.IX <a class="external" href="http://en.wikipedia.org/wiki/Supermarine_Spitfire" title="Supermarine Spitfire">Supermarine Spitfire</a> MK923.</p>
      <p xmlns="http://www.w3.org/1999/xhtml">Immediately after winning the <a class="external" href="http://en.wikipedia.org/wiki/Academy_Award" title="Academy Award">Academy Award</a> for <i><a class="external" href="http://en.wikipedia.org/wiki/Charly" title="Charly">Charly</a></i>, Robertson attempted an aviation film tentatively titled <i>I Shot Down the Red Baron, I Think</i>. It was a spoof in which he played a fighter pilot against the <a class="external" href="http://en.wikipedia.org/wiki/Manfred_von_Richthofen" title="Manfred von Richthofen">Red Baron</a>, who dressed in pink and was obviously gay. The Red Baron was played by Don Watson. During the summer of 1969 Robertsonâ€™s production utilized <a class="external" href="http://en.wikipedia.org/wiki/Lynn_Garrison" title="Lynn Garrison">Lynn Garrison</a>â€™s War One airfield, at Leixlip, Ireland, with a collection of replica aircraft, vehicles and support equipment. The film was never completed.</p>
      <p xmlns="http://www.w3.org/1999/xhtml">In addition to his Oscar and Emmy and several lifetime achievement awards from various <a class="external" href="http://en.wikipedia.org/wiki/Film_festival" title="Film festival">film festivals</a>, Robertson has a star on the <a class="external" href="http://en.wikipedia.org/wiki/Hollywood_Walk_of_Fame" title="Hollywood Walk of Fame">Hollywood Walk of Fame</a> at 6801 Hollywood Blvd. He was also awarded the 2008 Ambassador of Good Will Aviation Award by the National Transportation Safety Board Bar Association in Alexandria, Virginia, on May 18, 2008, for his leadership in and promotion of general aviation.</p>
      <h2 xmlns="http://www.w3.org/1999/xhtml"> <span class="mw-headline" id="Filmography">Filmography</span></h2>
      <h2 xmlns="http://www.w3.org/1999/xhtml"> <span class="mw-headline" id="References">References</span></h2>
      <h2 xmlns="http://www.w3.org/1999/xhtml"> <span class="mw-headline" id="External_links">External links</span></h2>
      <ul xmlns="http://www.w3.org/1999/xhtml">
	<li><span class="official website"><a href="http://www.cliffrobertson.info" rel="nofollow">Official website</a></span></li>
	<li><a href="http://www.imdb.com/name/nm0731772/" rel="nofollow">Cliff Robertson</a> at the <a class="external" href="http://en.wikipedia.org/wiki/Internet_Movie_Database" title="Internet Movie Database">Internet Movie Database</a></li>
	<li><a href="http://www.ibdb.com/person.asp?ID=58015" rel="nofollow">Cliff Robertson</a> at the <a class="external" href="http://en.wikipedia.org/wiki/Internet_Broadway_Database" title="Internet Broadway Database">Internet Broadway Database</a></li>
	<li><a href="http://www.emmytvlegends.org/interviews/people/cliff-robertson" rel="nofollow">Interview in the Archive of American Television</a></li>
	<li><i>Bob Hope Presents the Chrysler Theatre</i> episode <a href="http://www.imdb.com/title/tt0528226/" rel="nofollow">"The Game"</a> at the <a class="external" href="http://en.wikipedia.org/wiki/Internet_Movie_Database" title="Internet Movie Database">Internet Movie Database</a></li>
	<li><a href="http://www.warbirdregistry.org/spitregistry/spitfire-mk923.html" rel="nofollow">Warbird Registry entry on MK923</a></li>
      </ul>
    </wiki:description>
  </wiki:person>
  <wiki:film-title link="/wiki/Charly">Charly</wiki:film-title>
  <wiki:film link="/wiki/Charly" title="Charly">
    <wiki:oscar-ref year="1968" span="1" winner="true" award="lead-actor" person-link="/wiki/Cliff_Robertson" person-name="Cliff Robertson"/>
    <wiki:producer link="/wiki/Ralph_Nelson">Ralph Nelson</wiki:producer>
    <wiki:director link="/wiki/Ralph_Nelson">Ralph Nelson</wiki:director>
    <wiki:writer link="/wiki/Stirling_Silliphant">Stirling Silliphant</wiki:writer>
    <wiki:writer link="/wiki/Daniel_Keyes">Daniel Keyes</wiki:writer>
    <wiki:distributor link="/wiki/Cinerama_Releasing_Corporation">Cinerama</wiki:distributor>
    <wiki:distributor link="/wiki/MGM">MGM</wiki:distributor>
    <wiki:starring link="/wiki/Cliff_Robertson">Cliff Robertson</wiki:starring>
    <wiki:starring link="/wiki/Claire_Bloom">Claire Bloom</wiki:starring>
    <wiki:starring link="/wiki/Lilia_Skala">Lilia Skala</wiki:starring>
    <wiki:starring link="/wiki/Dick_Van_Patten">Dick Van Patten</wiki:starring>
    <wiki:description>
      <wiki:abstract>
	<p xmlns="http://www.w3.org/1999/xhtml"><i><b>Charly</b></i> is a 1968 <a class="external" href="http://en.wikipedia.org/wiki/Cinema_of_the_United_States" title="Cinema of the United States">American film</a> directed by <a class="external" href="http://en.wikipedia.org/wiki/Ralph_Nelson" title="Ralph Nelson">Ralph Nelson</a>. The film stars <a class="external" href="http://en.wikipedia.org/wiki/Cliff_Robertson" title="Cliff Robertson">Cliff Robertson</a>, <a class="external" href="http://en.wikipedia.org/wiki/Claire_Bloom" title="Claire Bloom">Claire Bloom</a>, <a class="external" href="http://en.wikipedia.org/wiki/Lilia_Skala" title="Lilia Skala">Lilia Skala</a>, <a class="external" href="http://en.wikipedia.org/wiki/Leon_Janney" title="Leon Janney">Leon Janney</a> and <a class="external" href="http://en.wikipedia.org/wiki/Dick_Van_Patten" title="Dick Van Patten">Dick Van Patten</a> and tells the story of a mentally challenged <a class="external" href="http://en.wikipedia.org/wiki/Bakery" title="Bakery">bakery</a> worker who is the subject of an <a class="external" href="http://en.wikipedia.org/wiki/Experiment" title="Experiment">experiment</a> to increase <a class="external" href="http://en.wikipedia.org/wiki/Human_intelligence" title="Human intelligence">human intelligence</a>.</p>
	<p xmlns="http://www.w3.org/1999/xhtml">The movie was adapted by <a class="external" href="http://en.wikipedia.org/wiki/Stirling_Silliphant" title="Stirling Silliphant">Stirling Silliphant</a> from the novel <i><a class="external" href="http://en.wikipedia.org/wiki/Flowers_for_Algernon" title="Flowers for Algernon">Flowers for Algernon</a></i> by <a class="external" href="http://en.wikipedia.org/wiki/Daniel_Keyes" title="Daniel Keyes">Daniel Keyes</a>. <a class="external" href="http://en.wikipedia.org/wiki/Cliff_Robertson" title="Cliff Robertson">Cliff Robertson</a> won the <a class="external" href="http://en.wikipedia.org/wiki/Academy_Award_for_Best_Actor_in_a_Leading_Role" title="Academy Award for Best Actor in a Leading Role">Academy Award for Best Actor in a Leading Role</a> for his work in this movie. The film was also entered into the <a class="external" href="http://en.wikipedia.org/wiki/18th_Berlin_International_Film_Festival" title="18th Berlin International Film Festival">18th Berlin International Film Festival</a>.</p>
	<p xmlns="http://www.w3.org/1999/xhtml">Robertson had appeared in many television versions of screenplays that had gone on to be made into movies starring other actors (most notably <i><a class="external" href="http://en.wikipedia.org/wiki/Days_of_Wine_and_Roses_(film)" title="Days of Wine and Roses (film)">Days of Wine and Roses</a></i>, which had starred <a class="external" href="http://en.wikipedia.org/wiki/Jack_Lemmon" title="Jack Lemmon">Jack Lemmon</a>). When he starred in <i>The Two Worlds of Charly Gordon</i>, a 1961 television adaptation of <i>Flowers for Algernon</i>, he bought the movie rights so that he would be certain to star in the film version as well.</p>
	<h2 xmlns="http://www.w3.org/1999/xhtml"> <span class="mw-headline" id="Plot">Plot</span></h2>
	<p xmlns="http://www.w3.org/1999/xhtml">Charlie Gordon (<a class="external" href="http://en.wikipedia.org/wiki/Cliff_Robertson" title="Cliff Robertson">Cliff Robertson</a>), a mentally challenged man with a strong desire to make himself smarter, has been attending night school for two years where he has been taught by Alice Kinnian (<a class="external" href="http://en.wikipedia.org/wiki/Claire_Bloom" title="Claire Bloom">Claire Bloom</a>) to read and write. However, his spelling remains poor and he is even unable to spell his own name.</p>
      </wiki:abstract>
      <p xmlns="http://www.w3.org/1999/xhtml">After the surgery, Charlie is initially angered that he is not immediately smarter than he was before and still loses in races against Algernon. Eventually, however, he beats Algernon in a race and then his intelligence starts increasing rapidly. Alice continues to teach him, he soon surpasses her. Charlie also starts staring at Alice's <a class="external" href="http://en.wikipedia.org/wiki/Buttocks" title="Buttocks">bottom</a> and breasts as well as drawing and painting abstract nude figures of her. He also questions whether Alice loves her fiancÃ©. One night, Charlie follows Alice back to her apartment and <a class="external" href="http://en.wikipedia.org/wiki/Sexual_assault" title="Sexual assault">assaults</a> her, pulling her to the floor and kissing her forcefully until she breaks free by slapping him.</p>
      <p xmlns="http://www.w3.org/1999/xhtml">The film then uses a <a class="external" href="http://en.wikipedia.org/wiki/Montage_sequence" title="Montage sequence">montage sequence</a> to show Charlie with a mustache and <a class="external" href="http://en.wikipedia.org/wiki/Goatee" title="Goatee">goatee</a> riding a motorcycle, kissing a series of different women, smoking and dancing. At the end of the sequence, Charlie has returned home and Alice comes to visit him, both having learned during their time apart that they want to be together. A further montage sequence shows Charlie and Alice running through woods and kissing under trees accompanied by a <a class="external" href="http://en.wikipedia.org/wiki/Voice-over" title="Voice-over">voice-over</a> of the two of them talking about marriage.</p>
      <h2 xmlns="http://www.w3.org/1999/xhtml"> <span class="mw-headline" id="Release">Release</span></h2>
      <p xmlns="http://www.w3.org/1999/xhtml"><i><b>Charly</b></i> was released on Region 1 DVD by MGM Home Video on March 31st, 2005.</p>
      <h2 xmlns="http://www.w3.org/1999/xhtml"> <span class="mw-headline" id="Cast">Cast</span></h2>
      <ul xmlns="http://www.w3.org/1999/xhtml">
	<li><a class="external" href="http://en.wikipedia.org/wiki/Cliff_Robertson" title="Cliff Robertson">Cliff Robertson</a> - Charlie Gordon</li>
	<li><a class="external" href="http://en.wikipedia.org/wiki/Claire_Bloom" title="Claire Bloom">Claire Bloom</a> - Alice Kinian</li>
	<li><a class="external" href="http://en.wikipedia.org/wiki/Lilia_Skala" title="Lilia Skala">Lilia Skala</a> - Dr. Anna Straus</li>
	<li><a class="external" href="http://en.wikipedia.org/wiki/Leon_Janney" title="Leon Janney">Leon Janney</a> - Dr. Richard Nemur</li>
	<li><a class="external" href="http://en.wikipedia.org/wiki/Ruth_White_(actress)" title="Ruth White (actress)">Ruth White</a> - Mrs. Apple</li>
	<li><a class="external" href="http://en.wikipedia.org/wiki/Dick_Van_Patten" title="Dick Van Patten">Dick Van Patten</a> - Bert (as Richard Van Patten)</li>
	<li><a class="external" href="http://en.wikipedia.org/wiki/Edward_McNally" title="Edward McNally">Edward McNally</a> - Gimpy (as Skipper McNally)</li>
	<li><a class="external" href="http://en.wikipedia.org/wiki/Barney_Martin" title="Barney Martin">Barney Martin</a> - Hank</li>
	<li>William Dwyer - Joey</li>
	<li>Dan Morgan - Paddy</li>
      </ul>
      <h2 xmlns="http://www.w3.org/1999/xhtml"> <span class="mw-headline" id="References">References</span></h2>
      <h2 xmlns="http://www.w3.org/1999/xhtml"> <span class="mw-headline" id="External_links">External links</span></h2>
      <ul xmlns="http://www.w3.org/1999/xhtml">
	<li><a href="http://www.imdb.com/title/tt0062794/" rel="nofollow"><i>Charly</i></a> at the <a class="external" href="http://en.wikipedia.org/wiki/Internet_Movie_Database" title="Internet Movie Database">Internet Movie Database</a></li>
	<li><a href="http://www.allmovie.com/work/9014" rel="nofollow"><i>Charly</i></a> at <a class="external" href="http://en.wikipedia.org/wiki/Allmovie" title="Allmovie">Allmovie</a></li>
	<li><a href="http://www.rottentomatoes.com/m/1003953/" rel="nofollow"><i>Charly</i></a> at <a class="external" href="http://en.wikipedia.org/wiki/Rotten_Tomatoes" title="Rotten Tomatoes">Rotten Tomatoes</a></li>
      </ul>
    </wiki:description>
  </wiki:film>
</wiki:nominee>