<?xml version="1.0" encoding="UTF-8"?>
<wiki:nominee year="2007" span="1" winner="false" award="supporting-actor" xmlns:wiki="http://marklogic.com/wikipedia">
  <!--
                            Copyright (c) 2010 MarkLogic Corporation.
                            Permission is granted to copy, distribute and/or modify this document
                            under the terms of the GNU Free Documentation License, Version 1.2
                            or any later version published by the Free Software Foundation;
                            with no Invariant Sections, no Front-Cover Texts, and no Back-Cover Texts.
                            A copy of the license is included in the section entitled "GNU
                            Free Documentation License"
                            
                            Content derived from http://en.wikipedia.org/wiki/Michael_Clayton_(film) and http://en.wikipedia.org/wiki/Tom_Wilkinson
                            Modified in May 2009 by Mark Logic Corporation under the terms of the GNU Free Documentation License.
                        -->
  <wiki:name link="/wiki/Tom_Wilkinson">Tom Wilkinson</wiki:name>
  <wiki:person link="/wiki/Tom_Wilkinson" name="Tom Wilkinson">
    <wiki:oscar year="2001" span="1" winner="false" award="lead-actor" film-link="/wiki/In_the_Bedroom" film-title="In the Bedroom"/>
    <wiki:oscar year="2007" span="1" winner="false" award="supporting-actor" film-link="/wiki/Michael_Clayton_(film)" film-title="Michael Clayton"/>
    <wiki:image link="http://upload.wikimedia.org/wikipedia/commons/thumb/7/74/TomWilkinsonMar09.jpg/220px-TomWilkinsonMar09.jpg"/>
    <wiki:birth>
      <wiki:date>1948-02-05</wiki:date>
      <wiki:place>
	<wiki:primary link="/wiki/Leeds">Leeds</wiki:primary>
	<wiki:secondary link="/wiki/West_Yorkshire">West Yorkshire</wiki:secondary>
      <enrich><woeid xmlns="http://where.yahooapis.com/v1/schema.rng">12695873</woeid><placeTypeName code="10" xmlns="http://where.yahooapis.com/v1/schema.rng">Local Administrative Area</placeTypeName><name xmlns="http://where.yahooapis.com/v1/schema.rng">Leeds City</name><country code="GB" type="Country" xmlns="http://where.yahooapis.com/v1/schema.rng">United Kingdom</country><admin1 code="GB-ENG" type="Country" xmlns="http://where.yahooapis.com/v1/schema.rng">England</admin1><admin2 code="GB-WYK" type="County" xmlns="http://where.yahooapis.com/v1/schema.rng">West Yorkshire</admin2><admin3 xmlns="http://where.yahooapis.com/v1/schema.rng"/><locality1 xmlns="http://where.yahooapis.com/v1/schema.rng"/><locality2 xmlns="http://where.yahooapis.com/v1/schema.rng"/><postal xmlns="http://where.yahooapis.com/v1/schema.rng"/><centroid xmlns="http://where.yahooapis.com/v1/schema.rng"><latitude>53.822472</latitude><longitude>-1.546020</longitude></centroid><boundingBox xmlns="http://where.yahooapis.com/v1/schema.rng"><southWest><latitude>53.699020</latitude><longitude>-1.800370</longitude></southWest><northEast><latitude>53.945919</latitude><longitude>-1.291680</longitude></northEast></boundingBox><areaRank xmlns="http://where.yahooapis.com/v1/schema.rng">6</areaRank><popRank xmlns="http://where.yahooapis.com/v1/schema.rng">0</popRank></enrich></wiki:place>
    </wiki:birth>
    <wiki:description>
      <p xmlns="http://www.w3.org/1999/xhtml"><b>Thomas Geoffrey "Tom" Wilkinson</b>, <a class="external" href="http://en.wikipedia.org/wiki/Order_of_the_British_Empire" title="Order of the British Empire">OBE</a> (born 5 February 1948) is an <a class="external" href="http://en.wikipedia.org/wiki/England" title="England">English</a> actor.</p>
      <h2 xmlns="http://www.w3.org/1999/xhtml"> <span class="mw-headline" id="Personal_life">Personal life</span></h2>
      <p xmlns="http://www.w3.org/1999/xhtml">Wilkinson was born in <a class="external" href="http://en.wikipedia.org/wiki/Leeds" title="Leeds">Leeds</a>, <a class="external" href="http://en.wikipedia.org/wiki/West_Yorkshire" title="West Yorkshire">West Yorkshire</a>, the son of Thomas Wilkinson, Sr., a <a class="external" href="http://en.wikipedia.org/wiki/Farmer" title="Farmer">farmer</a>. At the age of four, he moved with his family to <a class="external" href="http://en.wikipedia.org/wiki/Canada" title="Canada">Canada</a>, where they lived for several years before returning to <a class="external" href="http://en.wikipedia.org/wiki/England" title="England">England</a> and running a <a class="external" href="http://en.wikipedia.org/wiki/Pub" title="Pub">pub</a> in <a class="external" href="http://en.wikipedia.org/wiki/Cornwall" title="Cornwall">Cornwall</a>. Wilkinson graduated from the <a class="external" href="http://en.wikipedia.org/wiki/University_of_Kent" title="University of Kent">University of Kent</a>, where he was a member of <a class="external" href="http://en.wikipedia.org/wiki/T24_Drama_Society" title="T24 Drama Society">T24 Drama Society</a> (then named UKCD) and attended the <a class="external" href="http://en.wikipedia.org/wiki/Royal_Academy_of_Dramatic_Art" title="Royal Academy of Dramatic Art">Royal Academy of Dramatic Art</a>.</p>
      <p xmlns="http://www.w3.org/1999/xhtml">Wilkinson currently lives in North London with his wife, actress <a class="external" href="http://en.wikipedia.org/wiki/Diana_Hardcastle" title="Diana Hardcastle">Diana Hardcastle</a>, and their two children, Alice, 21, and Mollie, 19.</p>
      <h2 xmlns="http://www.w3.org/1999/xhtml"> <span class="mw-headline" id="Career">Career</span></h2>
      <p xmlns="http://www.w3.org/1999/xhtml">Wilkinson made his television debut in the mid-1970s and worked on several British <a class="external" href="http://en.wikipedia.org/wiki/Television_series" title="Television series">television series</a>, most notably the mini-series <i>First Among Equals</i> (1986). He first gained critical acclaim with his appearance as Mr Pecksniff, in the <a class="external" href="http://en.wikipedia.org/wiki/BBC" title="BBC">BBC</a>â€™s 1994 adaptation of <i><a class="external" href="http://en.wikipedia.org/wiki/Martin_Chuzzlewit_(TV_series)" title="Martin Chuzzlewit (TV series)">Martin Chuzzlewit</a></i>. He made only the occasional film (including a brief appearance in 1995â€™s <i><a class="external" href="http://en.wikipedia.org/wiki/Sense_and_Sensibility_(1995_film)" title="Sense and Sensibility (1995 film)">Sense and Sensibility</a></i>). After becoming part of the ensemble cast of the smash hit <i><a class="external" href="http://en.wikipedia.org/wiki/The_Full_Monty" title="The Full Monty">The Full Monty</a></i> in 1997, a role which earned him a <a class="external" href="http://en.wikipedia.org/wiki/BAFTA_Award_for_Best_Actor_in_a_Supporting_Role" title="BAFTA Award for Best Actor in a Supporting Role">BAFTA</a>, he began to take film roles more frequently, including supporting parts in <i><a class="external" href="http://en.wikipedia.org/wiki/Oscar_and_Lucinda" title="Oscar and Lucinda">Oscar and Lucinda</a></i>, <i><a class="external" href="http://en.wikipedia.org/wiki/Wilde_(film)" title="Wilde (film)">Wilde</a></i>, <i><a class="external" href="http://en.wikipedia.org/wiki/Shakespeare_in_Love" title="Shakespeare in Love">Shakespeare in Love</a></i>, and <i><a class="external" href="http://en.wikipedia.org/wiki/The_Patriot_(2000_film)" title="The Patriot (2000 film)">The Patriot</a></i>.</p>
      <p xmlns="http://www.w3.org/1999/xhtml">His portrayal of the grief stricken father, Matt Fowler, in <a class="external" href="http://en.wikipedia.org/wiki/Todd_Field" title="Todd Field">Todd Field</a>â€™s <i><a class="external" href="http://en.wikipedia.org/wiki/In_the_Bedroom" title="In the Bedroom">In the Bedroom</a></i>, received international praise from critics. For the role, he was named <a class="external" href="http://en.wikipedia.org/wiki/New_York_Film_Critics_Circle_Award_for_Best_Actor" title="New York Film Critics Circle Award for Best Actor">Best Actor</a> of the Year by The New York Film Critics Circle, and went on to be nominated for the <a class="external" href="http://en.wikipedia.org/wiki/Academy_Award_for_Best_Actor" title="Academy Award for Best Actor">Academy Award for Best Actor</a>. That success was followed up by <i><a class="external" href="http://en.wikipedia.org/wiki/Eternal_Sunshine_of_the_Spotless_Mind" title="Eternal Sunshine of the Spotless Mind">Eternal Sunshine of the Spotless Mind</a></i>, <i><a class="external" href="http://en.wikipedia.org/wiki/Normal_(2003_film)" title="Normal (2003 film)">Normal</a></i>, <i><a class="external" href="http://en.wikipedia.org/wiki/The_Exorcism_of_Emily_Rose" title="The Exorcism of Emily Rose">The Exorcism of Emily Rose</a></i>, <i><a class="external" href="http://en.wikipedia.org/wiki/Batman_Begins" title="Batman Begins">Batman Begins</a></i>, and <i><a class="external" href="http://en.wikipedia.org/wiki/Separate_Lies" title="Separate Lies">Separate Lies</a>.</i></p>
      <p xmlns="http://www.w3.org/1999/xhtml">In 2007, Wilkinson played the manic depressive attorney Arthur Edens in <i><a class="external" href="http://en.wikipedia.org/wiki/Michael_Clayton_(film)" title="Michael Clayton (film)">Michael Clayton</a></i> and garnered much critical acclaim and a nomination for the Academy Award for Best Supporting Actor. The same year, he played an uncle planning for murder in Woody Allenâ€™s <i><a class="external" href="http://en.wikipedia.org/wiki/Cassandra%27s_Dream" title="Cassandra's Dream">Cassandra's Dream</a></i>.</p>
      <p xmlns="http://www.w3.org/1999/xhtml">He received a <a class="external" href="http://en.wikipedia.org/wiki/Doctor_of_Letters" title="Doctor of Letters">Doctor of Letters</a> <a class="external" href="http://en.wikipedia.org/wiki/Honorary_degree" title="Honorary degree">honorary degree</a> from the University of Kent in July 2001. In the New Yearâ€™s Honours List published 31 December 2004, he was appointed an <a class="external" href="http://en.wikipedia.org/wiki/Order_of_the_British_Empire" title="Order of the British Empire">OBE</a> for services to <a class="external" href="http://en.wikipedia.org/wiki/Drama" title="Drama">drama</a>.</p>
      <p xmlns="http://www.w3.org/1999/xhtml">In 2008, Wilkinson portrayed American patriot <a class="external" href="http://en.wikipedia.org/wiki/Benjamin_Franklin" title="Benjamin Franklin">Benjamin Franklin</a> in the HBO mini-series <i><a class="external" href="http://en.wikipedia.org/wiki/John_Adams_(TV_miniseries)" title="John Adams (TV miniseries)">John Adams</a></i>. In the HBO movie, <i><a class="external" href="http://en.wikipedia.org/wiki/Recount_(film)" title="Recount (film)">Recount</a></i>, Wilkinson, with an uncanny resemblance, also portrayed American <a class="external" href="http://en.wikipedia.org/wiki/Statesman" title="Statesman">statesman</a> and lawyer, <a class="external" href="http://en.wikipedia.org/wiki/James_A._Baker" title="James A. Baker">James A. Baker</a>, in Bakerâ€™s capacity as Chief Counsel to <a class="external" href="http://en.wikipedia.org/wiki/George_W._Bush" title="George W. Bush">George W. Bush</a> during the 2000 U.S. Presidential Election controversy, receiving an <a class="external" href="http://en.wikipedia.org/wiki/Primetime_Emmy_Award_for_Outstanding_Supporting_Actor_%E2%80%93_Miniseries_or_a_Movie" title="Primetime Emmy Award for Outstanding Supporting Actor â€“ Miniseries or a Movie">Emmy Award</a> for the former and a nomination for the latter. He also received a <a class="external" href="http://en.wikipedia.org/wiki/Golden_Globe_Award_for_Best_Supporting_Actor_%E2%80%93_Series,_Miniseries_or_Television_Film" title="Golden Globe Award for Best Supporting Actor â€“ Series, Miniseries or Television Film">Golden Globe Award</a> and <a class="external" href="http://en.wikipedia.org/wiki/Screen_Actors_Guild_Award_for_Outstanding_Performance_by_a_Male_Actor_in_a_Miniseries_or_Television_Movie" title="Screen Actors Guild Award for Outstanding Performance by a Male Actor in a Miniseries or Television Movie">Screen Actors Guild Award</a> nomination for his role in <i><a class="external" href="http://en.wikipedia.org/wiki/John_Adams_(TV_miniseries)" title="John Adams (TV miniseries)">John Adams</a></i>. Wilkinson stars in the horror comedy Burke and Hare, who is directed by <a class="external" href="http://en.wikipedia.org/wiki/John_Landis" title="John Landis">John Landis</a>. His 2010 role as Harvard professor / covert CIA high official in <a class="external" href="http://en.wikipedia.org/wiki/Roman_Polanski" title="Roman Polanski">Roman Polanski</a>â€™s <i><a class="external" href="http://en.wikipedia.org/wiki/The_Ghost_Writer_(film)" title="The Ghost Writer (film)">The Ghost Writer</a></i> was well noticed.</p>
      <h2 xmlns="http://www.w3.org/1999/xhtml"> <span class="mw-headline" id="Filmography">Filmography</span></h2>
      <h2 xmlns="http://www.w3.org/1999/xhtml"> <span class="mw-headline" id="References">References</span></h2>
      <h2 xmlns="http://www.w3.org/1999/xhtml"> <span class="mw-headline" id="External_links">External links</span></h2>
      <ul xmlns="http://www.w3.org/1999/xhtml">
	<li><a href="http://www.imdb.com/name/nm929489/" rel="nofollow">Tom Wilkinson</a> at the <a class="external" href="http://en.wikipedia.org/wiki/Internet_Movie_Database" title="Internet Movie Database">Internet Movie Database</a></li>
	<li><a href="http://www.screenonline.org.uk/people/id/565446/" rel="nofollow">Tom Wilkinson</a> at the <a class="external" href="http://en.wikipedia.org/wiki/British_Film_Institute" title="British Film Institute">British Film Institute</a>'s <a class="external" href="http://en.wikipedia.org/wiki/Screenonline" title="Screenonline">Screenonline</a></li>
      </ul>
    </wiki:description>
  </wiki:person>
  <wiki:film-title link="/wiki/Michael_Clayton_(film)">Michael Clayton</wiki:film-title>
  <wiki:film link="/wiki/Michael_Clayton_(film)" title="Michael Clayton">
    <wiki:oscar-ref year="2007" span="1" winner="false" award="lead-actor" person-link="/wiki/George_Clooney" person-name="George Clooney"/>
    <wiki:oscar-ref year="2007" span="1" winner="false" award="best-director" person-link="/wiki/Tony_Gilroy" person-name="Tony Gilroy"/>
    <wiki:oscar-ref year="2007" span="1" winner="false" award="supporting-actor" person-link="/wiki/Tom_Wilkinson" person-name="Tom Wilkinson"/>
    <wiki:oscar-ref year="2007" span="1" winner="true" award="supporting-actress" person-link="/wiki/Tilda_Swinton" person-name="Tilda Swinton"/>
    <wiki:oscar year="2007" span="1" winner="false" award="best-picture"/>
    <wiki:producer link="/wiki/Sydney_Pollack">Sydney Pollack</wiki:producer>
    <wiki:director link="/wiki/Tony_Gilroy">Tony Gilroy</wiki:director>
    <wiki:distributor link="/wiki/Warner_Bros.">Warner Bros.</wiki:distributor>
    <wiki:distributor link="/wiki/Path%C3%A9">PathÃ©</wiki:distributor>
    <wiki:distributor link="/wiki/Warner_Bros.">Warner Bros.</wiki:distributor>
    <wiki:distributor link="/wiki/SND">SND</wiki:distributor>
    <wiki:starring link="/wiki/George_Clooney">George Clooney</wiki:starring>
    <wiki:starring link="/wiki/Tom_Wilkinson">Tom Wilkinson</wiki:starring>
    <wiki:starring link="/wiki/Tilda_Swinton">Tilda Swinton</wiki:starring>
    <wiki:starring link="/wiki/Sydney_Pollack">Sydney Pollack</wiki:starring>
    <wiki:description>
      <p xmlns="http://www.w3.org/1999/xhtml"><i><b>Michael Clayton</b></i> is a 2007 American <a class="external" href="http://en.wikipedia.org/wiki/Drama_film" title="Drama film">drama film</a> written and directed by <a class="external" href="http://en.wikipedia.org/wiki/Tony_Gilroy" title="Tony Gilroy">Tony Gilroy</a>, starring <a class="external" href="http://en.wikipedia.org/wiki/George_Clooney" title="George Clooney">George Clooney</a>, <a class="external" href="http://en.wikipedia.org/wiki/Tom_Wilkinson_(actor)" title="Tom Wilkinson (actor)">Tom Wilkinson</a>, <a class="external" href="http://en.wikipedia.org/wiki/Tilda_Swinton" title="Tilda Swinton">Tilda Swinton</a> and <a class="external" href="http://en.wikipedia.org/wiki/Sydney_Pollack" title="Sydney Pollack">Sydney Pollack</a>. The film chronicles the attempts by <a class="external" href="http://en.wikipedia.org/wiki/Lawyer" title="Lawyer">attorney</a> Michael Clayton to cope with a colleague's apparent <a class="external" href="http://en.wikipedia.org/wiki/Mental_breakdown" title="Mental breakdown">mental breakdown</a>, and the corruption and intrigue surrounding a major client of his <a class="external" href="http://en.wikipedia.org/wiki/Law_firm" title="Law firm">law firm</a> being sued in a <a class="external" href="http://en.wikipedia.org/wiki/Class_action" title="Class action">class action</a> case over the effects of toxic <a class="external" href="http://en.wikipedia.org/wiki/Agrochemical" title="Agrochemical">agrochemicals</a>.</p>
      <h2 xmlns="http://www.w3.org/1999/xhtml"> <span class="mw-headline" id="Plot">Plot</span></h2>
      <p xmlns="http://www.w3.org/1999/xhtml">Michael Clayton (<a class="external" href="http://en.wikipedia.org/wiki/George_Clooney" title="George Clooney">George Clooney</a>), an <a class="external" href="http://en.wikipedia.org/wiki/Attorney" title="Attorney">attorney</a> with a <a class="external" href="http://en.wikipedia.org/wiki/Problem_gambling" title="Problem gambling">gambling problem</a>, leaves a late night <a class="external" href="http://en.wikipedia.org/wiki/Poker" title="Poker">poker</a> game. He works for the prestigious <a class="external" href="http://en.wikipedia.org/wiki/New_York_City" title="New York City">New York City</a> law firm Kenner, Bach &amp; Ledeen. As the firm's "fixer", Michael's job entails using his connections, influence, and his knowledge of legal loopholes for his clients' (often improprietous) benefit. In an early scene that establishes Michael's role as such, Michael meets with a wealthy client (<a class="external" href="http://en.wikipedia.org/wiki/Denis_O%27Hare" title="Denis O'Hare">Denis O'Hare</a>) who has just committed a <a class="external" href="http://en.wikipedia.org/wiki/Hit_and_run" title="Hit and run">hit and run</a>. After Michael finishes his business and leaves, he pulls off to the side of the road after some aimless driving. When he leaves his car to look at some horses, it explodes behind him.</p>
      <p xmlns="http://www.w3.org/1999/xhtml">The film jumps back to four days earlier. Michael owes $75,000 to <a class="external" href="http://en.wikipedia.org/wiki/Loan_shark" title="Loan shark">loan shark</a> Gabe Zabel (<a class="external" href="http://en.wikipedia.org/wiki/Bill_Raymond" title="Bill Raymond">Bill Raymond</a>), due to his failed attempt to open a bar with his brother Timmy (<a class="external" href="http://en.wikipedia.org/w/index.php?title=David_Lansbury&amp;action=edit&amp;redlink=1" title="David Lansbury (page does not exist)">David Lansbury</a>). Michael is then called with the news that one of the firm's leading attorneys, Arthur Edens (<a class="external" href="http://en.wikipedia.org/wiki/Tom_Wilkinson" title="Tom Wilkinson">Tom Wilkinson</a>), has had a bizarre outburst in the middle of a <a class="external" href="http://en.wikipedia.org/wiki/Deposition_(law)" title="Deposition (law)">deposition</a> in <a class="external" href="http://en.wikipedia.org/wiki/Milwaukee" title="Milwaukee">Milwaukee</a> involving a <a class="external" href="http://en.wikipedia.org/wiki/Class_action_lawsuit" title="Class action lawsuit">class action lawsuit</a> against U-North, an agricultural products conglomerate. Michael arrives to fix the situation. He gets Arthur out of jail and back to their hotel where he is successfully sedated. However, before Michael can escort Arthur back to New York, Arthur escapes from his hotel in the middle of the night.</p>
      <p xmlns="http://www.w3.org/1999/xhtml">Karen Crowder (<a class="external" href="http://en.wikipedia.org/wiki/Tilda_Swinton" title="Tilda Swinton">Tilda Swinton</a>), U-North's <a class="external" href="http://en.wikipedia.org/wiki/General_counsel" title="General counsel">general counsel</a>, obtains Arthur's briefcase and discovers that he had come into possession of a confidential U-North document detailing the company's decision to manufacture a weed killer that it knew to be carcinogenic. Karen soon learns that Arthur has <a class="external" href="http://en.wikipedia.org/wiki/Bipolar_disorder" title="Bipolar disorder">bipolar disorder</a> and is unwilling to commit himself to a <a class="external" href="http://en.wikipedia.org/wiki/Psychiatric_hospital" title="Psychiatric hospital">mental health institution</a>. His psychotic episode was the result of his failing to take his medication. She decides to hire two men (<a class="external" href="http://en.wikipedia.org/wiki/Robert_Prescott_(actor)" title="Robert Prescott (actor)">Robert Prescott</a>, <a class="external" href="http://en.wikipedia.org/wiki/Terry_Serpico" title="Terry Serpico">Terry Serpico</a>) to follow him, including <a class="external" href="http://en.wikipedia.org/wiki/Telephone_tapping" title="Telephone tapping">tapping</a> his phone and installing <a class="external" href="http://en.wikipedia.org/wiki/Covert_listening_device" title="Covert listening device">bugs</a> in his apartment. The surveillance collected eventually reveals that Arthur is building a case against his own client, leading Karen to ask the team to permanently incapacitate him. They assassinate Arthur in a manner designed to resemble suicide.</p>
      <p xmlns="http://www.w3.org/1999/xhtml">Michael is saddened by the news of Arthur's death, but becomes suspicious upon learning that U-North was planning a <a class="external" href="http://en.wikipedia.org/wiki/Settlement_(litigation)" title="Settlement (litigation)">settlement</a> just a few days before and that Arthur had booked a flight for one of the plaintiffs, Anna (<a class="external" href="http://en.wikipedia.org/wiki/Merritt_Wever" title="Merritt Wever">Merritt Wever</a>). He learns from Anna that she told no one of her conversations with Arthur, not even her attorney, arousing in Michael further suspicion about how his firm came to know of Arthur's conversations with the U-North class members. With the help of his brother in the police department Michael gets access to Arthur's sealed apartment and discovers a receipt from a copy store. Upon investigation, he discovers that Arthur had ordered three thousand copies of the confidential U-North document. Michael takes a copy with him, but the two hit men are tailing him and inform Karen of the situation. Michael is about to show his boss, Marty Bach (<a class="external" href="http://en.wikipedia.org/wiki/Sydney_Pollack" title="Sydney Pollack">Sydney Pollack</a>), what he has discovered, only to be offered a renewal of his employment contract as well as an $80,000 bonus he had requested to cover his debt, although it comes with a confidentiality agreement to prevent him from ever shaking down the firm.</p>
      <p xmlns="http://www.w3.org/1999/xhtml">As Michael plays poker that evening, one of the hit men rigs his car with a <a class="external" href="http://en.wikipedia.org/wiki/Car_bomb" title="Car bomb">bomb</a>. Michael leaves the game and receives a phone call summoning him to the meeting with the client in <a class="external" href="http://en.wikipedia.org/wiki/Westchester_County,_New_York" title="Westchester County, New York">Westchester County</a> who had committed a <a class="external" href="http://en.wikipedia.org/wiki/Hit_and_run_(vehicular)" title="Hit and run (vehicular)">hit-and-run</a>, as seen at the start of the movie. He is being followed by the two men, but they have trouble tailing him. The surveillance team, still off but near Michael's trail, detonates the remote bomb while he is out of the car. An unharmed but surprised Michael runs back to his car and throws his personal effects inside, faking his own death.</p>
      <p xmlns="http://www.w3.org/1999/xhtml">Later, at a U-North <a class="external" href="http://en.wikipedia.org/wiki/Board_of_directors" title="Board of directors">board</a> meeting, Karen proposes approval of a new <a class="external" href="http://en.wikipedia.org/wiki/Settlement_(litigation)" title="Settlement (litigation)">settlement</a> agreement. Michael is waiting for her when she exits the conference, and informs her that he has access to copies of the U-North memo and that he knows about her role in Arthur's murder. He goads Karen into offering him $10 million for his silence. Karen reluctantly agrees, prompting Michael to reveal the phone in his pocket that has conveyed their conversation to the police. As he walks away, detectives arrest Karen and U-North's chairman (<a class="external" href="http://en.wikipedia.org/wiki/Ken_Howard" title="Ken Howard">Ken Howard</a>). Michael leaves the building and hails himself a cab. He tells the driver, "Give me $50 worth. Just drive."</p>
      <h2 xmlns="http://www.w3.org/1999/xhtml"> <span class="mw-headline" id="Cast">Cast</span></h2>
      <ul xmlns="http://www.w3.org/1999/xhtml">
	<li><a class="external" href="http://en.wikipedia.org/wiki/George_Clooney" title="George Clooney">George Clooney</a> as Michael Clayton, the title character and main protagonist. Michael is the "fixer" for the fictional law firm of Kenner, Bach, and Ledeen. Clooney was nominated for the <a class="external" href="http://en.wikipedia.org/wiki/Academy_Award_for_Best_Actor" title="Academy Award for Best Actor">Academy Award for Best Actor</a> for his performance.</li>
	<li><a class="external" href="http://en.wikipedia.org/wiki/Tom_Wilkinson" title="Tom Wilkinson">Tom Wilkinson</a> as Arthur Edens, a partner at Kenner, Bach and Ledeen; his <a class="external" href="http://en.wikipedia.org/wiki/Mental_breakdown" title="Mental breakdown">mental breakdown</a> is the catalyst for the film's events. Wilkinson was nominated for the <a class="external" href="http://en.wikipedia.org/wiki/Academy_Award_for_Best_Supporting_Actor" title="Academy Award for Best Supporting Actor">Academy Award for Best Supporting Actor</a> for his performance.</li>
	<li><a class="external" href="http://en.wikipedia.org/wiki/Tilda_Swinton" title="Tilda Swinton">Tilda Swinton</a> as Karen Crowder, legal counsel for U-North and the main antagonist. Swinton won the <a class="external" href="http://en.wikipedia.org/wiki/Academy_Award_for_Best_Supporting_Actress" title="Academy Award for Best Supporting Actress">Academy Award for Best Supporting Actress</a> for her performance.</li>
	<li><a class="external" href="http://en.wikipedia.org/wiki/Sydney_Pollack" title="Sydney Pollack">Sydney Pollack</a> as Marty Bach, a senior partner at Kenner, Bach, and Ledeen who acts as a mentor and advocate for Michael.</li>
      </ul>
      <h2 xmlns="http://www.w3.org/1999/xhtml"> <span class="mw-headline" id="Release">Release</span></h2>
      <p xmlns="http://www.w3.org/1999/xhtml">The film premiered August 31, 2007, at the <a class="external" href="http://en.wikipedia.org/wiki/Venice_Film_Festival" title="Venice Film Festival">Venice Film Festival</a> and was shown at the American Films Festival of Deauville on September 2, 2007, and at the <a class="external" href="http://en.wikipedia.org/wiki/Toronto_International_Film_Festival" title="Toronto International Film Festival">Toronto International Film Festival</a> on September 7, 2007. It opened in the <a class="external" href="http://en.wikipedia.org/wiki/United_Kingdom" title="United Kingdom">United Kingdom</a> on September 28, 2007, and at the Dubai Film Festival in December 2007. The film opened in <a class="external" href="http://en.wikipedia.org/wiki/Limited_release" title="Limited release">limited release</a> in the <a class="external" href="http://en.wikipedia.org/wiki/United_States" title="United States">United States</a> on October 5, 2007, and opened in wide release in the U.S. on October 12, 2007. The film grossed <a class="external" href="http://en.wikipedia.org/wiki/USD" title="USD">USD</a> $10.3 million on the opening week. It was re-released on January 25, 2008. As of February 8, 2008, the film has grossed $45 million domestically, $92.6 million worldwide.</p>
      <p xmlns="http://www.w3.org/1999/xhtml">The film was released on DVD and <a class="external" href="http://en.wikipedia.org/wiki/Blu-ray" title="Blu-ray">Blu-ray</a> on February 19, 2008. The DVD contains deleted scenes and a commentary by writer/director Tony Gilroy. On March 11, 2008 the movie was also released on <a class="external" href="http://en.wikipedia.org/wiki/HD_DVD" title="HD DVD">HD DVD</a>.</p>
      <h2 xmlns="http://www.w3.org/1999/xhtml"> <span class="mw-headline" id="Reception">Reception</span></h2>
      <p xmlns="http://www.w3.org/1999/xhtml">The film received strong positive reviews from critics. As of November 2008, the review aggregate website <a class="external" href="http://en.wikipedia.org/wiki/Rotten_Tomatoes" title="Rotten Tomatoes">Rotten Tomatoes</a> reported that 90% of critics gave the film positive reviews, based on 184 reviews, some of whom thought it was a dramatization of a true story. <a class="external" href="http://en.wikipedia.org/wiki/Metacritic" title="Metacritic">Metacritic</a> reported the film had an average score of 82 out of 100, based on 36 reviews. <a class="external" href="http://en.wikipedia.org/wiki/Owen_Gleiberman" title="Owen Gleiberman">Owen Gleiberman</a> of <i>Entertainment Weekly</i> gave it an 'A' saying that it was "better than good, it just about restores your faith." <a class="external" href="http://en.wikipedia.org/wiki/Roger_Ebert" title="Roger Ebert">Roger Ebert</a> gave it a 4-star review and <a class="external" href="http://en.wikipedia.org/wiki/Richard_Roeper" title="Richard Roeper">Richard Roeper</a> named it the 'best film of the year.' It was also <a class="external" href="http://en.wikipedia.org/wiki/Richard_Schickel" title="Richard Schickel">Richard Schickel's</a> top film of 2007, and he called it "a morally alert, persuasively realistic and increasingly suspenseful melodrama, impeccably acted and handsomely staged by Tony Gilroy". The reviews on Box Office Mojo give the movie a normal B. <i>Time</i> magazine said that "<i>Michael Clayton</i> is not an exercise in high-tension energy; you'll never confuse its eponymous protagonist with Jason Bourne. But it does have enough of a melodramatic pulse to keep you engaged in its story and, better than that, it is full of plausible characters who are capable of surprisingâ€”and surpassingâ€”your expectations".</p>
      <p xmlns="http://www.w3.org/1999/xhtml">The film appeared on many critics' top ten lists of the best films of 2007.</p>
      <ul xmlns="http://www.w3.org/1999/xhtml">
	<li>1st â€“ Claudia Puig, <i><a class="external" href="http://en.wikipedia.org/wiki/USA_Today" title="USA Today">USA Today</a></i></li>
	<li>1st â€“ <a class="external" href="http://en.wikipedia.org/wiki/Richard_Roeper" title="Richard Roeper">Richard Roeper</a>, <i><a class="external" href="http://en.wikipedia.org/wiki/At_the_Movies_with_Ebert_%26_Roeper" title="At the Movies with Ebert &amp; Roeper">At the Movies with Ebert &amp; Roeper</a></i></li>
	<li>1st â€“ <a class="external" href="http://en.wikipedia.org/wiki/Richard_Schickel" title="Richard Schickel">Richard Schickel</a>, <a class="external" href="http://en.wikipedia.org/wiki/Time_(magazine)" title="Time (magazine)"><i>TIME</i> magazine</a></li>
	<li>2nd â€“ Peter Hartlaub, <i><a class="external" href="http://en.wikipedia.org/wiki/San_Francisco_Chronicle" title="San Francisco Chronicle">San Francisco Chronicle</a></i></li>
	<li>3rd â€“ <a class="external" href="http://en.wikipedia.org/wiki/Owen_Gleiberman" title="Owen Gleiberman">Owen Gleiberman</a>, <i><a class="external" href="http://en.wikipedia.org/wiki/Entertainment_Weekly" title="Entertainment Weekly">Entertainment Weekly</a></i></li>
	<li>5th â€“ Rene Rodriguez, <i><a class="external" href="http://en.wikipedia.org/wiki/The_Miami_Herald" title="The Miami Herald">The Miami Herald</a></i></li>
	<li>6th â€“ Ann Hornaday, <i><a class="external" href="http://en.wikipedia.org/wiki/The_Washington_Post" title="The Washington Post">The Washington Post</a></i></li>
	<li>6th â€“ Ray Bennett, <i><a class="external" href="http://en.wikipedia.org/wiki/The_Hollywood_Reporter" title="The Hollywood Reporter">The Hollywood Reporter</a></i></li>
	<li>7th â€“ Jack Mathews, <i><a class="external" href="http://en.wikipedia.org/wiki/New_York_Daily_News" title="New York Daily News">New York Daily News</a></i></li>
	<li>7th â€“ <a class="external" href="http://en.wikipedia.org/wiki/Kenneth_Turan" title="Kenneth Turan">Kenneth Turan</a>, <i><a class="external" href="http://en.wikipedia.org/wiki/Los_Angeles_Times" title="Los Angeles Times">Los Angeles Times</a></i></li>
	<li>7th â€“ <a class="external" href="http://en.wikipedia.org/wiki/Manohla_Dargis" title="Manohla Dargis">Manohla Dargis</a>, <i><a class="external" href="http://en.wikipedia.org/wiki/The_New_York_Times" title="The New York Times">The New York Times</a></i> (tied with <i><a class="external" href="http://en.wikipedia.org/wiki/Lady_Chatterley_(film)" title="Lady Chatterley (film)">Lady Chatterley</a></i>)</li>
	<li>7th â€“ <a class="external" href="http://en.wikipedia.org/wiki/Ty_Burr" title="Ty Burr">Ty Burr</a>, <i><a class="external" href="http://en.wikipedia.org/wiki/The_Boston_Globe" title="The Boston Globe">The Boston Globe</a></i></li>
	<li>8th â€“ <a class="external" href="http://en.wikipedia.org/wiki/A.O._Scott" title="A.O. Scott">A.O. Scott</a>, <i><a class="external" href="http://en.wikipedia.org/wiki/The_New_York_Times" title="The New York Times">The New York Times</a></i> (tied with <i><a class="external" href="http://en.wikipedia.org/wiki/The_Lives_of_Others" title="The Lives of Others">The Lives of Others</a></i>)</li>
	<li>8th â€“ Kevin Crust, <i><a class="external" href="http://en.wikipedia.org/wiki/Los_Angeles_Times" title="Los Angeles Times">Los Angeles Times</a></i></li>
	<li>8th â€“ <a class="external" href="http://en.wikipedia.org/wiki/Shawn_Anthony_Levy" title="Shawn Anthony Levy">Shawn Levy</a>, <i><a class="external" href="http://en.wikipedia.org/wiki/The_Oregonian" title="The Oregonian">The Oregonian</a></i></li>
	<li>8th â€“ Steven Rea, <i><a class="external" href="http://en.wikipedia.org/wiki/The_Philadelphia_Inquirer" title="The Philadelphia Inquirer">The Philadelphia Inquirer</a></i></li>
	<li>9th â€“ Dennis Harvey, <i><a class="external" href="http://en.wikipedia.org/wiki/Variety_(magazine)" title="Variety (magazine)">Variety</a></i> (tied with <i>Romantico</i>)</li>
	<li>9th â€“ Frank Scheck, <i><a class="external" href="http://en.wikipedia.org/wiki/The_Hollywood_Reporter" title="The Hollywood Reporter">The Hollywood Reporter</a></i></li>
      </ul>
      <ul xmlns="http://www.w3.org/1999/xhtml">
	<li><b><a class="external" href="http://en.wikipedia.org/wiki/80th_Academy_Awards" title="80th Academy Awards">80th Academy Awards</a> (<a class="external" href="http://en.wikipedia.org/wiki/Academy_of_Motion_Picture_Arts_and_Sciences" title="Academy of Motion Picture Arts and Sciences">Academy of Motion Picture Arts and Sciences</a>)</b>
<ul>
	    <li>Best Supporting Actress (<a class="external" href="http://en.wikipedia.org/wiki/Tilda_Swinton" title="Tilda Swinton">Tilda Swinton</a>)</li>
	  </ul>
</li>
      </ul>
      <ul xmlns="http://www.w3.org/1999/xhtml">
	<li><b><a class="external" href="http://en.wikipedia.org/wiki/British_Academy_of_Film_and_Television_Arts" title="British Academy of Film and Television Arts">British Academy of Film and Television Arts</a></b>
<ul>
	    <li>Best Supporting Actress (<a class="external" href="http://en.wikipedia.org/wiki/Tilda_Swinton" title="Tilda Swinton">Tilda Swinton</a>)</li>
	  </ul>
</li>
      </ul>
      <ul xmlns="http://www.w3.org/1999/xhtml">
	<li><b><a class="external" href="http://en.wikipedia.org/wiki/Dallas-Fort_Worth_Film_Critics_Association_Awards" title="Dallas-Fort Worth Film Critics Association Awards">Dallas-Fort Worth Film Critics Association Awards</a></b>
<ul>
	    <li>Best Supporting Actress (<a class="external" href="http://en.wikipedia.org/wiki/Tilda_Swinton" title="Tilda Swinton">Tilda Swinton</a>)</li>
	  </ul>
</li>
      </ul>
      <ul xmlns="http://www.w3.org/1999/xhtml">
	<li><b><a class="external" href="http://en.wikipedia.org/wiki/Kansas_City_Film_Critics_Circle_Award" title="Kansas City Film Critics Circle Award">Kansas City Film Critics Circle Award</a></b>
<ul>
	    <li>Best Supporting Actress (<a class="external" href="http://en.wikipedia.org/wiki/Tilda_Swinton" title="Tilda Swinton">Tilda Swinton</a>)</li>
	  </ul>
</li>
      </ul>
      <ul xmlns="http://www.w3.org/1999/xhtml">
	<li><b><a class="external" href="http://en.wikipedia.org/w/index.php?title=Vancouver_Film_Critics_Circle_Award&amp;action=edit&amp;redlink=1" title="Vancouver Film Critics Circle Award (page does not exist)">Vancouver Film Critics Circle Award</a></b>
<ul>
	    <li>Best Supporting Actress (<a class="external" href="http://en.wikipedia.org/wiki/Tilda_Swinton" title="Tilda Swinton">Tilda Swinton</a>)</li>
	  </ul>
</li>
      </ul>
      <ul xmlns="http://www.w3.org/1999/xhtml">
	<li><b><a class="external" href="http://en.wikipedia.org/wiki/National_Board_of_Review" title="National Board of Review">National Board of Review</a></b>
<ul>
	    <li>Best Actor (<a class="external" href="http://en.wikipedia.org/wiki/George_Clooney" title="George Clooney">George Clooney</a>)</li>
	  </ul>
</li>
      </ul>
      <ul xmlns="http://www.w3.org/1999/xhtml">
	<li><b><a class="external" href="http://en.wikipedia.org/wiki/San_Francisco_Film_Critics_Circle" title="San Francisco Film Critics Circle">San Francisco Film Critics Circle</a></b>
<ul>
	    <li>Best Actor (<a class="external" href="http://en.wikipedia.org/wiki/George_Clooney" title="George Clooney">George Clooney</a>)</li>
	  </ul>
</li>
      </ul>
      <ul xmlns="http://www.w3.org/1999/xhtml">
	<li><b><a class="external" href="http://en.wikipedia.org/wiki/Washington_D.C._Area_Film_Critics_Association" title="Washington D.C. Area Film Critics Association">Washington D.C. Area Film Critics Association</a></b>
<ul>
	    <li>Best Actor (<a class="external" href="http://en.wikipedia.org/wiki/George_Clooney" title="George Clooney">George Clooney</a>)</li>
	  </ul>
</li>
      </ul>
      <ul xmlns="http://www.w3.org/1999/xhtml">
	<li><b><a class="external" href="http://en.wikipedia.org/wiki/Satellite_Award" title="Satellite Award">Satellite Award</a></b>
<ul>
	    <li>Best Supporting Actor-Drama (<a class="external" href="http://en.wikipedia.org/wiki/Tom_Wilkinson" title="Tom Wilkinson">Tom Wilkinson</a>)</li>
	  </ul>
</li>
      </ul>
      <ul xmlns="http://www.w3.org/1999/xhtml">
	<li><b><a class="external" href="http://en.wikipedia.org/w/index.php?title=London_Film_Critics_Association&amp;action=edit&amp;redlink=1" title="London Film Critics Association (page does not exist)">London Film Critics Association</a></b>
<ul>
	    <li>Best British Actor of the year (<a class="external" href="http://en.wikipedia.org/wiki/Tom_Wilkinson" title="Tom Wilkinson">Tom Wilkinson</a>)</li>
	  </ul>
</li>
      </ul>
      <ul xmlns="http://www.w3.org/1999/xhtml">
	<li><b><a class="external" href="http://en.wikipedia.org/wiki/80th_Academy_Awards" title="80th Academy Awards">80th Academy Awards</a></b>
<ul>
	    <li>Best Actor in a Leading Role (<a class="external" href="http://en.wikipedia.org/wiki/George_Clooney" title="George Clooney">George Clooney</a>)</li>
	    <li>Best Actor in a Supporting Role (<a class="external" href="http://en.wikipedia.org/wiki/Tom_Wilkinson" title="Tom Wilkinson">Tom Wilkinson</a>)</li>
	    <li>Best Director (<a class="external" href="http://en.wikipedia.org/wiki/Tony_Gilroy" title="Tony Gilroy">Tony Gilroy</a>)</li>
	    <li>Best Picture</li>
	    <li>Best Original Screenplay (<a class="external" href="http://en.wikipedia.org/wiki/Tony_Gilroy" title="Tony Gilroy">Tony Gilroy</a>)</li>
	    <li>Best Original Score (<a class="external" href="http://en.wikipedia.org/wiki/James_Newton_Howard" title="James Newton Howard">James Newton Howard</a>)</li>
	  </ul>
</li>
      </ul>
      <ul xmlns="http://www.w3.org/1999/xhtml">
	<li><b><a class="external" href="http://en.wikipedia.org/wiki/65th_Golden_Globe_Awards" title="65th Golden Globe Awards">65th Golden Globe Awards</a></b>
<ul>
	    <li>Best Motion Picture â€“ Drama</li>
	    <li>Best Performance by an Actor in a Motion Picture â€“ Drama (<a class="external" href="http://en.wikipedia.org/wiki/George_Clooney" title="George Clooney">George Clooney</a>)</li>
	    <li>Best Performance by an Actor in a Supporting Role in a Motion Picture (<a class="external" href="http://en.wikipedia.org/wiki/Tom_Wilkinson" title="Tom Wilkinson">Tom Wilkinson</a>)</li>
	    <li>Best Performance by an Actress in a Supporting Role in a Motion Picture (<a class="external" href="http://en.wikipedia.org/wiki/Tilda_Swinton" title="Tilda Swinton">Tilda Swinton</a>)</li>
	  </ul>
</li>
      </ul>
      <ul xmlns="http://www.w3.org/1999/xhtml">
	<li><b><a class="external" href="http://en.wikipedia.org/wiki/Broadcast_Film_Critics_Association_Awards" title="Broadcast Film Critics Association Awards">Broadcast Film Critics Association Awards</a></b>
<ul>
	    <li>Best Picture</li>
	    <li>Best Actor (<a class="external" href="http://en.wikipedia.org/wiki/George_Clooney" title="George Clooney">George Clooney</a>)</li>
	    <li>Best Supporting Actor (<a class="external" href="http://en.wikipedia.org/wiki/Tom_Wilkinson" title="Tom Wilkinson">Tom Wilkinson</a>)</li>
	    <li>Best Supporting Actress (<a class="external" href="http://en.wikipedia.org/wiki/Tilda_Swinton" title="Tilda Swinton">Tilda Swinton</a>)</li>
	    <li>Best Writer (<a class="external" href="http://en.wikipedia.org/wiki/Tony_Gilroy" title="Tony Gilroy">Tony Gilroy</a>)</li>
	  </ul>
</li>
      </ul>
      <ul xmlns="http://www.w3.org/1999/xhtml">
	<li><b><a class="external" href="http://en.wikipedia.org/wiki/Chicago_Film_Critics_Association_Awards" title="Chicago Film Critics Association Awards">Chicago Film Critics Association Awards</a></b>
<ul>
	    <li>Best Actor (<a class="external" href="http://en.wikipedia.org/wiki/George_Clooney" title="George Clooney">George Clooney</a>)</li>
	    <li>Best Director (<a class="external" href="http://en.wikipedia.org/wiki/Tony_Gilroy" title="Tony Gilroy">Tony Gilroy</a>)</li>
	    <li>Best Picture</li>
	    <li>Best Screenplay, Original (<a class="external" href="http://en.wikipedia.org/wiki/Tony_Gilroy" title="Tony Gilroy">Tony Gilroy</a>)</li>
	    <li>Best Supporting Actor (<a class="external" href="http://en.wikipedia.org/wiki/Tom_Wilkinson" title="Tom Wilkinson">Tom Wilkinson</a>)</li>
	    <li>Best Supporting Actress (<a class="external" href="http://en.wikipedia.org/wiki/Tilda_Swinton" title="Tilda Swinton">Tilda Swinton</a>)</li>
	    <li>Most Promising Filmmaker (<a class="external" href="http://en.wikipedia.org/wiki/Tony_Gilroy" title="Tony Gilroy">Tony Gilroy</a>)</li>
	  </ul>
</li>
      </ul>
      <ul xmlns="http://www.w3.org/1999/xhtml">
	<li><b><a class="external" href="http://en.wikipedia.org/wiki/London_Film_Critics_Circle_Awards" title="London Film Critics Circle Awards">London Film Critics Circle Awards</a></b>
<ul>
	    <li>Actor of the Year (<a class="external" href="http://en.wikipedia.org/wiki/George_Clooney" title="George Clooney">George Clooney</a>)</li>
	    <li>British Actor of the Year (<a class="external" href="http://en.wikipedia.org/wiki/Tom_Wilkinson" title="Tom Wilkinson">Tom Wilkinson</a>)</li>
	    <li>British Supporting Actress of the Year (<a class="external" href="http://en.wikipedia.org/wiki/Tilda_Swinton" title="Tilda Swinton">Tilda Swinton</a>)</li>
	  </ul>
</li>
      </ul>
      <ul xmlns="http://www.w3.org/1999/xhtml">
	<li><b><a class="external" href="http://en.wikipedia.org/wiki/Satellite_Awards" title="Satellite Awards">Satellite Awards</a></b>
<ul>
	    <li>Best Actress in a Supporting Role â€“ Drama (<a class="external" href="http://en.wikipedia.org/wiki/Tilda_Swinton" title="Tilda Swinton">Tilda Swinton</a>)</li>
	    <li>Best Original Screenplay (<a class="external" href="http://en.wikipedia.org/wiki/Tony_Gilroy" title="Tony Gilroy">Tony Gilroy</a>)</li>
	  </ul>
</li>
      </ul>
      <ul xmlns="http://www.w3.org/1999/xhtml">
	<li><b><a class="external" href="http://en.wikipedia.org/wiki/Screen_Actors_Guild_Awards" title="Screen Actors Guild Awards">Screen Actors Guild Awards</a></b>
<ul>
	    <li>Outstanding Performance by a Female Actor in a Supporting Role (<a class="external" href="http://en.wikipedia.org/wiki/Tilda_Swinton" title="Tilda Swinton">Tilda Swinton</a>)</li>
	    <li>Outstanding Performance by a Male Actor in a Leading Role (<a class="external" href="http://en.wikipedia.org/wiki/George_Clooney" title="George Clooney">George Clooney</a>)</li>
	    <li>Outstanding Performance by a Male Actor in a Supporting Role (<a class="external" href="http://en.wikipedia.org/wiki/Tom_Wilkinson" title="Tom Wilkinson">Tom Wilkinson</a>)</li>
	  </ul>
</li>
      </ul>
      <ul xmlns="http://www.w3.org/1999/xhtml">
	<li><b><a class="external" href="http://en.wikipedia.org/wiki/Venice_Film_Festival" title="Venice Film Festival">Venice Film Festival</a></b>
<ul>
	    <li>Golden Lion (<a class="external" href="http://en.wikipedia.org/wiki/Tony_Gilroy" title="Tony Gilroy">Tony Gilroy</a>)</li>
	  </ul>
</li>
      </ul>
      <h2 xmlns="http://www.w3.org/1999/xhtml"> <span class="mw-headline" id="Soundtrack">Soundtrack</span></h2>
      <p xmlns="http://www.w3.org/1999/xhtml"><i><b>Original Motion Picture Soundtrack: Michael Clayton</b></i> was released on September 25, 2007 on the <a class="external" href="http://en.wikipedia.org/wiki/Var%C3%A8se_Sarabande" title="VarÃ¨se Sarabande">VarÃ¨se Sarabande</a> label.</p>
      <p xmlns="http://www.w3.org/1999/xhtml">The soundtrack was nominated for an <a class="external" href="http://en.wikipedia.org/wiki/Academy_Award" title="Academy Award">Academy Award</a> for <a class="external" href="http://en.wikipedia.org/wiki/Academy_Award_for_Original_Music_Score" title="Academy Award for Original Music Score">Best Original Score</a>.</p>
      <p xmlns="http://www.w3.org/1999/xhtml"><i>All tracks composed by <a class="external" href="http://en.wikipedia.org/wiki/James_Newton_Howard" title="James Newton Howard">James Newton Howard</a>.</i></p>
      <h2 xmlns="http://www.w3.org/1999/xhtml"> <span class="mw-headline" id="References">References</span></h2>
      <h2 xmlns="http://www.w3.org/1999/xhtml"> <span class="mw-headline" id="External_links">External links</span></h2>
      <ul xmlns="http://www.w3.org/1999/xhtml">
	<li><a href="http://www.imdb.com/title/tt0465538/" rel="nofollow"><i>Michael Clayton</i></a> at the <a class="external" href="http://en.wikipedia.org/wiki/Internet_Movie_Database" title="Internet Movie Database">Internet Movie Database</a></li>
	<li><a href="http://www.rottentomatoes.com/m/michael_clayton/" rel="nofollow"><i>Michael Clayton</i></a> at <a class="external" href="http://en.wikipedia.org/wiki/Rotten_Tomatoes" title="Rotten Tomatoes">Rotten Tomatoes</a></li>
	<li><a href="http://www.metacritic.com/film/titles/michaelclayton" rel="nofollow"><i>Michael Clayton</i></a> at <a class="external" href="http://en.wikipedia.org/wiki/Metacritic" title="Metacritic">Metacritic</a></li>
	<li><a href="http://www.boxofficemojo.com/movies/?id=michaelclayton.htm" rel="nofollow"><i>Michael Clayton</i></a> at <a class="external" href="http://en.wikipedia.org/wiki/Box_Office_Mojo" title="Box Office Mojo">Box Office Mojo</a></li>
	<li><a href="http://www.allmovie.com/work/326692" rel="nofollow"><i>Michael Clayton</i></a> at <a class="external" href="http://en.wikipedia.org/wiki/Allmovie" title="Allmovie">Allmovie</a></li>
	<li><a href="http://www.soundtrackcollector.com/catalog/soundtrackdetail.php?movieid=81207" rel="nofollow"><i>Michael Clayton</i> at Soundtrack Collector</a></li>
      </ul>
    </wiki:description>
  </wiki:film>
</wiki:nominee>