<?xml version="1.0" encoding="UTF-8"?>
<wiki:nominee year="1964" span="1" winner="false" award="supporting-actress" xmlns:wiki="http://marklogic.com/wikipedia">
  <!--
                            Copyright (c) 2010 MarkLogic Corporation.
                            Permission is granted to copy, distribute and/or modify this document
                            under the terms of the GNU Free Documentation License, Version 1.2
                            or any later version published by the Free Software Foundation;
                            with no Invariant Sections, no Front-Cover Texts, and no Back-Cover Texts.
                            A copy of the license is included in the section entitled "GNU
                            Free Documentation License"
                            
                            Content derived from http://en.wikipedia.org/wiki/Hush%E2%80%A6_Hush,_Sweet_Charlotte and http://en.wikipedia.org/wiki/Agnes_Moorehead
                            Modified in May 2009 by Mark Logic Corporation under the terms of the GNU Free Documentation License.
                        -->
  <wiki:name link="/wiki/Agnes_Moorehead">Agnes Moorehead</wiki:name>
  <wiki:person link="/wiki/Agnes_Moorehead" name="Agnes Moorehead">
    <wiki:oscar year="1942" span="1" winner="false" award="supporting-actress" film-link="/wiki/The_Magnificent_Ambersons_(film)" film-title="The Magnificent Ambersons"/>
    <wiki:oscar year="1944" span="1" winner="false" award="supporting-actress" film-link="/wiki/Mrs._Parkington" film-title="Mrs. Parkington"/>
    <wiki:oscar year="1948" span="1" winner="false" award="supporting-actress" film-link="/wiki/Johnny_Belinda_(1948_film)" film-title="Johnny Belinda"/>
    <wiki:oscar year="1964" span="1" winner="false" award="supporting-actress" film-link="/wiki/Hush%E2%80%A6_Hush,_Sweet_Charlotte" film-title="Hushâ€¦ Hush, Sweet Charlotte"/>
    <wiki:image link="http://upload.wikimedia.org/wikipedia/commons/thumb/d/d9/Agnes_Moorehead_in_The_Bat.jpg/220px-Agnes_Moorehead_in_The_Bat.jpg"/>
    <wiki:birth>
      <wiki:date>1900-12-06</wiki:date>
      <wiki:place>
	<wiki:primary link="/wiki/Clinton,_Massachusetts">Clinton, Massachusetts</wiki:primary>
	<wiki:secondary link=""/>
      <enrich><woeid xmlns="http://where.yahooapis.com/v1/schema.rng">12588713</woeid><placeTypeName code="9" xmlns="http://where.yahooapis.com/v1/schema.rng">County</placeTypeName><name xmlns="http://where.yahooapis.com/v1/schema.rng">Worcester</name><country code="US" type="Country" xmlns="http://where.yahooapis.com/v1/schema.rng">United States</country><admin1 code="US-MA" type="State" xmlns="http://where.yahooapis.com/v1/schema.rng">Massachusetts</admin1><admin2 code="" type="County" xmlns="http://where.yahooapis.com/v1/schema.rng">Worcester</admin2><admin3 xmlns="http://where.yahooapis.com/v1/schema.rng"/><locality1 xmlns="http://where.yahooapis.com/v1/schema.rng"/><locality2 xmlns="http://where.yahooapis.com/v1/schema.rng"/><postal xmlns="http://where.yahooapis.com/v1/schema.rng"/><centroid xmlns="http://where.yahooapis.com/v1/schema.rng"><latitude>42.364819</latitude><longitude>-71.896957</longitude></centroid><boundingBox xmlns="http://where.yahooapis.com/v1/schema.rng"><southWest><latitude>42.008030</latitude><longitude>-72.315910</longitude></southWest><northEast><latitude>42.721611</latitude><longitude>-71.478012</longitude></northEast></boundingBox><areaRank xmlns="http://where.yahooapis.com/v1/schema.rng">8</areaRank><popRank xmlns="http://where.yahooapis.com/v1/schema.rng">0</popRank></enrich></wiki:place>
    </wiki:birth>
    <wiki:death>
      <wiki:date>April 30, 1974</wiki:date>
      <wiki:place>
	<wiki:primary link="/wiki/Rochester,_Minnesota">Rochester, Minnesota</wiki:primary>
	<wiki:secondary link=""/>
      </wiki:place>
    </wiki:death>
    <wiki:description>
      <wiki:abstract>
	<p xmlns="http://www.w3.org/1999/xhtml"><b>Agnes Robertson Moorehead</b> (December 6, 1900 â€“ April 30, 1974) was an American actress. Although she began with the <a class="external" href="http://en.wikipedia.org/wiki/Mercury_Theatre" title="Mercury Theatre">Mercury Theatre</a>, appeared in more than seventy films beginning with <i><a class="external" href="http://en.wikipedia.org/wiki/Citizen_Kane" title="Citizen Kane">Citizen Kane</a></i> and on dozens of television shows during a career that spanned more than thirty years, Moorehead is most widely known to modern audiences for her role as the <a class="external" href="http://en.wikipedia.org/wiki/Witch" title="Witch">witch</a> Endora in the <a class="external" href="http://en.wikipedia.org/wiki/Television_series" title="Television series">series</a> <i><a class="external" href="http://en.wikipedia.org/wiki/Bewitched" title="Bewitched">Bewitched</a></i>.</p>
	<p xmlns="http://www.w3.org/1999/xhtml">While rarely playing leads in films, Moorehead's skill at character development and range earned her one <a class="external" href="http://en.wikipedia.org/wiki/Emmy_Award" title="Emmy Award">Emmy Award</a> and two <a class="external" href="http://en.wikipedia.org/wiki/Golden_Globe" title="Golden Globe">Golden Globe</a> awards in addition to four <a class="external" href="http://en.wikipedia.org/wiki/Academy_Award" title="Academy Award">Academy Award</a> and six Emmy Award nominations. Moorehead's transition to television won acclaim for drama and comedy. She could play many different types, but often portrayed haughty, arrogant characters.</p>
	<h2 xmlns="http://www.w3.org/1999/xhtml"> <span class="mw-headline" id="Early_life">Early life</span></h2>
	<p xmlns="http://www.w3.org/1999/xhtml">Moorehead was born in <a class="external" href="http://en.wikipedia.org/wiki/Clinton,_Massachusetts" title="Clinton, Massachusetts">Clinton, Massachusetts</a>, of <a class="external" href="http://en.wikipedia.org/wiki/English_people" title="English people">English</a>, <a class="external" href="http://en.wikipedia.org/wiki/Irish_people" title="Irish people">Irish</a>, <a class="external" href="http://en.wikipedia.org/wiki/Scottish_people" title="Scottish people">Scottish</a> and <a class="external" href="http://en.wikipedia.org/wiki/Welsh_people" title="Welsh people">Welsh</a> ancestry, to a <a class="external" href="http://en.wikipedia.org/wiki/Presbyterian" title="Presbyterian">Presbyterian</a> <a class="external" href="http://en.wikipedia.org/wiki/Clergy" title="Clergy">clergyman</a>, John Henderson Moorehead, and his wife, the former Mildred McCauley, who had been a singer. Moorehead later shaved six years off her age by claiming to have been born in 1906. Moorehead recalled her first public performance was at the age of three, reciting "<a class="external" href="http://en.wikipedia.org/wiki/The_Lord%27s_Prayer" title="The Lord's Prayer">The Lord's Prayer</a>" in her father's church. The family moved to <a class="external" href="http://en.wikipedia.org/wiki/St._Louis,_Missouri" title="St. Louis, Missouri">St. Louis, Missouri</a>, and Moorehead's ambition to become an actress grew "very strong". Her mother indulged her active imagination often asking "Who are you today, Agnes?", while Moorehead and her sister would often engage in mimicry, often coming to the dinner table and imitating parishioners. Moorehead noted and was encouraged by her father's amused reactions. She joined the chorus of the <a class="external" href="http://en.wikipedia.org/wiki/The_Muny" title="The Muny">St. Louis Municipal Opera Company</a>, known as "The Muny". In addition to her interest in acting, she developed a lifelong interest in religion; in later years actors such as <a class="external" href="http://en.wikipedia.org/wiki/Dick_Sargent" title="Dick Sargent">Dick Sargent</a> would recall Moorehead arriving on the set with "the <a class="external" href="http://en.wikipedia.org/wiki/Bible" title="Bible">Bible</a> in one hand and the script in the other".</p>
	<p xmlns="http://www.w3.org/1999/xhtml">Moorehead graduated from Central High School in St. Louis in 1918. Although her father did not discourage Moorehead's acting ambitions, he insisted that she obtain a formal education. In 1923, Moorehead earned a <a class="external" href="http://en.wikipedia.org/wiki/Bachelor%27s_degree" title="Bachelor's degree">bachelor's degree</a>, with a major in <a class="external" href="http://en.wikipedia.org/wiki/Biology" title="Biology">biology</a>, from <a class="external" href="http://en.wikipedia.org/wiki/Muskingum_College" title="Muskingum College">Muskingum College</a> in <a class="external" href="http://en.wikipedia.org/wiki/New_Concord,_Ohio" title="New Concord, Ohio">New Concord, Ohio</a>, and while there she also appeared in college stage plays. She later received an honorary <a class="external" href="http://en.wikipedia.org/wiki/Doctorate" title="Doctorate">doctorate</a> in literature from Muskingum, and served for a year on its board of trustees. When her family moved to <a class="external" href="http://en.wikipedia.org/wiki/Reedsburg,_Wisconsin" title="Reedsburg, Wisconsin">Reedsburg, Wisconsin</a>, she taught public school for five years in <a class="external" href="http://en.wikipedia.org/wiki/Soldiers_Grove,_Wisconsin" title="Soldiers Grove, Wisconsin">Soldiers Grove</a>, Wisconsin, while she also earned a <a class="external" href="http://en.wikipedia.org/wiki/Master%27s_degree" title="Master's degree">master's degree</a> in English and public speaking at the University of Wisconsin (now <a class="external" href="http://en.wikipedia.org/wiki/University_of_Wisconsin%E2%80%93Madison" title="University of Wisconsinâ€“Madison">University of Wisconsinâ€“Madison</a>). She then pursued post-graduate studies at the <a class="external" href="http://en.wikipedia.org/wiki/American_Academy_of_Dramatic_Arts" title="American Academy of Dramatic Arts">American Academy of Dramatic Arts</a>, from which she graduated with honors in 1929. Moorehead received an honorary doctoral degree from <a class="external" href="http://en.wikipedia.org/wiki/Bradley_University" title="Bradley University">Bradley University</a> in <a class="external" href="http://en.wikipedia.org/wiki/Peoria,_Illinois" title="Peoria, Illinois">Peoria, Illinois</a>.</p>
	<h2 xmlns="http://www.w3.org/1999/xhtml"> <span class="mw-headline" id="Career">Career</span></h2>
	<p xmlns="http://www.w3.org/1999/xhtml">Moorehead's early career was unsteady, and although she was able to find stage work she was often unemployed and forced to go hungry. She later recalled going four days without food, and said that it had taught her "the value of a dollar." She found work in radio and was soon in demand, often working on several programs in a single day. She believed that it offered her excellent training and allowed her to develop her voice to create a variety of characterizations. Moorehead met the actress <a class="external" href="http://en.wikipedia.org/wiki/Helen_Hayes" title="Helen Hayes">Helen Hayes</a> who encouraged her to try to enter films, but her first attempts were met with failure. Rejected as not being "the right type", Moorehead returned to radio.</p>
	<p xmlns="http://www.w3.org/1999/xhtml">Moorehead met <a class="external" href="http://en.wikipedia.org/wiki/Orson_Welles" title="Orson Welles">Orson Welles</a> and by 1937 was a member of his <a class="external" href="http://en.wikipedia.org/wiki/Mercury_Theatre" title="Mercury Theatre">Mercury Theatre Group</a>, along with <a class="external" href="http://en.wikipedia.org/wiki/Joseph_Cotten" title="Joseph Cotten">Joseph Cotten</a>. She appeared in his radio production <i>Julius Caesar</i>, had a regular role in the serial <i><a class="external" href="http://en.wikipedia.org/wiki/The_Shadow" title="The Shadow">The Shadow</a></i> as Margo and was one of the players in his <i><a class="external" href="http://en.wikipedia.org/wiki/The_War_of_the_Worlds_(radio)" title="The War of the Worlds (radio)">The War of the Worlds</a></i> production. In 1939, Welles moved the Mercury Theatre Group to Hollywood, where he started working for <a class="external" href="http://en.wikipedia.org/wiki/RKO_Studios" title="RKO Studios">RKO Studios</a>. Several of his radio performers joined him, and Moorehead made her film debut as his mother in <i>Citizen Kane</i> (1941). She also appeared in his films <i><a class="external" href="http://en.wikipedia.org/wiki/Journey_into_Fear_(film)" title="Journey into Fear (film)">Journey into Fear</a></i> (1943) and <i><a class="external" href="http://en.wikipedia.org/wiki/The_Magnificent_Ambersons_(film)" title="The Magnificent Ambersons (film)">The Magnificent Ambersons</a></i> (1942), based on a <a class="external" href="http://en.wikipedia.org/wiki/Novel" title="Novel">novel</a> by <a class="external" href="http://en.wikipedia.org/wiki/Booth_Tarkington" title="Booth Tarkington">Booth Tarkington</a>. She received a <a class="external" href="http://en.wikipedia.org/wiki/New_York_Film_Critics_Award" title="New York Film Critics Award">New York Film Critics Award</a> and an Academy Award nomination for her performance in the latter film.</p>
	<p xmlns="http://www.w3.org/1999/xhtml">Moorehead played another strong role in <i>The Big Street</i> (1942) with <a class="external" href="http://en.wikipedia.org/wiki/Henry_Fonda" title="Henry Fonda">Henry Fonda</a> and <a class="external" href="http://en.wikipedia.org/wiki/Lucille_Ball" title="Lucille Ball">Lucille Ball</a>, and then appeared in two films that failed to find an audience, <i>Government Girl</i> with <a class="external" href="http://en.wikipedia.org/wiki/Olivia_de_Havilland" title="Olivia de Havilland">Olivia de Havilland</a> and <i><a class="external" href="http://en.wikipedia.org/wiki/The_Youngest_Profession" title="The Youngest Profession">The Youngest Profession</a></i> with the adolescent <a class="external" href="http://en.wikipedia.org/wiki/Virginia_Weidler" title="Virginia Weidler">Virginia Weidler</a>.</p>
	<p xmlns="http://www.w3.org/1999/xhtml">By the mid 1940s, Moorehead joined <a class="external" href="http://en.wikipedia.org/wiki/MGM" title="MGM">MGM</a>, negotiating a $6,000-a-week contract with the provision to perform also on radio, an unusual clause at the time. Moorehead explained that MGM usually refused to allow their actors to play on radio as "the actors didn't have the knowledge or the taste of the judgment to appear on the right sort of show." In 1943-1944, Moorehead portrayed "matronly housekeeper Mrs. Mullet", who was constantly offering her "candied opinion", in Mutual Radio's <i><a class="external" href="http://en.wikipedia.org/wiki/The_Adventures_of_Leonidas_Witherall" title="The Adventures of Leonidas Witherall">The Adventures of Leonidas Witherall</a></i>; she inaugurated the role on CBS Radio.</p>
	<p xmlns="http://www.w3.org/1999/xhtml">Moorehead skillfully portrayed puritanical matrons, neurotic spinsters, possessive mothers, and comical secretaries throughout her career. She played Parthy Hawks, wife of Cap'n Andy and mother of Magnolia, in MGM's hit 1951 remake of <i><a class="external" href="http://en.wikipedia.org/wiki/Show_Boat_(1951_film)" title="Show Boat (1951 film)">Show Boat</a></i>. She was in many important films, including <i><a class="external" href="http://en.wikipedia.org/wiki/Dark_Passage_(film)" title="Dark Passage (film)">Dark Passage</a></i> and <i><a class="external" href="http://en.wikipedia.org/wiki/Since_You_Went_Away" title="Since You Went Away">Since You Went Away</a></i>, either playing key small or large supporting parts. Moorehead was in <a class="external" href="http://en.wikipedia.org/wiki/Broadway_theatre" title="Broadway theatre">Broadway</a> productions of <i><a class="external" href="http://en.wikipedia.org/wiki/Don_Juan_in_Hell" title="Don Juan in Hell">Don Juan in Hell</a></i> in 1951-1952, and <i>Lord Pengo</i> in 1962-1963.</p>
	<p xmlns="http://www.w3.org/1999/xhtml">During the 1940s and 1950s, Moorehead was one of the most in demand actresses for <a class="external" href="http://en.wikipedia.org/wiki/Radio_drama" title="Radio drama">radio dramas</a>, especially on the CBS show <i><a class="external" href="http://en.wikipedia.org/wiki/Suspense_(radio_program)" title="Suspense (radio program)">Suspense</a></i>. During the 946 episodes run of <i>Suspense</i>, Moorehead was cast in more episodes than any other actor or actress. She was often introduced on the show as the "first lady of <i>Suspense</i>". Moorehead's most successful appearance on <i>Suspense</i> was in the legendary play <i><a class="external" href="http://en.wikipedia.org/wiki/Sorry,_Wrong_Number" title="Sorry, Wrong Number">Sorry, Wrong Number</a></i>, written by <a class="external" href="http://en.wikipedia.org/wiki/Lucille_Fletcher" title="Lucille Fletcher">Lucille Fletcher</a>, broadcast on May 18, 1943. Moorehead played a selfish, neurotic woman who overhears a murder being plotted via crossed phone wires who eventually realizes she is the intended victim. She recreated the performance six times for <i>Suspense</i> and several times on other radio shows, always using her original, dog-eared script. In 1952, she recorded an album of the drama, and performed scenes from the story in her one-woman show in the 1950s. (<a class="external" href="http://en.wikipedia.org/wiki/Barbara_Stanwyck" title="Barbara Stanwyck">Barbara Stanwyck</a> played the role in the 1948 film version.)</p>
	<p xmlns="http://www.w3.org/1999/xhtml">In the 1950s, Moorehead continued to work in films and to appear on stage across the country, including a national tour of Shaw's <i><a class="external" href="http://en.wikipedia.org/wiki/Don_Juan_in_Hell" title="Don Juan in Hell">Don Juan in Hell</a></i>, co-starring <a class="external" href="http://en.wikipedia.org/wiki/Charles_Boyer" title="Charles Boyer">Charles Boyer</a>, <a class="external" href="http://en.wikipedia.org/wiki/Charles_Laughton" title="Charles Laughton">Charles Laughton</a>, and <a class="external" href="http://en.wikipedia.org/wiki/Cedric_Hardwicke" title="Cedric Hardwicke">Cedric Hardwicke</a>.</p>
	<p xmlns="http://www.w3.org/1999/xhtml"><i>Sorry, Wrong Number</i> also inspired writers of the <a class="external" href="http://en.wikipedia.org/wiki/Columbia_Broadcasting_System" title="Columbia Broadcasting System">CBS</a> <a class="external" href="http://en.wikipedia.org/wiki/Television_series" title="Television series">television series</a> <i><a class="external" href="http://en.wikipedia.org/wiki/The_Twilight_Zone_(1959_TV_series)" title="The Twilight Zone (1959 TV series)">The Twilight Zone</a></i> to script an episode with Moorehead in mind. In "<a class="external" href="http://en.wikipedia.org/wiki/The_Invaders_(The_Twilight_Zone)" title="The Invaders (The Twilight Zone)">The Invaders</a>" (broadcast 27 January 1961) Moorehead played a woman whose isolated farm is plagued by mysterious intruders. In "Sorry, Wrong Number" Moorehead offered a famed, bravura performance using only her voice, and for "The Invaders" she was offered a script where she had no dialogue at all.</p>
	<p xmlns="http://www.w3.org/1999/xhtml">In the 1960-1961 season, Moorehead made guest appearances as Aunt Harriet in the short-lived CBS <a class="external" href="http://en.wikipedia.org/wiki/Sitcom" title="Sitcom">sitcom</a> <i><a class="external" href="http://en.wikipedia.org/wiki/My_Sister_Eileen" title="My Sister Eileen">My Sister Eileen</a></i> starring <a class="external" href="http://en.wikipedia.org/wiki/Shirley_Bonne" title="Shirley Bonne">Shirley Bonne</a> and <a class="external" href="http://en.wikipedia.org/wiki/Elaine_Stritch" title="Elaine Stritch">Elaine Stritch</a> as Eileen (an aspiring actress) and Ruth Sherwood, respectively, two single sisters living in New York City. That same season, she appeared in <a class="external" href="http://en.wikipedia.org/wiki/Pat_O%27Brien_(actor)" title="Pat O'Brien (actor)">Pat O'Brien</a>'s <a class="external" href="http://en.wikipedia.org/wiki/American_Broadcasting_Company" title="American Broadcasting Company">ABC</a> sitcom <i><a class="external" href="http://en.wikipedia.org/wiki/Harrigan_and_Son" title="Harrigan and Son">Harrigan and Son</a></i>. In the 1963-1964 season, she appeared in an episode of the ABC series about <a class="external" href="http://en.wikipedia.org/wiki/College" title="College">college</a> life, <i><a class="external" href="http://en.wikipedia.org/wiki/Channing_(TV_series)" title="Channing (TV series)">Channing</a></i>. In 1967, she portrayed an <a class="external" href="http://en.wikipedia.org/wiki/Native_Americans_in_the_United_States" title="Native Americans in the United States">Indian</a> named Watoma on the ABC military-western series <i><a class="external" href="http://en.wikipedia.org/wiki/Custer_(TV_series)" title="Custer (TV series)">Custer</a></i> with <a class="external" href="http://en.wikipedia.org/wiki/Wayne_Maunder" title="Wayne Maunder">Wayne Maunder</a> in the title role.</p>
	<p xmlns="http://www.w3.org/1999/xhtml">In 1964, Moorehead played the slatternly maid, Velma Carruther, to <a class="external" href="http://en.wikipedia.org/wiki/Bette_Davis" title="Bette Davis">Bette Davis</a> in the gothic thriller <i><a class="external" href="http://en.wikipedia.org/wiki/Hush..._Hush,_Sweet_Charlotte" title="Hush... Hush, Sweet Charlotte">Hush... Hush, Sweet Charlotte</a></i> and would receive her fourth and final Academy Award nomination for her work.</p>
	<p xmlns="http://www.w3.org/1999/xhtml">Also in 1964, Moorehead accepted the role of Endora, in the situation comedy <i>Bewitched</i>. She later commented that she had not expected it to succeed and that she ultimately felt trapped by its success. However, she had negotiated to appear in only eight of every twelve episodes made, therefore allowing her sufficient time to pursue other projects. She also felt that the television writing was often below standard and dismissed many of the <i>Bewitched</i> scripts as "hack" in a 1965 interview. The role brought her a level of recognition that she had not received before as <i>Bewitched</i> was in the top 10 programs for the first few years it screened.</p>
	<p xmlns="http://www.w3.org/1999/xhtml">Moorehead received six <a class="external" href="http://en.wikipedia.org/wiki/Emmy_Award" title="Emmy Award">Emmy Award</a> nominations, but was quick to remind interviewers that she had enjoyed a long and distinguished career. Despite her ambivalence, she remained with <i>Bewitched</i> until its run ended in 1972. She commented to the <i><a class="external" href="http://en.wikipedia.org/wiki/New_York_Times" title="New York Times">New York Times</a></i> in 1974, "I've been in movies and played theater from coast to coast, so I was quite well known before <i>Bewitched</i>, and I don't particularly want to be identified as a witch." Later that year she said that she had enjoyed playing the role, but that it was not challenging and the show itself was "not breathtaking" although her flamboyant and colorful character appealed to children. She expressed a fondness for the show's star, <a class="external" href="http://en.wikipedia.org/wiki/Elizabeth_Montgomery" title="Elizabeth Montgomery">Elizabeth Montgomery</a>, and said that she had enjoyed working with her. Co-star <a class="external" href="http://en.wikipedia.org/wiki/Dick_Sargent" title="Dick Sargent">Dick Sargent</a>, who in 1969 replaced the ill <a class="external" href="http://en.wikipedia.org/wiki/Dick_York" title="Dick York">Dick York</a> as Samantha's husband, Darrin Stephens, had a more difficult relationship with Moorehead, and described her as "a tough old bird...very self-involved."</p>
	<p xmlns="http://www.w3.org/1999/xhtml">In 1970, she appeared as a dying woman who haunts her own house in the early <a class="external" href="http://en.wikipedia.org/wiki/Night_Gallery" title="Night Gallery">Night Gallery</a> episode "Certain Shadows on the Wall."</p>
	<p xmlns="http://www.w3.org/1999/xhtml">In January 1974, Moorehead performed in two episodes (including the very first) of <a class="external" href="http://en.wikipedia.org/wiki/CBS_Radio_Mystery_Theater" title="CBS Radio Mystery Theater">CBS Radio Mystery Theater</a>, the popular series produced by old-time radio master <a class="external" href="http://en.wikipedia.org/wiki/Himan_Brown" title="Himan Brown">Himan Brown</a>.</p>
	<h2 xmlns="http://www.w3.org/1999/xhtml"> <span class="mw-headline" id="Private_life">Private life</span></h2>
	<p xmlns="http://www.w3.org/1999/xhtml">Moorehead married actor John Griffith Lee in 1930, and they divorced in 1952. Moorehead and Lee adopted an orphan named Sean in 1949, but it remains unclear whether the adoption was legal, although Moorehead did raise the child until he ran away from home. In 1954, she married actor <a class="external" href="http://en.wikipedia.org/wiki/Robert_Gist" title="Robert Gist">Robert Gist</a>, and they divorced in 1958. In the years since her death, rumors about Moorehead's being a <a class="external" href="http://en.wikipedia.org/wiki/Lesbian" title="Lesbian">lesbian</a> have been widespread, most notoriously in the book <i>Hollywood Lesbians</i> by <a class="external" href="http://en.wikipedia.org/wiki/Boze_Hadleigh" title="Boze Hadleigh">Boze Hadleigh</a>, whose source for the allegation was <a class="external" href="http://en.wikipedia.org/wiki/Paul_Lynde" title="Paul Lynde">Paul Lynde</a>. However, Moorehead biographer Charles Tranberg (<i>I Love the Illusion: The Life and Career of Agnes Moorehead</i>, 2005) interviewed several of the actress's closest friends, including some who are openly <a class="external" href="http://en.wikipedia.org/wiki/Gay" title="Gay">gay</a>, who all stated the rumor is untrue. <a class="external" href="http://en.wikipedia.org/wiki/Debbie_Reynolds" title="Debbie Reynolds">Debbie Reynolds</a> explicitly denied to film historian <a class="external" href="http://en.wikipedia.org/wiki/Robert_Osborne" title="Robert Osborne">Robert Osborne</a> that her "best friend" Moorehead was gay.</p>
	<p xmlns="http://www.w3.org/1999/xhtml">Moorehead was a devout <a class="external" href="http://en.wikipedia.org/wiki/Presbyterian" title="Presbyterian">Presbyterian</a> (Reynolds described her as "terribly religious") and, in interviews, often spoke of her relationship with <a class="external" href="http://en.wikipedia.org/wiki/God" title="God">God</a>. <a class="external" href="http://en.wikipedia.org/wiki/Erin_Murphy" title="Erin Murphy">Erin Murphy</a> stated that the actress would read <a class="external" href="http://en.wikipedia.org/wiki/Bible" title="Bible">Bible</a> stories to the children affiliated with <i>Bewitched</i>. In one of her last films, <i><a class="external" href="http://en.wikipedia.org/wiki/What%27s_the_Matter_with_Helen%3F" title="What's the Matter with Helen?">What's the Matter with Helen?</a></i> (1971, costarring Reynolds), she played an <a class="external" href="http://en.wikipedia.org/wiki/Evangelism" title="Evangelism">evangelist</a>. Shortly before her death, Moorehead, who embraced her Reformed Calvinist roots, sought <a class="external" href="http://en.wikipedia.org/wiki/Conservatism_in_the_United_States" title="Conservatism in the United States">conservative</a> causes to benefit after her death through her estate.</p>
	<h2 xmlns="http://www.w3.org/1999/xhtml"> <span class="mw-headline" id="Death">Death</span></h2>
	<p xmlns="http://www.w3.org/1999/xhtml">Moorehead died of <a class="external" href="http://en.wikipedia.org/wiki/Uterine_cancer" title="Uterine cancer">uterine cancer</a> at the age of seventy-three in <a class="external" href="http://en.wikipedia.org/wiki/Rochester,_Minnesota" title="Rochester, Minnesota">Rochester, Minnesota</a>. She appeared in the 1956 movie <i><a class="external" href="http://en.wikipedia.org/wiki/The_Conqueror_(film)" title="The Conqueror (film)">The Conqueror</a></i>, which was shot downwind from a nuclear test site and was one of over 90 cast and crew members to contract cancer out of the 220 who worked on the picture. She is entombed at Dayton Memorial Park in <a class="external" href="http://en.wikipedia.org/wiki/Dayton,_Ohio" title="Dayton, Ohio">Dayton</a>, Ohio.</p>
	<p xmlns="http://www.w3.org/1999/xhtml">Moorehead <a class="external" href="http://en.wikipedia.org/wiki/Bequeathed" title="Bequeathed">bequeathed</a> her 1967 <a class="external" href="http://en.wikipedia.org/wiki/Emmy_Award" title="Emmy Award">Emmy Award</a> statue for <i><a class="external" href="http://en.wikipedia.org/wiki/The_Wild_Wild_West" title="The Wild Wild West">The Wild Wild West</a></i>, her private papers, and her home in Rix Mills, Ohio, to her <i><a class="external" href="http://en.wikipedia.org/wiki/Alma_mater" title="Alma mater">alma mater</a></i> Muskingum College. She left her family's Ohio estate and farmlands, Moorehead Manor, to <a class="external" href="http://en.wikipedia.org/wiki/Bob_Jones_University" title="Bob Jones University">Bob Jones University</a> in <a class="external" href="http://en.wikipedia.org/wiki/Greenville,_South_Carolina" title="Greenville, South Carolina">Greenville, South Carolina</a>, as well as some biblical studies books from her personal library. Her will stipulated that BJU should use the farm for retreats and special meetings "with a Christian emphasis", but the distance of the estate from the South Carolina campus rendered it mostly useless. In May 1976, BJU traded the Moorehead farmlands with an Ohio college for $25,000 and a collection of her library books. Moorehead also left her professional papers, scripts, <a class="external" href="http://en.wikipedia.org/wiki/Christmas_card" title="Christmas card">Christmas cards</a> and scrapbooks to the Wisconsin Center for Film and Theater Research at the <a class="external" href="http://en.wikipedia.org/wiki/Wisconsin_Historical_Society" title="Wisconsin Historical Society">Wisconsin Historical Society</a>.</p>
	<p xmlns="http://www.w3.org/1999/xhtml">In 1994, Moorehead was posthumously inducted into the <a class="external" href="http://en.wikipedia.org/wiki/St._Louis_Walk_of_Fame" title="St. Louis Walk of Fame">St. Louis Walk of Fame</a>.</p>
	<h2 xmlns="http://www.w3.org/1999/xhtml"> <span class="mw-headline" id="Filmography">Filmography</span></h2>
      </wiki:abstract>
      <ul xmlns="http://www.w3.org/1999/xhtml">
	<li><i><a class="external" href="http://en.wikipedia.org/wiki/Citizen_Kane" title="Citizen Kane">Citizen Kane</a></i> (1941)</li>
	<li><i><a class="external" href="http://en.wikipedia.org/wiki/The_Magnificent_Ambersons_(film)" title="The Magnificent Ambersons (film)">The Magnificent Ambersons</a></i> (1942)</li>
	<li><i><a class="external" href="http://en.wikipedia.org/wiki/The_Big_Street" title="The Big Street">The Big Street</a></i> (1942)</li>
	<li><i><a class="external" href="http://en.wikipedia.org/wiki/Journey_into_Fear_(1943_film)" title="Journey into Fear (1943 film)">Journey into Fear</a></i> (1943)</li>
	<li><i><a class="external" href="http://en.wikipedia.org/wiki/The_Youngest_Profession" title="The Youngest Profession">The Youngest Profession</a></i> (1943)</li>
	<li><i><a class="external" href="http://en.wikipedia.org/w/index.php?title=Government_Girl&amp;action=edit&amp;redlink=1" title="Government Girl (page does not exist)">Government Girl</a></i> (1943)</li>
	<li><i><a class="external" href="http://en.wikipedia.org/wiki/Jane_Eyre_(1944_film)" title="Jane Eyre (1944 film)">Jane Eyre</a></i> (1944)</li>
	<li><i><a class="external" href="http://en.wikipedia.org/wiki/Since_You_Went_Away" title="Since You Went Away">Since You Went Away</a></i> (1944)</li>
	<li><i><a class="external" href="http://en.wikipedia.org/wiki/Dragon_Seed_(film)" title="Dragon Seed (film)">Dragon Seed</a></i> (1944)</li>
	<li><i><a class="external" href="http://en.wikipedia.org/wiki/The_Seventh_Cross_(1944_film)" title="The Seventh Cross (1944 film)">The Seventh Cross</a></i> (1944)</li>
	<li><i><a class="external" href="http://en.wikipedia.org/wiki/Mrs._Parkington" title="Mrs. Parkington">Mrs. Parkington</a></i> (1944)</li>
	<li><i><a class="external" href="http://en.wikipedia.org/w/index.php?title=Tomorrow,_the_World!&amp;action=edit&amp;redlink=1" title="Tomorrow, the World! (page does not exist)">Tomorrow, the World!</a></i> (1944)</li>
	<li><i><a class="external" href="http://en.wikipedia.org/wiki/Keep_Your_Powder_Dry" title="Keep Your Powder Dry">Keep Your Powder Dry</a></i> (1945)</li>
	<li><i><a class="external" href="http://en.wikipedia.org/wiki/Her_Highness_and_the_Bellboy" title="Her Highness and the Bellboy">Her Highness and the Bellboy</a></i> (1945)</li>
	<li><i><a class="external" href="http://en.wikipedia.org/wiki/Our_Vines_Have_Tender_Grapes" title="Our Vines Have Tender Grapes">Our Vines Have Tender Grapes</a></i> (1945)</li>
	<li><i><a class="external" href="http://en.wikipedia.org/wiki/Dark_Passage_(film)" title="Dark Passage (film)">Dark Passage</a></i> (1947)</li>
	<li><i><a class="external" href="http://en.wikipedia.org/wiki/The_Lost_Moment" title="The Lost Moment">The Lost Moment</a></i> (1947)</li>
	<li><i><a class="external" href="http://en.wikipedia.org/wiki/Summer_Holiday_(1948_film)" title="Summer Holiday (1948 film)">Summer Holiday</a></i> (1948)</li>
	<li><i><a class="external" href="http://en.wikipedia.org/wiki/The_Woman_in_White_(1948_film)" title="The Woman in White (1948 film)">The Woman in White</a></i> (1948)</li>
	<li><i><a class="external" href="http://en.wikipedia.org/wiki/Station_West" title="Station West">Station West</a></i> (1948)</li>
	<li><i><a class="external" href="http://en.wikipedia.org/wiki/Johnny_Belinda_(1948_film)" title="Johnny Belinda (1948 film)">Johnny Belinda</a></i> (1948)</li>
	<li><i><a class="external" href="http://en.wikipedia.org/wiki/The_Stratton_Story" title="The Stratton Story">The Stratton Story</a></i> (1949)</li>
	<li><i><a class="external" href="http://en.wikipedia.org/wiki/The_Great_Sinner" title="The Great Sinner">The Great Sinner</a></i> (1949)</li>
	<li><i><a class="external" href="http://en.wikipedia.org/wiki/Without_Honor" title="Without Honor">Without Honor</a></i> (1949)</li>
	<li><i><a class="external" href="http://en.wikipedia.org/wiki/Black_Jack_(film)" title="Black Jack (film)">Black Jack</a></i> (1950)</li>
	<li><i><a class="external" href="http://en.wikipedia.org/wiki/Caged_(1950_film)" title="Caged (1950 film)">Caged</a></i> (1950)</li>
	<li><i><a class="external" href="http://en.wikipedia.org/wiki/Fourteen_Hours" title="Fourteen Hours">Fourteen Hours</a></i> (1951)</li>
	<li><i><a class="external" href="http://en.wikipedia.org/w/index.php?title=Adventures_of_Captain_Fabian&amp;action=edit&amp;redlink=1" title="Adventures of Captain Fabian (page does not exist)">Adventures of Captain Fabian</a></i> (1951)</li>
	<li><i><a class="external" href="http://en.wikipedia.org/wiki/Show_Boat_(1951_film)" title="Show Boat (1951 film)">Show Boat</a></i> (1951)</li>
	<li><i><a class="external" href="http://en.wikipedia.org/wiki/The_Blue_Veil" title="The Blue Veil">The Blue Veil</a></i> (1951)</li>
	<li><i><a class="external" href="http://en.wikipedia.org/w/index.php?title=The_Blazing_Forest&amp;action=edit&amp;redlink=1" title="The Blazing Forest (page does not exist)">The Blazing Forest</a></i> (1952)</li>
	<li><i><a class="external" href="http://en.wikipedia.org/wiki/The_Story_of_Three_Loves" title="The Story of Three Loves">The Story of Three Loves</a></i> (1953)</li>
	<li><i><a class="external" href="http://en.wikipedia.org/wiki/Scandal_at_Scourie" title="Scandal at Scourie">Scandal at Scourie</a></i> (1953)</li>
	<li><i><a class="external" href="http://en.wikipedia.org/wiki/Main_Street_to_Broadway" title="Main Street to Broadway">Main Street to Broadway</a></i> (1953)</li>
	<li><i><a class="external" href="http://en.wikipedia.org/w/index.php?title=Those_Redheads_from_Seattle&amp;action=edit&amp;redlink=1" title="Those Redheads from Seattle (page does not exist)">Those Redheads from Seattle</a></i> (1953)</li>
	<li><i><a class="external" href="http://en.wikipedia.org/wiki/Magnificent_Obsession_(1954_film)" title="Magnificent Obsession (1954 film)">Magnificent Obsession</a></i> (1954)</li>
	<li><i><a class="external" href="http://en.wikipedia.org/wiki/Untamed_(1955_film)" title="Untamed (1955 film)">Untamed</a></i> (1955)</li>
	<li><i><a class="external" href="http://en.wikipedia.org/wiki/The_Left_Hand_of_God" title="The Left Hand of God">The Left Hand of God</a></i> (1955)</li>
	<li><i><a class="external" href="http://en.wikipedia.org/wiki/All_That_Heaven_Allows" title="All That Heaven Allows">All That Heaven Allows</a></i> (1955)</li>
	<li><i><a class="external" href="http://en.wikipedia.org/wiki/The_Conqueror_(film)" title="The Conqueror (film)">The Conqueror</a></i> (1956)</li>
	<li><i><a class="external" href="http://en.wikipedia.org/wiki/Meet_Me_in_Las_Vegas" title="Meet Me in Las Vegas">Meet Me in Las Vegas</a></i> (1956)</li>
	<li><i><a class="external" href="http://en.wikipedia.org/wiki/The_Swan_(film)" title="The Swan (film)">The Swan</a></i> (1956)</li>
	<li><i><a class="external" href="http://en.wikipedia.org/wiki/The_Revolt_of_Mamie_Stover_(film)" title="The Revolt of Mamie Stover (film)">The Revolt of Mamie Stover</a></i> (1956)</li>
	<li><i><a class="external" href="http://en.wikipedia.org/wiki/Pardners" title="Pardners">Pardners</a></i> (1956)</li>
	<li><i><a class="external" href="http://en.wikipedia.org/wiki/The_Opposite_Sex" title="The Opposite Sex">The Opposite Sex</a></i> (1956)</li>
	<li><i><a class="external" href="http://en.wikipedia.org/wiki/The_True_Story_of_Jesse_James" title="The True Story of Jesse James">The True Story of Jesse James</a></i> (1957)</li>
	<li><i><a class="external" href="http://en.wikipedia.org/wiki/Jeanne_Eagels_(film)" title="Jeanne Eagels (film)">Jeanne Eagels</a></i> (1957)</li>
	<li><i><a class="external" href="http://en.wikipedia.org/wiki/Raintree_County_(film)" title="Raintree County (film)">Raintree County</a></i> (1957)</li>
	<li><i><a class="external" href="http://en.wikipedia.org/wiki/The_Story_of_Mankind_(film)" title="The Story of Mankind (film)">The Story of Mankind</a></i> (1957)</li>
	<li><i><a class="external" href="http://en.wikipedia.org/w/index.php?title=Tempest_(1958_film)&amp;action=edit&amp;redlink=1" title="Tempest (1958 film) (page does not exist)">Tempest</a></i> (1958)</li>
	<li><i><a class="external" href="http://en.wikipedia.org/w/index.php?title=Night_of_the_Quarter_Moon&amp;action=edit&amp;redlink=1" title="Night of the Quarter Moon (page does not exist)">Night of the Quarter Moon</a></i> (1959)</li>
	<li><i><a class="external" href="http://en.wikipedia.org/wiki/The_Bat_(1959_film)" title="The Bat (1959 film)">The Bat</a></i> (1959)</li>
	<li><i><a class="external" href="http://en.wikipedia.org/wiki/Pollyanna_(1960_film)" title="Pollyanna (1960 film)">Pollyanna</a></i> (1960)</li>
	<li><i><a class="external" href="http://en.wikipedia.org/w/index.php?title=Twenty_Plus_Two&amp;action=edit&amp;redlink=1" title="Twenty Plus Two (page does not exist)">Twenty Plus Two</a></i> (1961)</li>
	<li><i><a class="external" href="http://en.wikipedia.org/wiki/Bachelor_in_Paradise" title="Bachelor in Paradise">Bachelor in Paradise</a></i> (1961)</li>
	<li><i><a class="external" href="http://en.wikipedia.org/w/index.php?title=Jessica_(1962_film)&amp;action=edit&amp;redlink=1" title="Jessica (1962 film) (page does not exist)">Jessica</a></i> (1962)</li>
	<li><i><a class="external" href="http://en.wikipedia.org/wiki/How_the_West_Was_Won_(film)" title="How the West Was Won (film)">How the West Was Won</a></i> (1962)</li>
	<li><i><a class="external" href="http://en.wikipedia.org/wiki/Who%27s_Minding_the_Store%3F" title="Who's Minding the Store?">Who's Minding the Store?</a></i> (1963)</li>
	<li><i><a class="external" href="http://en.wikipedia.org/wiki/Hush...Hush,_Sweet_Charlotte" title="Hush...Hush, Sweet Charlotte">Hush...Hush, Sweet Charlotte</a></i> (1964)</li>
	<li><i><a class="external" href="http://en.wikipedia.org/wiki/The_Singing_Nun_(film)" title="The Singing Nun (film)">The Singing Nun</a></i> (1966)</li>
	<li><i><a class="external" href="http://en.wikipedia.org/wiki/What%27s_the_Matter_with_Helen%3F" title="What's the Matter with Helen?">What's the Matter with Helen?</a></i> (1971)</li>
	<li><i><a class="external" href="http://en.wikipedia.org/w/index.php?title=Dear_Dead_Delilah&amp;action=edit&amp;redlink=1" title="Dear Dead Delilah (page does not exist)">Dear Dead Delilah</a></i> (1972)</li>
	<li><i><a class="external" href="http://en.wikipedia.org/wiki/Charlotte%27s_Web_(1973_film)" title="Charlotte's Web (1973 film)">Charlotte's Web</a></i> (1973) (voice)</li>
	<li><i><a class="external" href="http://en.wikipedia.org/wiki/Frankenstein:_The_True_Story" title="Frankenstein: The True Story">Frankenstein: The True Story</a></i> (1973)</li>
      </ul>
      <ul xmlns="http://www.w3.org/1999/xhtml">
	<li><i>Operation Raintree</i> (1957)</li>
	<li><i>Screen Snapshots: Salute to Hollywood</i> (1958)</li>
      </ul>
      <h2 xmlns="http://www.w3.org/1999/xhtml"> <span class="mw-headline" id="References">References</span></h2>
      <h2 xmlns="http://www.w3.org/1999/xhtml"> <span class="mw-headline" id="Further_reading">Further reading</span></h2>
      <ul xmlns="http://www.w3.org/1999/xhtml">
	<li>Lynn Kear, <i>Agnes Moorehead: a Bio-Bibliography</i>. (<a class="external" href="http://en.wikipedia.org/wiki/Westport,_Connecticut" title="Westport, Connecticut">Westport, Connecticut</a>: Greenwood Press, 1992). <a class="external" href="http://en.wikipedia.org/wiki/Special:BookSources/0313281556">ISBN 0-313-28155-6</a></li>
	<li>Warren Sherk, <i>Agnes Moorehead: A Very Private Person</i>. (<a class="external" href="http://en.wikipedia.org/wiki/Philadelphia" title="Philadelphia">Philadelphia</a>: Dorrance, 1976). <a class="external" href="http://en.wikipedia.org/wiki/Special:BookSources/0805923179">ISBN 0-8059-2317-9</a></li>
	<li>Charles Tranberg, <i>I Love the Illusion: The Life And Career of Agnes Moorehead</i> (<a class="external" href="http://en.wikipedia.org/wiki/Albany,_Georgia" title="Albany, Georgia">Albany, Georgia</a>: BearManor Media, 2005) <a class="external" href="http://en.wikipedia.org/wiki/Special:BookSources/1593930291">ISBN 1-59393-029-1</a></li>
	<li>Quint Benedetti, <i>(My Travels with) Agnes Moorehead-The Lavender Lady</i> (<a class="external" href="http://en.wikipedia.org/wiki/Bloomington,_Indiana" title="Bloomington, Indiana">Bloomington, Indiana</a>: Xlibris, 2010). <a class="external" href="http://en.wikipedia.org/wiki/Special:BookSources/9781450034081">ISBN 978-1-4500-3408-1</a></li>
      </ul>
      <h2 xmlns="http://www.w3.org/1999/xhtml"> <span class="mw-headline" id="External_links">External links</span></h2>
      <ul xmlns="http://www.w3.org/1999/xhtml">
	<li><a href="http://www.ibdb.com/person.asp?ID=68354" rel="nofollow">Agnes Moorehead</a> at the <a class="external" href="http://en.wikipedia.org/wiki/Internet_Broadway_Database" title="Internet Broadway Database">Internet Broadway Database</a></li>
	<li><a href="http://www.imdb.com/name/nm0001547/" rel="nofollow">Agnes Moorehead</a> at the <a class="external" href="http://en.wikipedia.org/wiki/Internet_Movie_Database" title="Internet Movie Database">Internet Movie Database</a></li>
	<li><a href="http://digicoll.library.wisc.edu/cgi-bin/ead-idx?c=shs&amp;id=uw-whs-us0161an" rel="nofollow">Guide to over 100,000 Moorehead documents spanning 1923-1974 at the</a> <a class="external" href="http://en.wikipedia.org/wiki/Wisconsin_Historical_Society" title="Wisconsin Historical Society">Wisconsin Historical Society</a></li>
	<li><a href="http://www.harpiesbizarre.com/tranberg_interview.htm" rel="nofollow">Interview with biographer Charles Tranberg from Harpies Bizarre</a></li>
	<li><a href="http://www.agnesmoorehead.org/" rel="nofollow">Biographical Portrait</a></li>
      </ul>
    </wiki:description>
  </wiki:person>
  <wiki:film-title link="/wiki/Hush%E2%80%A6_Hush,_Sweet_Charlotte">Hushâ€¦ Hush, Sweet Charlotte</wiki:film-title>
  <wiki:film link="/wiki/Hush%E2%80%A6_Hush,_Sweet_Charlotte" title="Hushâ€¦ Hush, Sweet Charlotte">
    <wiki:oscar-ref year="1964" span="1" winner="false" award="supporting-actress" person-link="/wiki/Agnes_Moorehead" person-name="Agnes Moorehead"/>
    <wiki:producer link="/wiki/Robert_Aldrich">Robert Aldrich</wiki:producer>
    <wiki:director link="/wiki/Robert_Aldrich">Robert Aldrich</wiki:director>
    <wiki:writer link="/wiki/Henry_Farrell">Henry Farrell</wiki:writer>
    <wiki:writer link="/wiki/Lukas_Heller">Lukas Heller</wiki:writer>
    <wiki:distributor link="/wiki/20th_Century_Fox">20th Century Fox</wiki:distributor>
    <wiki:starring link="/wiki/Bette_Davis">Bette Davis</wiki:starring>
    <wiki:starring link="/wiki/Olivia_de_Havilland">Olivia de Havilland</wiki:starring>
    <wiki:starring link="/wiki/Joseph_Cotten">Joseph Cotten</wiki:starring>
    <wiki:starring link="/wiki/Agnes_Moorehead">Agnes Moorehead</wiki:starring>
    <wiki:starring link="/wiki/Cecil_Kellaway">Cecil Kellaway</wiki:starring>
    <wiki:starring link="/wiki/Mary_Astor">Mary Astor</wiki:starring>
    <wiki:language link="/wiki/English_language">English</wiki:language>
    <wiki:description>
      <wiki:abstract>
	<p xmlns="http://www.w3.org/1999/xhtml"><i><b>Hush... Hush, Sweet Charlotte</b></i> is a <a class="external" href="http://en.wikipedia.org/wiki/1964_in_film" title="1964 in film">1964</a> <a class="external" href="http://en.wikipedia.org/wiki/United_States" title="United States">American</a> <a class="external" href="http://en.wikipedia.org/wiki/Thriller_film" title="Thriller film">thriller film</a> directed by <a class="external" href="http://en.wikipedia.org/wiki/Robert_Aldrich" title="Robert Aldrich">Robert Aldrich</a>, and starring <a class="external" href="http://en.wikipedia.org/wiki/Bette_Davis" title="Bette Davis">Bette Davis</a>, <a class="external" href="http://en.wikipedia.org/wiki/Olivia_de_Havilland" title="Olivia de Havilland">Olivia de Havilland</a>, <a class="external" href="http://en.wikipedia.org/wiki/Joseph_Cotten" title="Joseph Cotten">Joseph Cotten</a>, and <a class="external" href="http://en.wikipedia.org/wiki/Agnes_Moorehead" title="Agnes Moorehead">Agnes Moorehead</a>.</p>
	<p xmlns="http://www.w3.org/1999/xhtml">Directed and produced by <a class="external" href="http://en.wikipedia.org/wiki/Robert_Aldrich" title="Robert Aldrich">Robert Aldrich</a>, the film was adapted for the screen by <a class="external" href="http://en.wikipedia.org/wiki/Henry_Farrell" title="Henry Farrell">Henry Farrell</a> and <a class="external" href="http://en.wikipedia.org/wiki/Lukas_Heller" title="Lukas Heller">Lukas Heller</a>, from Farrell's unpublished short story <i>What Ever Happened to Cousin Charlotte?</i>.</p>
	<h2 xmlns="http://www.w3.org/1999/xhtml"> <span class="mw-headline" id="Plot_synopsis">Plot synopsis</span></h2>
	<p xmlns="http://www.w3.org/1999/xhtml">The film begins in 1927 with Charlotte Hollis (<a class="external" href="http://en.wikipedia.org/wiki/Bette_Davis" title="Bette Davis">Bette Davis</a>) and married lover, John Mayhew (<a class="external" href="http://en.wikipedia.org/wiki/Bruce_Dern" title="Bruce Dern">Bruce Dern</a>), planning to elope during a party at the Hollis <a class="external" href="http://en.wikipedia.org/wiki/Antebellum" title="Antebellum">antebellum</a> mansion in <a class="external" href="http://en.wikipedia.org/wiki/Louisiana" title="Louisiana">Louisiana</a>. However, John backs out after being intimidated to do so by Charlotte's father. John is then brutally murdered in the summerhouse, his head decapitated and hand severed with a cleaver. Charlotte discovers the body and returns traumatized to the party with a blood-stained dress, leading most to presume she was the murderer.</p>
	<p xmlns="http://www.w3.org/1999/xhtml">The film jumps to 1964, and Charlotte is now a middle-aged, wealthy <a class="external" href="http://en.wikipedia.org/wiki/Spinster" title="Spinster">spinster</a> still living on the <a class="external" href="http://en.wikipedia.org/wiki/Ascension_Parish" title="Ascension Parish">Ascension Parish</a> plantation home that has been in her family for generations. The Louisiana Highway Commission intends to demolish the home and build a new highway through the property. Charlotte is violently against this and ignores the eviction notice, refusing to leave. She keeps the foreman (<a class="external" href="http://en.wikipedia.org/wiki/George_Kennedy" title="George Kennedy">George Kennedy</a>), his demolition crew, and the bulldozer away by shooting at them with a rifle. They finally give up and leave temporarily.</p>
	<p xmlns="http://www.w3.org/1999/xhtml">Charlotte has become a recluse, living with her housekeeper, Velma (<a class="external" href="http://en.wikipedia.org/wiki/Agnes_Moorehead" title="Agnes Moorehead">Agnes Moorehead</a>), in the deteriorating Hollis mansion. Seeking help in her fight against the Highway Commission, she calls upon Miriam (<a class="external" href="http://en.wikipedia.org/wiki/Olivia_de_Havilland" title="Olivia de Havilland">Olivia de Havilland</a>), a poor cousin who lived with the family as a girl. Upon returning, Miriam renews her relationship with Drew Bayliss (<a class="external" href="http://en.wikipedia.org/wiki/Joseph_Cotten" title="Joseph Cotten">Joseph Cotten</a>), the local doctor who jilted her after the murder.</p>
	<p xmlns="http://www.w3.org/1999/xhtml">Charlotte's sanity deteriorates with Miriam's arrival, her nights haunted by a mysterious harpsichord playing the song Mayhew wrote for her and by the appearance of Mayhew's disembodied hand and head. Velma, suspecting that Miriam and Drew are after Charlotte's money, seeks help from Mr. Willis (<a class="external" href="http://en.wikipedia.org/wiki/Cecil_Kellaway" title="Cecil Kellaway">Cecil Kellaway</a>), an insurance investigator who is still interested in the Mayhew case and who has visited Mayhew's ailing widow, Jewel (<a class="external" href="http://en.wikipedia.org/wiki/Mary_Astor" title="Mary Astor">Mary Astor</a>). Miriam fires Velma, but Velma later returns to rescue Charlotte from Miriam and discovers drugs Charlotte is being given. Miriam discovers the housekeeper trying to take Charlotte out of the house, and the two argue at the top of the stairs. Velma tries to escape from the house but Miriam, knowing Velma has discovered the drugs, smashes a chair over her head making Velma fall down the stairs to her death.</p>
      </wiki:abstract>
      <h2 xmlns="http://www.w3.org/1999/xhtml"> <span class="mw-headline" id="Production">Production</span></h2>
      <p xmlns="http://www.w3.org/1999/xhtml">The movie reunited two of the stars from Aldrich's 1962 film <i><a class="external" href="http://en.wikipedia.org/wiki/What_Ever_Happened_to_Baby_Jane%3F_(film)" title="What Ever Happened to Baby Jane? (film)">What Ever Happened to Baby Jane?</a></i>, Davis and <a class="external" href="http://en.wikipedia.org/wiki/Victor_Buono" title="Victor Buono">Victor Buono</a>. <a class="external" href="http://en.wikipedia.org/wiki/Joan_Crawford" title="Joan Crawford">Joan Crawford</a>, also from the earlier film, was cast to play the de Havilland role, but dropped out (see: "Production notes" below).</p>
      <p xmlns="http://www.w3.org/1999/xhtml">Scenes inside and outside the Hollis mansion were shot on location at <a href="http://www.houmashouse.com" rel="nofollow">Houmas House</a> in <a class="external" href="http://en.wikipedia.org/wiki/Burnside,_Louisiana" title="Burnside, Louisiana">Burnside, Louisiana</a>.</p>
      <p xmlns="http://www.w3.org/1999/xhtml"><i>Hush... Hush, Sweet Charlotte</i> received <a class="external" href="http://en.wikipedia.org/wiki/Academy_Awards" title="Academy Awards">Academy Award</a> nominations for <a class="external" href="http://en.wikipedia.org/wiki/Academy_Award_for_Best_Supporting_Actress" title="Academy Award for Best Supporting Actress">Best Supporting Actress</a> (Agnes Moorehead); <a class="external" href="http://en.wikipedia.org/wiki/Academy_Award_for_Best_Art_Direction" title="Academy Award for Best Art Direction">Best Art Direction (Black-and-White)</a> (<a class="external" href="http://en.wikipedia.org/wiki/William_Glasgow" title="William Glasgow">William Glasgow</a> Art Direction, <a class="external" href="http://en.wikipedia.org/wiki/Raphael_Bretton" title="Raphael Bretton">Raphael Bretton</a> Set Decoration); <a class="external" href="http://en.wikipedia.org/wiki/Academy_Award_for_Best_Cinematography" title="Academy Award for Best Cinematography">Best Black-and-White Cinematography</a> (<a class="external" href="http://en.wikipedia.org/wiki/Joseph_Biroc" title="Joseph Biroc">Joseph Biroc</a>); <a class="external" href="http://en.wikipedia.org/wiki/Academy_Award_for_Costume_Design" title="Academy Award for Costume Design">Best Costume Design Black-and-White</a> (<a class="external" href="http://en.wikipedia.org/w/index.php?title=Norma_Koch&amp;action=edit&amp;redlink=1" title="Norma Koch (page does not exist)">Norma Koch</a>); <a class="external" href="http://en.wikipedia.org/wiki/Academy_Award_for_Film_Editing" title="Academy Award for Film Editing">Best Film Editing</a> (<a class="external" href="http://en.wikipedia.org/w/index.php?title=Michael_Luciano&amp;action=edit&amp;redlink=1" title="Michael Luciano (page does not exist)">Michael Luciano</a>); <a class="external" href="http://en.wikipedia.org/wiki/Academy_Award_for_Original_Music_Score" title="Academy Award for Original Music Score">Best Original Score</a> (<a class="external" href="http://en.wikipedia.org/wiki/Frank_DeVol" title="Frank DeVol">Frank DeVol</a>); and <a class="external" href="http://en.wikipedia.org/wiki/Academy_Award_for_Best_Song" title="Academy Award for Best Song">Best Song</a> ("<a class="external" href="http://en.wikipedia.org/wiki/Hush..._Hush,_Sweet_Charlotte_(song)" title="Hush... Hush, Sweet Charlotte (song)">Hush... Hush, Sweet Charlotte</a>" Frank DeVol (Music), <a class="external" href="http://en.wikipedia.org/wiki/Mack_David" title="Mack David">Mack David</a> (Lyrics). Farrell and Heller won a 1965 <a class="external" href="http://en.wikipedia.org/wiki/Edgar_Award" title="Edgar Award">Edgar Award</a>, from the <a class="external" href="http://en.wikipedia.org/wiki/Mystery_Writers_of_America" title="Mystery Writers of America">Mystery Writers of America</a>, for Best Motion Picture Screenplay. The song became a hit for <a class="external" href="http://en.wikipedia.org/wiki/Patti_Page" title="Patti Page">Patti Page</a>, who took it to #8 on the <a class="external" href="http://en.wikipedia.org/wiki/Billboard_Hot_100" title="Billboard Hot 100">Billboard Hot 100</a>. The film's 7 Oscar nominations were the most for a movie of the horror genre up to that time.</p>
      <h2 xmlns="http://www.w3.org/1999/xhtml"> <span class="mw-headline" id="Production_notes">Production notes</span></h2>
      <p xmlns="http://www.w3.org/1999/xhtml">Following the unexpected box-office success of <i><a class="external" href="http://en.wikipedia.org/wiki/What_Ever_Happened_to_Baby_Jane%3F_(film)" title="What Ever Happened to Baby Jane? (film)">What Ever Happened to Baby Jane?</a></i> (1962), director Robert Aldrich wanted to reunite stars <a class="external" href="http://en.wikipedia.org/wiki/Joan_Crawford" title="Joan Crawford">Joan Crawford</a> and Bette Davis. After Crawford worked only four days, she quit the film, claiming she was ill. On set Crawford was being treated terribly by the cast and crew of the film, especially Bette Davis and Agnes Moorehead. However, Crawford can be seen in the film. There is a long shot in the beginning of the movie, when Miriam gets out of the taxi upon her arrival at the Hollis plantation, that actually shows the back of Joan Crawford's head and not de Havilland's. "When the taxi pulls up with cousin Miriam inside and stops at the foot of the steps, if you look closely before Miriam gets out you can just for a split moment see it is fact Joan Crawford in the back and not Olivia de Havilland. You can't see Crawford's face but you can tell it's her by the black dress and dark sunglasses that she is wearing. When de Havilland as Miriam is seen in the taxi before she arrives she is wearing a white hat and her clothing is light colored."</p>
      <p xmlns="http://www.w3.org/1999/xhtml"><a class="external" href="http://en.wikipedia.org/wiki/Alain_Silver" title="Alain Silver">Alain Silver</a> and <a class="external" href="http://en.wikipedia.org/wiki/James_Ursini" title="James Ursini">James Ursini</a> wrote in their book <i>Whatever Happened to Robert Aldrich?</i>, "Reputedly, Crawford was still incensed by Davis' attitude on <i>Baby Jane</i> and did not want to be upstaged again, as Davis' nomination for Best Actress convinced her she had been. Because Crawford had told others that she was feigning illness to get out of the movie entirely, Aldrich was in an even worse position"...Desperate to resolve the situation, "Aldrich hired a private detective to record her [Crawford's] movements." When shooting was suspended indefinitely, the production insurance company insisted that either Crawford be replaced or the production cancelled..</p>
      <p xmlns="http://www.w3.org/1999/xhtml">Davis suggested her friend Olivia de Havilland to Aldrich as a replacement for Crawford after <a class="external" href="http://en.wikipedia.org/wiki/Katharine_Hepburn" title="Katharine Hepburn">Katharine Hepburn</a>, <a class="external" href="http://en.wikipedia.org/wiki/Vivien_Leigh" title="Vivien Leigh">Vivien Leigh</a>, <a class="external" href="http://en.wikipedia.org/wiki/Loretta_Young" title="Loretta Young">Loretta Young</a> and <a class="external" href="http://en.wikipedia.org/wiki/Barbara_Stanwyck" title="Barbara Stanwyck">Barbara Stanwyck</a> turned the role down. Leigh famously said "I can just about stand to look at Joan Crawford at six in the morning on a southern plantation, but I couldn't possibly look at Bette Davis." The cast also included <a class="external" href="http://en.wikipedia.org/wiki/Mary_Astor" title="Mary Astor">Mary Astor</a>, another friend and former co-worker of Davis' during her time at <a class="external" href="http://en.wikipedia.org/wiki/Warner_Bros." title="Warner Bros.">Warner Bros.</a></p>
      <p xmlns="http://www.w3.org/1999/xhtml">The film received seven <a class="external" href="http://en.wikipedia.org/wiki/Academy_Award" title="Academy Award">Academy Award</a> nominations, including Best Supporting Actress for Agnes Moorehead, her fourth in the category.</p>
      <h2 xmlns="http://www.w3.org/1999/xhtml"> <span class="mw-headline" id="Principal_cast">Principal cast</span></h2>
      <ul xmlns="http://www.w3.org/1999/xhtml">
	<li><a class="external" href="http://en.wikipedia.org/wiki/Bette_Davis" title="Bette Davis">Bette Davis</a> .... Charlotte Hollis</li>
	<li><a class="external" href="http://en.wikipedia.org/wiki/Olivia_de_Havilland" title="Olivia de Havilland">Olivia de Havilland</a> .... Miriam Deering</li>
	<li><a class="external" href="http://en.wikipedia.org/wiki/Joseph_Cotten" title="Joseph Cotten">Joseph Cotten</a> .... Dr. Drew Bayliss</li>
	<li><a class="external" href="http://en.wikipedia.org/wiki/Agnes_Moorehead" title="Agnes Moorehead">Agnes Moorehead</a> .... Velma Cruther</li>
	<li><a class="external" href="http://en.wikipedia.org/wiki/Cecil_Kellaway" title="Cecil Kellaway">Cecil Kellaway</a> .... Harry Willis</li>
	<li><a class="external" href="http://en.wikipedia.org/wiki/Victor_Buono" title="Victor Buono">Victor Buono</a> .... Big Sam Hollis</li>
	<li><a class="external" href="http://en.wikipedia.org/wiki/Mary_Astor" title="Mary Astor">Mary Astor</a> .... Jewel Mayhew</li>
	<li><a class="external" href="http://en.wikipedia.org/wiki/Bruce_Dern" title="Bruce Dern">Bruce Dern</a> .... John Mayhew</li>
	<li><a class="external" href="http://en.wikipedia.org/wiki/George_Kennedy" title="George Kennedy">George Kennedy</a> .... Foreman</li>
	<li><a class="external" href="http://en.wikipedia.org/wiki/Ellen_Corby" title="Ellen Corby">Ellen Corby</a> .... local gossip</li>
	<li><a class="external" href="http://en.wikipedia.org/wiki/Helen_Kleeb" title="Helen Kleeb">Helen Kleeb</a> .... local gossip</li>
      </ul>
      <h2 xmlns="http://www.w3.org/1999/xhtml"> <span class="mw-headline" id="Critical_reception">Critical reception</span></h2>
      <p xmlns="http://www.w3.org/1999/xhtml">Aldrich had a another hit with this film, which opened to generally good reviews. A pan, however, came from <i><a class="external" href="http://en.wikipedia.org/wiki/The_New_York_Times" title="The New York Times">The New York Times</a></i>, <a class="external" href="http://en.wikipedia.org/wiki/Bosley_Crowther" title="Bosley Crowther">Bosley Crowther</a> observed, "So calculated and coldly carpentered is the tale of murder, mayhem and deceit that Mr. Aldrich stages in this mansion that it soon appears grossly contrived, purposely <a class="external" href="http://en.wikipedia.org/wiki/Sadomasochism" title="Sadomasochism">sadistic</a> and brutally sickening. So, instead of coming out funny, as did <i>Whatever Happened to Baby Jane?</i>, it comes out grisly, pretentious, disgusting and profoundly annoying."</p>
      <p xmlns="http://www.w3.org/1999/xhtml"><i><a class="external" href="http://en.wikipedia.org/wiki/Variety_(magazine)" title="Variety (magazine)">Variety</a></i> says, "Davis' portrayal is reminiscent of <i>Jane</i> in its emotional overtones, in her style of characterization of the near-crazed former Southern belle, aided by haggard makeup and outlandish attire. It is an outgoing performance, and she plays it to the limit. De Havilland, on the other hand, is far more restrained but none the less effective dramatically in her offbeat role."</p>
      <p xmlns="http://www.w3.org/1999/xhtml"><i><a class="external" href="http://en.wikipedia.org/wiki/Time_Out_London" title="Time Out London">Time Out London</a></i> says, "Over the top, of course, and not a lot to it, but it's efficiently directed, beautifully shot, and contains enough scary sequences amid the brooding, tense atmosphere. Splendid performances from Davis and Moorehead, too."</p>
      <p xmlns="http://www.w3.org/1999/xhtml"><a class="external" href="http://en.wikipedia.org/wiki/Judith_Crist" title="Judith Crist">Judith Crist</a> said about the film, "The <a class="external" href="http://en.wikipedia.org/wiki/Grand_guignol" title="Grand guignol">guignol</a> is about as grand as it gets".</p>
      <p xmlns="http://www.w3.org/1999/xhtml"><a class="external" href="http://en.wikipedia.org/wiki/Kenneth_Tynan" title="Kenneth Tynan">Kenneth Tynan</a> asserted that, "...(Davis) has done nothing better since <i><a class="external" href="http://en.wikipedia.org/wiki/The_Little_Foxes" title="The Little Foxes">The Little Foxes</a></i>."</p>
      <h2 xmlns="http://www.w3.org/1999/xhtml"> <span class="mw-headline" id="Nominations">Nominations</span></h2>
      <ul xmlns="http://www.w3.org/1999/xhtml">
	<li><a class="external" href="http://en.wikipedia.org/wiki/Academy_Award_for_Best_Supporting_Actress" title="Academy Award for Best Supporting Actress">Academy Award for Best Actress in a Supporting Role</a> (Agnes Moorehead)</li>
	<li><a class="external" href="http://en.wikipedia.org/wiki/Academy_Award_for_Best_Original_Song" title="Academy Award for Best Original Song">Academy Award for Best Original Song</a> (<a class="external" href="http://en.wikipedia.org/wiki/Frank_De_Vol" title="Frank De Vol">Frank De Vol</a>, music, and <a class="external" href="http://en.wikipedia.org/wiki/Mack_David" title="Mack David">Mack David</a>, lyrics, for "<a class="external" href="http://en.wikipedia.org/wiki/Hush..._Hush,_Sweet_Charlotte_(song)" title="Hush... Hush, Sweet Charlotte (song)">Hush... Hush, Sweet Charlotte</a>")</li>
	<li><a class="external" href="http://en.wikipedia.org/wiki/Academy_Award_for_Original_Music_Score" title="Academy Award for Original Music Score">Academy Award for Best Original Music Score</a></li>
	<li><a class="external" href="http://en.wikipedia.org/wiki/Academy_Award_for_Film_Editing" title="Academy Award for Film Editing">Academy Award for Best Film Editing</a></li>
	<li><a class="external" href="http://en.wikipedia.org/wiki/Academy_Award_for_Best_Cinematography" title="Academy Award for Best Cinematography">Academy Award for Best Cinematography, Black and White</a></li>
	<li><a class="external" href="http://en.wikipedia.org/wiki/Academy_Award_for_Best_Art_Direction" title="Academy Award for Best Art Direction">Academy Award for Best Art Direction, Black and White</a></li>
	<li><a class="external" href="http://en.wikipedia.org/wiki/Academy_Award_for_Costume_Design" title="Academy Award for Costume Design">Academy Award for Best Costume Design, Black and White</a></li>
	<li><a class="external" href="http://en.wikipedia.org/wiki/Golden_Globe_Award_for_Best_Supporting_Actress_-_Motion_Picture" title="Golden Globe Award for Best Supporting Actress - Motion Picture">Golden Globe Award for Best Supporting Actress - Motion Picture</a> (Moorehead)</li>
      </ul>
      <h2 xmlns="http://www.w3.org/1999/xhtml"> <span class="mw-headline" id="DVD_releases">DVD releases</span></h2>
      <p xmlns="http://www.w3.org/1999/xhtml"><i>Hush... Hush, Sweet Charlotte</i> was first released on <a class="external" href="http://en.wikipedia.org/wiki/DVD" title="DVD">DVD</a> on August 9, 2005. It was re-released on April 8, 2008 as part of <i><b>The Bette Davis Centenary Celebration Collection</b></i> 5-DVD box-set.</p>
      <h2 xmlns="http://www.w3.org/1999/xhtml"> <span class="mw-headline" id="See_also">See also</span></h2>
      <ul xmlns="http://www.w3.org/1999/xhtml">
	<li><a class="external" href="http://en.wikipedia.org/wiki/Psycho-biddy" title="Psycho-biddy">Psycho-biddy</a></li>
      </ul>
      <h2 xmlns="http://www.w3.org/1999/xhtml"> <span class="mw-headline" id="References">References</span></h2>
      <h2 xmlns="http://www.w3.org/1999/xhtml"> <span class="mw-headline" id="External_links">External links</span></h2>
      <ul xmlns="http://www.w3.org/1999/xhtml">
	<li><a href="http://www.imdb.com/title/tt0058213/" rel="nofollow"><i>Hush... Hush, Sweet Charlotte</i></a> at <a class="external" href="http://en.wikipedia.org/wiki/Internet_Movie_Database" title="Internet Movie Database">Internet Movie Database</a></li>
	<li><a href="http://www.allmovie.com/work/23957" rel="nofollow"><i>Hush... Hush, Sweet Charlotte</i></a> at <a class="external" href="http://en.wikipedia.org/wiki/Allmovie" title="Allmovie">Allmovie</a></li>
	<li><a href="http://tcmdb.com/title/title.jsp?stid=78739" rel="nofollow"><i>Hushâ€¦ Hush, Sweet Charlotte</i></a> at the <a class="external" href="http://en.wikipedia.org/wiki/Turner_Classic_Movies" title="Turner Classic Movies">TCM Movie Database</a></li>
	<li><a href="http://www.youtube.com/watch?v=MxBvn_-WIo4" rel="nofollow">Theatrical trailer for <i>Hush...Hush, Sweet Charlotte</i> (1964)</a></li>
      </ul>
    </wiki:description>
  </wiki:film>
</wiki:nominee>