<?xml version="1.0" encoding="UTF-8"?>
<wiki:nominee year="1938" span="1" winner="false" award="lead-actor" xmlns:wiki="http://marklogic.com/wikipedia">
  <!--
                            Copyright (c) 2010 MarkLogic Corporation.
                            Permission is granted to copy, distribute and/or modify this document
                            under the terms of the GNU Free Documentation License, Version 1.2
                            or any later version published by the Free Software Foundation;
                            with no Invariant Sections, no Front-Cover Texts, and no Back-Cover Texts.
                            A copy of the license is included in the section entitled "GNU
                            Free Documentation License"
                            
                            Content derived from http://en.wikipedia.org/wiki/The_Citadel_(film) and http://en.wikipedia.org/wiki/Robert_Donat
                            Modified in May 2009 by Mark Logic Corporation under the terms of the GNU Free Documentation License.
                        -->
  <wiki:name link="/wiki/Robert_Donat">Robert Donat</wiki:name>
  <wiki:person link="/wiki/Robert_Donat" name="Robert Donat">
    <wiki:oscar year="1938" span="1" winner="false" award="lead-actor" film-link="/wiki/The_Citadel_(film)" film-title="The Citadel"/>
    <wiki:oscar year="1939" span="1" winner="true" award="lead-actor" film-link="/wiki/Goodbye,_Mr._Chips_(1939_film)" film-title="Goodbye, Mr. Chips"/>
    <wiki:image link="http://upload.wikimedia.org/wikipedia/en/thumb/8/8e/Robert_Donat.gif/220px-Robert_Donat.gif"/>
    <wiki:birth>
      <wiki:date>1905-03-18</wiki:date>
      <wiki:place>
	<wiki:primary link="/wiki/Withington">Withington</wiki:primary>
	<wiki:secondary link="/wiki/Manchester">Manchester</wiki:secondary>
      <enrich><woeid xmlns="http://where.yahooapis.com/v1/schema.rng">28218</woeid><placeTypeName code="7" xmlns="http://where.yahooapis.com/v1/schema.rng">Town</placeTypeName><name xmlns="http://where.yahooapis.com/v1/schema.rng">Manchester</name><country code="GB" type="Country" xmlns="http://where.yahooapis.com/v1/schema.rng">United Kingdom</country><admin1 code="GB-ENG" type="Country" xmlns="http://where.yahooapis.com/v1/schema.rng">England</admin1><admin2 code="GB-GTM" type="County" xmlns="http://where.yahooapis.com/v1/schema.rng">Greater Manchester</admin2><admin3 xmlns="http://where.yahooapis.com/v1/schema.rng"/><locality1 type="Town" xmlns="http://where.yahooapis.com/v1/schema.rng">Manchester</locality1><locality2 xmlns="http://where.yahooapis.com/v1/schema.rng"/><postal xmlns="http://where.yahooapis.com/v1/schema.rng"/><centroid xmlns="http://where.yahooapis.com/v1/schema.rng"><latitude>53.479599</latitude><longitude>-2.248810</longitude></centroid><boundingBox xmlns="http://where.yahooapis.com/v1/schema.rng"><southWest><latitude>53.347031</latitude><longitude>-2.522890</longitude></southWest><northEast><latitude>53.587540</latitude><longitude>-2.023210</longitude></northEast></boundingBox><areaRank xmlns="http://where.yahooapis.com/v1/schema.rng">6</areaRank><popRank xmlns="http://where.yahooapis.com/v1/schema.rng">13</popRank></enrich></wiki:place>
    </wiki:birth>
    <wiki:death>
      <wiki:date>9 June 1958</wiki:date>
      <wiki:place>
	<wiki:primary link="/wiki/London,_England">London</wiki:primary>
	<wiki:secondary link="/wiki/England">England</wiki:secondary>
      </wiki:place>
    </wiki:death>
    <wiki:description>
      <p xmlns="http://www.w3.org/1999/xhtml"><b>Robert Donat</b> (18 March 1905 â€“ 9 June 1958) was an <a class="external" href="http://en.wikipedia.org/wiki/England" title="England">English</a> film and <a class="external" href="http://en.wikipedia.org/wiki/Stage_(theatre)" title="Stage (theatre)">stage</a> actor. He is best-known for his roles in <a class="external" href="http://en.wikipedia.org/wiki/Alfred_Hitchcock" title="Alfred Hitchcock">Alfred Hitchcock</a>'s <i><a class="external" href="http://en.wikipedia.org/wiki/The_39_Steps_(1935_film)" title="The 39 Steps (1935 film)">The 39 Steps</a></i> and <i><a class="external" href="http://en.wikipedia.org/wiki/Goodbye,_Mr._Chips_(1939_film)" title="Goodbye, Mr. Chips (1939 film)">Goodbye, Mr. Chips</a></i> for which he won an <a class="external" href="http://en.wikipedia.org/wiki/Academy_Award_for_Best_Actor" title="Academy Award for Best Actor">Academy Award for Best Actor</a>.</p>
      <h2 xmlns="http://www.w3.org/1999/xhtml"> <span class="mw-headline" id="Early_life">Early life</span></h2>
      <p xmlns="http://www.w3.org/1999/xhtml">Donat was born <b>Friedrich Robert Donat</b> in <a class="external" href="http://en.wikipedia.org/wiki/Withington" title="Withington">Withington</a>, <a class="external" href="http://en.wikipedia.org/wiki/Manchester" title="Manchester">Manchester</a>, <a class="external" href="http://en.wikipedia.org/wiki/England" title="England">England</a>, to Ernst Emil Donat and his wife Rose Alice (nÃ©e Green) who were married at <a class="external" href="http://en.wikipedia.org/wiki/Withington" title="Withington">Withington</a>, St Paul, in 1895. He was of <a class="external" href="http://en.wikipedia.org/wiki/English_people" title="English people">English</a>, <a class="external" href="http://en.wikipedia.org/wiki/Polish_people" title="Polish people">Polish</a>, <a class="external" href="http://en.wikipedia.org/wiki/Germans" title="Germans">German</a> and French descent and was educated at Manchesterâ€™s Central High School for Boys.</p>
      <p xmlns="http://www.w3.org/1999/xhtml">Donat had a brother, John Donat, who was a trapper in Canada and later moved to <a class="external" href="http://en.wikipedia.org/wiki/Shelton,_Connecticut" title="Shelton, Connecticut">Shelton, Connecticut</a>. John Donat's children were Jean, Jay, and Peter. He was the owner of Lake George Camp for Girls in Gull Bay, <a class="external" href="http://en.wikipedia.org/wiki/New_York" title="New York">New York</a>, which catered to old New York families.</p>
      <h2 xmlns="http://www.w3.org/1999/xhtml"> <span class="mw-headline" id="Career">Career</span></h2>
      <p xmlns="http://www.w3.org/1999/xhtml">He made his first stage appearance in 1921 and his film debut in 1932 in <i><a class="external" href="http://en.wikipedia.org/wiki/Men_of_Tomorrow_(1932_film)" title="Men of Tomorrow (1932 film)">Men of Tomorrow</a></i>. His first great screen success came with <i><a class="external" href="http://en.wikipedia.org/wiki/The_Private_Life_of_Henry_VIII" title="The Private Life of Henry VIII">The Private Life of Henry VIII</a></i>, playing <a class="external" href="http://en.wikipedia.org/wiki/Thomas_Culpepper" title="Thomas Culpepper">Thomas Culpepper</a>.</p>
      <p xmlns="http://www.w3.org/1999/xhtml">He had a successful screen image as an English gentleman who was neither haughty nor common. That made him something of a novelty in British films at the time, and he was likened by critics to Hollywood's <a class="external" href="http://en.wikipedia.org/wiki/Clark_Gable" title="Clark Gable">Clark Gable</a> and <a class="external" href="http://en.wikipedia.org/wiki/Gary_Cooper" title="Gary Cooper">Gary Cooper</a>. His most successful films included <i><a class="external" href="http://en.wikipedia.org/wiki/The_Ghost_Goes_West" title="The Ghost Goes West">The Ghost Goes West</a></i> (1935), <a class="external" href="http://en.wikipedia.org/wiki/Alfred_Hitchcock" title="Alfred Hitchcock">Hitchcock's</a> <i><a class="external" href="http://en.wikipedia.org/wiki/The_39_Steps_(1935_film)" title="The 39 Steps (1935 film)">The 39 Steps</a></i> (1935), <i><a class="external" href="http://en.wikipedia.org/wiki/The_Citadel_(film)" title="The Citadel (film)">The Citadel</a></i> (1938), for which he received his first <a class="external" href="http://en.wikipedia.org/wiki/Academy_Award_for_Best_Actor" title="Academy Award for Best Actor">Best Actor Oscar</a> nomination, and <i><a class="external" href="http://en.wikipedia.org/wiki/Goodbye,_Mr._Chips_(1939_film)" title="Goodbye, Mr. Chips (1939 film)">Goodbye, Mr. Chips</a></i> (1939). The latter saw him win the <a class="external" href="http://en.wikipedia.org/wiki/Academy_Award_for_Best_Actor" title="Academy Award for Best Actor">Academy Award for Best Actor</a>, over Clark Gable for <i><a class="external" href="http://en.wikipedia.org/wiki/Gone_with_the_Wind_(film)" title="Gone with the Wind (film)">Gone with the Wind</a>,</i> <a class="external" href="http://en.wikipedia.org/wiki/Laurence_Olivier" title="Laurence Olivier">Laurence Olivier</a> for <i><a class="external" href="http://en.wikipedia.org/wiki/Wuthering_Heights_(1939_film)" title="Wuthering Heights (1939 film)">Wuthering Heights</a></i>, <a class="external" href="http://en.wikipedia.org/wiki/James_Stewart_(actor)" title="James Stewart (actor)">James Stewart</a> for <i><a class="external" href="http://en.wikipedia.org/wiki/Mr._Smith_Goes_to_Washington" title="Mr. Smith Goes to Washington">Mr. Smith Goes to Washington</a></i> and <a class="external" href="http://en.wikipedia.org/wiki/Mickey_Rooney" title="Mickey Rooney">Mickey Rooney</a> for <i><a class="external" href="http://en.wikipedia.org/wiki/Babes_in_Arms_(film)" title="Babes in Arms (film)">Babes in Arms</a></i>. He was a major theatre star, noted for his performances on the British stage in <a class="external" href="http://en.wikipedia.org/wiki/George_Bernard_Shaw" title="George Bernard Shaw">Shaw</a>'s <i><a class="external" href="http://en.wikipedia.org/wiki/The_Devil%27s_Disciple" title="The Devil's Disciple">The Devil's Disciple</a></i> (1938) and <i><a class="external" href="http://en.wikipedia.org/wiki/Heartbreak_House" title="Heartbreak House">Heartbreak House</a></i> (1942), <i><a class="external" href="http://en.wikipedia.org/wiki/Much_Ado_About_Nothing" title="Much Ado About Nothing">Much Ado About Nothing</a></i> (1946), and especially as <a class="external" href="http://en.wikipedia.org/wiki/Thomas_Becket" title="Thomas Becket">Thomas Becket</a> in <a class="external" href="http://en.wikipedia.org/wiki/T._S._Eliot" title="T. S. Eliot">T. S. Eliot</a>'s <i><a class="external" href="http://en.wikipedia.org/wiki/Murder_in_the_Cathedral" title="Murder in the Cathedral">Murder in the Cathedral</a></i> at the <a class="external" href="http://en.wikipedia.org/wiki/Old_Vic_Theatre" title="Old Vic Theatre">Old Vic Theatre</a> (1952).</p>
      <p xmlns="http://www.w3.org/1999/xhtml">Donat lobbied hard to be cast in two film roles, neither of which he gained. He wanted to play the Chorus in Olivier's <i><a class="external" href="http://en.wikipedia.org/wiki/Henry_V_(1944_film)" title="Henry V (1944 film)">Henry V</a></i>, but the role went to <a class="external" href="http://en.wikipedia.org/wiki/Leslie_Banks" title="Leslie Banks">Leslie Banks</a>, and he longed desperately to be cast against type as <a class="external" href="http://en.wikipedia.org/wiki/Bill_Sikes" title="Bill Sikes">Bill Sikes</a> in <a class="external" href="http://en.wikipedia.org/wiki/David_Lean" title="David Lean">David Lean</a>'s <i><a class="external" href="http://en.wikipedia.org/wiki/Oliver_Twist_(1948_film)" title="Oliver Twist (1948 film)">Oliver Twist</a></i>, but Lean thought him wrong for the part and cast <a class="external" href="http://en.wikipedia.org/wiki/Robert_Newton" title="Robert Newton">Robert Newton</a> instead.</p>
      <p xmlns="http://www.w3.org/1999/xhtml">According to <a class="external" href="http://en.wikipedia.org/wiki/Judy_Garland" title="Judy Garland">Judy Garland</a> in an interview, although she first sang "<a class="external" href="http://en.wikipedia.org/wiki/You_Made_Me_Love_You" title="You Made Me Love You">You Made Me Love You</a>" for <a class="external" href="http://en.wikipedia.org/wiki/Clark_Gable" title="Clark Gable">Clark Gable</a>, she felt bad because she really wanted to sing it for her idol Donat whom she wrote a fan letter to a few years before, after seeing <i><a class="external" href="http://en.wikipedia.org/wiki/The_Count_of_Monte_Cristo" title="The Count of Monte Cristo">The Count of Monte Cristo</a></i> (1934).</p>
      <h2 xmlns="http://www.w3.org/1999/xhtml"> <span class="mw-headline" id="Personal_life_and_death">Personal life and death</span></h2>
      <p xmlns="http://www.w3.org/1999/xhtml">Donat suffered from chronic <a class="external" href="http://en.wikipedia.org/wiki/Asthma" title="Asthma">asthma</a> which affected his career and limited him to appearing in only twenty films. Author <a class="external" href="http://en.wikipedia.org/w/index.php?title=David_Shipman_(author)&amp;action=edit&amp;redlink=1" title="David Shipman (author) (page does not exist)">David Shipman</a> speculates that Donat's asthma may have been <a class="external" href="http://en.wikipedia.org/wiki/Psychosomatic" title="Psychosomatic">psychosomatic</a>: "His tragedy was that the promise of his early years was never fulfilled and that he was haunted by agonies of doubt and disappointment (which probably were the cause of his chronic asthma)"; however, this has never been substantiated. Donat's final role was the <a class="external" href="http://en.wikipedia.org/wiki/Mandarin_(bureaucrat)" title="Mandarin (bureaucrat)">mandarin</a> Yang Cheng in <i><a class="external" href="http://en.wikipedia.org/wiki/The_Inn_of_the_Sixth_Happiness" title="The Inn of the Sixth Happiness">The Inn of the Sixth Happiness</a></i> (1958). His last spoken words in this film were prophetic, "We shall not see each other again. I think. Farewell." He died on 9 June 1958 aged 53 in <a class="external" href="http://en.wikipedia.org/wiki/London,_England" title="London, England">London, England</a>. His biographer Kenneth Barrow writes on the cause of his death: "Perhaps the asthma had weakened him but, in fact, it was discovered he had a brain tumour the size of a duck egg and cerebral thrombosis was certified as the primary cause of death."</p>
      <p xmlns="http://www.w3.org/1999/xhtml">Donat was twice married, first to Ella Annesley Voysey (1929â€“1946), with whom he had three children, and subsequently to British actress <a class="external" href="http://en.wikipedia.org/wiki/Ren%C3%A9e_Asherson" title="RenÃ©e Asherson">RenÃ©e Asherson</a> (1953â€“1958). His nephew is the actor <a class="external" href="http://en.wikipedia.org/wiki/Peter_Donat" title="Peter Donat">Peter Donat</a>.</p>
      <p xmlns="http://www.w3.org/1999/xhtml">Robert Donat has a star on the <a class="external" href="http://en.wikipedia.org/wiki/Hollywood_Walk_of_Fame" title="Hollywood Walk of Fame">Hollywood Walk of Fame</a> for motion pictures at 6420 Hollywood Blvd.</p>
      <h2 xmlns="http://www.w3.org/1999/xhtml"> <span class="mw-headline" id="Filmography">Filmography</span></h2>
      <h2 xmlns="http://www.w3.org/1999/xhtml"> <span class="mw-headline" id="References">References</span></h2>
      <h2 xmlns="http://www.w3.org/1999/xhtml"> <span class="mw-headline" id="External_links">External links</span></h2>
      <ul xmlns="http://www.w3.org/1999/xhtml">
	<li><a href="http://www.imdb.com/name/nm0232196/" rel="nofollow">Robert Donat</a> at the <a class="external" href="http://en.wikipedia.org/wiki/Internet_Movie_Database" title="Internet Movie Database">Internet Movie Database</a></li>
	<li><a href="http://www.screenonline.org.uk/people/id/447641/" rel="nofollow">Robert Donat</a> at the <a class="external" href="http://en.wikipedia.org/wiki/British_Film_Institute" title="British Film Institute">British Film Institute</a>'s <a class="external" href="http://en.wikipedia.org/wiki/Screenonline" title="Screenonline">Screenonline</a></li>
	<li><a href="http://www.findagrave.com/cgi-bin/fg.cgi?page=gr&amp;GRid=6440538" rel="nofollow">Robert Donat</a> at <a class="external" href="http://en.wikipedia.org/wiki/Find_a_Grave" title="Find a Grave">Find a Grave</a></li>
	<li><a href="http://www.bris.ac.uk/theatrecollection/donat.html" rel="nofollow">Robert Donat archive at the University of Bristol Theatre Collection</a>- <a class="external" href="http://en.wikipedia.org/wiki/University_of_Bristol" title="University of Bristol">University of Bristol</a></li>
	<li><a href="http://www.archiveshub.ac.uk/cgi-bin/deadsearch.cgi?serverid=DIST-V3-ead-rylands&amp;bool=AND&amp;numreq=1&amp;fieldcont1=gb133frd&amp;format=full&amp;fieldidx1=docid&amp;scanposition=middle&amp;firstrec=1&amp;server=SF" rel="nofollow">papers of Robert Donat, University of Manchester</a></li>
	<li><a href="http://film.virtual-history.com/person.php?personid=583" rel="nofollow">Photographs and literature</a></li>
      </ul>
    </wiki:description>
  </wiki:person>
  <wiki:film-title link="/wiki/The_Citadel_(film)">The Citadel</wiki:film-title>
  <wiki:film link="/wiki/The_Citadel_(film)" title="The Citadel">
    <wiki:oscar-ref year="1938" span="1" winner="false" award="lead-actor" person-link="/wiki/Robert_Donat" person-name="Robert Donat"/>
    <wiki:oscar-ref year="1938" span="1" winner="false" award="best-director" person-link="/wiki/King_Vidor" person-name="King Vidor"/>
    <wiki:oscar year="1938" span="1" winner="false" award="best-picture"/>
    <wiki:producer link="/wiki/Victor_Saville">Victor Saville</wiki:producer>
    <wiki:director link="/wiki/King_Vidor">King Vidor</wiki:director>
    <wiki:writer link="/wiki/A._J._Cronin">A. J. Cronin</wiki:writer>
    <wiki:writer link="/wiki/Ian_Dalrymple">Ian Dalrymple</wiki:writer>
    <wiki:writer link="/wiki/Frank_Wead">Frank Wead</wiki:writer>
    <wiki:distributor link="/wiki/Metro-Goldwyn-Mayer">Metro-Goldwyn-Mayer</wiki:distributor>
    <wiki:starring link="/wiki/Robert_Donat">Robert Donat</wiki:starring>
    <wiki:starring link="/wiki/Rosalind_Russell">Rosalind Russell</wiki:starring>
    <wiki:starring link="/wiki/Ralph_Richardson">Ralph Richardson</wiki:starring>
    <wiki:starring link="/wiki/Rex_Harrison">Rex Harrison</wiki:starring>
    <wiki:description>
      <wiki:abstract>
	<p xmlns="http://www.w3.org/1999/xhtml"><i><b>The Citadel</b></i> is a <a class="external" href="http://en.wikipedia.org/wiki/1938_in_film" title="1938 in film">1938</a> film based on <a class="external" href="http://en.wikipedia.org/wiki/The_Citadel_(novel)" title="The Citadel (novel)">the novel</a> by <a class="external" href="http://en.wikipedia.org/wiki/A._J._Cronin" title="A. J. Cronin">A. J. Cronin</a>, first published in <a class="external" href="http://en.wikipedia.org/wiki/1937" title="1937">1937</a>. The film was directed by <a class="external" href="http://en.wikipedia.org/wiki/King_Vidor" title="King Vidor">King Vidor</a> and produced by <a class="external" href="http://en.wikipedia.org/wiki/Victor_Saville" title="Victor Saville">Victor Saville</a>.</p>
	<h2 xmlns="http://www.w3.org/1999/xhtml"> <span class="mw-headline" id="Plot">Plot</span></h2>
	<p xmlns="http://www.w3.org/1999/xhtml"><a class="external" href="http://en.wikipedia.org/wiki/Robert_Donat" title="Robert Donat">Robert Donat</a> stars as the idealistic newly-qualified Scottish doctor, Andrew Manson, who is dedicated to treating Welsh miners suffering from <a class="external" href="http://en.wikipedia.org/wiki/Tuberculosis" title="Tuberculosis">tuberculosis</a>. Initially, he is full of lofty scientific goals, though his purpose erodes when he later moves to London to treat rich <a class="external" href="http://en.wikipedia.org/wiki/Hypochondriacs" title="Hypochondriacs">hypochondriacs</a>. <a class="external" href="http://en.wikipedia.org/wiki/Rosalind_Russell" title="Rosalind Russell">Rosalind Russell</a> stars as Christine, his wife, who tries to set him back on the original path. <a class="external" href="http://en.wikipedia.org/wiki/Ralph_Richardson" title="Ralph Richardson">Ralph Richardson</a> plays Manson's best friend, Dr. Philip Denny, and <a class="external" href="http://en.wikipedia.org/wiki/Rex_Harrison" title="Rex Harrison">Rex Harrison</a> acts in his first notable screen role as Freddie Hampton.</p>
	<h2 xmlns="http://www.w3.org/1999/xhtml"> <span class="mw-headline" id="Awards">Awards</span></h2>
	<p xmlns="http://www.w3.org/1999/xhtml">The film was nominated for Oscars in 4 categories: <a class="external" href="http://en.wikipedia.org/wiki/Academy_Award_for_Best_Picture" title="Academy Award for Best Picture">Best Picture</a>, <a class="external" href="http://en.wikipedia.org/wiki/Academy_Award_for_Best_Actor" title="Academy Award for Best Actor">Best Actor</a> (Robert Donat), <a class="external" href="http://en.wikipedia.org/wiki/Academy_Award_for_Directing" title="Academy Award for Directing">Direction</a>, and <a class="external" href="http://en.wikipedia.org/wiki/Academy_Award_for_Writing_Adapted_Screenplay" title="Academy Award for Writing Adapted Screenplay">Adapted Screenplay</a>.</p>
	<p xmlns="http://www.w3.org/1999/xhtml">The film won the Best Picture Award from both the <a class="external" href="http://en.wikipedia.org/wiki/New_York_Film_Critics_Circle_Awards" title="New York Film Critics Circle Awards">New York Film Critics Circle</a> and the <a class="external" href="http://en.wikipedia.org/wiki/National_Board_of_Review_of_Motion_Pictures" title="National Board of Review of Motion Pictures">National Board of Review</a>. It is a <i><a class="external" href="http://en.wikipedia.org/wiki/New_York_Times" title="New York Times">New York Times</a></i> Critics' Pick and is also listed in <i>The New York Times Guide to the Best 1,000 Movies Ever Made</i>. â€Ž</p>
	<h2 xmlns="http://www.w3.org/1999/xhtml"> <span class="mw-headline" id="Cast">Cast</span></h2>
	<ul xmlns="http://www.w3.org/1999/xhtml">
	  <li><a class="external" href="http://en.wikipedia.org/wiki/Robert_Donat" title="Robert Donat">Robert Donat</a> as Dr. Andrew Manson</li>
	  <li><a class="external" href="http://en.wikipedia.org/wiki/Rosalind_Russell" title="Rosalind Russell">Rosalind Russell</a> as Christine Barlow</li>
	  <li><a class="external" href="http://en.wikipedia.org/wiki/Ralph_Richardson" title="Ralph Richardson">Ralph Richardson</a> as Dr. Philip Denny</li>
	  <li><a class="external" href="http://en.wikipedia.org/wiki/Rex_Harrison" title="Rex Harrison">Rex Harrison</a> as Freddie Hampton</li>
	  <li><a class="external" href="http://en.wikipedia.org/wiki/Emlyn_Williams" title="Emlyn Williams">Emlyn Williams</a> as Mr. Owen</li>
	  <li><a class="external" href="http://en.wikipedia.org/wiki/Penelope_Dudley_Ward" title="Penelope Dudley Ward">Penelope Dudley Ward</a> as Toppy LeRoy</li>
	  <li><a class="external" href="http://en.wikipedia.org/wiki/Francis_L._Sullivan" title="Francis L. Sullivan">Francis L. Sullivan</a> as Ben Chenkin</li>
	  <li><a class="external" href="http://en.wikipedia.org/wiki/Mary_Clare" title="Mary Clare">Mary Clare</a> as Mrs. Orlando</li>
	  <li><a class="external" href="http://en.wikipedia.org/wiki/Cecil_Parker" title="Cecil Parker">Cecil Parker</a> as Charles Every</li>
	  <li>Percy Parsons as Richard Stillman</li>
	  <li>Basil Gill as Dr. Edward Page</li>
	  <li>Dilys Davis as Blodwen Page</li>
	  <li>Joss Ambler as Dr. Llewellyn</li>
	  <li><a class="external" href="http://en.wikipedia.org/wiki/Nora_Swinburne" title="Nora Swinburne">Nora Swinburne</a> as Mrs. Thornton</li>
	  <li><a class="external" href="http://en.wikipedia.org/wiki/Edward_Chapman_(actor)" title="Edward Chapman (actor)">Edward Chapman</a> as Joe Morgan</li>
	  <li><a class="external" href="http://en.wikipedia.org/wiki/Athene_Seyler" title="Athene Seyler">Athene Seyler</a> as Lady Raebank</li>
	  <li><a class="external" href="http://en.wikipedia.org/wiki/Felix_Aylmer" title="Felix Aylmer">Felix Aylmer</a> as Mr. Boon</li>
	  <li>Elliott Mason as District Nurse</li>
	  <li>Joyce Bland as Nurse Sharp</li>
	  <li><a class="external" href="http://en.wikipedia.org/wiki/Eliot_Makeham" title="Eliot Makeham">Eliot Makeham</a> as Dai Jenkins</li>
	  <li>D.J. Williams as Old Thomas</li>
	</ul>
	<h2 xmlns="http://www.w3.org/1999/xhtml"> <span class="mw-headline" id="External_links">External links</span></h2>
	<ul xmlns="http://www.w3.org/1999/xhtml">
	  <li><a href="http://tcmdb.com/title/title.jsp?scarlettTitleId=3217" rel="nofollow"><i>The Citadel</i> at Turner Classic Movies</a> (trailer)</li>
	  <li><a href="http://www.tcm.com/thismonth/article/?cid=87774" rel="nofollow">TCM article</a></li>
	  <li><a href="http://www.britmovie.co.uk/films/The-Citadel_1938/" rel="nofollow">Britmovie website</a></li>
	  <li><a href="http://www.variety.com/review/VE1117789921.html?categoryid=31&amp;cs=1" rel="nofollow"><i>Variety</i> review</a></li>
	  <li><a href="http://movies2.nytimes.com/gst/movies/movie.html?v_id=9728" rel="nofollow"><i>New York Times</i> overview</a></li>
	  <li><a href="http://litmed.med.nyu.edu/Annotation?action=view&amp;annid=10092" rel="nofollow">Literature, Arts, and Medicine Database entry</a></li>
	  <li><a href="http://www.imdb.com/title/tt0029995/" rel="nofollow"><i>The Citadel</i></a> at the <a class="external" href="http://en.wikipedia.org/wiki/Internet_Movie_Database" title="Internet Movie Database">Internet Movie Database</a></li>
	  <li><a href="http://www.allmovie.com/work/9728" rel="nofollow"><i>The Citadel</i></a> at <a class="external" href="http://en.wikipedia.org/wiki/Allmovie" title="Allmovie">Allmovie</a></li>
	  <li><a href="http://www.bfi.org.uk/features/ultimatefilm/chart/details.php?ranking=82" rel="nofollow">British Film Institute: The Ultimate Film List</a></li>
	  <li><a href="http://www.60yearsofnhsscotland.co.uk/history/birth-of-nhs-scotland/an-expectant-public.html" rel="nofollow">Article about Cronin and the NHS</a></li>
	</ul>
      </wiki:abstract>
    </wiki:description>
  </wiki:film>
</wiki:nominee>