<?xml version="1.0" encoding="UTF-8"?>
<wiki:nominee year="1966" span="1" winner="false" award="best-director" xmlns:wiki="http://marklogic.com/wikipedia">
  <!--
                            Copyright (c) 2010 MarkLogic Corporation.
                            Permission is granted to copy, distribute and/or modify this document
                            under the terms of the GNU Free Documentation License, Version 1.2
                            or any later version published by the Free Software Foundation;
                            with no Invariant Sections, no Front-Cover Texts, and no Back-Cover Texts.
                            A copy of the license is included in the section entitled "GNU
                            Free Documentation License"
                            
                            Content derived from http://en.wikipedia.org/wiki/A_Man_and_a_Woman and http://en.wikipedia.org/wiki/Claude_Lelouch
                            Modified in May 2009 by Mark Logic Corporation under the terms of the GNU Free Documentation License.
                        -->
  <wiki:name link="/wiki/Claude_Lelouch">Claude Lelouch</wiki:name>
  <wiki:person link="/wiki/Claude_Lelouch" name="Claude Lelouch">
    <wiki:oscar year="1966" span="1" winner="false" award="best-director" film-link="/wiki/A_Man_and_a_Woman" film-title="A Man and a Woman"/>
    <wiki:image link="http://upload.wikimedia.org/wikipedia/commons/f/f5/Lelouchfr.jpg"/>
    <wiki:birth>
      <wiki:date>1937-10-30</wiki:date>
      <wiki:place>
	<wiki:primary link=""/>
	<wiki:secondary link=""/>
      <enrich/></wiki:place>
    </wiki:birth>
    <wiki:description>
      <p xmlns="http://www.w3.org/1999/xhtml"><b>Claude Lelouch</b> (born 30 October 1937) is a <a class="external" href="http://en.wikipedia.org/wiki/France" title="France">French</a> <a class="external" href="http://en.wikipedia.org/wiki/Film_director" title="Film director">film director</a>, <a class="external" href="http://en.wikipedia.org/wiki/Screenwriter" title="Screenwriter">writer</a>, <a class="external" href="http://en.wikipedia.org/wiki/Cinematographer" title="Cinematographer">cinematographer</a>, <a class="external" href="http://en.wikipedia.org/wiki/Actor" title="Actor">actor</a> and <a class="external" href="http://en.wikipedia.org/wiki/Film_producer" title="Film producer">producer</a>.</p>
      <h2 xmlns="http://www.w3.org/1999/xhtml"> <span class="mw-headline" id="Biography">Biography</span></h2>
      <p xmlns="http://www.w3.org/1999/xhtml">Born in the 9th arrondissement of <a class="external" href="http://en.wikipedia.org/wiki/Paris" title="Paris">Paris</a> to a Jewish family of <a class="external" href="http://en.wikipedia.org/wiki/Algeria" title="Algeria">Algerian</a> origin, his father gave him a camera to give him a fresh start after his failure in the <a class="external" href="http://en.wikipedia.org/wiki/Baccalaureat" title="Baccalaureat">baccalaureat</a>. He started his career with <a class="external" href="http://en.wikipedia.org/wiki/Reportage" title="Reportage">reportage</a> - one of the first to film daily life in the <a class="external" href="http://en.wikipedia.org/wiki/U.S.S.R." title="U.S.S.R.">U.S.S.R.</a>, the camera hidden under his coat as he made his personal journey. He also filmed sporting events like the <a class="external" href="http://en.wikipedia.org/wiki/24_Hours_of_Le_Mans" title="24 Hours of Le Mans">24 Hours of Le Mans</a> and the <a class="external" href="http://en.wikipedia.org/wiki/Tour_de_France" title="Tour de France">Tour de France</a>.</p>
      <p xmlns="http://www.w3.org/1999/xhtml">His first full length film as director, Le Propre de l'homme, was decried by the critics - 'Claude Lelouch, remember this name well, because you will not hear it again' - <i><a class="external" href="http://en.wikipedia.org/wiki/Cahiers_du_cin%C3%A9ma" title="Cahiers du cinÃ©ma">Cahiers du cinÃ©ma</a></i> said. La Femme Spectacle (1963), following prostitutes, women shopping, going for nose-jobs, was censored for its misogynist tendency. <a class="external" href="http://en.wikipedia.org/wiki/Un_homme_et_une_femme" title="Un homme et une femme">Un homme et une femme</a> changed his fortunes and was met with favour even by the Cahiers group. Legend has it that Lelouch found himself one morning on the beach at <a class="external" href="http://en.wikipedia.org/wiki/Deauville" title="Deauville">Deauville</a> when he caught sight of a young woman and her child on the sand. He thought about her story, tried to put together the story of how she had arrived at that moment. The scenario for the film was born. Lelouch set in place here some of the techniques of his filming he will use all his career. He used the locations for decor (here, the Grand Hotel at Deauville), recycled images from his old films (here, the 24 Hours of Le Mans), and used product placement as a means of financing his work (here, <a class="external" href="http://en.wikipedia.org/wiki/Jean-Louis_Trintignant" title="Jean-Louis Trintignant">Jean-Louis Trintignant</a> and his <a class="external" href="http://en.wikipedia.org/wiki/Ford_Mustang" title="Ford Mustang">Ford Mustang</a>.)</p>
      <p xmlns="http://www.w3.org/1999/xhtml">The 1981 musical epic <i><a class="external" href="http://en.wikipedia.org/wiki/Les_Uns_et_les_Autres" title="Les Uns et les Autres">Les Uns et les Autres</a></i> is widely considered as his masterpiece, and his credits now add up to 50 or so films.</p>
      <p xmlns="http://www.w3.org/1999/xhtml">Lelouch is known for making movies based heavily on improvised dialogue.</p>
      <p xmlns="http://www.w3.org/1999/xhtml">He was arrested after his 1976 film, <i><a class="external" href="http://en.wikipedia.org/wiki/C%27%C3%A9tait_un_rendez-vous" title="C'Ã©tait un rendez-vous">C'Ã©tait un rendez-vous</a></i>, featuring a <a class="external" href="http://en.wikipedia.org/wiki/Mercedes-Benz_450SEL_6.9" title="Mercedes-Benz 450SEL 6.9">Mercedes-Benz 450SEL 6.9</a> being illegally driven at high speed through the streets of Paris, was first shown publicly.</p>
      <p xmlns="http://www.w3.org/1999/xhtml">Recent claims made by the director himself, however, suggest he drove his own <a class="external" href="http://en.wikipedia.org/wiki/Mercedes-Benz_450SEL_6.9" title="Mercedes-Benz 450SEL 6.9">Mercedes-Benz 450SEL 6.9</a> in the film and dubbed the sound effects of a Ferrari 275GTB.</p>
      <p xmlns="http://www.w3.org/1999/xhtml">In recent years the public and the critics have seemed less interested in the director. The first part of his intended trilogy ' Le Genre Humain', 'Les Parisiens' was described in Paris Match as one of the most resounding flops of French cinema. Perhaps a director like <a class="external" href="http://en.wikipedia.org/wiki/Cedric_Klapisch" title="Cedric Klapisch">Cedric Klapisch</a> had replaced him in the hearts of the younger generation? Lelouch responded, ' It's true no doubt, my public has grown old. It stays home and watches television.'</p>
      <p xmlns="http://www.w3.org/1999/xhtml">He has collaborated on no fewer than 28 occasions with the composer <a class="external" href="http://en.wikipedia.org/wiki/Francis_Lai" title="Francis Lai">Francis Lai</a>. They scored a great hit with the piece 'chabadabada' for the film <a class="external" href="http://en.wikipedia.org/wiki/Un_homme_et_une_femme" title="Un homme et une femme">Un homme et une femme</a> sung by <a class="external" href="http://en.wikipedia.org/wiki/Nicole_Croisille" title="Nicole Croisille">Nicole Croisille</a> and <a class="external" href="http://en.wikipedia.org/wiki/Pierre_Barouh" title="Pierre Barouh">Pierre Barouh</a>, and more than 300 versions of the song exist.</p>
      <p xmlns="http://www.w3.org/1999/xhtml">He is the father of 7 children: Simon (born May 20, 1969), Sarah (born June 7, 1976), <a class="external" href="http://en.wikipedia.org/w/index.php?title=Salom%C3%A9_Lelouch&amp;action=edit&amp;redlink=1" title="SalomÃ© Lelouch (page does not exist)">SalomÃ© Lelouch</a> (born June 25, 1983), daughter Sabaya (born August 26, 1987), son Sachka (born September 13, 1989), daughter Shaya (born 1992) and Stella (born October 10, 1998). He recently separated from wife <a class="external" href="http://en.wikipedia.org/wiki/Alessandra_Martines" title="Alessandra Martines">Alessandra Martines</a>, mother of his youngest daughter Stella.</p>
      <h2 xmlns="http://www.w3.org/1999/xhtml"> <span class="mw-headline" id="Awards">Awards</span></h2>
      <p xmlns="http://www.w3.org/1999/xhtml">Lelouch's <i><a class="external" href="http://en.wikipedia.org/wiki/Un_homme_et_une_femme" title="Un homme et une femme">Un homme et une femme</a></i> (<i>A Man and a Woman</i>) won the <a class="external" href="http://en.wikipedia.org/wiki/Palme_d%27Or" title="Palme d'Or">Palme d'Or</a> at the <a class="external" href="http://en.wikipedia.org/wiki/1966_Cannes_Film_Festival" title="1966 Cannes Film Festival">1966 Cannes Film Festival</a>, as well as two <a class="external" href="http://en.wikipedia.org/wiki/Academy_Award" title="Academy Award">Oscars</a> including Best Foreign Language Film.</p>
      <p xmlns="http://www.w3.org/1999/xhtml">In 1971, he won the <a class="external" href="http://en.wikipedia.org/wiki/David_di_Donatello" title="David di Donatello">David di Donatello</a> for <a class="external" href="http://en.wikipedia.org/wiki/David_di_Donatello_for_Best_Foreign_Director" title="David di Donatello for Best Foreign Director">Best Foreign Directing</a> for <a class="external" href="http://en.wikipedia.org/wiki/Le_Voyou" title="Le Voyou">Le Voyou</a>.</p>
      <h2 xmlns="http://www.w3.org/1999/xhtml"> <span class="mw-headline" id="Filmography">Filmography</span></h2>
      <ul xmlns="http://www.w3.org/1999/xhtml">
	<li><i><a class="external" href="http://en.wikipedia.org/wiki/Le_Propre_de_l%27homme" title="Le Propre de l'homme">Le Propre de l'homme</a></i> (1960)</li>
	<li><i><a class="external" href="http://en.wikipedia.org/wiki/In_the_Affirmative" title="In the Affirmative">L'Amour avec des si</a></i> (1962)</li>
	<li><i><a class="external" href="http://en.wikipedia.org/wiki/La_Femme_spectacle" title="La Femme spectacle">La Femme spectacle</a></i> (1963)</li>
	<li><i><a class="external" href="http://en.wikipedia.org/wiki/Une_fille_et_des_fusils" title="Une fille et des fusils">Une fille et des fusils</a></i> (1964)</li>
	<li><i><a class="external" href="http://en.wikipedia.org/wiki/Les_Grands_Moments" title="Les Grands Moments">Les Grands Moments</a></i> (1965)</li>
	<li><i><a class="external" href="http://en.wikipedia.org/wiki/Pour_Un_Maillot_Jaune" title="Pour Un Maillot Jaune">Pour Un Maillot Jaune</a></i> (1965)</li>
	<li><i><a class="external" href="http://en.wikipedia.org/wiki/Un_homme_et_une_femme" title="Un homme et une femme">Un homme et une femme</a></i> (1966)</li>
	<li><i><a class="external" href="http://en.wikipedia.org/wiki/Vivre_pour_vivre" title="Vivre pour vivre">Vivre pour vivre</a></i> (1967)</li>
	<li><i><a class="external" href="http://en.wikipedia.org/wiki/La_Vie,_l%27amour,_la_mort" title="La Vie, l'amour, la mort">La Vie, l'amour, la mort</a></i> (1968)</li>
	<li><i><a class="external" href="http://en.wikipedia.org/wiki/13_jours_en_France" title="13 jours en France">13 jours en France</a></i> (1968)</li>
	<li><i><a class="external" href="http://en.wikipedia.org/wiki/Un_Homme_qui_me_pla%C3%AEt" title="Un Homme qui me plaÃ®t">Un Homme qui me plaÃ®t</a></i> (1969)</li>
	<li><i><a class="external" href="http://en.wikipedia.org/wiki/Le_Voyou" title="Le Voyou">Le Voyou</a></i> (1970)</li>
	<li><i><a class="external" href="http://en.wikipedia.org/wiki/Smic,_Smac,_Smoc" title="Smic, Smac, Smoc">Smic, Smac, Smoc</a></i> (1971)</li>
	<li><i><a class="external" href="http://en.wikipedia.org/wiki/L%27aventure_c%27est_l%27aventure" title="L'aventure c'est l'aventure">L'aventure c'est l'aventure</a></i> (1972)</li>
	<li><i><a class="external" href="http://en.wikipedia.org/wiki/La_bonne_ann%C3%A9e" title="La bonne annÃ©e">La bonne annÃ©e</a></i> (1973)</li>
	<li><i><a class="external" href="http://en.wikipedia.org/wiki/Visions_of_Eight" title="Visions of Eight">Visions of Eight</a></i> (1973)</li>
	<li><i><a class="external" href="http://en.wikipedia.org/wiki/Mariage" title="Mariage">Mariage</a></i> (1974)</li>
	<li><i><a class="external" href="http://en.wikipedia.org/wiki/Toute_une_vie" title="Toute une vie">Toute une vie</a></i> (1974)</li>
	<li><i><a class="external" href="http://en.wikipedia.org/wiki/Le_Bon_et_les_m%C3%A9chants" title="Le Bon et les mÃ©chants">Le Bon et les mÃ©chants</a></i> (1975)</li>
	<li><i><a class="external" href="http://en.wikipedia.org/wiki/Le_Chat_et_la_souris" title="Le Chat et la souris">Le Chat et la souris</a></i> (1975)</li>
	<li><i><a class="external" href="http://en.wikipedia.org/wiki/C%27%C3%A9tait_un_rendez-vous" title="C'Ã©tait un rendez-vous">C'Ã©tait un rendez-vous</a></i> (1976)</li>
	<li><i><a class="external" href="http://en.wikipedia.org/wiki/If_I_Had_to_Do_It_All_Over_Again" title="If I Had to Do It All Over Again">Si c'Ã©tait Ã  refaire</a></i> (1976)</li>
	<li><i><a class="external" href="http://en.wikipedia.org/wiki/Un_autre_homme,_une_autre_chance" title="Un autre homme, une autre chance">Un autre homme, une autre chance</a></i> (1977)</li>
	<li><i><a class="external" href="http://en.wikipedia.org/wiki/Robert_et_Robert" title="Robert et Robert">Robert et Robert</a></i> (1978)</li>
	<li><i><a class="external" href="http://en.wikipedia.org/wiki/%C3%80_nous_deux" title="Ã€ nous deux">Ã€ nous deux</a></i> (1979)</li>
	<li><i><a class="external" href="http://en.wikipedia.org/wiki/Les_Uns_et_les_Autres" title="Les Uns et les Autres">Les Uns et les Autres</a></i> (1981)</li>
	<li><i><a class="external" href="http://en.wikipedia.org/wiki/%C3%89dith_et_Marcel" title="Ã‰dith et Marcel">Ã‰dith et Marcel</a></i> (1982)</li>
	<li><i><a class="external" href="http://en.wikipedia.org/wiki/Viva_la_vie" title="Viva la vie">Viva la vie</a></i> (1983)</li>
	<li><i><a class="external" href="http://en.wikipedia.org/wiki/Partir,_revenir" title="Partir, revenir">Partir, revenir</a></i> (1984)</li>
	<li><i><a class="external" href="http://en.wikipedia.org/wiki/Attention_bandits!" title="Attention bandits!">Attention bandits!</a></i> (1986)</li>
	<li><i><a class="external" href="http://en.wikipedia.org/wiki/Un_homme_et_une_femme_:_vingt_ans_d%C3%A9j%C3%A0" title="Un homme et une femme : vingt ans dÃ©jÃ ">Un homme et une femme : vingt ans dÃ©jÃ </a></i> (1986)</li>
	<li><i><a class="external" href="http://en.wikipedia.org/wiki/Itin%C3%A9raire_d%27un_enfant_g%C3%A2t%C3%A9" title="ItinÃ©raire d'un enfant gÃ¢tÃ©">ItinÃ©raire d'un enfant gÃ¢tÃ©</a></i> (1988)</li>
	<li><i><a class="external" href="http://en.wikipedia.org/wiki/Il_y_a_des_jours..._et_des_lunes" title="Il y a des jours... et des lunes">Il y a des jours... et des lunes</a></i> (1989)</li>
	<li><i><a class="external" href="http://en.wikipedia.org/wiki/La_Belle_Histoire" title="La Belle Histoire">La Belle Histoire</a></i> (1992)</li>
	<li><i><a class="external" href="http://en.wikipedia.org/wiki/Tout_%C3%A7a..._pour_%C3%A7a_!" title="Tout Ã§a... pour Ã§a !">Tout Ã§a... pour Ã§a !</a></i> (1992)</li>
	<li><i><a class="external" href="http://en.wikipedia.org/wiki/Les_Mis%C3%A9rables_(1995_film)" title="Les MisÃ©rables (1995 film)">Les MisÃ©rables</a></i> (1995)</li>
	<li><i><a class="external" href="http://en.wikipedia.org/wiki/Lumi%C3%A8re_et_compagnie" title="LumiÃ¨re et compagnie">LumiÃ¨re et compagnie</a></i> (1995)</li>
	<li><i><a class="external" href="http://en.wikipedia.org/wiki/Hommes,_femmes,_mode_d%27emploi" title="Hommes, femmes, mode d'emploi">Hommes, femmes, mode d'emploi</a></i> (1996)</li>
	<li><i><a class="external" href="http://en.wikipedia.org/wiki/Hasards_ou_co%C3%AFncidences" title="Hasards ou coÃ¯ncidences">Hasards ou coÃ¯ncidences</a></i> (1997)</li>
	<li><i><a class="external" href="http://en.wikipedia.org/wiki/Une_pour_toutes" title="Une pour toutes">Une pour toutes</a></i> (1999)</li>
	<li><i><a class="external" href="http://en.wikipedia.org/wiki/And_now..._Ladies_and_Gentlemen" title="And now... Ladies and Gentlemen">And now... Ladies and Gentlemen</a></i> (2001)</li>
	<li><i><a class="external" href="http://en.wikipedia.org/wiki/11%279%27%2701_September_11" title="11'9''01 September 11">11'9''01 September 11</a></i> (2002) (segment "France")</li>
	<li><i><a class="external" href="http://en.wikipedia.org/wiki/Les_Parisiens" title="Les Parisiens">Les Parisiens</a></i> (2004)</li>
	<li><i><a class="external" href="http://en.wikipedia.org/wiki/Le_Courage_d%27aimer" title="Le Courage d'aimer">Le Courage d'aimer</a></i> (2005)</li>
	<li><i><a class="external" href="http://en.wikipedia.org/wiki/Roman_de_Gare" title="Roman de Gare">Roman de Gare</a></i> (2007)</li>
	<li><i><a class="external" href="http://en.wikipedia.org/wiki/Ces_amours_l%C3%A0" title="Ces amours lÃ ">Ces amours lÃ </a></i> (2010)</li>
      </ul>
      <h2 xmlns="http://www.w3.org/1999/xhtml"> <span class="mw-headline" id="References">References</span></h2>
      <h2 xmlns="http://www.w3.org/1999/xhtml"> <span class="mw-headline" id="External_links">External links</span></h2>
      <ul xmlns="http://www.w3.org/1999/xhtml">
	<li><a href="http://www.imdb.com/name/nm0500988/" rel="nofollow">Claude Lelouch</a> at the <a class="external" href="http://en.wikipedia.org/wiki/Internet_Movie_Database" title="Internet Movie Database">Internet Movie Database</a></li>
      </ul>
      <p xmlns="http://www.w3.org/1999/xhtml"><span id="interwiki-fr-ga"></span></p>
    </wiki:description>
  </wiki:person>
  <wiki:film-title link="/wiki/A_Man_and_a_Woman">A Man and a Woman</wiki:film-title>
  <wiki:film link="/wiki/A_Man_and_a_Woman" title="A Man and a Woman">
    <wiki:oscar-ref year="1966" span="1" winner="false" award="lead-actress" person-link="/wiki/Anouk_Aim%C3%A9e" person-name="Anouk AimÃ©e"/>
    <wiki:oscar-ref year="1966" span="1" winner="false" award="best-director" person-link="/wiki/Claude_Lelouch" person-name="Claude Lelouch"/>
    <wiki:director link="/wiki/Claude_Lelouch">Claude Lelouch</wiki:director>
    <wiki:writer link="/wiki/Pierre_Uytterhoeven">Pierre Uytterhoeven</wiki:writer>
    <wiki:distributor link="/wiki/United_Artists">United Artists</wiki:distributor>
    <wiki:starring link="/wiki/Anouk_Aim%C3%A9e">Anouk AimÃ©e</wiki:starring>
    <wiki:starring link="/wiki/Jean-Louis_Trintignant">Jean-Louis Trintignant</wiki:starring>
    <wiki:language link="/wiki/French_language">French</wiki:language>
    <wiki:description>
      <wiki:abstract>
	<p xmlns="http://www.w3.org/1999/xhtml"><i><b>A Man and a Woman</b></i> (<a class="external" href="http://en.wikipedia.org/wiki/French_language" title="French language">French</a>: <span lang="fr" xml:lang="fr"><i><b>Un homme et une femme</b></i></span>) is a 1966 <a class="external" href="http://en.wikipedia.org/wiki/French_film" title="French film">French film</a>. The movie was written by <a class="external" href="http://en.wikipedia.org/wiki/Claude_Lelouch" title="Claude Lelouch">Claude Lelouch</a> and <a class="external" href="http://en.wikipedia.org/wiki/Pierre_Uytterhoeven" title="Pierre Uytterhoeven">Pierre Uytterhoeven</a>, and directed by Lelouch. It is notable for its lush photography (Lelouch had a background in advertising photography), which features frequent <a class="external" href="http://en.wikipedia.org/wiki/Segue" title="Segue">segues</a> between full color, <a class="external" href="http://en.wikipedia.org/wiki/Black-and-white" title="Black-and-white">black-and-white</a>, and <a class="external" href="http://en.wikipedia.org/wiki/Sepia_tone" title="Sepia tone">sepia-toned</a> shots, and for its memorable musical score by <a class="external" href="http://en.wikipedia.org/wiki/Francis_Lai" title="Francis Lai">Francis Lai</a>.</p>
	<p xmlns="http://www.w3.org/1999/xhtml">A sequel, <i><a class="external" href="http://en.wikipedia.org/wiki/A_Man_and_a_Woman:_20_Years_Later" title="A Man and a Woman: 20 Years Later">A Man and a Woman: 20 Years Later</a></i> (<i>Un Homme et une Femme, 20 Ans DÃ©jÃ </i>) was released in <a class="external" href="http://en.wikipedia.org/wiki/1986" title="1986">1986</a>.</p>
	<h2 xmlns="http://www.w3.org/1999/xhtml"> <span class="mw-headline" id="Plot">Plot</span></h2>
	<p xmlns="http://www.w3.org/1999/xhtml">The film tells the story of a young widow, Anne (<a class="external" href="http://en.wikipedia.org/wiki/Anouk_Aim%C3%A9e" title="Anouk AimÃ©e">Anouk AimÃ©e</a>), a film script supervisor whose late husband (<a class="external" href="http://en.wikipedia.org/wiki/Pierre_Barouh" title="Pierre Barouh">Pierre Barouh</a>) was a stuntman and died in an on-set accident, and a widower, Jean-Louis (<a class="external" href="http://en.wikipedia.org/wiki/Jean-Louis_Trintignant" title="Jean-Louis Trintignant">Jean-Louis Trintignant</a>), a race car driver whose wife committed suicide after Jean-Louis was in a near fatal crash during the 24 hours of Le Mans. They meet at their respective children's school in <a class="external" href="http://en.wikipedia.org/wiki/Deauville" title="Deauville">Deauville</a>. They share a ride home to Paris one night after Anne misses the last train, and their mutual attraction is immediate. The story follows their budding relationship over the course of several trips back to Deauville, and as they fall in love despite Anne's feelings of guilt and loss over her deceased husband. After a night together in Deauville, Anne finds herself unable to be unfaithful to the memory of her husband, and decides to leave Jean-Louis. While she is traveling back to Paris by train, Jean-Louis races to meet her at the station, and when she gets off the train she is surprised to see him there. Happy that her lover had come back for her, they embrace as the film ends, the final outcome of the relationship left open to interpretation.</p>
	<h2 xmlns="http://www.w3.org/1999/xhtml"> <span class="mw-headline" id="Cast">Cast</span></h2>
	<ul xmlns="http://www.w3.org/1999/xhtml">
	  <li><a class="external" href="http://en.wikipedia.org/wiki/Anouk_Aim%C3%A9e" title="Anouk AimÃ©e">Anouk AimÃ©e</a> - Anne Gauthier</li>
	  <li><a class="external" href="http://en.wikipedia.org/wiki/Jean-Louis_Trintignant" title="Jean-Louis Trintignant">Jean-Louis Trintignant</a> - Jean-Louis Duroc (as Jean Louis Trintignant)</li>
	  <li><a class="external" href="http://en.wikipedia.org/wiki/Pierre_Barouh" title="Pierre Barouh">Pierre Barouh</a> - Pierre Gautier</li>
	  <li><a class="external" href="http://en.wikipedia.org/w/index.php?title=Val%C3%A9rie_Lagrange&amp;action=edit&amp;redlink=1" title="ValÃ©rie Lagrange (page does not exist)">ValÃ©rie Lagrange</a> - Valerie Duroc</li>
	  <li><a class="external" href="http://en.wikipedia.org/w/index.php?title=Antoine_Sire&amp;action=edit&amp;redlink=1" title="Antoine Sire (page does not exist)">Antoine Sire</a> - Antoine Duroc (as Antoine)</li>
	  <li><a class="external" href="http://en.wikipedia.org/w/index.php?title=Souad_Amidou&amp;action=edit&amp;redlink=1" title="Souad Amidou (page does not exist)">Souad Amidou</a> - FranÃ§oise Gauthier (as Souad)</li>
	  <li><a class="external" href="http://en.wikipedia.org/w/index.php?title=Henri_Chemin&amp;action=edit&amp;redlink=1" title="Henri Chemin (page does not exist)">Henri Chemin</a> - Jean Louis' co-driver</li>
	  <li><a class="external" href="http://en.wikipedia.org/w/index.php?title=Yane_Barry&amp;action=edit&amp;redlink=1" title="Yane Barry (page does not exist)">Yane Barry</a> - Jean Louis' mistress</li>
	  <li><a class="external" href="http://en.wikipedia.org/w/index.php?title=Paul_Le_Person&amp;action=edit&amp;redlink=1" title="Paul Le Person (page does not exist)">Paul Le Person</a> - Petrol pump attendant</li>
	  <li><a class="external" href="http://en.wikipedia.org/w/index.php?title=Gerard_Sire&amp;action=edit&amp;redlink=1" title="Gerard Sire (page does not exist)">Gerard Sire</a> - Radio commentator</li>
	  <li><a class="external" href="http://en.wikipedia.org/w/index.php?title=Gerard_Larrouse_and_Clive_Roberts&amp;action=edit&amp;redlink=1" title="Gerard Larrouse and Clive Roberts (page does not exist)">Gerard Larrouse and Clive Roberts</a> - Rally drivers</li>
	</ul>
      </wiki:abstract>
      <h2 xmlns="http://www.w3.org/1999/xhtml"> <span class="mw-headline" id="Reception">Reception</span></h2>
      <p xmlns="http://www.w3.org/1999/xhtml"><i>A Man and a Woman</i> won many awards, including the Grand Prix at the <a class="external" href="http://en.wikipedia.org/wiki/1966_Cannes_Film_Festival" title="1966 Cannes Film Festival">1966 Cannes Film Festival</a>, the <a class="external" href="http://en.wikipedia.org/wiki/Academy_Award_for_Best_Foreign_Language_Film" title="Academy Award for Best Foreign Language Film">Academy Award for Best Foreign Language Film</a> and the <a class="external" href="http://en.wikipedia.org/wiki/Academy_Award_for_Writing_Original_Screenplay" title="Academy Award for Writing Original Screenplay">Academy Award for Best Writing, Story and Screenplay - Written Directly for the Screen</a>. AimÃ©e was nominated for <a class="external" href="http://en.wikipedia.org/wiki/Academy_Award_for_Best_Actress" title="Academy Award for Best Actress">Best Actress in a Leading Role</a> and Lelouch for <a class="external" href="http://en.wikipedia.org/wiki/Academy_Award_for_Directing" title="Academy Award for Directing">Best Director</a>.</p>
      <h2 xmlns="http://www.w3.org/1999/xhtml"> <span class="mw-headline" id="Soundtrack">Soundtrack</span></h2>
      <p xmlns="http://www.w3.org/1999/xhtml">The soundtrack was written by <a class="external" href="http://en.wikipedia.org/wiki/Francis_Lai" title="Francis Lai">Francis Lai</a> and earned "Best Original Score" nominations at both the <a class="external" href="http://en.wikipedia.org/wiki/BAFTA_Awards" title="BAFTA Awards">BAFTA Awards</a> and <a class="external" href="http://en.wikipedia.org/wiki/Golden_Globe_Awards" title="Golden Globe Awards">Golden Globe Awards</a> in 1967. The film's theme song, with music by <a class="external" href="http://en.wikipedia.org/wiki/Francis_Lai" title="Francis Lai">Francis Lai</a> and lyrics by <a href="http://fr.wikipedia.org/wiki/Pierre_Barouh" title="fr:Pierre Barouh">Pierre Barouh</a>, was also nominated for "Best Original Song in a Motion Picture" at the <a class="external" href="http://en.wikipedia.org/wiki/Golden_Globe_Awards" title="Golden Globe Awards">Golden Globe Awards</a>.</p>
      <p xmlns="http://www.w3.org/1999/xhtml"><a href="http://fr.wikipedia.org/wiki/Pierre_Barouh" title="fr:Pierre Barouh">Pierre Barouh</a>, who plays the deceased husband in the film, also sings the songs in the soundtrack. In a sequence of the film, he makes a brief reappearance singing "Samba Saravah", a French version with lyrics by Barouh himself of the Brazilian song "Samba da BenÃ§Ã£o" written by <a class="external" href="http://en.wikipedia.org/wiki/Baden_Powell_de_Aquino" title="Baden Powell de Aquino">Baden Powell</a> with original lyrics by <a class="external" href="http://en.wikipedia.org/wiki/Vinicius_de_Moraes" title="Vinicius de Moraes">Vinicius de Moraes</a>.</p>
      <p xmlns="http://www.w3.org/1999/xhtml">The song "Aujourd'hui C'est Toi" is used as the theme for the BBC's <a class="external" href="http://en.wikipedia.org/wiki/Panorama_(TV_series)" title="Panorama (TV series)">Panorama</a> current affairs program, plus <a class="external" href="http://en.wikipedia.org/wiki/Rede_Globo" title="Rede Globo">Rede Globo</a>'s <a class="external" href="http://en.wikipedia.org/wiki/Jornal_Hoje" title="Jornal Hoje">Jornal Hoje</a> midday newscast.</p>
      <h2 xmlns="http://www.w3.org/1999/xhtml"> <span class="mw-headline" id="References">References</span></h2>
      <h2 xmlns="http://www.w3.org/1999/xhtml"> <span class="mw-headline" id="External_links">External links</span></h2>
      <ul xmlns="http://www.w3.org/1999/xhtml">
	<li><a href="http://www.imdb.com/title/tt0061138/" rel="nofollow"><i>A Man and a Woman</i></a> at the <a class="external" href="http://en.wikipedia.org/wiki/Internet_Movie_Database" title="Internet Movie Database">Internet Movie Database</a></li>
      </ul>
    </wiki:description>
  </wiki:film>
</wiki:nominee>