<?xml version="1.0" encoding="UTF-8"?>
<wiki:nominee year="1950" span="1" winner="false" award="supporting-actor" xmlns:wiki="http://marklogic.com/wikipedia">
  <!--
                            Copyright (c) 2010 MarkLogic Corporation.
                            Permission is granted to copy, distribute and/or modify this document
                            under the terms of the GNU Free Documentation License, Version 1.2
                            or any later version published by the Free Software Foundation;
                            with no Invariant Sections, no Front-Cover Texts, and no Back-Cover Texts.
                            A copy of the license is included in the section entitled "GNU
                            Free Documentation License"
                            
                            Content derived from http://en.wikipedia.org/wiki/Mister_880 and http://en.wikipedia.org/wiki/Edmund_Gwenn
                            Modified in May 2009 by Mark Logic Corporation under the terms of the GNU Free Documentation License.
                        -->
  <wiki:name link="/wiki/Edmund_Gwenn">Edmund Gwenn</wiki:name>
  <wiki:person link="/wiki/Edmund_Gwenn" name="Edmund Gwenn">
    <wiki:oscar year="1947" span="1" winner="true" award="supporting-actor" film-link="/wiki/Miracle_on_34th_Street" film-title="Miracle on 34th Street"/>
    <wiki:oscar year="1950" span="1" winner="false" award="supporting-actor" film-link="/wiki/Mister_880" film-title="Mister 880"/>
    <wiki:image link="http://upload.wikimedia.org/wikipedia/commons/thumb/6/6a/Edmund_Gwenn_in_Pride_and_Prejudice.JPG/220px-Edmund_Gwenn_in_Pride_and_Prejudice.JPG"/>
    <wiki:birth>
      <wiki:date>1877-09-26</wiki:date>
      <wiki:place>
	<wiki:primary link="/wiki/Wandsworth">Wandsworth</wiki:primary>
	<wiki:secondary link="/wiki/London">London</wiki:secondary>
      <enrich><woeid xmlns="http://where.yahooapis.com/v1/schema.rng">12695818</woeid><placeTypeName code="10" xmlns="http://where.yahooapis.com/v1/schema.rng">Local Administrative Area</placeTypeName><name xmlns="http://where.yahooapis.com/v1/schema.rng">London Borough of Wandsworth</name><country code="GB" type="Country" xmlns="http://where.yahooapis.com/v1/schema.rng">United Kingdom</country><admin1 code="GB-ENG" type="Country" xmlns="http://where.yahooapis.com/v1/schema.rng">England</admin1><admin2 code="GB-LND" type="County" xmlns="http://where.yahooapis.com/v1/schema.rng">Greater London</admin2><admin3 xmlns="http://where.yahooapis.com/v1/schema.rng"/><locality1 type="Town" xmlns="http://where.yahooapis.com/v1/schema.rng">London</locality1><locality2 xmlns="http://where.yahooapis.com/v1/schema.rng"/><postal xmlns="http://where.yahooapis.com/v1/schema.rng"/><centroid xmlns="http://where.yahooapis.com/v1/schema.rng"><latitude>51.451969</latitude><longitude>-0.192670</longitude></centroid><boundingBox xmlns="http://where.yahooapis.com/v1/schema.rng"><southWest><latitude>51.417881</latitude><longitude>-0.259010</longitude></southWest><northEast><latitude>51.486069</latitude><longitude>-0.126340</longitude></northEast></boundingBox><areaRank xmlns="http://where.yahooapis.com/v1/schema.rng">4</areaRank><popRank xmlns="http://where.yahooapis.com/v1/schema.rng">0</popRank></enrich></wiki:place>
    </wiki:birth>
    <wiki:death>
      <wiki:date>6 September 1959</wiki:date>
      <wiki:place>
	<wiki:primary link="/wiki/Woodland_Hills,_California">Woodland Hills, California</wiki:primary>
	<wiki:secondary link=""/>
      </wiki:place>
    </wiki:death>
    <wiki:description>
      <p xmlns="http://www.w3.org/1999/xhtml"><b>Edmund Gwenn</b> (26 September 1877 â€“ 6 September 1959) was an <a class="external" href="http://en.wikipedia.org/wiki/England" title="England">English</a> <a class="external" href="http://en.wikipedia.org/wiki/Theatre" title="Theatre">theatre</a> and film actor.</p>
      <h2 xmlns="http://www.w3.org/1999/xhtml"> <span class="mw-headline" id="Background">Background</span></h2>
      <p xmlns="http://www.w3.org/1999/xhtml">Born <b>Edmund Kellaway</b> in <a class="external" href="http://en.wikipedia.org/wiki/Wandsworth" title="Wandsworth">Wandsworth</a>, <a class="external" href="http://en.wikipedia.org/wiki/London" title="London">London</a>, (some references suggest he was born in the <a class="external" href="http://en.wikipedia.org/wiki/Vale_of_Glamorgan" title="Vale of Glamorgan">Vale of Glamorgan</a>, but this is incorrect; however, recent research suggests that both of his parents were Welsh), and educated at <a class="external" href="http://en.wikipedia.org/wiki/St._Olave%27s_School" title="St. Olave's School">St. Olave's School</a> and later at <a class="external" href="http://en.wikipedia.org/wiki/King%27s_College_London" title="King's College London">King's College London</a>, Gwenn began his acting career in theatre in 1895. <a class="external" href="http://en.wikipedia.org/wiki/Playwright" title="Playwright">Playwright</a> <a class="external" href="http://en.wikipedia.org/wiki/George_Bernard_Shaw" title="George Bernard Shaw">George Bernard Shaw</a> was impressed with his acting, and cast him in the first production of <i><a class="external" href="http://en.wikipedia.org/wiki/Man_and_Superman" title="Man and Superman">Man and Superman</a></i>, and subsequently in five more of his plays. Gwenn's career was interrupted by his military service during <a class="external" href="http://en.wikipedia.org/wiki/World_War_I" title="World War I">World War I</a>; however, after the war ended, he started appearing in films in <a class="external" href="http://en.wikipedia.org/wiki/London" title="London">London</a>. (<a class="external" href="http://en.wikipedia.org/wiki/Cecil_Kellaway" title="Cecil Kellaway">Cecil Kellaway</a> was his cousin and Arthur Chesney was his brother.)</p>
      <h2 xmlns="http://www.w3.org/1999/xhtml"> <span class="mw-headline" id="Career">Career</span></h2>
      <p xmlns="http://www.w3.org/1999/xhtml">Gwenn appeared in more than eighty films during his career, including the 1940 version of <i><a class="external" href="http://en.wikipedia.org/wiki/Pride_and_Prejudice_(1940_film)" title="Pride and Prejudice (1940 film)">Pride and Prejudice</a></i>, <i><a class="external" href="http://en.wikipedia.org/wiki/Cheers_for_Miss_Bishop" title="Cheers for Miss Bishop">Cheers for Miss Bishop</a></i>, <i><a class="external" href="http://en.wikipedia.org/wiki/Of_Human_Bondage_(1946_film)" title="Of Human Bondage (1946 film)">Of Human Bondage</a></i>, and <i><a class="external" href="http://en.wikipedia.org/wiki/The_Keys_of_the_Kingdom_(film)" title="The Keys of the Kingdom (film)">The Keys of the Kingdom</a></i>. He is perhaps best remembered for his role as <a class="external" href="http://en.wikipedia.org/wiki/Santa_Claus" title="Santa Claus">Kris Kringle</a> in <i><a class="external" href="http://en.wikipedia.org/wiki/Miracle_on_34th_Street" title="Miracle on 34th Street">Miracle on 34th Street</a></i>, for which he won an <a class="external" href="http://en.wikipedia.org/wiki/Academy_Award_for_Best_Supporting_Actor" title="Academy Award for Best Supporting Actor">Academy Award for Best Supporting Actor</a>. Upon receiving his Oscar, he said "Now I know there is a Santa Claus!" He received a second nomination for his role in <i><a class="external" href="http://en.wikipedia.org/wiki/Mister_880" title="Mister 880">Mister 880</a></i> (1950). Near the end of his career he played one of the main roles in <a class="external" href="http://en.wikipedia.org/wiki/Alfred_Hitchcock" title="Alfred Hitchcock">Alfred Hitchcock</a>'s <i><a class="external" href="http://en.wikipedia.org/wiki/The_Trouble_with_Harry" title="The Trouble with Harry">The Trouble with Harry</a></i> (1955). He has a small but hugely memorable role as a Cockney assassin in another Hitchcock film, <i><a class="external" href="http://en.wikipedia.org/wiki/Foreign_Correspondent_(film)" title="Foreign Correspondent (film)">Foreign Correspondent</a></i> (1940)</p>
      <p xmlns="http://www.w3.org/1999/xhtml">In theater, he starred in a 1942 production on Broadway of <a class="external" href="http://en.wikipedia.org/wiki/Anton_Chekhov" title="Anton Chekhov">Anton Chekhov</a>'s <i><a class="external" href="http://en.wikipedia.org/wiki/Three_Sisters_(play)" title="Three Sisters (play)">Three Sisters</a></i>, which also starred <a class="external" href="http://en.wikipedia.org/wiki/Judith_Anderson" title="Judith Anderson">Judith Anderson</a> and <a class="external" href="http://en.wikipedia.org/wiki/Ruth_Gordon" title="Ruth Gordon">Ruth Gordon</a>. It was produced by and starred <a class="external" href="http://en.wikipedia.org/wiki/Katherine_Cornell" title="Katherine Cornell">Katherine Cornell</a>. <a class="external" href="http://en.wikipedia.org/wiki/Time_magazine" title="Time magazine">Time magazine</a> proclaimed it "a dream production by anybody's reckoning â€” the most glittering cast the theater has seen, commercially, in this generation."<a href="http://www.time.com/time/magazine/article/0,9171,886023,00.html" rel="nofollow">[1]</a></p>
      <p xmlns="http://www.w3.org/1999/xhtml">In 1954, Gwenn played Dr. Harold Medford in the classic <a class="external" href="http://en.wikipedia.org/wiki/Science_fiction_film" title="Science fiction film">science fiction film</a> <i><a class="external" href="http://en.wikipedia.org/wiki/Them!" title="Them!">Them!</a></i> with <a class="external" href="http://en.wikipedia.org/wiki/James_Arness" title="James Arness">James Arness</a> and <a class="external" href="http://en.wikipedia.org/wiki/James_Whitmore" title="James Whitmore">James Whitmore</a>.</p>
      <h2 xmlns="http://www.w3.org/1999/xhtml"> <span class="mw-headline" id="Death">Death</span></h2>
      <p xmlns="http://www.w3.org/1999/xhtml">Edmund Gwenn died from <a class="external" href="http://en.wikipedia.org/wiki/Pneumonia" title="Pneumonia">pneumonia</a> after suffering a <a class="external" href="http://en.wikipedia.org/wiki/Stroke" title="Stroke">stroke</a>, in <a class="external" href="http://en.wikipedia.org/wiki/Woodland_Hills,_California" title="Woodland Hills, California">Woodland Hills, California</a>. According to several sources, his last words, when a friend at his bedside remarked that "It is hard to die," were: "But it is harder to do comedy." However, a very similar deathbed saying was earlier attributed to a similarly named 19th-century English actor, Edmund Kean, so the association of the words with Gwenn may be erroneous. Gwenn was cremated and his ashes are stored in the vault at the <a class="external" href="http://en.wikipedia.org/wiki/Chapel_of_the_Pines_Crematory" title="Chapel of the Pines Crematory">Chapel of the Pines Crematory</a> in <a class="external" href="http://en.wikipedia.org/wiki/Los_Angeles,_California" title="Los Angeles, California">Los Angeles, California</a>. Edmund Gwenn has a star on the <a class="external" href="http://en.wikipedia.org/wiki/Hollywood_Walk_of_Fame" title="Hollywood Walk of Fame">Hollywood Walk of Fame</a> at 1751 Vine Street for his contribution to motion pictures.</p>
      <h2 xmlns="http://www.w3.org/1999/xhtml"> <span class="mw-headline" id="Selected_filmography">Selected filmography</span></h2>
      <h2 xmlns="http://www.w3.org/1999/xhtml"> <span class="mw-headline" id="References">References</span></h2>
      <h2 xmlns="http://www.w3.org/1999/xhtml"> <span class="mw-headline" id="External_links">External links</span></h2>
      <ul xmlns="http://www.w3.org/1999/xhtml">
	<li><a href="http://www.imdb.com/name/nm0350324/" rel="nofollow">Edmund Gwenn</a> at the <a class="external" href="http://en.wikipedia.org/wiki/Internet_Movie_Database" title="Internet Movie Database">Internet Movie Database</a></li>
	<li><a href="http://www.ibdb.com/person.asp?ID=43344" rel="nofollow">Edmund Gwenn</a> at the <a class="external" href="http://en.wikipedia.org/wiki/Internet_Broadway_Database" title="Internet Broadway Database">Internet Broadway Database</a></li>
	<li><a href="http://www.transpacificradio.com/2007/12/22/tprs-festival-of-christmas-tales-screen-directors-playhouses-miracle-on-34th-street/" rel="nofollow">Edmund Gwenn in Screen Director's Playhouse: <i>Miracle on 34th Street</i> (1949)</a> (Downloadable mp3 and streaming audio)</li>
	<li><a href="http://www.transpacificradio.com/2007/12/22/tprs-festival-of-christmas-tales-lux-radio-theaters-miracle-on-34th-street/" rel="nofollow">Edmund Gwenn in Lux Radio Theater: <i>Miracle on 34th Street</i> (1948)</a> (Downloadable mp3 and streaming audio)</li>
	<li><a href="http://www.findagrave.com/cgi-bin/fg.cgi?page=gr&amp;GRid=3489" rel="nofollow">Edmund Gwenn</a> at <a class="external" href="http://en.wikipedia.org/wiki/Find_a_Grave" title="Find a Grave">Find a Grave</a></li>
	<li><a href="http://moviemorlocks.com/2009/07/18/regarding-edmund-gwenn.html" rel="nofollow">Regarding Edmund Gwenn (TCM Movie Morlocks)</a></li>
      </ul>
    </wiki:description>
  </wiki:person>
  <wiki:film-title link="/wiki/Mister_880">Mister 880</wiki:film-title>
  <wiki:film link="/wiki/Mister_880" title="Mister 880">
    <wiki:oscar-ref year="1950" span="1" winner="false" award="supporting-actor" person-link="/wiki/Edmund_Gwenn" person-name="Edmund Gwenn"/>
    <wiki:description>
      <wiki:abstract>
	<p xmlns="http://www.w3.org/1999/xhtml"><i><b>Mister 880</b></i> is a <a class="external" href="http://en.wikipedia.org/wiki/1950" title="1950">1950</a> film directed by <a class="external" href="http://en.wikipedia.org/wiki/Edmund_Goulding" title="Edmund Goulding">Edmund Goulding</a> and starring <a class="external" href="http://en.wikipedia.org/wiki/Burt_Lancaster" title="Burt Lancaster">Burt Lancaster</a>, <a class="external" href="http://en.wikipedia.org/wiki/Dorothy_McGuire" title="Dorothy McGuire">Dorothy McGuire</a>, <a class="external" href="http://en.wikipedia.org/wiki/Edmund_Gwenn" title="Edmund Gwenn">Edmund Gwenn</a>, and <a class="external" href="http://en.wikipedia.org/wiki/Millard_Mitchell" title="Millard Mitchell">Millard Mitchell</a>. It was based on an article by <a class="external" href="http://en.wikipedia.org/wiki/St._Clair_McKelway" title="St. Clair McKelway">St. Clair McKelway</a> that was first published in <i><a class="external" href="http://en.wikipedia.org/wiki/The_New_Yorker" title="The New Yorker">The New Yorker</a></i> and later collected in McKelway's book <i>True Tales from the Annals of Crime &amp; Rascality</i>. The article described the case of Edward Mueller, an elderly man who counterfeited a small number of one dollar bills and who eluded the <a class="external" href="http://en.wikipedia.org/wiki/United_States_Secret_Service" title="United States Secret Service">United States Secret Service</a> for ten years. In the movie, the protagonist was named 'Skipper' Miller.</p>
	<h2 xmlns="http://www.w3.org/1999/xhtml"> <span class="mw-headline" id="Awards_and_nominations">Awards and nominations</span></h2>
	<ul xmlns="http://www.w3.org/1999/xhtml">
	  <li>Nominated - <a class="external" href="http://en.wikipedia.org/wiki/Academy_Award_for_Best_Supporting_Actor" title="Academy Award for Best Supporting Actor">Academy Award for Best Supporting Actor</a> (<a class="external" href="http://en.wikipedia.org/wiki/Edmund_Gwenn" title="Edmund Gwenn">Edmund Gwenn</a>)</li>
	  <li><a class="external" href="http://en.wikipedia.org/wiki/Golden_Globe_Award_for_Best_Supporting_Actor_-_Motion_Picture" title="Golden Globe Award for Best Supporting Actor - Motion Picture">Golden Globe Award for Best Supporting Actor - Motion Picture</a> (<a class="external" href="http://en.wikipedia.org/wiki/Edmund_Gwenn" title="Edmund Gwenn">Edmund Gwenn</a>)</li>
	  <li>Nominated - <a class="external" href="http://en.wikipedia.org/wiki/Edgar_Award" title="Edgar Award">Edgar Award</a> for Best Mystery Screenplay (<a class="external" href="http://en.wikipedia.org/wiki/Robert_Riskin" title="Robert Riskin">Robert Riskin</a>)</li>
	</ul>
	<h2 xmlns="http://www.w3.org/1999/xhtml"> <span class="mw-headline" id="External_links">External links</span></h2>
	<ul xmlns="http://www.w3.org/1999/xhtml">
	  <li><a href="http://www.imdb.com/title/tt0042742/" rel="nofollow"><i>Mister 880</i></a> at the <a class="external" href="http://en.wikipedia.org/wiki/Internet_Movie_Database" title="Internet Movie Database">Internet Movie Database</a></li>
	  <li><a href="http://tcmdb.com/title/title.jsp?stid=83700" rel="nofollow"><i>Mister 880</i></a> at the <a class="external" href="http://en.wikipedia.org/wiki/Turner_Classic_Movies" title="Turner Classic Movies">TCM Movie Database</a></li>
	</ul>
      </wiki:abstract>
    </wiki:description>
  </wiki:film>
</wiki:nominee>