<?xml version="1.0" encoding="UTF-8"?>
<wiki:nominee year="1982" span="1" winner="true" award="lead-actor" xmlns:wiki="http://marklogic.com/wikipedia">
  <!--
                            Copyright (c) 2010 MarkLogic Corporation.
                            Permission is granted to copy, distribute and/or modify this document
                            under the terms of the GNU Free Documentation License, Version 1.2
                            or any later version published by the Free Software Foundation;
                            with no Invariant Sections, no Front-Cover Texts, and no Back-Cover Texts.
                            A copy of the license is included in the section entitled "GNU
                            Free Documentation License"
                            
                            Content derived from http://en.wikipedia.org/wiki/Gandhi_(film) and http://en.wikipedia.org/wiki/Ben_Kingsley
                            Modified in May 2009 by Mark Logic Corporation under the terms of the GNU Free Documentation License.
                        -->
  <wiki:name link="/wiki/Ben_Kingsley">Ben Kingsley</wiki:name>
  <wiki:person link="/wiki/Ben_Kingsley" name="Ben Kingsley">
    <wiki:oscar year="1982" span="1" winner="true" award="lead-actor" film-link="/wiki/Gandhi_(film)" film-title="Gandhi"/>
    <wiki:oscar year="2003" span="1" winner="false" award="lead-actor" film-link="/wiki/House_of_Sand_and_Fog" film-title="House of Sand and Fog"/>
    <wiki:oscar year="1991" span="1" winner="false" award="supporting-actor" film-link="/wiki/Bugsy" film-title="Bugsy"/>
    <wiki:oscar year="2001" span="1" winner="false" award="supporting-actor" film-link="/wiki/Sexy_Beast" film-title="Sexy Beast"/>
    <wiki:image link="http://upload.wikimedia.org/wikipedia/commons/thumb/3/32/Sir_Ben_Kingsley_by_David_Shankbone.jpg/150px-Sir_Ben_Kingsley_by_David_Shankbone.jpg"/>
    <wiki:birth>
      <wiki:date>1943-12-31</wiki:date>
      <wiki:place>
	<wiki:primary link="/wiki/Snainton">Snainton</wiki:primary>
	<wiki:secondary link=""/>
      <enrich><woeid xmlns="http://where.yahooapis.com/v1/schema.rng">12696048</woeid><placeTypeName code="10" xmlns="http://where.yahooapis.com/v1/schema.rng">Local Administrative Area</placeTypeName><name xmlns="http://where.yahooapis.com/v1/schema.rng">Scarborough Borough</name><country code="GB" type="Country" xmlns="http://where.yahooapis.com/v1/schema.rng">United Kingdom</country><admin1 code="GB-ENG" type="Country" xmlns="http://where.yahooapis.com/v1/schema.rng">England</admin1><admin2 code="GB-NYK" type="County" xmlns="http://where.yahooapis.com/v1/schema.rng">North Yorkshire</admin2><admin3 xmlns="http://where.yahooapis.com/v1/schema.rng"/><locality1 xmlns="http://where.yahooapis.com/v1/schema.rng"/><locality2 xmlns="http://where.yahooapis.com/v1/schema.rng"/><postal xmlns="http://where.yahooapis.com/v1/schema.rng"/><centroid xmlns="http://where.yahooapis.com/v1/schema.rng"><latitude>54.347328</latitude><longitude>-0.527630</longitude></centroid><boundingBox xmlns="http://where.yahooapis.com/v1/schema.rng"><southWest><latitude>54.132462</latitude><longitude>-1.064670</longitude></southWest><northEast><latitude>54.562199</latitude><longitude>-0.210830</longitude></northEast></boundingBox><areaRank xmlns="http://where.yahooapis.com/v1/schema.rng">6</areaRank><popRank xmlns="http://where.yahooapis.com/v1/schema.rng">0</popRank></enrich></wiki:place>
    </wiki:birth>
    <wiki:description>
      <p xmlns="http://www.w3.org/1999/xhtml"><b>Sir Ben Kingsley</b>, <a class="external" href="http://en.wikipedia.org/wiki/Order_of_the_British_Empire" title="Order of the British Empire">CBE</a> (born <b>Krishna Pandit Bhanji</b> (<a class="external" href="http://en.wikipedia.org/wiki/Gujarati_language" title="Gujarati language">Gujarati</a>:àª•à«ƒàª·à«&#141;àª£àª¾ àªªàª‚àª¿àª¡àª¤ àª­àª¾àª¨àªœà«€); 31 December 1943) is a British actor. He has won an <a class="external" href="http://en.wikipedia.org/wiki/Academy_Award" title="Academy Award">Oscar</a>, <a class="external" href="http://en.wikipedia.org/wiki/BAFTA_Award" title="BAFTA Award">BAFTA</a>, <a class="external" href="http://en.wikipedia.org/wiki/Golden_Globe_Award" title="Golden Globe Award">Golden Globe</a> and <a class="external" href="http://en.wikipedia.org/wiki/Screen_Actors_Guild_Award" title="Screen Actors Guild Award">Screen Actors Guild</a> awards in his career. He is known for starring as <a class="external" href="http://en.wikipedia.org/wiki/Mahatma_Gandhi" title="Mahatma Gandhi">Mohandas Gandhi</a> in the film <i><a class="external" href="http://en.wikipedia.org/wiki/Gandhi_(film)" title="Gandhi (film)">Gandhi</a></i> in 1982, for which he won the <a class="external" href="http://en.wikipedia.org/wiki/Academy_Award_for_Best_Actor" title="Academy Award for Best Actor">Academy Award for Best Actor</a>.</p>
      <h2 xmlns="http://www.w3.org/1999/xhtml"> <span class="mw-headline" id="Early_life">Early life</span></h2>
      <p xmlns="http://www.w3.org/1999/xhtml">Kingsley was born <b>Krishna Pandit Bhanji</b> in <a class="external" href="http://en.wikipedia.org/wiki/Snainton" title="Snainton">Snainton</a>, near Scarborough, Yorkshire, England, the son of Anna Lyna Mary (nÃ©e Goodman), an actress and model, and Rahimtulla Harji Bhanji, a medical doctor.</p>
      <p xmlns="http://www.w3.org/1999/xhtml">Kingsley's father was born in <a class="external" href="http://en.wikipedia.org/wiki/Kenya" title="Kenya">Kenya</a> of <a class="external" href="http://en.wikipedia.org/wiki/Gujarati_people" title="Gujarati people">Gujarati</a> <a class="external" href="http://en.wikipedia.org/wiki/British_Indian" title="British Indian">Indian</a> descent; Kingsley's paternal grandfather was a spice trader who had moved from India to <a class="external" href="http://en.wikipedia.org/wiki/Zanzibar" title="Zanzibar">Zanzibar</a>, where Kingsley's father lived until moving to England at the age of 14. Ben Kingsley's mother, born out of wedlock, was "loath to speak of her background"; she was the daughter of an English mother who worked in the garment district of <a class="external" href="http://en.wikipedia.org/wiki/East_End_of_London" title="East End of London">East London</a>, and a father who was believed by the family to have been a <a class="external" href="http://en.wikipedia.org/wiki/Russian_Jew" title="Russian Jew">Russian</a> or <a class="external" href="http://en.wikipedia.org/wiki/German_Jew" title="German Jew">German Jew</a>.</p>
      <p xmlns="http://www.w3.org/1999/xhtml">Kingsley grew up in <a class="external" href="http://en.wikipedia.org/wiki/Pendlebury" title="Pendlebury">Pendlebury</a>, near Salford. He was educated at <a class="external" href="http://en.wikipedia.org/wiki/Manchester_Grammar_School" title="Manchester Grammar School">Manchester Grammar School</a>, an <a class="external" href="http://en.wikipedia.org/wiki/Independent_school" title="Independent school">independent school</a> in <a class="external" href="http://en.wikipedia.org/wiki/Manchester" title="Manchester">Manchester</a> in north-west England, where one of his classmates was the actor <a class="external" href="http://en.wikipedia.org/wiki/Robert_Powell" title="Robert Powell">Robert Powell</a>. He later studied at the <a class="external" href="http://en.wikipedia.org/wiki/University_of_Salford" title="University of Salford">University of Salford</a> and at Pendleton College, which later became home to the Ben Kingsley Theatre.</p>
      <h2 xmlns="http://www.w3.org/1999/xhtml"> <span class="mw-headline" id="Film_and_television_career">Film and television career</span></h2>
      <p xmlns="http://www.w3.org/1999/xhtml">Kingsley began his acting career on stage, but made a transition to film roles early on. Despite this focus on film, he continued to act on the stage, playing Mosca in <a class="external" href="http://en.wikipedia.org/wiki/Peter_Hall_(theatre_director)" title="Peter Hall (theatre director)">Peter Hall</a>'s 1977 production of Ben Jonson's <i><a class="external" href="http://en.wikipedia.org/wiki/Volpone" title="Volpone">Volpone</a></i> for the <a class="external" href="http://en.wikipedia.org/wiki/Royal_National_Theatre" title="Royal National Theatre">Royal National Theatre</a>, and in <a class="external" href="http://en.wikipedia.org/wiki/Peter_Brook" title="Peter Brook">Peter Brook</a>'s acclaimed production of <i><a class="external" href="http://en.wikipedia.org/wiki/A_Midsummer_Night%27s_Dream" title="A Midsummer Night's Dream">A Midsummer Night's Dream</a></i>. At about this time, he changed his name from Krishna Bhanji to Ben Kingsley, fearing that a foreign name would hamper his career; he took his stage surname from his paternal grandfather's nickname, "King Clove".</p>
      <p xmlns="http://www.w3.org/1999/xhtml">Kingsley's first film role was a supporting turn in <i><a class="external" href="http://en.wikipedia.org/wiki/Fear_Is_the_Key" title="Fear Is the Key">Fear Is the Key</a></i>, released in 1972. Kingsley continued starring in bit roles in both film and television, including a role as Ron Jenkins on the soap opera <i><a class="external" href="http://en.wikipedia.org/wiki/Coronation_Street" title="Coronation Street">Coronation Street</a></i> from 1966 to 1967 and regular appearances as a defence counsel in the long-running British legal programme <i><a class="external" href="http://en.wikipedia.org/wiki/Crown_Court_(TV_series)" title="Crown Court (TV series)">Crown Court</a></i>. In 1975 he starred as <a class="external" href="http://en.wikipedia.org/wiki/Dante_Gabriel_Rossetti" title="Dante Gabriel Rossetti">Dante Gabriel Rossetti</a> in the BBCs historical drama <i><a class="external" href="http://en.wikipedia.org/wiki/The_Love_School" title="The Love School">The Love School</a></i>. He found fame only years later, starring as <a class="external" href="http://en.wikipedia.org/wiki/Mahatma_Gandhi" title="Mahatma Gandhi">Mohandas Gandhi</a> in the <a class="external" href="http://en.wikipedia.org/wiki/Academy_Awards" title="Academy Awards">Academy Award</a>-winning film <i><a class="external" href="http://en.wikipedia.org/wiki/Gandhi_(film)" title="Gandhi (film)">Gandhi</a></i> in 1982, his best-known role to date. The audience agreed with the critics, and <i><a class="external" href="http://en.wikipedia.org/wiki/Gandhi_(film)" title="Gandhi (film)">Gandhi</a></i> was a box-office success. Kingsley won the <a class="external" href="http://en.wikipedia.org/wiki/Academy_Award_for_Best_Actor" title="Academy Award for Best Actor">Academy Award for Best Actor</a> for his portrayal.</p>
      <p xmlns="http://www.w3.org/1999/xhtml">Kingsley has since appeared in a variety of roles. His credits included the films <i><a class="external" href="http://en.wikipedia.org/wiki/Turtle_Diary" title="Turtle Diary">Turtle Diary</a></i>, <i><a class="external" href="http://en.wikipedia.org/wiki/Maurice_(film)" title="Maurice (film)">Maurice</a></i>, <i><a class="external" href="http://en.wikipedia.org/wiki/Pascali%27s_Island_(film)" title="Pascali's Island (film)">Pascali's Island</a></i>, <i><a class="external" href="http://en.wikipedia.org/wiki/Without_a_Clue" title="Without a Clue">Without a Clue</a></i> (as <a class="external" href="http://en.wikipedia.org/wiki/Dr._Watson" title="Dr. Watson">Dr. Watson</a> alongside <a class="external" href="http://en.wikipedia.org/wiki/Michael_Caine" title="Michael Caine">Michael Caine</a>'s <a class="external" href="http://en.wikipedia.org/wiki/Sherlock_Holmes" title="Sherlock Holmes">Sherlock Holmes</a>), <i><a class="external" href="http://en.wikipedia.org/wiki/Suspect_Zero" title="Suspect Zero">Suspect Zero</a></i>, <i><a class="external" href="http://en.wikipedia.org/wiki/Bugsy" title="Bugsy">Bugsy</a></i> (nominated for <a class="external" href="http://en.wikipedia.org/wiki/Academy_Award_for_Best_Supporting_Actor" title="Academy Award for Best Supporting Actor">Best Supporting Actor</a>), <i><a class="external" href="http://en.wikipedia.org/wiki/Sneakers_(film)" title="Sneakers (film)">Sneakers</a></i>, <i><a class="external" href="http://en.wikipedia.org/wiki/Dave_(film)" title="Dave (film)">Dave</a></i>, <i><a class="external" href="http://en.wikipedia.org/wiki/Searching_for_Bobby_Fischer" title="Searching for Bobby Fischer">Searching for Bobby Fischer</a></i>, <i><a class="external" href="http://en.wikipedia.org/wiki/Schindler%27s_List" title="Schindler's List">Schindler's List</a></i>, <i><a class="external" href="http://en.wikipedia.org/wiki/Silas_Marner" title="Silas Marner">Silas Marner</a></i>, <i><a class="external" href="http://en.wikipedia.org/wiki/Death_and_the_Maiden_(1994_film)" title="Death and the Maiden (1994 film)">Death and the Maiden</a></i>, <i><a class="external" href="http://en.wikipedia.org/wiki/Sexy_Beast" title="Sexy Beast">Sexy Beast</a></i>, for which he received another Academy Award nomination for Best Supporting Actor, and <i><a class="external" href="http://en.wikipedia.org/wiki/House_of_Sand_and_Fog_(film)" title="House of Sand and Fog (film)">House of Sand and Fog</a></i>, which led to yet another Oscar nomination for Best Actor. He won a <a class="external" href="http://en.wikipedia.org/wiki/Crystal_Globe" title="Crystal Globe">Crystal Globe</a> award for outstanding artistic contribution to <a class="external" href="http://en.wikipedia.org/wiki/World_cinema" title="World cinema">world cinema</a> at the <a class="external" href="http://en.wikipedia.org/wiki/Karlovy_Vary_International_Film_Festival" title="Karlovy Vary International Film Festival">Karlovy Vary International Film Festival</a> in 2001.</p>
      <p xmlns="http://www.w3.org/1999/xhtml">In 1997, he provided voice talent for the video game <i><a class="external" href="http://en.wikipedia.org/wiki/Ceremony_of_Innocence" title="Ceremony of Innocence">Ceremony of Innocence</a></i>. In July 2006, he received an <a class="external" href="http://en.wikipedia.org/wiki/Emmy" title="Emmy">Emmy</a> nomination for his performance in the made-for-TV film <i><a class="external" href="http://en.wikipedia.org/wiki/Mrs._Harris_(film)" title="Mrs. Harris (film)">Mrs. Harris</a>,</i> in which he played famed <a class="external" href="http://en.wikipedia.org/wiki/Cardiologist" title="Cardiologist">cardiologist</a> <a class="external" href="http://en.wikipedia.org/wiki/Herman_Tarnower" title="Herman Tarnower">Herman Tarnower</a>, who was murdered by his jilted lover, <a class="external" href="http://en.wikipedia.org/wiki/Jean_Harris" title="Jean Harris">Jean Harris</a>. Later that year, Kingsley appeared in an episode of <i><a class="external" href="http://en.wikipedia.org/wiki/The_Sopranos" title="The Sopranos">The Sopranos</a></i> entitled "<a class="external" href="http://en.wikipedia.org/wiki/Luxury_Lounge" title="Luxury Lounge">Luxury Lounge</a>", playing himself. In the show, <a class="external" href="http://en.wikipedia.org/wiki/Christopher_Moltisanti" title="Christopher Moltisanti">Christopher Moltisanti</a> and <a class="external" href="http://en.wikipedia.org/wiki/Carmine_Lupertazzi" title="Carmine Lupertazzi">Carmine Lupertazzi</a> offer him a role in the fictional <a class="external" href="http://en.wikipedia.org/wiki/Slasher_film" title="Slasher film">slasher film</a> "<a class="external" href="http://en.wikipedia.org/wiki/Cleaver_(The_Sopranos)" title="Cleaver (The Sopranos)">Cleaver</a>", which he turns down. Lupertazzi offers him the role on the basis of Kingsley's real-life performance in <i>Sexy Beast</i>. In 2007, Kingsley appeared as a <a class="external" href="http://en.wikipedia.org/wiki/Polish_American" title="Polish American">Polish American</a> mobster in the <a class="external" href="http://en.wikipedia.org/wiki/Mafia_comedy" title="Mafia comedy">Mafia comedy</a> <i><a class="external" href="http://en.wikipedia.org/wiki/You_Kill_Me" title="You Kill Me">You Kill Me</a></i>, and a Middle Eastern oil minister in <i><a class="external" href="http://en.wikipedia.org/wiki/War,_Inc." title="War, Inc.">War, Inc.</a></i> In 2010, Kingsley has worked voicing a character named Sabine in <a class="external" href="http://en.wikipedia.org/wiki/Lionhead_Studios" title="Lionhead Studios">Lionhead Studios</a> game <i><a class="external" href="http://en.wikipedia.org/wiki/Fable_III" title="Fable III">Fable III</a></i>, and starred alongside <a class="external" href="http://en.wikipedia.org/wiki/Leonardo_DiCaprio" title="Leonardo DiCaprio">Leonardo DiCaprio</a> in <i><a class="external" href="http://en.wikipedia.org/wiki/Shutter_Island_(film)" title="Shutter Island (film)">Shutter Island</a></i>, directed by <a class="external" href="http://en.wikipedia.org/wiki/Martin_Scorsese" title="Martin Scorsese">Martin Scorsese</a>. He is also scheduled to appear in Scorsese's next film <i><a class="external" href="http://en.wikipedia.org/wiki/Hugo_Cabret" title="Hugo Cabret">Hugo Cabret</a></i>.</p>
      <p xmlns="http://www.w3.org/1999/xhtml">Kingsley's SBK-Pictures has been planning to bring the story of the Native American Conley Sisters to the big screen in <i>Whispers Like Thunder</i>, with Kingsley playing the role of <a class="external" href="http://en.wikipedia.org/wiki/Charles_Curtis" title="Charles Curtis">Charles Curtis</a>, the first part-Native American to become vice-president of the United States.</p>
      <h2 xmlns="http://www.w3.org/1999/xhtml"> <span class="mw-headline" id="Honours">Honours</span></h2>
      <p xmlns="http://www.w3.org/1999/xhtml">Kingsley was named a Commander of the <a class="external" href="http://en.wikipedia.org/wiki/Order_of_the_British_Empire" title="Order of the British Empire">Order of the British Empire</a> (CBE) in 2000. He was made a <a class="external" href="http://en.wikipedia.org/wiki/Knight_bachelor" title="Knight bachelor">knight bachelor</a> in the 2002 New Year's Honours (the award was announced on 31Â December 2001, his 58th birthday). His demand to be called 'Sir' was documented by the BBC, to some criticism. Since then, Kingsley appears to have altered his stance; credits for his latest films refer to him only as 'Ben Kingsley'. <a class="external" href="http://en.wikipedia.org/wiki/Penelope_Cruz" title="Penelope Cruz">Penelope Cruz</a> was unsure what to call him during the filming of <i><a class="external" href="http://en.wikipedia.org/wiki/Elegy_(film)" title="Elegy (film)">Elegy</a></i> as someone had told her she needed to refer to him as "Sir Ben". One day it slipped out as such, and she called him that for the rest of the shoot.</p>
      <p xmlns="http://www.w3.org/1999/xhtml">In 1984, he won a Grammy Award for Best Spoken Word or Nonmusical Recording for <i>The Words of Gandhi</i>. He was awarded the Indian civilian honor <a class="external" href="http://en.wikipedia.org/wiki/Padma_Shri" title="Padma Shri">Padma Shri</a> in 1985.</p>
      <p xmlns="http://www.w3.org/1999/xhtml">In May 2010, Kingsley was awarded a star on the <a class="external" href="http://en.wikipedia.org/wiki/Hollywood_Walk_of_Fame" title="Hollywood Walk of Fame">Hollywood Walk of Fame</a>.</p>
      <h2 xmlns="http://www.w3.org/1999/xhtml"> <span class="mw-headline" id="Personal_life">Personal life</span></h2>
      <p xmlns="http://www.w3.org/1999/xhtml">Kingsley has been married four times and has four children: Thomas Bhanji and artist Jasmin Bhanji, with actress <a class="external" href="http://en.wikipedia.org/wiki/Angela_Morant" title="Angela Morant">Angela Morant</a>, and <a class="external" href="http://en.wikipedia.org/wiki/Edmund_Kingsley" title="Edmund Kingsley">Edmund Kingsley</a> and Ferdinand Kingsley, both of whom became actors, with theatrical director <a class="external" href="http://en.wikipedia.org/wiki/Alison_Sutcliffe" title="Alison Sutcliffe">Alison Sutcliffe</a>. In 2005, he divorced German-born Alexandra Christmann, having been "deeply, deeply shocked" after pictures of her kissing another man surfaced on the internet. On 3 September 2007, Kingsley married <a class="external" href="http://en.wikipedia.org/wiki/Daniela_Lavender" title="Daniela Lavender">Daniela Lavender</a>, a Brazilian actress, in <a class="external" href="http://en.wikipedia.org/wiki/North_Leigh" title="North Leigh">North Leigh</a>, Oxfordshire.</p>
      <p xmlns="http://www.w3.org/1999/xhtml">He currently lives in <a class="external" href="http://en.wikipedia.org/wiki/Spelsbury" title="Spelsbury">Spelsbury</a>, Oxfordshire, England, where he has lived for more than ten years.</p>
      <h2 xmlns="http://www.w3.org/1999/xhtml"> <span class="mw-headline" id="Filmography">Filmography</span></h2>
      <h2 xmlns="http://www.w3.org/1999/xhtml"> <span class="mw-headline" id="References">References</span></h2>
      <h2 xmlns="http://www.w3.org/1999/xhtml"> <span class="mw-headline" id="External_links">External links</span></h2>
      <ul xmlns="http://www.w3.org/1999/xhtml">
	<li><a href="http://www.imdb.com/name/nm1426/" rel="nofollow">Ben Kingsley</a> at the <a class="external" href="http://en.wikipedia.org/wiki/Internet_Movie_Database" title="Internet Movie Database">Internet Movie Database</a></li>
	<li><a href="http://www.tv.com/person/63692/summary.html" rel="nofollow">Ben Kingsley</a> at <a class="external" href="http://en.wikipedia.org/wiki/TV.com" title="TV.com">TV.com</a></li>
	<li><a href="http://www.variety.com/article/VR1117996028.html?categoryid=13&amp;cs=1," rel="nofollow">Ben Kingsley's SBK announces slate, By TATIANA SIEGEL, Mon., 17 Nov. 2008</a></li>
	<li><a href="http://www.cinecon.com/news.php?id=0509272" rel="nofollow">Interview, 9/27/05, Cinema Confidential</a></li>
	<li><a href="http://www.darkhorizons.com/news05/oliver1.php" rel="nofollow">Interview, 9/22/05, Dark Horizons</a></li>
	<li><a href="http://filmforce.ign.com/articles/534/534158p1.html" rel="nofollow">Interview, 7/28/04, IGN Films</a></li>
	<li><a href="http://www.youtube.com/watch?v=CYQV31I0aSw" rel="nofollow">Interview, 12/16/93, Charlie Rose (Kingsley talks about his experience making "Schindler's List" with director Steven Spielberg).</a></li>
	<li>He is appearing in <a href="http://www.dramaticneed.org/monologues.php" rel="nofollow">The Childrenâ€™s Monologues</a>, a star-studded theatrical event at London's Old Vic Theatre on Sunday 14 November 2010 directed by <a class="external" href="http://en.wikipedia.org/wiki/Danny_Boyle" title="Danny Boyle">Danny Boyle</a> and starring <a class="external" href="http://en.wikipedia.org/wiki/Gemma_Arterton" title="Gemma Arterton">Gemma Arterton</a> and <a class="external" href="http://en.wikipedia.org/wiki/Benedict_Cumberbatch" title="Benedict Cumberbatch">Benedict Cumberbatch</a>, produced by <a class="external" href="http://en.wikipedia.org/wiki/Dramatic_Need" title="Dramatic Need">Dramatic Need</a>.</li>
      </ul>
    </wiki:description>
  </wiki:person>
  <wiki:film-title link="/wiki/Gandhi_(film)">Gandhi</wiki:film-title>
  <wiki:film link="/wiki/Gandhi_(film)" title="Gandhi">
    <wiki:oscar-ref year="1982" span="1" winner="true" award="lead-actor" person-link="/wiki/Ben_Kingsley" person-name="Ben Kingsley"/>
    <wiki:oscar-ref year="1982" span="1" winner="true" award="best-director" person-link="/wiki/Richard_Attenborough" person-name="Richard Attenborough"/>
    <wiki:oscar year="1982" span="1" winner="true" award="best-picture"/>
    <wiki:director link="/wiki/Richard_Attenborough">Richard Attenborough</wiki:director>
    <wiki:distributor link="/wiki/Columbia_Pictures">Columbia Pictures</wiki:distributor>
    <wiki:starring link="/wiki/Ben_Kingsley">Ben Kingsley</wiki:starring>
    <wiki:description>
      <wiki:abstract>
	<p xmlns="http://www.w3.org/1999/xhtml"><i><b>Gandhi</b></i> is a <a class="external" href="http://en.wikipedia.org/wiki/1982_in_film" title="1982 in film">1982</a> <a class="external" href="http://en.wikipedia.org/wiki/Biographical_film" title="Biographical film">biographical film</a> based on the life of <a class="external" href="http://en.wikipedia.org/wiki/Mahatma_Karamchand_Gandhi" title="Mahatma Karamchand Gandhi">Mahatma Gandhi</a>, who led the <a class="external" href="http://en.wikipedia.org/wiki/Nonviolent_resistance" title="Nonviolent resistance">nonviolent resistance</a> movement against <a class="external" href="http://en.wikipedia.org/wiki/British_Raj" title="British Raj">British colonial rule</a> in <a class="external" href="http://en.wikipedia.org/wiki/India" title="India">India</a> during the first half of the 20th century. The film was directed by <a class="external" href="http://en.wikipedia.org/wiki/Richard_Attenborough" title="Richard Attenborough">Richard Attenborough</a> and stars <a class="external" href="http://en.wikipedia.org/wiki/Ben_Kingsley" title="Ben Kingsley">Ben Kingsley</a> as Gandhi. They both won <a class="external" href="http://en.wikipedia.org/wiki/Academy_Award" title="Academy Award">Academy Awards</a> for their work on the film. The film was also given the <a class="external" href="http://en.wikipedia.org/wiki/Academy_Award_for_Best_Picture" title="Academy Award for Best Picture">Academy Award for Best Picture</a> and won eight Academy Awards in total.</p>
	<p xmlns="http://www.w3.org/1999/xhtml">It was an <a class="external" href="http://en.wikipedia.org/wiki/International_co-production" title="International co-production">international co-production</a> between <a class="external" href="http://en.wikipedia.org/wiki/Production_company" title="Production company">production companies</a> in <a class="external" href="http://en.wikipedia.org/wiki/India" title="India">India</a> and the <a class="external" href="http://en.wikipedia.org/wiki/United_Kingdom" title="United Kingdom">UK</a>. The film premiered in <a class="external" href="http://en.wikipedia.org/wiki/New_Delhi" title="New Delhi">New Delhi</a> on 30 November 1982.</p>
	<h2 xmlns="http://www.w3.org/1999/xhtml"> <span class="mw-headline" id="Synopsis">Synopsis</span></h2>
      </wiki:abstract>
      <p xmlns="http://www.w3.org/1999/xhtml">The film begins with Gandhi's assassination on 30 January 1948, and his funeral. After an evening prayer, an elderly Gandhi is helped out for his evening walk to meet a large number of greeters and admirers. One of these visitors - <a class="external" href="http://en.wikipedia.org/wiki/Nathuram_Godse" title="Nathuram Godse">Nathuram Godse</a> - shoots him point blank in the chest. Gandhi exclaims, "Oh, God!" ("HÄ“ <a class="external" href="http://en.wikipedia.org/wiki/Rama" title="Rama">Ram</a>!" historically), and then falls dead. The film then cuts to a huge procession at his funeral, which is attended by dignitaries from around the world.</p>
      <p xmlns="http://www.w3.org/1999/xhtml">The <a class="external" href="http://en.wikipedia.org/wiki/Mahatma_Karamchand_Gandhi#Early_life_and_background" title="Mahatma Karamchand Gandhi">early life of Gandhi</a> is not depicted in the film. Instead, the story flashes back 55 years to a life-changing event: in 1893, Gandhi is thrown off a <a class="external" href="http://en.wikipedia.org/wiki/Union_of_South_Africa" title="Union of South Africa">South African</a> train for being an Indian sitting in a first-class compartment despite having a ticket. Realising the laws are biased against Indians, he then decides to start a non-violent protest campaign for the rights of all Indians in South Africa. After numerous arrests and unwelcome international attention, the government finally relents by recognizing rights for Indians, though not for the native blacks of South Africa.</p>
      <p xmlns="http://www.w3.org/1999/xhtml">After this victory, Gandhi is invited back to India, where he is now considered something of a national hero. He is urged to take up the fight for India's independence (<a class="external" href="http://en.wikipedia.org/wiki/Swaraj" title="Swaraj">Swaraj</a>, <a class="external" href="http://en.wikipedia.org/wiki/Quit_India" title="Quit India">Quit India</a>) from the <a class="external" href="http://en.wikipedia.org/wiki/British_Empire" title="British Empire">British Empire</a>. Gandhi agrees, and mounts a non-violent non-cooperation campaign of unprecedented scale, coordinating millions of Indians nationwide. There are some setbacks, such as violence against the protesters and Gandhi's occasional imprisonment.</p>
      <p xmlns="http://www.w3.org/1999/xhtml">Nevertheless, the campaign generates great attention, and Britain faces intense public pressure. Too weak from <a class="external" href="http://en.wikipedia.org/wiki/World_War_II" title="World War II">World War II</a> to continue enforcing its will in India, Britain finally grants <a class="external" href="http://en.wikipedia.org/wiki/Indian_independence" title="Indian independence">Indian independence</a>. Indians celebrate this victory, but their troubles are far from over. Religious tensions between <a class="external" href="http://en.wikipedia.org/wiki/Hindus" title="Hindus">Hindus</a> and <a class="external" href="http://en.wikipedia.org/wiki/Muslims" title="Muslims">Muslims</a> erupt into nation-wide violence. Gandhi declares a hunger strike, saying he will not eat until the fighting stops.</p>
      <p xmlns="http://www.w3.org/1999/xhtml">The fighting does stop eventually, but the country is divided by religion. It is decided that the northwest area of India, and eastern part of India (current day <a class="external" href="http://en.wikipedia.org/wiki/Bangladesh" title="Bangladesh">Bangladesh</a>), both places where Muslims are in the majority, will become a new country called <a class="external" href="http://en.wikipedia.org/wiki/Pakistan" title="Pakistan">Pakistan</a> (West and East Pakistan respectively). It is hoped that by encouraging the Muslims to live in a separate country, violence will abate. Gandhi is opposed to the idea, and is even willing to allow <a class="external" href="http://en.wikipedia.org/wiki/Muhammad_Ali_Jinnah" title="Muhammad Ali Jinnah">Muhammad Ali Jinnah</a> to become the first prime minister of India, but the <a class="external" href="http://en.wikipedia.org/wiki/Partition_of_India" title="Partition of India">Partition of India</a> is carried out nevertheless.</p>
      <p xmlns="http://www.w3.org/1999/xhtml">As the list of actors is seen at the end, the hymn "<a class="external" href="http://en.wikipedia.org/wiki/Raghupati_Raghava_Raja_Ram" title="Raghupati Raghava Raja Ram">Raghupati Raghava Raja Ram</a>" is heard.</p>
      <h2 xmlns="http://www.w3.org/1999/xhtml"> <span class="mw-headline" id="Production">Production</span></h2>
      <p xmlns="http://www.w3.org/1999/xhtml">Shooting began on 26 November 1980 and ended on 10 May 1981. Over 300,000 extras were used in the funeral scene, the most for any film according to <i><a class="external" href="http://en.wikipedia.org/wiki/Guinness_World_Records" title="Guinness World Records">Guinness World Records</a></i>.</p>
      <h2 xmlns="http://www.w3.org/1999/xhtml"> <span class="mw-headline" id="Cast">Cast</span></h2>
      <p xmlns="http://www.w3.org/1999/xhtml">During pre-production, there was much speculation as to who would play the role of Gandhi. The choice was <a class="external" href="http://en.wikipedia.org/wiki/Ben_Kingsley" title="Ben Kingsley">Ben Kingsley</a>, who is partly of Indian heritage (his father was <a class="external" href="http://en.wikipedia.org/wiki/Gujarati_people" title="Gujarati people">Gujarati</a> and his birth name is Krishna Bhanji).</p>
      <ul xmlns="http://www.w3.org/1999/xhtml">
	<li><a class="external" href="http://en.wikipedia.org/wiki/Ben_Kingsley" title="Ben Kingsley">Ben Kingsley</a> as <a class="external" href="http://en.wikipedia.org/wiki/Mohandas_Karamchand_Gandhi" title="Mohandas Karamchand Gandhi">Mohandas Karamchand Gandhi</a></li>
	<li><a class="external" href="http://en.wikipedia.org/wiki/Rohini_Hattangadi" title="Rohini Hattangadi">Rohini Hattangadi</a> as <a class="external" href="http://en.wikipedia.org/wiki/Kasturba_Gandhi" title="Kasturba Gandhi">Kasturba Gandhi</a></li>
	<li><a class="external" href="http://en.wikipedia.org/wiki/Roshan_Seth" title="Roshan Seth">Roshan Seth</a> as <a class="external" href="http://en.wikipedia.org/wiki/Pandit" title="Pandit">Pandit</a> <a class="external" href="http://en.wikipedia.org/wiki/Jawaharlal_Nehru" title="Jawaharlal Nehru">Jawaharlal Nehru</a></li>
	<li><a class="external" href="http://en.wikipedia.org/wiki/Saeed_Jaffrey" title="Saeed Jaffrey">Saeed Jaffrey</a> as <a class="external" href="http://en.wikipedia.org/wiki/Sardar_Vallabhbhai_Patel" title="Sardar Vallabhbhai Patel">Sardar Vallabhbhai Patel</a></li>
	<li><a class="external" href="http://en.wikipedia.org/wiki/Candice_Bergen" title="Candice Bergen">Candice Bergen</a> as <a class="external" href="http://en.wikipedia.org/wiki/Margaret_Bourke-White" title="Margaret Bourke-White">Margaret Bourke-White</a></li>
	<li><a class="external" href="http://en.wikipedia.org/wiki/Edward_Fox_(actor)" title="Edward Fox (actor)">Edward Fox</a> as <a class="external" href="http://en.wikipedia.org/wiki/Brigadier_General" title="Brigadier General">Brigadier General</a> <a class="external" href="http://en.wikipedia.org/wiki/Reginald_Dyer" title="Reginald Dyer">Reginald Dyer</a></li>
	<li><a class="external" href="http://en.wikipedia.org/wiki/John_Gielgud" title="John Gielgud">John Gielgud</a> as <a class="external" href="http://en.wikipedia.org/wiki/E._F._L._Wood,_1st_Earl_of_Halifax" title="E. F. L. Wood, 1st Earl of Halifax">Baron Irwin</a></li>
	<li><a class="external" href="http://en.wikipedia.org/wiki/Trevor_Howard" title="Trevor Howard">Trevor Howard</a> as Judge R. S. Broomfield, the presiding judge in Gandhi's sedition trial.</li>
	<li><a class="external" href="http://en.wikipedia.org/wiki/John_Mills" title="John Mills">John Mills</a> as <a class="external" href="http://en.wikipedia.org/wiki/Frederic_Thesiger,_1st_Viscount_Chelmsford" title="Frederic Thesiger, 1st Viscount Chelmsford">Lord Chelmsford</a></li>
	<li><a class="external" href="http://en.wikipedia.org/wiki/Martin_Sheen" title="Martin Sheen">Martin Sheen</a> as Vince Walker, a fictional journalist based partially on <a class="external" href="http://en.wikipedia.org/wiki/Webb_Miller_(journalist)" title="Webb Miller (journalist)">Webb Miller</a>.</li>
	<li><a class="external" href="http://en.wikipedia.org/wiki/Ian_Charleson" title="Ian Charleson">Ian Charleson</a> as <a class="external" href="http://en.wikipedia.org/wiki/Reverend" title="Reverend">Reverend</a> <a class="external" href="http://en.wikipedia.org/wiki/Charles_Freer_Andrews" title="Charles Freer Andrews">Charles Freer Andrews</a></li>
	<li><a class="external" href="http://en.wikipedia.org/wiki/Athol_Fugard" title="Athol Fugard">Athol Fugard</a> as <a class="external" href="http://en.wikipedia.org/wiki/General" title="General">General</a> <a class="external" href="http://en.wikipedia.org/wiki/Jan_Smuts" title="Jan Smuts">Jan Smuts</a></li>
	<li><a class="external" href="http://en.wikipedia.org/w/index.php?title=G%C3%BCnther_Maria_Halmer&amp;action=edit&amp;redlink=1" title="GÃ¼nther Maria Halmer (page does not exist)">GÃ¼nther Maria Halmer</a> as Dr. Herman Kallenbach</li>
	<li><a class="external" href="http://en.wikipedia.org/wiki/Geraldine_James" title="Geraldine James">Geraldine James</a> as <a class="external" href="http://en.wikipedia.org/wiki/Mirabehn" title="Mirabehn">Mirabehn</a> (Madeleine Slade)</li>
	<li><a class="external" href="http://en.wikipedia.org/wiki/Alyque_Padamsee" title="Alyque Padamsee">Alyque Padamsee</a> as <a class="external" href="http://en.wikipedia.org/wiki/Muhammad_Ali_Jinnah" title="Muhammad Ali Jinnah">Muhammad Ali Jinnah</a></li>
	<li><a class="external" href="http://en.wikipedia.org/wiki/Amrish_Puri" title="Amrish Puri">Amrish Puri</a> as Khan</li>
	<li><a class="external" href="http://en.wikipedia.org/w/index.php?title=Dilsher_Singh&amp;action=edit&amp;redlink=1" title="Dilsher Singh (page does not exist)">Dilsher Singh</a> as <a class="external" href="http://en.wikipedia.org/wiki/Khan_Abdul_Ghaffar_Khan" title="Khan Abdul Ghaffar Khan">Khan Abdul Ghaffar Khan</a> (Frontier Gandhi)</li>
	<li><a class="external" href="http://en.wikipedia.org/wiki/Ian_Bannen" title="Ian Bannen">Ian Bannen</a> as Senior Officer Fields</li>
	<li><a class="external" href="http://en.wikipedia.org/wiki/Richard_Griffiths" title="Richard Griffiths">Richard Griffiths</a> as Collins</li>
	<li><a class="external" href="http://en.wikipedia.org/wiki/Nigel_Hawthorne" title="Nigel Hawthorne">Nigel Hawthorne</a> as Kinnoch</li>
	<li><a class="external" href="http://en.wikipedia.org/wiki/Michael_Hordern" title="Michael Hordern">Michael Hordern</a> as Sir George Hodge</li>
	<li><a class="external" href="http://en.wikipedia.org/wiki/Shreeram_Lagoo" title="Shreeram Lagoo">Shreeram Lagoo</a> as <a class="external" href="http://en.wikipedia.org/wiki/Gopal_Krishna_Gokhale" title="Gopal Krishna Gokhale">Gopal Krishna Gokhale</a></li>
	<li><a class="external" href="http://en.wikipedia.org/wiki/Terrence_Hardiman" title="Terrence Hardiman">Terrence Hardiman</a> as <a class="external" href="http://en.wikipedia.org/wiki/Ramsay_MacDonald" title="Ramsay MacDonald">Ramsay MacDonald</a></li>
	<li><a class="external" href="http://en.wikipedia.org/wiki/Om_Puri" title="Om Puri">Om Puri</a> as Nahari</li>
	<li><a class="external" href="http://en.wikipedia.org/wiki/Bernard_Hill" title="Bernard Hill">Bernard Hill</a> as Sergeant Putnam</li>
	<li><a class="external" href="http://en.wikipedia.org/wiki/Daniel_Day-Lewis" title="Daniel Day-Lewis">Daniel Day-Lewis</a> as Colin, a young man who insults Gandhi and Andrews</li>
	<li><a class="external" href="http://en.wikipedia.org/wiki/John_Ratzenberger" title="John Ratzenberger">John Ratzenberger</a> as American Lt. Driver for Bourke-White</li>
      </ul>
      <h2 xmlns="http://www.w3.org/1999/xhtml"> <span class="mw-headline" id="Precursors_and_achievement">Precursors and achievement</span></h2>
      <p xmlns="http://www.w3.org/1999/xhtml">This film had been Richard Attenborough's dream project, although two previous attempts at filming had failed. In 1952, <a class="external" href="http://en.wikipedia.org/wiki/Gabriel_Pascal" title="Gabriel Pascal">Gabriel Pascal</a> secured an agreement with the Prime Minister of India (<a class="external" href="http://en.wikipedia.org/wiki/Jawaharlal_Nehru" title="Jawaharlal Nehru">Pandit Nehru</a>) to produce a film of Gandhi's life. However, Pascal died in 1954 before preparations were completed.</p>
      <p xmlns="http://www.w3.org/1999/xhtml">Later <a class="external" href="http://en.wikipedia.org/wiki/David_Lean" title="David Lean">David Lean</a> and <a class="external" href="http://en.wikipedia.org/wiki/Sam_Spiegel" title="Sam Spiegel">Sam Spiegel</a> planned to make a film about Gandhi after completing <i><a class="external" href="http://en.wikipedia.org/wiki/The_Bridge_on_the_River_Kwai" title="The Bridge on the River Kwai">The Bridge on the River Kwai</a></i> (1957), reportedly with <a class="external" href="http://en.wikipedia.org/wiki/Alec_Guinness" title="Alec Guinness">Alec Guinness</a> as Gandhi. Ultimately, the project was abandoned in favour of <i><a class="external" href="http://en.wikipedia.org/wiki/Lawrence_of_Arabia_(film)" title="Lawrence of Arabia (film)">Lawrence of Arabia</a></i> (1962). It was only when co-producer, Rani Dube persuaded Nehru's daughter, Prime Minister <a class="external" href="http://en.wikipedia.org/wiki/Indira_Gandhi" title="Indira Gandhi">Indira Gandhi</a>, to provide the first $10 million from the India Government on the back of which the rest of the film's funds were raised that the film became possible.</p>
      <h2 xmlns="http://www.w3.org/1999/xhtml"> <span class="mw-headline" id="Critical_response">Critical response</span></h2>
      <p xmlns="http://www.w3.org/1999/xhtml">Reviews were broadly positive. Many years later the movie received an 85% "fresh" rating on the <a class="external" href="http://en.wikipedia.org/wiki/Rotten_Tomatoes" title="Rotten Tomatoes">Rotten Tomatoes</a> website. Ben Kingsley's performance was especially praised. Historian <a class="external" href="http://en.wikipedia.org/wiki/Lawrence_James" title="Lawrence James">Lawrence James</a> was one of the few who took a more negative view of the film.</p>
      <h2 xmlns="http://www.w3.org/1999/xhtml"> <span class="mw-headline" id="See_also">See also</span></h2>
      <ul xmlns="http://www.w3.org/1999/xhtml">
	<li><a class="external" href="http://en.wikipedia.org/wiki/BFI_Top_100_British_films" title="BFI Top 100 British films">BFI Top 100 British films</a></li>
      </ul>
      <h2 xmlns="http://www.w3.org/1999/xhtml"> <span class="mw-headline" id="References">References</span></h2>
      <h2 xmlns="http://www.w3.org/1999/xhtml"> <span class="mw-headline" id="External_links">External links</span></h2>
      <ul xmlns="http://www.w3.org/1999/xhtml">
	<li><a href="http://www.imdb.com/title/tt0083987/" rel="nofollow"><i>Gandhi</i></a> at the <a class="external" href="http://en.wikipedia.org/wiki/Internet_Movie_Database" title="Internet Movie Database">Internet Movie Database</a></li>
	<li><a href="http://www.allmovie.com/work/19191" rel="nofollow"><i>Gandhi</i></a> at <a class="external" href="http://en.wikipedia.org/wiki/Allmovie" title="Allmovie">Allmovie</a></li>
	<li><a href="http://www.rottentomatoes.com/m/gandhi/" rel="nofollow"><i>Gandhi</i></a> at <a class="external" href="http://en.wikipedia.org/wiki/Rotten_Tomatoes" title="Rotten Tomatoes">Rotten Tomatoes</a></li>
	<li><a href="http://www.articlemyriad.com/108.htm" rel="nofollow">Summary, analysis, and review of <i>Gandhi</i></a></li>
	<li><a href="http://www.americanrhetoric.com/moviespeeches.htm" rel="nofollow">4 Speeches from Movie in Text, Audio, Video</a> from AmericanRhetoric.com</li>
	<li><a href="http://www.movie-list.com/trailers.php?id=gandhi" rel="nofollow">Trailer of the movie</a></li>
	<li><a href="http://sfy.ru/sfy.html?script=gandhi" rel="nofollow">Movie script</a></li>
	<li><a href="http://www.bafta.org/archive/gallery-gandhi-25-years-on,13,GAL.html" rel="nofollow">Gallery of photos from the set of <i>Gandhi</i></a></li>
	<li><a href="http://www.bafta.org/learning/webcasts/gandhi-25-years-on,199,BA.html" rel="nofollow"><i>Gandhi</i> 25 Year Reunion</a>, filmed <a class="external" href="http://en.wikipedia.org/wiki/BAFTA" title="BAFTA">BAFTA</a> event with cast and crew (3 December 2007)</li>
      </ul>
    </wiki:description>
  </wiki:film>
</wiki:nominee>