<?xml version="1.0" encoding="UTF-8"?>
<wiki:nominee year="1986" span="1" winner="false" award="supporting-actress" xmlns:wiki="http://marklogic.com/wikipedia">
  <!--
                            Copyright (c) 2010 MarkLogic Corporation.
                            Permission is granted to copy, distribute and/or modify this document
                            under the terms of the GNU Free Documentation License, Version 1.2
                            or any later version published by the Free Software Foundation;
                            with no Invariant Sections, no Front-Cover Texts, and no Back-Cover Texts.
                            A copy of the license is included in the section entitled "GNU
                            Free Documentation License"
                            
                            Content derived from http://en.wikipedia.org/wiki/Crimes_of_the_Heart_(film) and http://en.wikipedia.org/wiki/Tess_Harper
                            Modified in May 2009 by Mark Logic Corporation under the terms of the GNU Free Documentation License.
                        -->
  <wiki:name link="/wiki/Tess_Harper">Tess Harper</wiki:name>
  <wiki:person link="/wiki/Tess_Harper" name="Tess Harper">
    <wiki:oscar year="1986" span="1" winner="false" award="supporting-actress" film-link="/wiki/Crimes_of_the_Heart_(film)" film-title="Crimes of the Heart"/>
    <wiki:birth>
      <wiki:date>1950-08-15</wiki:date>
      <wiki:place>
	<wiki:primary link="/wiki/Mammoth_Spring,_Arkansas">Mammoth Spring</wiki:primary>
	<wiki:secondary link="/wiki/Arkansas">Arkansas</wiki:secondary>
      <enrich><woeid xmlns="http://where.yahooapis.com/v1/schema.rng">12587619</woeid><placeTypeName code="9" xmlns="http://where.yahooapis.com/v1/schema.rng">County</placeTypeName><name xmlns="http://where.yahooapis.com/v1/schema.rng">Fulton</name><country code="US" type="Country" xmlns="http://where.yahooapis.com/v1/schema.rng">United States</country><admin1 code="US-AR" type="State" xmlns="http://where.yahooapis.com/v1/schema.rng">Arkansas</admin1><admin2 code="" type="County" xmlns="http://where.yahooapis.com/v1/schema.rng">Fulton</admin2><admin3 xmlns="http://where.yahooapis.com/v1/schema.rng"/><locality1 xmlns="http://where.yahooapis.com/v1/schema.rng"/><locality2 xmlns="http://where.yahooapis.com/v1/schema.rng"/><postal xmlns="http://where.yahooapis.com/v1/schema.rng"/><centroid xmlns="http://where.yahooapis.com/v1/schema.rng"><latitude>36.374828</latitude><longitude>-91.804573</longitude></centroid><boundingBox xmlns="http://where.yahooapis.com/v1/schema.rng"><southWest><latitude>36.250050</latitude><longitude>-92.159210</longitude></southWest><northEast><latitude>36.499599</latitude><longitude>-91.449928</longitude></northEast></boundingBox><areaRank xmlns="http://where.yahooapis.com/v1/schema.rng">7</areaRank><popRank xmlns="http://where.yahooapis.com/v1/schema.rng">0</popRank></enrich></wiki:place>
    </wiki:birth>
    <wiki:description>
      <wiki:abstract>
	<p xmlns="http://www.w3.org/1999/xhtml"><b>Tess Harper</b> (born August 15, 1950) is an <a class="external" href="http://en.wikipedia.org/wiki/United_States" title="United States">American</a> <a class="external" href="http://en.wikipedia.org/wiki/Actor" title="Actor">actress</a>.</p>
	<h2 xmlns="http://www.w3.org/1999/xhtml"> <span class="mw-headline" id="Early_life">Early life</span></h2>
	<p xmlns="http://www.w3.org/1999/xhtml">Tess Harper was born with the name Tessie Jean Washam on August 15, 1950 in <a class="external" href="http://en.wikipedia.org/wiki/Mammoth_Spring,_Arkansas" title="Mammoth Spring, Arkansas">Mammoth Spring, Arkansas</a>. Her parents' names are Ed and Rosemary Washam. She grew up around lots of quilts and quilt makers. On her own time, she liked to sit on the porch-swing and read. She graduated from high school in 1968.</p>
	<h2 xmlns="http://www.w3.org/1999/xhtml"> <span class="mw-headline" id="Career">Career</span></h2>
	<p xmlns="http://www.w3.org/1999/xhtml">Tess Harper began acting in theater production and appearances in theme parks, dinner theatres and children's theatre. She was performing theater in <a class="external" href="http://en.wikipedia.org/wiki/Texas" title="Texas">Texas</a> when she attended a casting call for a minor female role in the film <i><a class="external" href="http://en.wikipedia.org/wiki/Tender_Mercies" title="Tender Mercies">Tender Mercies</a></i>. <a class="external" href="http://en.wikipedia.org/wiki/Film_director" title="Film director">Director</a> <a class="external" href="http://en.wikipedia.org/wiki/Bruce_Beresford" title="Bruce Beresford">Bruce Beresford</a> was impressed with Harper and cast her instead in the lead female role of Rosa Lee, the young widow and mother who marries <a class="external" href="http://en.wikipedia.org/wiki/Country_music" title="Country music">country singer</a> Mac Sledge. Beresford said the previous actress who auditioned for the role brought to it a sophistication and worldliness inappropriate for the part, whereas Harper brought a kind of rural quality without coming across as simple or foolish. Beresford said of Harper, "She walked into the room and even before she spoke, I thought, 'That's the girl to play the lead.'"</p>
	<p xmlns="http://www.w3.org/1999/xhtml"><i>Tender Mercies</i> was Harper's feature film debut. Harper said she was so excited about the role that she literally bit her script just to make sure it was real, and was so nervous that during her first take she feared the filmmakers would "come to their senses and say, 'We're sorry, we made a terrible mistake.'" Actor <a class="external" href="http://en.wikipedia.org/wiki/Robert_Duvall" title="Robert Duvall">Robert Duvall</a>, who played the lead role of Mac Sledge, did his best to help Harper in her first film role. During one scene in which Mac Sledge and Rosa Lee were fighting, Duvall yelled at a <a class="external" href="http://en.wikipedia.org/wiki/Make-up_artist" title="Make-up artist">make-up artist</a> in front of Harper specifically to make her angry for the scene; Duvall apologized to the make-up artist after the scene was shot. After filming, Duvall said Harper did a very good job, and he felt her rural past in Arkansas helped her in the part. She earned a <a class="external" href="http://en.wikipedia.org/wiki/Golden_Globe_Award" title="Golden Globe Award">Golden Globe Award</a> nomination for the role. Duvall won the <a class="external" href="http://en.wikipedia.org/wiki/Academy_Award" title="Academy Award">Academy Award</a> for Best Actor for his performance.</p>
	<p xmlns="http://www.w3.org/1999/xhtml">Harper appeared in the TV mini-series <i>Chiefs</i> (1983) and <i>Celebrity</i> (1984), as well as many <a class="external" href="http://en.wikipedia.org/wiki/Television_movie" title="Television movie">television movies</a> including <i><a class="external" href="http://en.wikipedia.org/wiki/Starflight:_The_Plane_That_Couldn%27t_Land" title="Starflight: The Plane That Couldn't Land">Starflight: The Plane That Couldn't Land</a></i> (1983) and <i>Reckless Disregard</i> (1985). In 1983, she appeared in the full-length feature <i><a class="external" href="http://en.wikipedia.org/wiki/Silkwood" title="Silkwood">Silkwood</a></i>.</p>
	<p xmlns="http://www.w3.org/1999/xhtml">In 1986, Harper was nominated for the <a class="external" href="http://en.wikipedia.org/wiki/Academy_Award_for_Best_Supporting_Actress" title="Academy Award for Best Supporting Actress">Academy Award for Best Supporting Actress</a> for her work as Chick Boyle in <i><a class="external" href="http://en.wikipedia.org/wiki/Crimes_of_the_Heart_(film)" title="Crimes of the Heart (film)">Crimes of the Heart</a></i>. She would later play parts in such films as <i><a class="external" href="http://en.wikipedia.org/wiki/Ishtar_(film)" title="Ishtar (film)">Ishtar</a></i> (1987), <i>Far North</i> (1988), <i><a class="external" href="http://en.wikipedia.org/wiki/The_Man_in_the_Moon" title="The Man in the Moon">The Man in the Moon</a></i> (1991), <i><a class="external" href="http://en.wikipedia.org/wiki/The_Jackal_(film)" title="The Jackal (film)">The Jackal</a></i> (1997) and <i><a class="external" href="http://en.wikipedia.org/wiki/Loggerheads_(film)" title="Loggerheads (film)">Loggerheads</a></i> (2005). She also took part in <a class="external" href="http://en.wikipedia.org/wiki/Michael_Jackson" title="Michael Jackson">Michael Jackson's</a> <a class="external" href="http://en.wikipedia.org/wiki/Black_Or_White" title="Black Or White">Black Or White</a> (1991) musical minifilm.</p>
	<p xmlns="http://www.w3.org/1999/xhtml">Harper had a regular role in a <a class="external" href="http://en.wikipedia.org/wiki/CBS" title="CBS">CBS</a> <a class="external" href="http://en.wikipedia.org/wiki/Television_program" title="Television program">television series</a>, <i><a class="external" href="http://en.wikipedia.org/wiki/Christy_(TV_series)" title="Christy (TV series)">Christy</a></i>, from 1994-95. Her roles have frequently been that of a Southern lady, although she had worked to lose her <a class="external" href="http://en.wikipedia.org/wiki/Arkansas" title="Arkansas">Arkansas</a> accent. She also had a recurring role on another <a class="external" href="http://en.wikipedia.org/wiki/CBS" title="CBS">CBS</a> <a class="external" href="http://en.wikipedia.org/wiki/Television_program" title="Television program">television series</a>, <i><a class="external" href="http://en.wikipedia.org/wiki/Early_Edition" title="Early Edition">Early Edition</a></i>, from 1996-2000. She portrayed the mother of lead character Gary Hobsen. Harper shared a <a class="external" href="http://en.wikipedia.org/wiki/Screen_Actors_Guild_Awards" title="Screen Actors Guild Awards">Screen Actors Guild Award</a> (in the Best Ensemble Cast category) with her fellow cast members in the Oscar-winning film <i><a class="external" href="http://en.wikipedia.org/wiki/No_Country_for_Old_Men_(film)" title="No Country for Old Men (film)">No Country for Old Men</a></i>, in which she played the wife of <a class="external" href="http://en.wikipedia.org/wiki/Tommy_Lee_Jones" title="Tommy Lee Jones">Tommy Lee Jones</a>.</p>
      </wiki:abstract>
      <h2 xmlns="http://www.w3.org/1999/xhtml"> <span class="mw-headline" id="Filmography">Filmography</span></h2>
      <h2 xmlns="http://www.w3.org/1999/xhtml"> <span class="mw-headline" id="References">References</span></h2>
      <h2 xmlns="http://www.w3.org/1999/xhtml"> <span class="mw-headline" id="External_links">External links</span></h2>
      <ul xmlns="http://www.w3.org/1999/xhtml">
	<li><a href="http://www.imdb.com/name/nm0002128/" rel="nofollow">Tess Harper</a> at the <a class="external" href="http://en.wikipedia.org/wiki/Internet_Movie_Database" title="Internet Movie Database">Internet Movie Database</a></li>
      </ul>
    </wiki:description>
  </wiki:person>
  <wiki:film-title link="/wiki/Crimes_of_the_Heart_(film)">Crimes of the Heart</wiki:film-title>
  <wiki:film link="/wiki/Crimes_of_the_Heart_(film)" title="Crimes of the Heart">
    <wiki:oscar-ref year="1986" span="1" winner="false" award="supporting-actress" person-link="/wiki/Tess_Harper" person-name="Tess Harper"/>
    <wiki:producer link="/wiki/Freddie_Fields">Freddie Fields</wiki:producer>
    <wiki:director link="/wiki/Bruce_Beresford">Bruce Beresford</wiki:director>
    <wiki:writer link="/wiki/Beth_Henley">Beth Henley</wiki:writer>
    <wiki:distributor link="/wiki/De_Laurentiis_Entertainment_Group">De Laurentiis Entertainment Group</wiki:distributor>
    <wiki:starring link="/wiki/Jessica_Lange">Jessica Lange</wiki:starring>
    <wiki:starring link="/wiki/Sissy_Spacek">Sissy Spacek</wiki:starring>
    <wiki:starring link="/wiki/Diane_Keaton">Diane Keaton</wiki:starring>
    <wiki:starring link="/wiki/Sam_Shepard">Sam Shepard</wiki:starring>
    <wiki:starring link="/wiki/Tess_Harper">Tess Harper</wiki:starring>
    <wiki:description>
      <p xmlns="http://www.w3.org/1999/xhtml"><i><b>Crimes of the Heart</b></i> is a 1986 American <a class="external" href="http://en.wikipedia.org/wiki/Black_comedy" title="Black comedy">black comedy</a> <a class="external" href="http://en.wikipedia.org/wiki/Film" title="Film">film</a> directed by <a class="external" href="http://en.wikipedia.org/wiki/Bruce_Beresford" title="Bruce Beresford">Bruce Beresford</a>. The screenplay by <a class="external" href="http://en.wikipedia.org/wiki/Beth_Henley" title="Beth Henley">Beth Henley</a> is adapted from her <a class="external" href="http://en.wikipedia.org/wiki/Pulitzer_Prize_for_Drama" title="Pulitzer Prize for Drama">Pulitzer Prize</a>-winning <a class="external" href="http://en.wikipedia.org/wiki/Crimes_of_the_Heart" title="Crimes of the Heart">play of the same name</a>.</p>
      <h2 xmlns="http://www.w3.org/1999/xhtml"> <span class="mw-headline" id="Plot">Plot</span></h2>
      <p xmlns="http://www.w3.org/1999/xhtml">The story focuses on the Magrath sisters - Meg, Babe, and Lenny - who reunite at the family home in <a class="external" href="http://en.wikipedia.org/wiki/Hazlehurst,_Mississippi" title="Hazlehurst, Mississippi">Hazlehurst, Mississippi</a> after Babe shoots her abusive husband. The three were raised by Old Granddaddy after their mother hanged herself and the family cat and have been eccentric ever since. Lenny is a <a class="external" href="http://en.wikipedia.org/wiki/Wallflower_(people)" title="Wallflower (people)">wallflower</a> who bemoans her shriveled <a class="external" href="http://en.wikipedia.org/wiki/Ovary" title="Ovary">ovary</a>. <a class="external" href="http://en.wikipedia.org/wiki/Egocentrism" title="Egocentrism">Egocentric</a> Meg is a singer whose Hollywood career ended abruptly when she suffered a nervous breakdown. Unruly and impulsive Babe shocks her sisters with stories about her affair with a teenaged <a class="external" href="http://en.wikipedia.org/wiki/African_American" title="African American">black</a> boy. Past resentments bubble to the surface as the women are forced to deal with assorted relatives and previous relationships while coping with the latest incident that has disrupted their <a class="external" href="http://en.wikipedia.org/wiki/Dysfunctional_family" title="Dysfunctional family">dysfunctional</a> lives.</p>
      <h2 xmlns="http://www.w3.org/1999/xhtml"> <span class="mw-headline" id="Production">Production</span></h2>
      <p xmlns="http://www.w3.org/1999/xhtml">The film was shot in various <a class="external" href="http://en.wikipedia.org/wiki/North_Carolina" title="North Carolina">North Carolina</a> locations, including <a class="external" href="http://en.wikipedia.org/wiki/Caswell_Beach,_North_Carolina" title="Caswell Beach, North Carolina">Caswell Beach</a>, <a class="external" href="http://en.wikipedia.org/wiki/Southport,_North_Carolina" title="Southport, North Carolina">Southport</a>, <a class="external" href="http://en.wikipedia.org/wiki/Wilmington,_North_Carolina" title="Wilmington, North Carolina">Wilmington</a>, and <a class="external" href="http://en.wikipedia.org/wiki/Winnabow,_North_Carolina" title="Winnabow, North Carolina">Winnabow</a>.</p>
      <p xmlns="http://www.w3.org/1999/xhtml">The film opened on 246 screens in the US and earned $1,402,921 on its opening weekend. It eventually grossed $22,905,522 in the United States and Canada.</p>
      <h2 xmlns="http://www.w3.org/1999/xhtml"> <span class="mw-headline" id="Cast">Cast</span></h2>
      <ul xmlns="http://www.w3.org/1999/xhtml">
	<li><a class="external" href="http://en.wikipedia.org/wiki/Diane_Keaton" title="Diane Keaton">Diane Keaton</a> as Lenny Magrath</li>
	<li><a class="external" href="http://en.wikipedia.org/wiki/Jessica_Lange" title="Jessica Lange">Jessica Lange</a> as Meg Magrath</li>
	<li><a class="external" href="http://en.wikipedia.org/wiki/Sissy_Spacek" title="Sissy Spacek">Sissy Spacek</a> as Babe Magrath Botrelle</li>
	<li><a class="external" href="http://en.wikipedia.org/wiki/Sam_Shepard" title="Sam Shepard">Sam Shepard</a> as Doc Porter</li>
	<li><a class="external" href="http://en.wikipedia.org/wiki/Tess_Harper" title="Tess Harper">Tess Harper</a> as Chick Boyle</li>
	<li><a class="external" href="http://en.wikipedia.org/wiki/Hurd_Hatfield" title="Hurd Hatfield">Hurd Hatfield</a> as Old Granddaddy</li>
	<li><a class="external" href="http://en.wikipedia.org/wiki/Beeson_Carroll" title="Beeson Carroll">Beeson Carroll</a> as Zackery Botrelle</li>
      </ul>
      <h2 xmlns="http://www.w3.org/1999/xhtml"> <span class="mw-headline" id="Critical_reception">Critical reception</span></h2>
      <p xmlns="http://www.w3.org/1999/xhtml">The film received positive review among critics and fans. <a class="external" href="http://en.wikipedia.org/wiki/Roger_Ebert" title="Roger Ebert">Roger Ebert</a> of the <i><a class="external" href="http://en.wikipedia.org/wiki/Chicago_Sun-Times" title="Chicago Sun-Times">Chicago Sun-Times</a></i> called the film "that most delicate of undertakings: a comedy about serious matters. It exists somewhere between <a class="external" href="http://en.wikipedia.org/wiki/Parody" title="Parody">parody</a> and <a class="external" href="http://en.wikipedia.org/wiki/Melodrama" title="Melodrama">melodrama</a>, between the tragic and the goofy. There are moments when the movie doesn't seem to know where it's going, but for once that's a good thing because the uncertainty almost always ends with some kind of a delightful, weird surprise ... The underlying tone ... is a deep, abiding comic affection, a love for these characters who survive in the middle of a thicket of <a class="external" href="http://en.wikipedia.org/wiki/Southern_Gothic" title="Southern Gothic">Southern Gothic</a> <a class="external" href="http://en.wikipedia.org/wiki/Clich%C3%A9" title="ClichÃ©">clichÃ©s</a> and <a class="external" href="http://en.wikipedia.org/wiki/Archetype" title="Archetype">archetypes</a>." </p>
      <p xmlns="http://www.w3.org/1999/xhtml">Rita Kempley of the <i><a class="external" href="http://en.wikipedia.org/wiki/Washington_Post" title="Washington Post">Washington Post</a></i> described it as "<i><a class="external" href="http://en.wikipedia.org/wiki/Hannah_and_Her_Sisters" title="Hannah and Her Sisters">Hannah and Her Sisters</a></i> with a southern accent, a lilting gingerbread gothic with Diane Keaton, Sissie Spacek and Jessica Lange ding-a-linging harmoniously as <a class="external" href="http://en.wikipedia.org/wiki/Dixie" title="Dixie">Dixieland</a> belles" and added, "Playwright Beth Henley has no dire message for us, but her adaptation is nicely restructured, glib as all get-out and character-wise ... The powerhouse performances are directed by Bruce Beresford, who maintains balance among the actresses and keeps a lovely tone and smooth pace. As with his critically acclaimed <i><a class="external" href="http://en.wikipedia.org/wiki/Tender_Mercies" title="Tender Mercies">Tender Mercies</a></i>, the <a class="external" href="http://en.wikipedia.org/wiki/Australia" title="Australia">Australian</a> director again looks at American types with a fresh eye." </p>
      <h2 xmlns="http://www.w3.org/1999/xhtml"> <span class="mw-headline" id="Awards_and_nominations">Awards and nominations</span></h2>
      <p xmlns="http://www.w3.org/1999/xhtml">The film was nominated for the <a class="external" href="http://en.wikipedia.org/wiki/Golden_Globe_Award_for_Best_Motion_Picture_-_Musical_or_Comedy" title="Golden Globe Award for Best Motion Picture - Musical or Comedy">Golden Globe Award for Best Motion Picture - Musical or Comedy</a> but lost to <i>Hannah and Her Sisters</i>.</p>
      <p xmlns="http://www.w3.org/1999/xhtml">Sissy Spacek was nominated for the <a class="external" href="http://en.wikipedia.org/wiki/Academy_Award_for_Best_Actress" title="Academy Award for Best Actress">Academy Award for Best Actress</a>, won the <a class="external" href="http://en.wikipedia.org/wiki/Golden_Globe_Award_for_Best_Actress_-_Motion_Picture_Musical_or_Comedy" title="Golden Globe Award for Best Actress - Motion Picture Musical or Comedy">Golden Globe Award for Best Actress - Motion Picture Musical or Comedy</a>, and was named Best Actress by the <a class="external" href="http://en.wikipedia.org/wiki/Kansas_City_Film_Critics_Circle_Awards_1986" title="Kansas City Film Critics Circle Awards 1986">Kansas City Film Critics Circle</a> and the <a class="external" href="http://en.wikipedia.org/wiki/New_York_Film_Critics_Circle_Awards_1986" title="New York Film Critics Circle Awards 1986">New York Film Critics Circle</a>.</p>
      <p xmlns="http://www.w3.org/1999/xhtml">Tess Harper was nominated for the <a class="external" href="http://en.wikipedia.org/wiki/Academy_Award_for_Best_Supporting_Actress" title="Academy Award for Best Supporting Actress">Academy Award for Best Supporting Actress</a>, and Beth Henley was nominated for the <a class="external" href="http://en.wikipedia.org/wiki/Academy_Award_for_Writing_Adapted_Screenplay" title="Academy Award for Writing Adapted Screenplay">Academy Award for Best Adapted Screenplay</a>.</p>
      <h2 xmlns="http://www.w3.org/1999/xhtml"> <span class="mw-headline" id="See_also">See also</span></h2>
      <ul xmlns="http://www.w3.org/1999/xhtml">
	<li><a class="external" href="http://en.wikipedia.org/wiki/Beth_Henley" title="Beth Henley">Beth Henley</a></li>
	<li><a class="external" href="http://en.wikipedia.org/wiki/Southern_gothic" title="Southern gothic">Southern gothic</a></li>
	<li><a class="external" href="http://en.wikipedia.org/wiki/Black_comedy" title="Black comedy">Black comedy</a></li>
      </ul>
      <h2 xmlns="http://www.w3.org/1999/xhtml"> <span class="mw-headline" id="References">References</span></h2>
      <h2 xmlns="http://www.w3.org/1999/xhtml"> <span class="mw-headline" id="External_links">External links</span></h2>
      <ul xmlns="http://www.w3.org/1999/xhtml">
	<li><a href="http://www.imdb.com/title/tt0090886/" rel="nofollow"><i>Crimes of the Heart</i></a> at the <a class="external" href="http://en.wikipedia.org/wiki/Internet_Movie_Database" title="Internet Movie Database">Internet Movie Database</a></li>
      </ul>
    </wiki:description>
  </wiki:film>
</wiki:nominee>