<?xml version="1.0" encoding="UTF-8"?>
<wiki:nominee year="1990" span="1" winner="true" award="lead-actress" xmlns:wiki="http://marklogic.com/wikipedia">
  <!--
                            Copyright (c) 2010 MarkLogic Corporation.
                            Permission is granted to copy, distribute and/or modify this document
                            under the terms of the GNU Free Documentation License, Version 1.2
                            or any later version published by the Free Software Foundation;
                            with no Invariant Sections, no Front-Cover Texts, and no Back-Cover Texts.
                            A copy of the license is included in the section entitled "GNU
                            Free Documentation License"
                            
                            Content derived from http://en.wikipedia.org/wiki/Misery and http://en.wikipedia.org/wiki/Kathy_Bates
                            Modified in May 2009 by Mark Logic Corporation under the terms of the GNU Free Documentation License.
                        -->
  <wiki:name link="/wiki/Kathy_Bates">Kathy Bates</wiki:name>
  <wiki:person link="/wiki/Kathy_Bates" name="Kathy Bates">
    <wiki:oscar year="1990" span="1" winner="true" award="lead-actress" film-link="/wiki/Misery" film-title="Misery"/>
    <wiki:oscar year="1998" span="1" winner="false" award="supporting-actress" film-link="/wiki/Primary_Colors_(film)" film-title="Primary Colors"/>
    <wiki:oscar year="2002" span="1" winner="false" award="supporting-actress" film-link="/wiki/About_Schmidt" film-title="About Schmidt"/>
    <wiki:image link="http://upload.wikimedia.org/wikipedia/commons/thumb/a/ab/Kathybatesphoto_cropped.jpg/200px-Kathybatesphoto_cropped.jpg"/>
    <wiki:birth>
      <wiki:date>1948-06-28</wiki:date>
      <wiki:place>
	<wiki:primary link="/wiki/Memphis,_Tennessee">Memphis, Tennessee</wiki:primary>
	<wiki:secondary link=""/>
      <enrich><woeid xmlns="http://where.yahooapis.com/v1/schema.rng">12589990</woeid><placeTypeName code="9" xmlns="http://where.yahooapis.com/v1/schema.rng">County</placeTypeName><name xmlns="http://where.yahooapis.com/v1/schema.rng">Shelby</name><country code="US" type="Country" xmlns="http://where.yahooapis.com/v1/schema.rng">United States</country><admin1 code="US-TN" type="State" xmlns="http://where.yahooapis.com/v1/schema.rng">Tennessee</admin1><admin2 code="" type="County" xmlns="http://where.yahooapis.com/v1/schema.rng">Shelby</admin2><admin3 xmlns="http://where.yahooapis.com/v1/schema.rng"/><locality1 xmlns="http://where.yahooapis.com/v1/schema.rng"/><locality2 xmlns="http://where.yahooapis.com/v1/schema.rng"/><postal xmlns="http://where.yahooapis.com/v1/schema.rng"/><centroid xmlns="http://where.yahooapis.com/v1/schema.rng"><latitude>35.201950</latitude><longitude>-89.971626</longitude></centroid><boundingBox xmlns="http://where.yahooapis.com/v1/schema.rng"><southWest><latitude>34.994381</latitude><longitude>-90.310547</longitude></southWest><northEast><latitude>35.409519</latitude><longitude>-89.632713</longitude></northEast></boundingBox><areaRank xmlns="http://where.yahooapis.com/v1/schema.rng">7</areaRank><popRank xmlns="http://where.yahooapis.com/v1/schema.rng">0</popRank></enrich></wiki:place>
    </wiki:birth>
    <wiki:description>
      <p xmlns="http://www.w3.org/1999/xhtml"><b>Kathleen Doyle</b> "<b>Kathy</b>" <b>Bates</b> (born June 28, 1948) is an American actress and director.</p>
      <p xmlns="http://www.w3.org/1999/xhtml">After several small roles in film and television, Bates rose to prominence with her performance in <i><a class="external" href="http://en.wikipedia.org/wiki/Misery_(film)" title="Misery (film)">Misery</a></i> (1990), for which she won both the <a class="external" href="http://en.wikipedia.org/wiki/Academy_Award_for_Best_Actress" title="Academy Award for Best Actress">Academy Award for Best Actress</a> and a <a class="external" href="http://en.wikipedia.org/wiki/Golden_Globe_Award_for_Best_Actress_-_Motion_Picture_Drama" title="Golden Globe Award for Best Actress - Motion Picture Drama">Golden Globe</a>. She followed this with major roles in <i><a class="external" href="http://en.wikipedia.org/wiki/Fried_Green_Tomatoes_(film)" title="Fried Green Tomatoes (film)">Fried Green Tomatoes</a></i> (1991) and <i><a class="external" href="http://en.wikipedia.org/wiki/Dolores_Claiborne_(film)" title="Dolores Claiborne (film)">Dolores Claiborne</a></i> (1995), before playing a featured role as <a class="external" href="http://en.wikipedia.org/wiki/Margaret_Brown" title="Margaret Brown">Margaret "Molly" Brown</a> in <i><a class="external" href="http://en.wikipedia.org/wiki/Titanic_(1997_film)" title="Titanic (1997 film)">Titanic</a></i> (1997). During this time she began her directing career, primarily in television.</p>
      <p xmlns="http://www.w3.org/1999/xhtml">Bates received a <a class="external" href="http://en.wikipedia.org/wiki/Tony_Award" title="Tony Award">Tony Award</a> nomination for her 1983 performance in the Broadway play <i><a class="external" href="http://en.wikipedia.org/wiki/%27night,_Mother" title="'night, Mother">'night, Mother</a></i>. She won a <a class="external" href="http://en.wikipedia.org/wiki/Screen_Actors_Guild_Award_for_Outstanding_Performance_by_a_Female_Actor_in_a_Supporting_Role_-_Motion_Picture" title="Screen Actors Guild Award for Outstanding Performance by a Female Actor in a Supporting Role - Motion Picture">Screen Actors Guild Award</a> for her performance in <i><a class="external" href="http://en.wikipedia.org/wiki/Primary_Colors_(film)" title="Primary Colors (film)">Primary Colors</a></i> (1998), for which she also received an Academy Award nomination for <a class="external" href="http://en.wikipedia.org/wiki/Academy_Award_for_Best_Supporting_Actress" title="Academy Award for Best Supporting Actress">Best Supporting Actress</a>. She was also nominated for an Academy Award for Best Supporting Actress for <i><a class="external" href="http://en.wikipedia.org/wiki/About_Schmidt" title="About Schmidt">About Schmidt</a></i> (2002). Her television work has resulted in eight <a class="external" href="http://en.wikipedia.org/wiki/Emmy_Award" title="Emmy Award">Emmy Award</a> nominations.</p>
      <p xmlns="http://www.w3.org/1999/xhtml">Diagnosed with <a class="external" href="http://en.wikipedia.org/wiki/Ovarian_cancer" title="Ovarian cancer">ovarian cancer</a> in 2003, Bates has stated that she has made a full recovery.</p>
      <h2 xmlns="http://www.w3.org/1999/xhtml"> <span class="mw-headline" id="Early_life">Early life</span></h2>
      <p xmlns="http://www.w3.org/1999/xhtml">Bates was born in <a class="external" href="http://en.wikipedia.org/wiki/Memphis,_Tennessee" title="Memphis, Tennessee">Memphis, Tennessee</a>, the youngest of three daughters of Bertye Kathleen (<a class="external" href="http://en.wikipedia.org/wiki/Married_and_maiden_names" title="Married and maiden names">nÃ©e</a> Talbot), a homemaker, and Langdon Doyle Bates, a mechanical engineer. Her great-great-grandfather was an immigrant from <a class="external" href="http://en.wikipedia.org/wiki/Ireland" title="Ireland">Ireland</a> to <a class="external" href="http://en.wikipedia.org/wiki/New_Orleans" title="New Orleans">New Orleans</a> and served as President <a class="external" href="http://en.wikipedia.org/wiki/Andrew_Jackson" title="Andrew Jackson">Andrew Jackson</a>'s doctor. She graduated from <a class="external" href="http://en.wikipedia.org/wiki/White_Station_High_School" title="White Station High School">White Station High School</a>, and later attended <a class="external" href="http://en.wikipedia.org/wiki/Southern_Methodist_University" title="Southern Methodist University">Southern Methodist University</a>, where she majored in theatre, was a member of <a class="external" href="http://en.wikipedia.org/wiki/Alpha_Delta_Pi" title="Alpha Delta Pi">Alpha Delta Pi</a> sorority, and graduated in 1969. She moved to New York City in 1970 to pursue an acting career.</p>
      <h2 xmlns="http://www.w3.org/1999/xhtml"> <span class="mw-headline" id="Career">Career</span></h2>
      <p xmlns="http://www.w3.org/1999/xhtml">Her <a class="external" href="http://en.wikipedia.org/wiki/Broadway_theatre" title="Broadway theatre">Broadway</a> appearances include <a class="external" href="http://en.wikipedia.org/wiki/Lanford_Wilson" title="Lanford Wilson">Lanford Wilson</a>'s <i><a class="external" href="http://en.wikipedia.org/wiki/Fifth_of_July" title="Fifth of July">Fifth of July</a></i> and the <a class="external" href="http://en.wikipedia.org/wiki/Robert_Altman" title="Robert Altman">Robert Altman</a>-directed <i><a class="external" href="http://en.wikipedia.org/wiki/Come_Back_to_the_Five_and_Dime,_Jimmy_Dean,_Jimmy_Dean_(film)" title="Come Back to the Five and Dime, Jimmy Dean, Jimmy Dean (film)">Come Back to the Five and Dime, Jimmy Dean, Jimmy Dean</a></i> opposite <a class="external" href="http://en.wikipedia.org/wiki/Karen_Black" title="Karen Black">Karen Black</a> and <a class="external" href="http://en.wikipedia.org/wiki/Cher" title="Cher">Cher</a>. She received a <a class="external" href="http://en.wikipedia.org/wiki/Tony_Award" title="Tony Award">Tony Award</a> nomination in 1983 for her stage role in the <a class="external" href="http://en.wikipedia.org/wiki/Pulitzer_Prize" title="Pulitzer Prize">Pulitzer Prize</a>-winning play <i><a class="external" href="http://en.wikipedia.org/wiki/%27night,_Mother" title="'night, Mother">'night, Mother</a></i> opposite <a class="external" href="http://en.wikipedia.org/wiki/Anne_Pitoniak" title="Anne Pitoniak">Anne Pitoniak</a>. The production of <i><a class="external" href="http://en.wikipedia.org/wiki/%27night,_Mother" title="'night, Mother">'night, Mother</a></i> ran for more than a year. One of her other successful New York stage productions was, <a class="external" href="http://en.wikipedia.org/wiki/Off-Broadway" title="Off-Broadway">Off-Broadway</a>, in <a class="external" href="http://en.wikipedia.org/wiki/Terrence_McNally" title="Terrence McNally">Terrence McNally</a>'s <i><a class="external" href="http://en.wikipedia.org/wiki/Frankie_and_Johnny_in_the_Clair_de_Lune" title="Frankie and Johnny in the Clair de Lune">Frankie and Johnny in the Clair de Lune</a></i> which ran 533 performances. McNally specifically wrote the play for Bates and <a class="external" href="http://en.wikipedia.org/wiki/F._Murray_Abraham" title="F. Murray Abraham">F. Murray Abraham</a>, who had to drop out and was replaced by <a class="external" href="http://en.wikipedia.org/wiki/Kenneth_Welsh" title="Kenneth Welsh">Kenneth Welsh</a>. The play was later filmed as <i><a class="external" href="http://en.wikipedia.org/wiki/Frankie_and_Johnny_(1991_film)" title="Frankie and Johnny (1991 film)">Frankie and Johnny</a></i>, starring <a class="external" href="http://en.wikipedia.org/wiki/Al_Pacino" title="Al Pacino">Al Pacino</a> and <a class="external" href="http://en.wikipedia.org/wiki/Michelle_Pfeiffer" title="Michelle Pfeiffer">Michelle Pfeiffer</a>. She also replaced <a class="external" href="http://en.wikipedia.org/wiki/Amy_Irving" title="Amy Irving">Amy Irving</a> in the off-Broadway production of <i><a class="external" href="http://en.wikipedia.org/wiki/The_Road_to_Mecca" title="The Road to Mecca">The Road to Mecca</a></i> in 1988.</p>
      <p xmlns="http://www.w3.org/1999/xhtml">Bates's first feature film was the 1971 <a class="external" href="http://en.wikipedia.org/wiki/Milo%C5%A1_Forman" title="MiloÅ¡ Forman">MiloÅ¡ Forman</a> comedy <i><a class="external" href="http://en.wikipedia.org/wiki/Taking_Off_(film)" title="Taking Off (film)">Taking Off</a></i> (credited as "Bobo Bates"), wherein she sings an original song "Even Horses Had Wings." Bates's next feature was the 1978 <a class="external" href="http://en.wikipedia.org/wiki/Dustin_Hoffman" title="Dustin Hoffman">Dustin Hoffman</a> vehicle <i>Straight Time.</i> (In 1990, she would appear again with Hoffman in <a class="external" href="http://en.wikipedia.org/wiki/Warren_Beatty" title="Warren Beatty">Warren Beatty</a>'s <i><a class="external" href="http://en.wikipedia.org/wiki/Dick_Tracy_(1990_film)" title="Dick Tracy (1990 film)">Dick Tracy</a></i> as a stenographer.) Bates continued to appear in little-seen films such as <i>Summer Heat</i> and <i>The Morning After</i> while guest-starring in television shows such as <i><a class="external" href="http://en.wikipedia.org/wiki/L.A._Law" title="L.A. Law">L.A. Law</a></i> before landing the role of obsessed fan <a class="external" href="http://en.wikipedia.org/wiki/Annie_Wilkes" title="Annie Wilkes">Annie Wilkes</a>, who holds her favorite author (played by <a class="external" href="http://en.wikipedia.org/wiki/James_Caan_(actor)" title="James Caan (actor)">James Caan</a>) captive, in the 1990 thriller <i><a class="external" href="http://en.wikipedia.org/wiki/Misery_(film)" title="Misery (film)">Misery</a>.</i> Based on the novel of the same name by <a class="external" href="http://en.wikipedia.org/wiki/Stephen_King" title="Stephen King">Stephen King</a>, she received her first Academy Award nomination for that role, winning Best Actress. Soon after, she starred with <a class="external" href="http://en.wikipedia.org/wiki/Jessica_Tandy" title="Jessica Tandy">Jessica Tandy</a> in the acclaimed 1991 movie <i><a class="external" href="http://en.wikipedia.org/wiki/Fried_Green_Tomatoes_(film)" title="Fried Green Tomatoes (film)">Fried Green Tomatoes</a></i>.</p>
      <p xmlns="http://www.w3.org/1999/xhtml">In 1977, she made her soap opera debut as Phyllis on NBC's soap opera <i><a class="external" href="http://en.wikipedia.org/wiki/The_Doctors_(1963_TV_series)" title="The Doctors (1963 TV series)">The Doctors</a></i>. From 1983 to 1984, she played prison inmate Belle Bodelle on <i><a class="external" href="http://en.wikipedia.org/wiki/All_My_Children" title="All My Children">All My Children</a></i> and from 1984 to 1985, she played Evelyn Maddox on <i><a class="external" href="http://en.wikipedia.org/wiki/One_Life_To_Live" title="One Life To Live">One Life To Live</a></i>.</p>
      <p xmlns="http://www.w3.org/1999/xhtml">In 1995, she turned in another applauded portrayal as the title character in <i><a class="external" href="http://en.wikipedia.org/wiki/Dolores_Claiborne_(film)" title="Dolores Claiborne (film)">Dolores Claiborne</a>,</i> a film adaption of another Stephen King novel, although she was not nominated for an Oscar. In 1997, Bates played <a class="external" href="http://en.wikipedia.org/wiki/Margaret_Brown" title="Margaret Brown">Margaret "Molly" Brown</a> in <a class="external" href="http://en.wikipedia.org/wiki/James_Cameron" title="James Cameron">James Cameron</a>'s <i><a class="external" href="http://en.wikipedia.org/wiki/Titanic_(1997_film)" title="Titanic (1997 film)">Titanic</a></i>. Based on the 1912 sinking of the <a class="external" href="http://en.wikipedia.org/wiki/RMS_Titanic" title="RMS Titanic">RMS Titanic</a>, the film went on to earn more than <a class="external" href="http://en.wikipedia.org/wiki/United_States_dollar" title="United States dollar">$</a>1.8Â billion in box-office receipts worldwide.</p>
      <p xmlns="http://www.w3.org/1999/xhtml">Bates also excelled in her role as the acid-tongued "dustbuster" political advisor Libby Holden in the 1998 drama "<a class="external" href="http://en.wikipedia.org/wiki/Primary_Colors_(film)" title="Primary Colors (film)">Primary Colors</a>" which was adapted from the book in which political journalist <a class="external" href="http://en.wikipedia.org/wiki/Joe_Klein" title="Joe Klein">Joe Klein</a> recounted his experiences on the Presidential campaign trail in 1991â€“1992. For this performance, she received her second Academy Award nomination, for <a class="external" href="http://en.wikipedia.org/wiki/Academy_Award_for_Best_Supporting_Actress" title="Academy Award for Best Supporting Actress">Best Supporting Actress</a>, though she did not win. She was nominated again, in 2002, for <i><a class="external" href="http://en.wikipedia.org/wiki/About_Schmidt" title="About Schmidt">About Schmidt</a></i>, and did not win. More recently, she and <a class="external" href="http://en.wikipedia.org/wiki/Terry_Bradshaw" title="Terry Bradshaw">Terry Bradshaw</a> played the parents of <a class="external" href="http://en.wikipedia.org/wiki/Matthew_McConaughey" title="Matthew McConaughey">Matthew McConaughey</a>'s character in the 2006 film <i><a class="external" href="http://en.wikipedia.org/wiki/Failure_to_Launch" title="Failure to Launch">Failure to Launch</a></i>. Bates was also featured in an uncredited cameo in the miniseries of <a class="external" href="http://en.wikipedia.org/wiki/Stephen_King" title="Stephen King">Stephen King</a>'s <a class="external" href="http://en.wikipedia.org/wiki/The_Stand_(TV_miniseries)" title="The Stand (TV miniseries)">The Stand</a>.</p>
      <p xmlns="http://www.w3.org/1999/xhtml">Bates was nominated <a class="external" href="http://en.wikipedia.org/wiki/Emmy_Award" title="Emmy Award">Emmy Award</a> seven times: Outstanding actor in a Miniseries or a Movie, for her performance as <a class="external" href="http://en.wikipedia.org/wiki/Jay_Leno" title="Jay Leno">Jay Leno</a>'s manager <a class="external" href="http://en.wikipedia.org/wiki/Helen_Kushnick" title="Helen Kushnick">Helen Kushnick</a> in <a class="external" href="http://en.wikipedia.org/wiki/HBO" title="HBO">HBO</a>'s <a class="external" href="http://en.wikipedia.org/wiki/The_Late_Shift" title="The Late Shift">The Late Shift</a> (1996), and, twice again in the same category; as Miss Hannigan in Disney's remake of <i><a class="external" href="http://en.wikipedia.org/wiki/Annie_(film)" title="Annie (film)">Annie</a></i> (1999) and for the HBO <a class="external" href="http://en.wikipedia.org/wiki/Franklin_Roosevelt" title="Franklin Roosevelt">Franklin Roosevelt</a> biopic <i><a class="external" href="http://en.wikipedia.org/wiki/Warm_Springs_(film)" title="Warm Springs (film)">Warm Springs</a></i> (2005). She was nominated for Outstanding Lead Actress in a Miniseries or Movie for <a class="external" href="http://en.wikipedia.org/wiki/Lifetime_Television" title="Lifetime Television">Lifetime Television</a>'s <i><a class="external" href="http://en.wikipedia.org/wiki/Ambulance_Girl" title="Ambulance Girl">Ambulance Girl</a></i> (2006), which she also directed.</p>
      <p xmlns="http://www.w3.org/1999/xhtml">She appeared on 10 episodes of the HBO <a class="external" href="http://en.wikipedia.org/wiki/Cable_television" title="Cable television">cable television</a> series <i><a class="external" href="http://en.wikipedia.org/wiki/Six_Feet_Under_(TV_series)" title="Six Feet Under (TV series)">Six Feet Under</a></i> for which she received an <a class="external" href="http://en.wikipedia.org/wiki/Emmy_Award" title="Emmy Award">Emmy Award</a> nomination for Outstanding Guest Actress in a Drama Series, as Bettina, in 2003. She also was nominated for Outstanding Guest Actress in a Comedy Series for <i><a class="external" href="http://en.wikipedia.org/wiki/3rd_Rock_from_the_Sun" title="3rd Rock from the Sun">3rd Rock from the Sun</a></i> in 1999, the same year that she was nominated for Outstanding Directing in a Miniseries or Movie for the <a class="external" href="http://en.wikipedia.org/wiki/Dashiell_Hammett" title="Dashiell Hammett">Dashiell Hammett</a>-<a class="external" href="http://en.wikipedia.org/wiki/Lillian_Hellman" title="Lillian Hellman">Lillian Hellman</a> biopic <i>Dash &amp; Lilly</i>. She currently has a recurring guest role on the American version of <a class="external" href="http://en.wikipedia.org/wiki/The_Office_(U.S._TV_series)" title="The Office (U.S. TV series)">The Office</a> as Jo Bennet, the head executive of the company that buys Dunder Mifflin known as Sabre.</p>
      <p xmlns="http://www.w3.org/1999/xhtml">Starting in the 1990s, Bates forged a formidable career as a director. She has directed episodes of <i><a class="external" href="http://en.wikipedia.org/wiki/Homicide:_Life_on_the_Street" title="Homicide: Life on the Street">Homicide: Life on the Street</a></i>, <i><a class="external" href="http://en.wikipedia.org/wiki/NYPD_Blue" title="NYPD Blue">NYPD Blue</a></i>, <i><a class="external" href="http://en.wikipedia.org/wiki/Oz_(TV_series)" title="Oz (TV series)">Oz</a></i>, <i><a class="external" href="http://en.wikipedia.org/wiki/Six_Feet_Under_(TV_series)" title="Six Feet Under (TV series)">Six Feet Under</a></i>, and <i><a class="external" href="http://en.wikipedia.org/wiki/Everwood" title="Everwood">Everwood</a></i>. Bates has also directed the TV movies <i>Dash and Lilly</i> and the self-starring <i>Ambulance Girl</i>.</p>
      <p xmlns="http://www.w3.org/1999/xhtml">She directed and co-starred in <i>Have Mercy</i> (2006) with <a class="external" href="http://en.wikipedia.org/wiki/Melanie_Griffith" title="Melanie Griffith">Melanie Griffith</a>. In 2008, she re-teamed with her <i><a class="external" href="http://en.wikipedia.org/wiki/Titanic_(1997_film)" title="Titanic (1997 film)">Titanic</a></i> co-stars <a class="external" href="http://en.wikipedia.org/wiki/Leonardo_DiCaprio" title="Leonardo DiCaprio">Leonardo DiCaprio</a> and <a class="external" href="http://en.wikipedia.org/wiki/Kate_Winslet" title="Kate Winslet">Kate Winslet</a> in <i><a class="external" href="http://en.wikipedia.org/wiki/Revolutionary_Road_(film)" title="Revolutionary Road (film)">Revolutionary Road</a></i>.</p>
      <p xmlns="http://www.w3.org/1999/xhtml">Bates will star in <a class="external" href="http://en.wikipedia.org/wiki/David_E._Kelley" title="David E. Kelley">David E. Kelley</a>'s upcoming <a class="external" href="http://en.wikipedia.org/wiki/Legal_drama" title="Legal drama">legal drama</a> <i><a class="external" href="http://en.wikipedia.org/wiki/Harry%27s_Law" title="Harry's Law">Harry's Law</a></i>, which is expected to air on <a class="external" href="http://en.wikipedia.org/wiki/NBC" title="NBC">NBC</a> during the 2010â€“11 television season.</p>
      <h2 xmlns="http://www.w3.org/1999/xhtml"> <span class="mw-headline" id="Affiliations">Affiliations</span></h2>
      <p xmlns="http://www.w3.org/1999/xhtml">Bates is the Executive Committee Chair of the Actors Branch of the <a class="external" href="http://en.wikipedia.org/wiki/Academy_of_Motion_Picture_Arts_and_Sciences" title="Academy of Motion Picture Arts and Sciences">Academy of Motion Picture Arts and Sciences</a> Board of Governors.</p>
      <h2 xmlns="http://www.w3.org/1999/xhtml"> <span class="mw-headline" id="Awards">Awards</span></h2>
      <p xmlns="http://www.w3.org/1999/xhtml">At the <a class="external" href="http://en.wikipedia.org/wiki/63rd_Academy_Awards" title="63rd Academy Awards">63rd Academy Awards</a>, Kathy Bates won the Oscar for <a class="external" href="http://en.wikipedia.org/wiki/Academy_Award_for_Best_Actress" title="Academy Award for Best Actress">Best Actress</a> in the 1990 film, <i><a class="external" href="http://en.wikipedia.org/wiki/Misery_(film)" title="Misery (film)">Misery</a></i>, as well as a <a class="external" href="http://en.wikipedia.org/wiki/Golden_Globe" title="Golden Globe">Golden Globe</a> for Best Actress-Drama in the same role. Bates received a <a class="external" href="http://en.wikipedia.org/wiki/Tony_Award" title="Tony Award">Tony Award</a> nomination for her 1983 performance in the Broadway production, <i><a class="external" href="http://en.wikipedia.org/wiki/%27Night,_Mother" title="'Night, Mother">'Night, Mother</a></i>. She won a <a class="external" href="http://en.wikipedia.org/wiki/Screen_Actors_Guild_Award_for_Outstanding_Performance_by_a_Female_Actor_in_a_Supporting_Role_-_Motion_Picture" title="Screen Actors Guild Award for Outstanding Performance by a Female Actor in a Supporting Role - Motion Picture">Screen Actors Guild Award</a> for her performance in <i><a class="external" href="http://en.wikipedia.org/wiki/Primary_Colors_(film)" title="Primary Colors (film)">Primary Colors</a></i> (1998), for which she also received an Academy Award nomination for <a class="external" href="http://en.wikipedia.org/wiki/Academy_Award_for_Best_Supporting_Actress" title="Academy Award for Best Supporting Actress">Best Supporting Actress</a>. Bates won a SAG for the 1996 TV Movie <i>The Late Shift</i>. At the <a class="external" href="http://en.wikipedia.org/wiki/75th_Academy_Awards" title="75th Academy Awards">75th Academy Awards</a>, she was nominated for an Academy Award for Best Supporting Actress for the 2002 film, <i><a class="external" href="http://en.wikipedia.org/wiki/About_Schmidt" title="About Schmidt">About Schmidt</a></i>. Bates has also been nominated for eight <a class="external" href="http://en.wikipedia.org/wiki/Emmy_Awards" title="Emmy Awards">Emmy Awards</a>.</p>
      <h2 xmlns="http://www.w3.org/1999/xhtml"> <span class="mw-headline" id="Personal_life">Personal life</span></h2>
      <p xmlns="http://www.w3.org/1999/xhtml">Bates was diagnosed with <a class="external" href="http://en.wikipedia.org/wiki/Ovarian_cancer" title="Ovarian cancer">ovarian cancer</a> in 2003, but she did not reveal her illness to the general public until 2009. She stated she has been "in total remission" for over five and a half years, as of January 2009.</p>
      <h2 xmlns="http://www.w3.org/1999/xhtml"> <span class="mw-headline" id="Filmography">Filmography</span></h2>
      <h2 xmlns="http://www.w3.org/1999/xhtml"> <span class="mw-headline" id="References">References</span></h2>
      <h2 xmlns="http://www.w3.org/1999/xhtml"> <span class="mw-headline" id="External_links">External links</span></h2>
      <ul xmlns="http://www.w3.org/1999/xhtml">
	<li><a href="http://www.imdb.com/name/nm0000870/" rel="nofollow">Kathy Bates</a> at the <a class="external" href="http://en.wikipedia.org/wiki/Internet_Movie_Database" title="Internet Movie Database">Internet Movie Database</a></li>
	<li><a href="http://www.allmovie.com/artist/4516" rel="nofollow">Kathy Bates</a> at <a class="external" href="http://en.wikipedia.org/wiki/Allmovie" title="Allmovie">Allmovie</a></li>
	<li><a href="http://movies.yahoo.com/movie/contributor/1800024073" rel="nofollow">Kathy Bates</a> at <a class="external" href="http://en.wikipedia.org/wiki/Yahoo!_Movies" title="Yahoo! Movies">Yahoo! Movies</a></li>
	<li><a href="http://www.ibdb.com/person.asp?ID=31263" rel="nofollow">Kathy Bates</a> at the <a class="external" href="http://en.wikipedia.org/wiki/Internet_Broadway_Database" title="Internet Broadway Database">Internet Broadway Database</a></li>
	<li><a href="http://www.lortel.org/LLA_archive/index.cfm?search_by=people&amp;first=Kathy&amp;last=Bates&amp;middle=" rel="nofollow">Kathy Bates</a> at the <a class="external" href="http://en.wikipedia.org/wiki/Lortel_Archives" title="Lortel Archives">Internet Off-Broadway Database</a></li>
      </ul>
    </wiki:description>
  </wiki:person>
  <wiki:film-title link="/wiki/Misery">Misery</wiki:film-title>
  <wiki:film link="/wiki/Misery" title="Misery">
    <wiki:oscar-ref year="1990" span="1" winner="true" award="lead-actress" person-link="/wiki/Kathy_Bates" person-name="Kathy Bates"/>
    <wiki:description>
      <p xmlns="http://www.w3.org/1999/xhtml"><b>Misery</b> is a feeling of great unhappiness, suffering and/or pain.</p>
      <p xmlns="http://www.w3.org/1999/xhtml"><b>Misery</b> may also refer to:</p>
      <p xmlns="http://www.w3.org/1999/xhtml">In <b>entertainment</b>:</p>
      <ul xmlns="http://www.w3.org/1999/xhtml">
	<li><a class="external" href="http://en.wikipedia.org/wiki/Misery_(novel)" title="Misery (novel)"><i>Misery</i> (novel)</a>, a novel by Stephen King
<ul>
	    <li><a class="external" href="http://en.wikipedia.org/wiki/Misery_(film)" title="Misery (film)"><i>Misery</i> (film)</a>, a film based on the novel</li>
	    <li><a class="external" href="http://en.wikipedia.org/wiki/Misery_(play)" title="Misery (play)"><i>Misery</i> (play)</a>, a play based on the novel</li>
	  </ul>
</li>
	<li>Misery, an enemy character in the game <i><a class="external" href="http://en.wikipedia.org/wiki/Cave_Story" title="Cave Story">Cave Story</a></i></li>
	<li>Misery, a character in the television series <i><a class="external" href="http://en.wikipedia.org/wiki/Ruby_Gloom" title="Ruby Gloom">Ruby Gloom</a></i></li>
      </ul>
      <p xmlns="http://www.w3.org/1999/xhtml"><b>Places</b></p>
      <ul xmlns="http://www.w3.org/1999/xhtml">
	<li><a class="external" href="http://en.wikipedia.org/wiki/Misery,_Somme" title="Misery, Somme">Misery, Somme</a>, a commune of the Somme <i><span lang="fr" xml:lang="fr">dÃ©partement</span></i>, in France</li>
	<li><a class="external" href="http://en.wikipedia.org/wiki/Mount_Misery" title="Mount Misery">Mount Misery</a></li>
      </ul>
      <p xmlns="http://www.w3.org/1999/xhtml">In <b>music</b>:</p>
      <ul xmlns="http://www.w3.org/1999/xhtml">
	<li><a class="external" href="http://en.wikipedia.org/wiki/Misery_(Australian_band)" title="Misery (Australian band)">Misery (Australian band)</a>, a death metal band from Brisbane, Australia</li>
	<li><a class="external" href="http://en.wikipedia.org/wiki/Misery_(The_Beatles_song)" title="Misery (The Beatles song)">"Misery" (The Beatles song)</a>, a song by The Beatles from their 1963 album <i>Please Please Me</i></li>
	<li><a class="external" href="http://en.wikipedia.org/wiki/Misery_(Hide_song)" title="Misery (Hide song)">"Misery" (Hide song)</a>, a 1996 song by Hide</li>
	<li>"Misery", a song by Gallows from their 2009 album <i><a class="external" href="http://en.wikipedia.org/wiki/Grey_Britain" title="Grey Britain">Grey Britain</a></i></li>
	<li>"Misery", a song by Green Day from their 2000 album <i><a class="external" href="http://en.wikipedia.org/wiki/Warning_(Green_Day_album)" title="Warning (Green Day album)">Warning</a></i></li>
	<li>"Misery", a song by BoDeans from their 1986 album <i><a class="external" href="http://en.wikipedia.org/wiki/Love_%26_Hope_%26_Sex_%26_Dreams" title="Love &amp; Hope &amp; Sex &amp; Dreams">Love &amp; Hope &amp; Sex &amp; Dreams</a></i></li>
	<li><a class="external" href="http://en.wikipedia.org/wiki/Misery_(Good_Charlotte_song)" title="Misery (Good Charlotte song)">"Misery" (Good Charlotte song)</a>, a song by Good Charlotte from their 2007 album <i>Good Morning Revival</i></li>
	<li>"Misery", a song by HAM from their 1989 album <i><a class="external" href="http://en.wikipedia.org/wiki/Buffalo_Virgin" title="Buffalo Virgin">Buffalo Virgin</a></i></li>
	<li><a class="external" href="http://en.wikipedia.org/wiki/Misery_(Maroon_5_song)" title="Misery (Maroon 5 song)">"Misery" (Maroon 5 song)</a>, from their 2010 album <i>Hands All Over</i></li>
	<li>"Misery", a song by Jonathan Kelly's Outside from their 1974 album <i><a class="external" href="http://en.wikipedia.org/wiki/Waiting_On_You" title="Waiting On You">Waiting On You</a></i></li>
	<li>"Misery", a song by <a class="external" href="http://en.wikipedia.org/wiki/Oppera" title="Oppera">Oppera</a> from their 2004 album <i>Violince</i></li>
	<li>"Misery", a song by Pink from her 2001 album <i><a class="external" href="http://en.wikipedia.org/wiki/Missundaztood" title="Missundaztood">Missundaztood</a></i></li>
	<li><a class="external" href="http://en.wikipedia.org/wiki/Misery_(Soul_Asylum_song)" title="Misery (Soul Asylum song)">"Misery" (Soul Asylum song)</a>, a song by Soul Asylum from their 1995 album <i>Let Your Dim Light Shine</i></li>
	<li>"Misery", a song by The Autumn Offering from their 2006 album <i><a class="external" href="http://en.wikipedia.org/wiki/Embrace_the_Gutter" title="Embrace the Gutter">Embrace the Gutter</a></i></li>
	<li>"Misery", a song by The Kinks from their 1979 album <i><a class="external" href="http://en.wikipedia.org/wiki/Low_Budget_(album)" title="Low Budget (album)">Low Budget</a></i></li>
	<li>"Misery", a song by Therapy? from their 1995 album <i><a class="external" href="http://en.wikipedia.org/wiki/Infernal_Love" title="Infernal Love">Infernal Love</a></i></li>
	<li>"Misery", a song by <a class="external" href="http://en.wikipedia.org/wiki/Trucks_(band)" title="Trucks (band)">Trucks</a> from their 2005 album <i>Six White Horses</i></li>
	<li>"Misery", a song by Velvet Acid Christ from their 2003 album <i><a class="external" href="http://en.wikipedia.org/wiki/Hex_Angel" title="Hex Angel">Hex Angel</a>: Utopia/Dystopia</i></li>
	<li>"Misery", a song by <a class="external" href="http://en.wikipedia.org/wiki/The_Moffatts" title="The Moffatts">The Moffatts</a> from their 1999 album <i>Chapter One: A New Beginning</i></li>
	<li>"<a class="external" href="http://en.wikipedia.org/wiki/Misery_Business" title="Misery Business">Misery Business</a>", a song by Paramore from their 2007 album <i>Riot!</i></li>
      </ul>
      <p xmlns="http://www.w3.org/1999/xhtml"><b>Other</b></p>
      <ul xmlns="http://www.w3.org/1999/xhtml">
	<li>Misery, a clothing, accessories and toys label associated with <a class="external" href="http://en.wikipedia.org/wiki/Illicit_Streetwear" title="Illicit Streetwear">Illicit Streetwear</a> from Auckland, New Zealand</li>
      </ul>
      <h2 xmlns="http://www.w3.org/1999/xhtml"> <span class="mw-headline" id="See_also">See also</span></h2>
      <ul xmlns="http://www.w3.org/1999/xhtml">
	<li><a class="external" href="http://en.wikipedia.org/wiki/Misery_Index_(disambiguation)" title="Misery Index (disambiguation)">Misery Index (disambiguation)</a></li>
	<li><a class="external" href="http://en.wikipedia.org/wiki/Sweet_Misery_(disambiguation)" title="Sweet Misery (disambiguation)">Sweet Misery (disambiguation)</a></li>
	<li><a class="external" href="http://en.wikipedia.org/wiki/Miser_(disambiguation)" title="Miser (disambiguation)">Miser (disambiguation)</a></li>
      </ul>
    </wiki:description>
  </wiki:film>
</wiki:nominee>