<?xml version="1.0" encoding="UTF-8"?>
<wiki:nominee year="1936" span="1" winner="true" award="best-picture" xmlns:wiki="http://marklogic.com/wikipedia">
  <!--
                            Copyright (c) 2010 MarkLogic Corporation.
                            Permission is granted to copy, distribute and/or modify this document
                            under the terms of the GNU Free Documentation License, Version 1.2
                            or any later version published by the Free Software Foundation;
                            with no Invariant Sections, no Front-Cover Texts, and no Back-Cover Texts.
                            A copy of the license is included in the section entitled "GNU
                            Free Documentation License"
                            
                            Content derived from http://en.wikipedia.org/wiki/The_Great_Ziegfeld
                            Modified in May 2009 by Mark Logic Corporation under the terms of the GNU Free Documentation License.
                        -->
  <wiki:film-title link="/wiki/The_Great_Ziegfeld">The Great Ziegfeld</wiki:film-title>
  <wiki:film link="/wiki/The_Great_Ziegfeld" title="The Great Ziegfeld">
    <wiki:oscar-ref year="1936" span="1" winner="true" award="lead-actress" person-link="/wiki/Luise_Rainer" person-name="Luise Rainer"/>
    <wiki:oscar-ref year="1936" span="1" winner="false" award="best-director" person-link="/wiki/Robert_Z._Leonard" person-name="Robert Z. Leonard"/>
    <wiki:oscar year="1936" span="1" winner="true" award="best-picture"/>
    <wiki:producer link="/wiki/Hunt_Stromberg">Hunt Stromberg</wiki:producer>
    <wiki:director link="/wiki/Robert_Z._Leonard">Robert Z. Leonard</wiki:director>
    <wiki:writer link="/wiki/William_Anthony_McGuire">William Anthony McGuire</wiki:writer>
    <wiki:distributor link="/wiki/Metro-Goldwyn-Mayer">Metro-Goldwyn-Mayer</wiki:distributor>
    <wiki:starring link="/wiki/William_Powell">William Powell</wiki:starring>
    <wiki:starring link="/wiki/Myrna_Loy">Myrna Loy</wiki:starring>
    <wiki:starring link="/wiki/Luise_Rainer">Luise Rainer</wiki:starring>
    <wiki:language link="/wiki/English_language">English</wiki:language>
    <wiki:description>
      <wiki:abstract>
	<p xmlns="http://www.w3.org/1999/xhtml"><i><b>The Great Ziegfeld</b></i> (<a class="external" href="http://en.wikipedia.org/wiki/1936_in_film" title="1936 in film">1936</a>) is a <a class="external" href="http://en.wikipedia.org/wiki/Musical_film" title="Musical film">musical film</a> produced by <a class="external" href="http://en.wikipedia.org/wiki/Metro-Goldwyn-Mayer" title="Metro-Goldwyn-Mayer">MGM</a>. A fictionalized biography of <a class="external" href="http://en.wikipedia.org/wiki/Florenz_Ziegfeld" title="Florenz Ziegfeld">Florenz Ziegfeld</a> from his show business beginnings to his death, it showcases a series of spectacular musical productions. The film includes original music by <a class="external" href="http://en.wikipedia.org/wiki/Walter_Donaldson" title="Walter Donaldson">Walter Donaldson</a> and <a class="external" href="http://en.wikipedia.org/wiki/Irving_Berlin" title="Irving Berlin">Irving Berlin</a>. Berlin's work was featured in the <i><a class="external" href="http://en.wikipedia.org/wiki/Ziegfeld_Follies" title="Ziegfeld Follies">Ziegfeld Follies</a></i> of 1918, 1919, and 1920.</p>
	<p xmlns="http://www.w3.org/1999/xhtml">The film, which premiered in <a class="external" href="http://en.wikipedia.org/wiki/Los_Angeles" title="Los Angeles">Los Angeles</a> at the elegant <a class="external" href="http://en.wikipedia.org/wiki/Carthay_Circle_Theatre" title="Carthay Circle Theatre">Carthay Circle Theatre</a>, was the first musical film in history for which one of its cast members won an <a class="external" href="http://en.wikipedia.org/wiki/Academy_Award" title="Academy Award">Academy Award</a> - <a class="external" href="http://en.wikipedia.org/wiki/Luise_Rainer" title="Luise Rainer">Luise Rainer</a> received the Best Actress Oscar for her portrayal of Ziegfeld's first wife, <a class="external" href="http://en.wikipedia.org/wiki/Anna_Held" title="Anna Held">Anna Held</a>.</p>
	<p xmlns="http://www.w3.org/1999/xhtml">Featured in the film are <a class="external" href="http://en.wikipedia.org/wiki/William_Powell" title="William Powell">William Powell</a> as Ziegfeld, <a class="external" href="http://en.wikipedia.org/wiki/Myrna_Loy" title="Myrna Loy">Myrna Loy</a> as <a class="external" href="http://en.wikipedia.org/wiki/Billie_Burke" title="Billie Burke">Billie Burke</a>, Luise Rainer, <a class="external" href="http://en.wikipedia.org/wiki/Nat_Pendleton" title="Nat Pendleton">Nat Pendleton</a>, and <a class="external" href="http://en.wikipedia.org/wiki/Frank_Morgan" title="Frank Morgan">Frank Morgan</a>. Real-life Ziegfeld performers <a class="external" href="http://en.wikipedia.org/wiki/Fanny_Brice" title="Fanny Brice">Fanny Brice</a> and <a class="external" href="http://en.wikipedia.org/wiki/Ray_Bolger" title="Ray Bolger">Ray Bolger</a> play themselves. <a class="external" href="http://en.wikipedia.org/wiki/Dennis_Morgan" title="Dennis Morgan">Dennis Morgan</a>, in an uncredited role, performed "A Pretty Girl Is Like a Melody" (dubbed by <a class="external" href="http://en.wikipedia.org/wiki/Allan_Jones_(actor)" title="Allan Jones (actor)">Allan Jones</a>).</p>
	<h2 xmlns="http://www.w3.org/1999/xhtml"> <span class="mw-headline" id="Plot">Plot</span></h2>
	<p xmlns="http://www.w3.org/1999/xhtml">The son of a highly respected music professor, Florenz "Flo" Ziegfeld, Jr. (<a class="external" href="http://en.wikipedia.org/wiki/William_Powell" title="William Powell">William Powell</a>) yearns to make his mark in show business. He begins by promoting <a class="external" href="http://en.wikipedia.org/wiki/Eugen_Sandow" title="Eugen Sandow">Eugen Sandow</a> (Nat Pendleton), the "world's strongest man", at the <a class="external" href="http://en.wikipedia.org/wiki/World%27s_Columbian_Exposition" title="World's Columbian Exposition">1893 Chicago World's Fair</a>, overcoming the competition of rival Billings (<a class="external" href="http://en.wikipedia.org/wiki/Frank_Morgan" title="Frank Morgan">Frank Morgan</a>) and his popular attraction, belly dancer <a class="external" href="http://en.wikipedia.org/wiki/Little_Egypt_(dancer)#Farida_Mazar_Spyropoulos" title="Little Egypt (dancer)">Little Egypt</a>, with savvy marketing (allowing women to feel Sandow's muscles).</p>
	<p xmlns="http://www.w3.org/1999/xhtml">Later, on an ocean liner to England, Flo runs into Billings again and discovers that he is on his way to sign a beautiful French star, Anna Held (<a class="external" href="http://en.wikipedia.org/wiki/Luise_Rainer" title="Luise Rainer">Luise Rainer</a>), to a contract. Despite losing all his money gambling at <a class="external" href="http://en.wikipedia.org/wiki/Monte_Carlo" title="Monte Carlo">Monte Carlo</a>, Flo charms Anna into signing with him instead.</p>
      </wiki:abstract>
      <p xmlns="http://www.w3.org/1999/xhtml">However, one success is not enough for the showman. He has an idea for an entirely new kind of show, one that will "glorify" the American woman. Thus, the <i>Ziegfeld Follies</i> is born, a lavish production filled with beautiful women. This makes Anna very nervous, as she is still performing in her own show and will be unable to keep an eye on her husband. It is a smash hit, and is followed by more versions of the Follies. Soon Flo hires <a class="external" href="http://en.wikipedia.org/wiki/Fanny_Brice" title="Fanny Brice">Fanny Brice</a> (playing herself) away from <a class="external" href="http://en.wikipedia.org/wiki/Vaudeville" title="Vaudeville">vaudeville</a> and gives stagehand <a class="external" href="http://en.wikipedia.org/wiki/Ray_Bolger" title="Ray Bolger">Ray Bolger</a> (himself) his break as well.</p>
      <p xmlns="http://www.w3.org/1999/xhtml">He also tries to make a star out of Audrey Dane (<a class="external" href="http://en.wikipedia.org/wiki/Virginia_Bruce" title="Virginia Bruce">Virginia Bruce</a>), but alcoholism turns out to be her downfall. However, before then, Anna becomes jealous of the attention Flo pays to Audrey and gets a divorce. Afterward, Flo meets Broadway star Billie Burke (<a class="external" href="http://en.wikipedia.org/wiki/Myrna_Loy" title="Myrna Loy">Myrna Loy</a>) and marries her. When she hears the news, a heartbroken Anna telephones Flo and pretends to be glad for him. Flo and Billie eventually have daughter named Patricia.</p>
      <p xmlns="http://www.w3.org/1999/xhtml">Flo has more hits, but after a while, the public's taste changes, and people begin to wonder if the times have not passed him by. Stung, he vows to have <i>four</i> hits on Broadway at the same time. He achieves his goal, but then the <a class="external" href="http://en.wikipedia.org/wiki/Wall_Street_Crash_of_1929" title="Wall Street Crash of 1929">stock market crash of 1929</a> bankrupts him, forcing Billie to go back on the stage. Shaken by the reversal of his financial fortunes and the growing popularity of movies over live stage shows, he gazes one last time at the New York City skyline from his apartment before dying.</p>
      <h2 xmlns="http://www.w3.org/1999/xhtml"> <span class="mw-headline" id="Cast">Cast</span></h2>
      <ul xmlns="http://www.w3.org/1999/xhtml">
	<li><a class="external" href="http://en.wikipedia.org/wiki/William_Powell" title="William Powell">William Powell</a> as Florenz Ziegfeld, Jr.</li>
	<li><a class="external" href="http://en.wikipedia.org/wiki/Myrna_Loy" title="Myrna Loy">Myrna Loy</a> as Billie Burke</li>
	<li><a class="external" href="http://en.wikipedia.org/wiki/Luise_Rainer" title="Luise Rainer">Luise Rainer</a> as Anna Held</li>
	<li><a class="external" href="http://en.wikipedia.org/wiki/Frank_Morgan" title="Frank Morgan">Frank Morgan</a> as Jack Billings</li>
	<li><a class="external" href="http://en.wikipedia.org/wiki/Fanny_Brice" title="Fanny Brice">Fanny Brice</a> as Herself</li>
	<li><a class="external" href="http://en.wikipedia.org/wiki/Virginia_Bruce" title="Virginia Bruce">Virginia Bruce</a> as Audrey Dane</li>
	<li><a class="external" href="http://en.wikipedia.org/wiki/Reginald_Owen" title="Reginald Owen">Reginald Owen</a> as Sampson, Flo's frequently-nervous bookkeeper</li>
	<li><a class="external" href="http://en.wikipedia.org/wiki/Ray_Bolger" title="Ray Bolger">Ray Bolger</a> as Himself</li>
	<li><a class="external" href="http://en.wikipedia.org/wiki/Ernest_Cossart" title="Ernest Cossart">Ernest Cossart</a> as Sidney, Billing's valet, who is hired away by Flo</li>
	<li>Joseph Cawthorn as Dr. Ziegfeld (as Joseph Cawthorne)</li>
	<li><a class="external" href="http://en.wikipedia.org/wiki/Nat_Pendleton" title="Nat Pendleton">Nat Pendleton</a> as <a class="external" href="http://en.wikipedia.org/wiki/Eugen_Sandow" title="Eugen Sandow">Eugen Sandow</a></li>
	<li><a class="external" href="http://en.wikipedia.org/wiki/Harriet_Hoctor" title="Harriet Hoctor">Harriet Hoctor</a> as Herself</li>
	<li>Jean Chatburn as Mary Lou</li>
	<li>Paul Irving as Erlanger, Billing's later partner</li>
	<li><a class="external" href="http://en.wikipedia.org/wiki/Herman_Bing" title="Herman Bing">Herman Bing</a> as Costumer</li>
	<li>Buddy Doyle as <a class="external" href="http://en.wikipedia.org/wiki/Eddie_Cantor" title="Eddie Cantor">Eddie Cantor</a></li>
	<li>Also appearing uncredited is future First Lady <a class="external" href="http://en.wikipedia.org/wiki/Pat_Nixon" title="Pat Nixon">Pat Nixon</a> (as a Ziegfeld Girl).</li>
      </ul>
      <h2 xmlns="http://www.w3.org/1999/xhtml"> <span class="mw-headline" id="Inaccuracies">Inaccuracies</span></h2>
      <p xmlns="http://www.w3.org/1999/xhtml"><i>The Great Ziegfeld</i> takes many key liberties with Ziegfeld's life and with the history of the <i>Follies</i>. For instance, <a class="external" href="http://en.wikipedia.org/wiki/George_Gershwin" title="George Gershwin">George Gershwin</a>'s <i><a class="external" href="http://en.wikipedia.org/wiki/Rhapsody_in_Blue" title="Rhapsody in Blue">Rhapsody in Blue</a></i> was never featured in the <i>Follies</i>, and the number "Pretty Girl" was written for the 1919 <i>Follies</i>, not the first edition of the revue, as shown in the film.</p>
      <p xmlns="http://www.w3.org/1999/xhtml">The film also gives the impression that the successful original production of <i><a class="external" href="http://en.wikipedia.org/wiki/Show_Boat" title="Show Boat">Show Boat</a></i>, which Ziegfeld produced, closed because of the <a class="external" href="http://en.wikipedia.org/wiki/Great_Depression" title="Great Depression">Great Depression</a>, when in fact <i>Show Boat</i> ended its original 1927 run in the spring of 1929 (the stock market crash did not occur until October of that year). It was the 1932 revival of the show, not the original production, that was affected by the Depression.</p>
      <h2 xmlns="http://www.w3.org/1999/xhtml"> <span class="mw-headline" id="Awards">Awards</span></h2>
      <p xmlns="http://www.w3.org/1999/xhtml">The movie won three <a class="external" href="http://en.wikipedia.org/wiki/Academy_Awards" title="Academy Awards">Oscars</a>:</p>
      <ul xmlns="http://www.w3.org/1999/xhtml">
	<li><a class="external" href="http://en.wikipedia.org/wiki/Academy_Award_for_Best_Picture" title="Academy Award for Best Picture">Academy Award for Best Picture</a> - <a class="external" href="http://en.wikipedia.org/wiki/Metro-Goldwyn-Mayer" title="Metro-Goldwyn-Mayer">Metro-Goldwyn-Mayer</a> (<a class="external" href="http://en.wikipedia.org/wiki/Hunt_Stromberg" title="Hunt Stromberg">Hunt Stromberg</a>, producer)</li>
	<li><a class="external" href="http://en.wikipedia.org/wiki/Academy_Award_for_Best_Actress" title="Academy Award for Best Actress">Academy Award for Best Actress</a> - <a class="external" href="http://en.wikipedia.org/wiki/Luise_Rainer" title="Luise Rainer">Luise Rainer</a></li>
	<li><a class="external" href="http://en.wikipedia.org/wiki/Academy_Award_for_Best_Dance_Direction" title="Academy Award for Best Dance Direction">Academy Award for Best Dance Direction</a> - <a class="external" href="http://en.wikipedia.org/w/index.php?title=Seymour_Felix&amp;action=edit&amp;redlink=1" title="Seymour Felix (page does not exist)">Seymour Felix</a> - For "A Pretty Girl Is Like a Melody".</li>
      </ul>
      <ul xmlns="http://www.w3.org/1999/xhtml">
	<li><a class="external" href="http://en.wikipedia.org/wiki/Academy_Award_for_Best_Art_Direction" title="Academy Award for Best Art Direction">Academy Award for Best Art Direction</a> - <a class="external" href="http://en.wikipedia.org/wiki/Cedric_Gibbons" title="Cedric Gibbons">Cedric Gibbons</a>, <a class="external" href="http://en.wikipedia.org/wiki/Eddie_Imazu" title="Eddie Imazu">Eddie Imazu</a> and <a class="external" href="http://en.wikipedia.org/wiki/Edwin_B._Willis" title="Edwin B. Willis">Edwin B. Willis</a> (lost to <i><a class="external" href="http://en.wikipedia.org/wiki/Dodsworth_(film)" title="Dodsworth (film)">Dodsworth</a></i>)</li>
	<li><a class="external" href="http://en.wikipedia.org/wiki/Academy_Award_for_Directing" title="Academy Award for Directing">Academy Award for Directing</a> - <a class="external" href="http://en.wikipedia.org/wiki/Robert_Z._Leonard" title="Robert Z. Leonard">Robert Z. Leonard</a> (lost to <a class="external" href="http://en.wikipedia.org/wiki/Frank_Capra" title="Frank Capra">Frank Capra</a> for <i><a class="external" href="http://en.wikipedia.org/wiki/Mr._Deeds_Goes_to_Town" title="Mr. Deeds Goes to Town">Mr. Deeds Goes to Town</a></i>)</li>
	<li><a class="external" href="http://en.wikipedia.org/wiki/Academy_Award_for_Film_Editing" title="Academy Award for Film Editing">Academy Award for Film Editing</a> - <a class="external" href="http://en.wikipedia.org/wiki/William_S._Gray" title="William S. Gray">William S. Gray</a></li>
	<li><a class="external" href="http://en.wikipedia.org/wiki/Academy_Award_for_Writing_Original_Screenplay" title="Academy Award for Writing Original Screenplay">Academy Award for Writing Original Screenplay</a> - <a class="external" href="http://en.wikipedia.org/wiki/William_Anthony_McGuire" title="William Anthony McGuire">William Anthony McGuire</a></li>
      </ul>
      <h2 xmlns="http://www.w3.org/1999/xhtml"> <span class="mw-headline" id="References">References</span></h2>
      <h2 xmlns="http://www.w3.org/1999/xhtml"> <span class="mw-headline" id="External_links">External links</span></h2>
      <ul xmlns="http://www.w3.org/1999/xhtml">
	<li><a href="http://www.imdb.com/title/tt0027698/" rel="nofollow"><i>The Great Ziegfeld</i></a> at the <a class="external" href="http://en.wikipedia.org/wiki/Internet_Movie_Database" title="Internet Movie Database">Internet Movie Database</a></li>
	<li><a href="http://www.allmovie.com/work/20813" rel="nofollow"><i>The Great Ziegfeld</i></a> at <a class="external" href="http://en.wikipedia.org/wiki/Allmovie" title="Allmovie">Allmovie</a></li>
	<li><a href="http://tcmdb.com/title/title.jsp?stid=186" rel="nofollow"><i>The Great Ziegfeld</i></a> at the <a class="external" href="http://en.wikipedia.org/wiki/Turner_Classic_Movies" title="Turner Classic Movies">TCM Movie Database</a></li>
	<li><a href="http://www.rottentomatoes.com/m/great_ziegfeld/" rel="nofollow"><i>The Great Ziegfeld</i></a> at <a class="external" href="http://en.wikipedia.org/wiki/Rotten_Tomatoes" title="Rotten Tomatoes">Rotten Tomatoes</a></li>
      </ul>
    </wiki:description>
  </wiki:film>
</wiki:nominee>