<?xml version="1.0" encoding="UTF-8"?>
<wiki:nominee year="1980" span="1" winner="true" award="supporting-actor" xmlns:wiki="http://marklogic.com/wikipedia">
  <!--
                            Copyright (c) 2010 MarkLogic Corporation.
                            Permission is granted to copy, distribute and/or modify this document
                            under the terms of the GNU Free Documentation License, Version 1.2
                            or any later version published by the Free Software Foundation;
                            with no Invariant Sections, no Front-Cover Texts, and no Back-Cover Texts.
                            A copy of the license is included in the section entitled "GNU
                            Free Documentation License"
                            
                            Content derived from http://en.wikipedia.org/wiki/Ordinary_People and http://en.wikipedia.org/wiki/Timothy_Hutton
                            Modified in May 2009 by Mark Logic Corporation under the terms of the GNU Free Documentation License.
                        -->
  <wiki:name link="/wiki/Timothy_Hutton">Timothy Hutton</wiki:name>
  <wiki:person link="/wiki/Timothy_Hutton" name="Timothy Hutton">
    <wiki:oscar year="1980" span="1" winner="true" award="supporting-actor" film-link="/wiki/Ordinary_People" film-title="Ordinary People"/>
    <wiki:image link="http://upload.wikimedia.org/wikipedia/commons/thumb/6/68/Timothy_Hutton_%28Sundance_2006%29.jpg/220px-Timothy_Hutton_%28Sundance_2006%29.jpg"/>
    <wiki:birth>
      <wiki:date>1960-08-16</wiki:date>
      <wiki:place>
	<wiki:primary link="/wiki/Malibu,_California">Malibu, California</wiki:primary>
	<wiki:secondary link=""/>
      <enrich><woeid xmlns="http://where.yahooapis.com/v1/schema.rng">12587688</woeid><placeTypeName code="9" xmlns="http://where.yahooapis.com/v1/schema.rng">County</placeTypeName><name xmlns="http://where.yahooapis.com/v1/schema.rng">Los Angeles</name><country code="US" type="Country" xmlns="http://where.yahooapis.com/v1/schema.rng">United States</country><admin1 code="US-CA" type="State" xmlns="http://where.yahooapis.com/v1/schema.rng">California</admin1><admin2 code="" type="County" xmlns="http://where.yahooapis.com/v1/schema.rng">Los Angeles</admin2><admin3 xmlns="http://where.yahooapis.com/v1/schema.rng"/><locality1 xmlns="http://where.yahooapis.com/v1/schema.rng"/><locality2 xmlns="http://where.yahooapis.com/v1/schema.rng"/><postal xmlns="http://where.yahooapis.com/v1/schema.rng"/><centroid xmlns="http://where.yahooapis.com/v1/schema.rng"><latitude>34.263512</latitude><longitude>-118.295502</longitude></centroid><boundingBox xmlns="http://where.yahooapis.com/v1/schema.rng"><southWest><latitude>32.800701</latitude><longitude>-118.944817</longitude></southWest><northEast><latitude>34.823299</latitude><longitude>-117.646187</longitude></northEast></boundingBox><areaRank xmlns="http://where.yahooapis.com/v1/schema.rng">9</areaRank><popRank xmlns="http://where.yahooapis.com/v1/schema.rng">0</popRank></enrich></wiki:place>
    </wiki:birth>
    <wiki:description>
      <wiki:abstract>
	<p xmlns="http://www.w3.org/1999/xhtml"><b>Timothy Tarquin Hutton</b> (born August 16, 1960) is an American actor. He is the youngest actor to win the <a class="external" href="http://en.wikipedia.org/wiki/Academy_Award" title="Academy Award">Academy Award</a> for <a class="external" href="http://en.wikipedia.org/wiki/Academy_Award_for_Best_Supporting_Actor" title="Academy Award for Best Supporting Actor">Best Supporting Actor</a>, which he won at the age of 20 for his performance as Conrad Jarrett in <i><a class="external" href="http://en.wikipedia.org/wiki/Ordinary_People" title="Ordinary People">Ordinary People</a></i> (1980). He currently stars as Nathan "Nate" Ford on the <a class="external" href="http://en.wikipedia.org/wiki/Turner_Network_Television" title="Turner Network Television">TNT</a> series <i><a class="external" href="http://en.wikipedia.org/wiki/Leverage_(TV_series)" title="Leverage (TV series)">Leverage</a></i>.</p>
	<h2 xmlns="http://www.w3.org/1999/xhtml"> <span class="mw-headline" id="Early_life">Early life</span></h2>
	<p xmlns="http://www.w3.org/1999/xhtml">Timothy Hutton was born in <a class="external" href="http://en.wikipedia.org/wiki/Malibu,_California" title="Malibu, California">Malibu, California</a>. His father was actor <a class="external" href="http://en.wikipedia.org/wiki/Jim_Hutton" title="Jim Hutton">Jim Hutton</a>; his mother, Maryline Adams (<a class="external" href="http://en.wikipedia.org/wiki/Married_and_maiden_names" title="Married and maiden names">nÃ©e</a> Poole), was a teacher. His parents' marriage dissolved when Hutton was three years old, and his mother took him and his older sister with her to Boston. The family returned to California when Hutton was 12.</p>
	<p xmlns="http://www.w3.org/1999/xhtml">"A lot of people think that because my father was an actor, I come from this big show-business background", Hutton told <a class="external" href="http://en.wikipedia.org/wiki/Bruce_Alexander_Cook" title="Bruce Alexander Cook">Bruce Cook</a> of <i><a class="external" href="http://en.wikipedia.org/wiki/American_Film_Institute" title="American Film Institute">American Film</a></i> magazine in 1981. "But that's not how I grew up at all. My mother took us to <a class="external" href="http://en.wikipedia.org/wiki/Cambridge,_Massachusetts" title="Cambridge, Massachusetts">Cambridge</a> because she wanted to get her M.A. She wound up teaching in Connecticut, but the way she saw it, after awhile, if we all stayed there, my sister and I would just wind up as the proprietors of the local drugstore or something, so that was why she took us to <a class="external" href="http://en.wikipedia.org/wiki/Berkely,_California" title="Berkely, California">Berkeley</a> â€” to get us into the world, I guess. Now she's given up teaching and she's into printing miniature books."</p>
	<p xmlns="http://www.w3.org/1999/xhtml">When he was 16 Hutton sought out his father, living with him in Los Angeles while attending <a class="external" href="http://en.wikipedia.org/wiki/Fairfax_High_School_(Los_Angeles)" title="Fairfax High School (Los Angeles)">Fairfax High School</a>. There, while playing Nathan Detroit in a school production of <i><a class="external" href="http://en.wikipedia.org/wiki/Guys_and_Dolls_(musical)" title="Guys and Dolls (musical)">Guys and Dolls</a></i>, Hutton realized he wanted to become an actor. With encouragement from both of his parents, Hutton carefully built himself a career in television.</p>
	<h2 xmlns="http://www.w3.org/1999/xhtml"> <span class="mw-headline" id="Career">Career</span></h2>
	<p xmlns="http://www.w3.org/1999/xhtml">Timothy Hutton's career began with parts in several <a class="external" href="http://en.wikipedia.org/wiki/Television_movie" title="Television movie">television movies</a>, most notably the 1979 ABC TV film <i><a class="external" href="http://en.wikipedia.org/wiki/Friendly_Fire_(1979_film)" title="Friendly Fire (1979 film)">Friendly Fire</a></i>. That year, he also played the son of <a class="external" href="http://en.wikipedia.org/wiki/Donna_Reed" title="Donna Reed">Donna Reed</a> in the <a class="external" href="http://en.wikipedia.org/wiki/Ross_Hunter" title="Ross Hunter">Ross Hunter</a> NBC television film, <i><a class="external" href="http://en.wikipedia.org/w/index.php?title=The_Best_Place_To_Be&amp;action=edit&amp;redlink=1" title="The Best Place To Be (page does not exist)">The Best Place To Be</a></i>. Hutton then made two CBS made-for TV films in 1980 - <i><a class="external" href="http://en.wikipedia.org/w/index.php?title=Young_Love,_First_Love&amp;action=edit&amp;redlink=1" title="Young Love, First Love (page does not exist)">Young Love, First Love</a></i> with <a class="external" href="http://en.wikipedia.org/wiki/Valerie_Bertinelli" title="Valerie Bertinelli">Valerie Bertinelli</a> and <i><a class="external" href="http://en.wikipedia.org/wiki/Father_Figure" title="Father Figure">Father Figure</a></i> with <a class="external" href="http://en.wikipedia.org/wiki/Hal_Linden" title="Hal Linden">Hal Linden</a>. For his first <a class="external" href="http://en.wikipedia.org/wiki/Feature_film" title="Feature film">feature film</a> performance, as Conrad Jarrett in <i><a class="external" href="http://en.wikipedia.org/wiki/Ordinary_People" title="Ordinary People">Ordinary People</a></i> (1980), Hutton won both the <a class="external" href="http://en.wikipedia.org/wiki/Academy_Award" title="Academy Award">Academy Award</a> and the <a class="external" href="http://en.wikipedia.org/wiki/Golden_Globe" title="Golden Globe">Golden Globe</a> for Best Supporting Actor. His performance also earned Hutton the <a class="external" href="http://en.wikipedia.org/wiki/Golden_Globe_Award_for_New_Star_of_the_Year_-_Actor" title="Golden Globe Award for New Star of the Year - Actor">Golden Globe Award for New Star of the Year in a Motion Picture â€“ Male</a>. Immediately following his great success, Hutton starred in the acclaimed 1981 ABC television film <i><a class="external" href="http://en.wikipedia.org/wiki/A_Long_Way_Home" title="A Long Way Home">A Long Way Home</a></i> co-starring <a class="external" href="http://en.wikipedia.org/wiki/Brenda_Vaccaro" title="Brenda Vaccaro">Brenda Vaccaro</a>.</p>
	<p xmlns="http://www.w3.org/1999/xhtml">However, Hutton soon fell victim to the <a class="external" href="http://en.wikipedia.org/wiki/F._Murray_Abraham#Oscar_jinx" title="F. Murray Abraham">Oscar Jinx</a>. His next feature film, <i><a class="external" href="http://en.wikipedia.org/wiki/Taps_(film)" title="Taps (film)">Taps</a></i> with <a class="external" href="http://en.wikipedia.org/wiki/George_C._Scott" title="George C. Scott">George C. Scott</a>, while popular with audiences, received mixed reviews from critics. During the next several years, his motion pictures such as <i><a class="external" href="http://en.wikipedia.org/wiki/Iceman_(film)" title="Iceman (film)">Iceman</a></i>, <i><a class="external" href="http://en.wikipedia.org/wiki/Daniel_(1983_film)" title="Daniel (1983 film)">Daniel</a></i>, <i><a class="external" href="http://en.wikipedia.org/wiki/Turk_182" title="Turk 182">Turk 182</a></i>, <i><a class="external" href="http://en.wikipedia.org/wiki/Made_in_Heaven_(1987_film)" title="Made in Heaven (1987 film)">Made In Heaven</a></i>, and <i><a class="external" href="http://en.wikipedia.org/wiki/Q%26A_(film)" title="Q&amp;A (film)">Q &amp; A</a></i> all flopped at the box office. His only substantial hit was 1985's <i><a class="external" href="http://en.wikipedia.org/wiki/The_Falcon_and_the_Snowman" title="The Falcon and the Snowman">The Falcon and the Snowman</a></i> which teamed him with <a class="external" href="http://en.wikipedia.org/wiki/Sean_Penn" title="Sean Penn">Sean Penn</a>.</p>
	<p xmlns="http://www.w3.org/1999/xhtml">During the late 1980s and into the 1990s, Hutton began to take featured parts in films, most notably in <i><a class="external" href="http://en.wikipedia.org/wiki/Everybody%27s_All-American_(film)" title="Everybody's All-American (film)">Everybody's All-American</a></i> with <a class="external" href="http://en.wikipedia.org/wiki/Jessica_Lange" title="Jessica Lange">Jessica Lange</a> and <a class="external" href="http://en.wikipedia.org/wiki/Dennis_Quaid" title="Dennis Quaid">Dennis Quaid</a> and <i><a class="external" href="http://en.wikipedia.org/wiki/French_Kiss_(film)" title="French Kiss (film)">French Kiss</a></i> with <a class="external" href="http://en.wikipedia.org/wiki/Meg_Ryan" title="Meg Ryan">Meg Ryan</a> and <a class="external" href="http://en.wikipedia.org/wiki/Kevin_Kline" title="Kevin Kline">Kevin Kline</a>. In 1989, Hutton made his Broadway stage debut opposite his <i><a class="external" href="http://en.wikipedia.org/wiki/Ordinary_People" title="Ordinary People">Ordinary People</a></i> co-star <a class="external" href="http://en.wikipedia.org/wiki/Elizabeth_McGovern" title="Elizabeth McGovern">Elizabeth McGovern</a> in the <a class="external" href="http://en.wikipedia.org/wiki/A.R._Gurney" title="A.R. Gurney">A.R. Gurney</a> play, <i><a class="external" href="http://en.wikipedia.org/wiki/Love_Letters_(play)" title="Love Letters (play)">Love Letters</a></i>. He followed this with another Broadway role in the <a class="external" href="http://en.wikipedia.org/wiki/Craig_Lucas" title="Craig Lucas">Craig Lucas</a> hit comedy, <i><a class="external" href="http://en.wikipedia.org/wiki/Prelude_to_a_Kiss_(play)" title="Prelude to a Kiss (play)">Prelude to a Kiss</a></i>, which also starred <a class="external" href="http://en.wikipedia.org/wiki/Mary-Louise_Parker" title="Mary-Louise Parker">Mary-Louise Parker</a> and <a class="external" href="http://en.wikipedia.org/wiki/Barnard_Hughes" title="Barnard Hughes">Barnard Hughes</a>.</p>
	<p xmlns="http://www.w3.org/1999/xhtml">Moving on to television, he starred as Nero Wolfe's assistant and leg-man <a class="external" href="http://en.wikipedia.org/wiki/Archie_Goodwin_(fictional_detective)" title="Archie Goodwin (fictional detective)">Archie Goodwin</a> in the <a class="external" href="http://en.wikipedia.org/wiki/A%26E_Network" title="A&amp;E Network">A&amp;E</a> television series <i><a class="external" href="http://en.wikipedia.org/wiki/A_Nero_Wolfe_Mystery" title="A Nero Wolfe Mystery">A Nero Wolfe Mystery</a></i> (2001â€“2002); he also served as an executive producer, and also directed several episodes of the series. His other directing credits include the family film <i><a class="external" href="http://en.wikipedia.org/wiki/Digging_to_China" title="Digging to China">Digging to China</a></i> (1998). In 2001 Hutton starred in the television miniseries <i><a class="external" href="http://en.wikipedia.org/w/index.php?title=WW3_(2001_film)&amp;action=edit&amp;redlink=1" title="WW3 (2001 film) (page does not exist)">WW3</a></i>, and in 2006 he had a lead role in the NBC series <i><a class="external" href="http://en.wikipedia.org/wiki/Kidnapped_(2006_TV_series)" title="Kidnapped (2006 TV series)">Kidnapped</a></i>, playing Conrad Cain, the wealthy father of a kidnapped teenager. He appeared in 15 feature films from 2006 to 2008.</p>
	<p xmlns="http://www.w3.org/1999/xhtml">Hutton is currently starring in the television series <i><a class="external" href="http://en.wikipedia.org/wiki/Leverage_(TV_series)" title="Leverage (TV series)">Leverage</a></i>, where he plays former insurance investigator Nate Ford who leads a group of thieves and become modern-day <a class="external" href="http://en.wikipedia.org/wiki/Robin_Hood" title="Robin Hood">Robin Hoods</a>.</p>
	<h2 xmlns="http://www.w3.org/1999/xhtml"> <span class="mw-headline" id="Other_pursuits">Other pursuits</span></h2>
	<p xmlns="http://www.w3.org/1999/xhtml">Hutton is one of the owners of the New York City restaurant and bar <a class="external" href="http://en.wikipedia.org/wiki/P._J._Clarke%27s" title="P. J. Clarke's">P. J. Clarke's</a>. In 2003 Hutton became president of the prestigious <a class="external" href="http://en.wikipedia.org/wiki/Players_Club" title="Players Club">Players</a>, a New York actors' club, but he resigned in June 2008 due to work keeping him in Los Angeles.</p>
	<h2 xmlns="http://www.w3.org/1999/xhtml"> <span class="mw-headline" id="Personal_life">Personal life</span></h2>
	<p xmlns="http://www.w3.org/1999/xhtml">Hutton has married twice. His first marriage (1986â€“1990) was to actress <a class="external" href="http://en.wikipedia.org/wiki/Debra_Winger" title="Debra Winger">Debra Winger</a>; they have a son, Noah. In 2000, he married illustrator Aurore Giscard d'Estaing, niece of former president of the French Republic <a class="external" href="http://en.wikipedia.org/wiki/Val%C3%A9ry_Giscard_d%27Estaing" title="ValÃ©ry Giscard d'Estaing">ValÃ©ry Giscard d'Estaing</a>. Their son Milo was born in Paris on September 11, 2001 (Timothy Hutton interview with Sarah Hampson, <i>The Toronto Globe and Mail</i>, December 28, 2002). In July 2009, <i>US Weekly</i> reported that Hutton and his second wife had separated (July 20, 2009, "It's Over!"). He became a <a class="external" href="http://en.wikipedia.org/wiki/Freemason" title="Freemason">Freemason</a> in a lodge in New York City in 2005. Hutton dated <a class="external" href="http://en.wikipedia.org/wiki/Angelina_Jolie" title="Angelina Jolie">Angelina Jolie</a> for a few years before she married <a class="external" href="http://en.wikipedia.org/wiki/Billy_Bob_Thornton" title="Billy Bob Thornton">Billy Bob Thornton</a>.</p>
	<h2 xmlns="http://www.w3.org/1999/xhtml"> <span class="mw-headline" id="Filmography">Filmography</span></h2>
	<h2 xmlns="http://www.w3.org/1999/xhtml"> <span class="mw-headline" id="References">References</span></h2>
	<h2 xmlns="http://www.w3.org/1999/xhtml"> <span class="mw-headline" id="External_links">External links</span></h2>
	<ul xmlns="http://www.w3.org/1999/xhtml">
	  <li><a href="http://www.imdb.com/name/nm0000459/" rel="nofollow">Timothy Hutton</a> at the <a class="external" href="http://en.wikipedia.org/wiki/Internet_Movie_Database" title="Internet Movie Database">Internet Movie Database</a></li>
	  <li><a href="http://www.tv.com/person/76989/summary.html" rel="nofollow">Timothy Hutton</a> at <a class="external" href="http://en.wikipedia.org/wiki/TV.com" title="TV.com">TV.com</a></li>
	  <li><span class="official website"><a href="http://timhutton.net" rel="nofollow">Official website</a></span></li>
	</ul>
      </wiki:abstract>
    </wiki:description>
  </wiki:person>
  <wiki:film-title link="/wiki/Ordinary_People">Ordinary People</wiki:film-title>
  <wiki:film link="/wiki/Ordinary_People" title="Ordinary People">
    <wiki:oscar-ref year="1980" span="1" winner="false" award="lead-actress" person-link="/wiki/Mary_Tyler_Moore" person-name="Mary Tyler Moore"/>
    <wiki:oscar-ref year="1980" span="1" winner="true" award="best-director" person-link="/wiki/Robert_Redford" person-name="Robert Redford"/>
    <wiki:oscar-ref year="1980" span="1" winner="true" award="supporting-actor" person-link="/wiki/Timothy_Hutton" person-name="Timothy Hutton"/>
    <wiki:oscar-ref year="1980" span="1" winner="false" award="supporting-actor" person-link="/wiki/Judd_Hirsch" person-name="Judd Hirsch"/>
    <wiki:oscar year="1980" span="1" winner="true" award="best-picture"/>
    <wiki:director link="/wiki/Robert_Redford">Robert Redford</wiki:director>
    <wiki:writer link="/wiki/Judith_Guest">Judith Guest</wiki:writer>
    <wiki:writer link="/wiki/Alvin_Sargent">Alvin Sargent</wiki:writer>
    <wiki:writer link="/wiki/Nancy_Dowd">Nancy Dowd</wiki:writer>
    <wiki:distributor link="/wiki/Paramount_Pictures">Paramount Pictures</wiki:distributor>
    <wiki:starring link="/wiki/Donald_Sutherland">Donald Sutherland</wiki:starring>
    <wiki:starring link="/wiki/Mary_Tyler_Moore">Mary Tyler Moore</wiki:starring>
    <wiki:starring link="/wiki/Timothy_Hutton">Timothy Hutton</wiki:starring>
    <wiki:starring link="/wiki/Judd_Hirsch">Judd Hirsch</wiki:starring>
    <wiki:starring link="/wiki/Elizabeth_McGovern">Elizabeth McGovern</wiki:starring>
    <wiki:description>
      <wiki:abstract>
	<p xmlns="http://www.w3.org/1999/xhtml"><i><b>Ordinary People</b></i> is a 1980 American <a class="external" href="http://en.wikipedia.org/wiki/Drama_film" title="Drama film">drama film</a> that marked the directorial debut of <a class="external" href="http://en.wikipedia.org/wiki/Robert_Redford" title="Robert Redford">Robert Redford</a>. The story concerns the disintegration of an <a class="external" href="http://en.wikipedia.org/wiki/Upper-middle_class" title="Upper-middle class">upper-middle class</a> family in <a class="external" href="http://en.wikipedia.org/wiki/Lake_Forest,_Illinois" title="Lake Forest, Illinois">Lake Forest, Illinois</a>, following the death of the older son in a boating accident. The screenplay by <a class="external" href="http://en.wikipedia.org/wiki/Alvin_Sargent" title="Alvin Sargent">Alvin Sargent</a> was based upon the <a class="external" href="http://en.wikipedia.org/wiki/1976_in_literature" title="1976 in literature">1976</a> <a class="external" href="http://en.wikipedia.org/wiki/Ordinary_People_(novel)" title="Ordinary People (novel)">novel of the same name</a> by <a class="external" href="http://en.wikipedia.org/wiki/Judith_Guest" title="Judith Guest">Judith Guest</a>.</p>
	<p xmlns="http://www.w3.org/1999/xhtml">The film was a critical and commercial success, winning that year's <a class="external" href="http://en.wikipedia.org/wiki/Academy_Award_for_Best_Picture" title="Academy Award for Best Picture">Academy Award for Best Picture</a> as well as three other <a class="external" href="http://en.wikipedia.org/wiki/Oscars" title="Oscars">Oscars</a>.</p>
	<h2 xmlns="http://www.w3.org/1999/xhtml"> <span class="mw-headline" id="Plot">Plot</span></h2>
	<p xmlns="http://www.w3.org/1999/xhtml">The Jarretts, an affluent family, try to return to normal life after the attempted suicide of their surviving teenage son, Conrad (<a class="external" href="http://en.wikipedia.org/wiki/Timothy_Hutton" title="Timothy Hutton">Timothy Hutton</a>), who has recently come home following a four-month stay in a psychiatric hospital. Alienated from his friends and family, Conrad, having left the hospital, chooses to see a <a class="external" href="http://en.wikipedia.org/wiki/Psychiatrist" title="Psychiatrist">psychiatrist</a>, Dr. Berger (<a class="external" href="http://en.wikipedia.org/wiki/Judd_Hirsch" title="Judd Hirsch">Judd Hirsch</a>), who learns that the boy had been involved in a sailing accident in which his older brother, Buck, died. Buck, more outgoing and athletic than Conrad, came first in everyone's estimation (including Conrad's). Conrad now deals with <a class="external" href="http://en.wikipedia.org/wiki/Posttraumatic_stress_disorder" title="Posttraumatic stress disorder">posttraumatic stress disorder</a> and <a class="external" href="http://en.wikipedia.org/wiki/Survivor%27s_guilt" title="Survivor's guilt">survivor's guilt</a>. Conrad's father, Calvin (<a class="external" href="http://en.wikipedia.org/wiki/Donald_Sutherland" title="Donald Sutherland">Donald Sutherland</a>), awkwardly struggles to connect with his surviving son, is tormented by depression, guilt, and the lingering trauma of the accident. Conrad's mother, Beth (<a class="external" href="http://en.wikipedia.org/wiki/Mary_Tyler_Moore" title="Mary Tyler Moore">Mary Tyler Moore</a>), appears to have loved her elder son more, has now grown cold toward Conrad, fixated with maintaining the appearance of perfection and normality. In one telling scene, she overhears her husband telling a friend at a party that their son has been seeing a psychiatrist. Then, on their way home in the car, she berates him angrily for revealing something she thinks should be private.</p>
	<p xmlns="http://www.w3.org/1999/xhtml">As Conrad works through his minefield of emotions with Dr. Berger and learns to try and control his emotions less, he starts dating Jeannine (<a class="external" href="http://en.wikipedia.org/wiki/Elizabeth_McGovern" title="Elizabeth McGovern">Elizabeth McGovern</a>), a kind and nonjudgmental girl from his school choir. Conrad begins to regain a sense of optimism. However, the suicide of Karen (<a class="external" href="http://en.wikipedia.org/wiki/Dinah_Manoff" title="Dinah Manoff">Dinah Manoff</a>), a friend from the hospital, threatens to send him spiraling back into depression, but not before the two see each other one last time at a restaurant.</p>
      </wiki:abstract>
      <p xmlns="http://www.w3.org/1999/xhtml">In one emotionally charged scene, Conrad argues with his mother while Calvin tries to referee. In perhaps the movie's most revealing moment, Conrad confronts his mother with the fact she never came to the mental hospital to see him: Conrad: "You would have come if Buck had been in the hospital." Beth: "Buck never would have <b>been</b> in the hospital."</p>
      <h2 xmlns="http://www.w3.org/1999/xhtml"> <span class="mw-headline" id="Cast">Cast</span></h2>
      <ul xmlns="http://www.w3.org/1999/xhtml">
	<li><a class="external" href="http://en.wikipedia.org/wiki/Donald_Sutherland" title="Donald Sutherland">Donald Sutherland</a> as Calvin Jarrett</li>
	<li><a class="external" href="http://en.wikipedia.org/wiki/Mary_Tyler_Moore" title="Mary Tyler Moore">Mary Tyler Moore</a> as Beth Jarrett</li>
	<li><a class="external" href="http://en.wikipedia.org/wiki/Timothy_Hutton" title="Timothy Hutton">Timothy Hutton</a> as Conrad Jarrett</li>
	<li><a class="external" href="http://en.wikipedia.org/wiki/Judd_Hirsch" title="Judd Hirsch">Judd Hirsch</a> as Dr. Tyrone C. Berger</li>
	<li><a class="external" href="http://en.wikipedia.org/wiki/Elizabeth_McGovern" title="Elizabeth McGovern">Elizabeth McGovern</a> as Jeannine Pratt</li>
	<li><a class="external" href="http://en.wikipedia.org/wiki/M._Emmet_Walsh" title="M. Emmet Walsh">M. Emmet Walsh</a> as Coach Salan</li>
	<li><a class="external" href="http://en.wikipedia.org/wiki/Dinah_Manoff" title="Dinah Manoff">Dinah Manoff</a> as Karen Aldrich</li>
	<li><a class="external" href="http://en.wikipedia.org/wiki/Fredric_Lehne" title="Fredric Lehne">Fredric Lehne</a> as Lazenby</li>
	<li><a class="external" href="http://en.wikipedia.org/wiki/James_Sikking" title="James Sikking">James B. Sikking</a> as Ray Hanley</li>
	<li><a class="external" href="http://en.wikipedia.org/wiki/Basil_Hoffman" title="Basil Hoffman">Basil Hoffman</a> as Sloan</li>
	<li><a class="external" href="http://en.wikipedia.org/wiki/Quinn_Redeker" title="Quinn Redeker">Quinn Redeker</a> as Wart</li>
	<li><a class="external" href="http://en.wikipedia.org/wiki/Mariclare_Costello" title="Mariclare Costello">Mariclare Costello</a> as Aud</li>
	<li><a class="external" href="http://en.wikipedia.org/wiki/Meg_Mundy" title="Meg Mundy">Meg Mundy</a> as Grand</li>
	<li><a class="external" href="http://en.wikipedia.org/wiki/Elizabeth_Hubbard" title="Elizabeth Hubbard">Elizabeth Hubbard</a> as Ruth</li>
	<li><a class="external" href="http://en.wikipedia.org/wiki/Adam_Baldwin" title="Adam Baldwin">Adam Baldwin</a> as man</li>
	<li><a class="external" href="http://en.wikipedia.org/wiki/Richard_Whiting" title="Richard Whiting">Richard Whiting</a> as Grandfather</li>
	<li><a class="external" href="http://en.wikipedia.org/w/index.php?title=Scott_Doebler&amp;action=edit&amp;redlink=1" title="Scott Doebler (page does not exist)">Scott Doebler</a> as Jordan "Buck" Jarrett (in flashback)</li>
      </ul>
      <h2 xmlns="http://www.w3.org/1999/xhtml"> <span class="mw-headline" id="Production">Production</span></h2>
      <p xmlns="http://www.w3.org/1999/xhtml">Redford hired Alvin Sargent to adapt the novel into a screenplay. Sargent won an Oscar in 1978 for the screen adaptation of <i><a class="external" href="http://en.wikipedia.org/wiki/Julia_(1977_film)" title="Julia (1977 film)">Julia</a></i> and had been nominated previously for the screen adaptation of <i><a class="external" href="http://en.wikipedia.org/wiki/Paper_Moon_(film)" title="Paper Moon (film)">Paper Moon</a></i>. Sargent kept the <i>Ordinary People</i> script faithful to the book, though he did somewhat augment the rather minimal character development found in the novel.</p>
      <p xmlns="http://www.w3.org/1999/xhtml">The movie was filmed in <a class="external" href="http://en.wikipedia.org/wiki/Lake_Forest,_Illinois" title="Lake Forest, Illinois">Lake Forest, Illinois</a>, where the story took place, and nearby <a class="external" href="http://en.wikipedia.org/wiki/Highland_Park,_Illinois" title="Highland Park, Illinois">Highland Park, Illinois</a>. The golf scene was shot in <a class="external" href="http://en.wikipedia.org/wiki/Apple_Valley,_California" title="Apple Valley, California">Apple Valley, California</a>, and interior shots were filmed in <a class="external" href="http://en.wikipedia.org/wiki/Fort_Sheridan,_Illinois" title="Fort Sheridan, Illinois">Fort Sheridan, Illinois</a>. The high school scenes were shot at <a class="external" href="http://en.wikipedia.org/wiki/Lake_Forest_High_School_(Illinois)" title="Lake Forest High School (Illinois)">Lake Forest High School</a> (with the swimming pool scenes done at <a class="external" href="http://en.wikipedia.org/wiki/Lake_Forest_College" title="Lake Forest College">Lake Forest College</a>). The shopping mall was <a class="external" href="http://en.wikipedia.org/wiki/Northbrook_Court" title="Northbrook Court">Northbrook Court</a> in <a class="external" href="http://en.wikipedia.org/wiki/Northbrook,_Illinois" title="Northbrook, Illinois">Northbrook, Illinois</a>. The storm sequence where Conrad's brother is killed was filmed on a soundstage at Paramount Studios. The movie was filmed in 1.85:1 surround with the screen inch of 35mm.</p>
      <h2 xmlns="http://www.w3.org/1999/xhtml"> <span class="mw-headline" id="Reception">Reception</span></h2>
      <p xmlns="http://www.w3.org/1999/xhtml">Robert Redford and Timothy Hutton both won <a class="external" href="http://en.wikipedia.org/wiki/Academy_Award" title="Academy Award">Academy Awards</a> for their respective debuts: Redford as <a class="external" href="http://en.wikipedia.org/wiki/Academy_Award_for_Best_Director" title="Academy Award for Best Director">Best Director</a> and Hutton as <a class="external" href="http://en.wikipedia.org/wiki/Academy_Award_for_Best_Supporting_Actor" title="Academy Award for Best Supporting Actor">Best Supporting Actor</a>. The film marked Mary Tyler Moore's career breakout from the personality of her other two famous roles as Laura Petrie on <i><a class="external" href="http://en.wikipedia.org/wiki/The_Dick_Van_Dyke_Show" title="The Dick Van Dyke Show">The Dick Van Dyke Show</a></i> and Mary Richards on <i><a class="external" href="http://en.wikipedia.org/wiki/The_Mary_Tyler_Moore_Show" title="The Mary Tyler Moore Show">The Mary Tyler Moore Show</a></i>. Moore's role was well-received and obtained a nomination for <a class="external" href="http://en.wikipedia.org/wiki/Academy_Award_for_Best_Actress" title="Academy Award for Best Actress">Best Actress</a>. The film also won <a class="external" href="http://en.wikipedia.org/wiki/Academy_Award_for_Best_Picture" title="Academy Award for Best Picture">Best Picture</a> for 1980.</p>
      <p xmlns="http://www.w3.org/1999/xhtml">Judd Hirsch's portrayal of Dr. Berger has also drawn praise from many in the psychiatric community as one of the rare times their profession is shown in a positive light in the movies, although some consider his portrayal to be too positive, thus lending an air of one-dimensionality. Hirsch was also nominated for Best Supporting Actor, losing out to co-star Hutton. Donald Sutherland's performance in the film was also well received and was nominated for a Golden Globe Award. He was not nominated for an Academy Award along with his co-stars, however, which today is considered one of the worst acting snubs in the history of the Academy Awards. <i>Ordinary People</i> launched the career of <a class="external" href="http://en.wikipedia.org/wiki/Elizabeth_McGovern" title="Elizabeth McGovern">Elizabeth McGovern</a>, who received special permission to film while attending <a class="external" href="http://en.wikipedia.org/wiki/Juilliard" title="Juilliard">Juilliard</a>. 1980 was also a break-out year for <a class="external" href="http://en.wikipedia.org/wiki/Adam_Baldwin" title="Adam Baldwin">Adam Baldwin</a>, who had a small role in <i>Ordinary People</i> while starring in <i><a class="external" href="http://en.wikipedia.org/wiki/My_Bodyguard" title="My Bodyguard">My Bodyguard</a></i> the same year.</p>
      <p xmlns="http://www.w3.org/1999/xhtml">This was also the first of two times director <a class="external" href="http://en.wikipedia.org/wiki/Martin_Scorsese" title="Martin Scorsese">Martin Scorsese</a> (who directed that year's <i><a class="external" href="http://en.wikipedia.org/wiki/Raging_Bull" title="Raging Bull">Raging Bull</a></i>) lost the <a class="external" href="http://en.wikipedia.org/wiki/Academy_Award" title="Academy Award">Academy Award</a> to actors making their directorial debut (the other was ten years later with <a class="external" href="http://en.wikipedia.org/wiki/Kevin_Costner" title="Kevin Costner">Kevin Costner</a> on <i><a class="external" href="http://en.wikipedia.org/wiki/Dances_with_Wolves" title="Dances with Wolves">Dances with Wolves</a></i>).</p>
      <p xmlns="http://www.w3.org/1999/xhtml"><i>Ordinary People</i> received very positive reviews from critics. A notable critic who gave the film a good review was Roger Ebert who gave it four stars, calling it "one of the year's best films, probably of the decade" and later named it the fifth best film of the year 1980.</p>
      <p xmlns="http://www.w3.org/1999/xhtml"><a class="external" href="http://en.wikipedia.org/wiki/Pachelbel%27s_Canon" title="Pachelbel's Canon">Pachelbel's Canon</a>, used as thematic and background music, enjoyed a surge in popularity as a result. It has remained popular since then.</p>
      <p xmlns="http://www.w3.org/1999/xhtml">The film was a box office success, which grossed $54 million at theaters and $23 million in rentals.</p>
      <h2 xmlns="http://www.w3.org/1999/xhtml"> <span class="mw-headline" id="Awards">Awards</span></h2>
      <ul xmlns="http://www.w3.org/1999/xhtml">
	<li><a class="external" href="http://en.wikipedia.org/wiki/Academy_Award_for_Best_Picture" title="Academy Award for Best Picture">Academy Award for Best Picture</a></li>
	<li><a class="external" href="http://en.wikipedia.org/wiki/Academy_Award_for_Directing" title="Academy Award for Directing">Academy Award for Directing</a> - <a class="external" href="http://en.wikipedia.org/wiki/Robert_Redford" title="Robert Redford">Robert Redford</a></li>
	<li><a class="external" href="http://en.wikipedia.org/wiki/Academy_Award_for_Best_Supporting_Actor" title="Academy Award for Best Supporting Actor">Academy Award for Best Supporting Actor</a> - <a class="external" href="http://en.wikipedia.org/wiki/Timothy_Hutton" title="Timothy Hutton">Timothy Hutton</a></li>
	<li><a class="external" href="http://en.wikipedia.org/wiki/Academy_Award_for_Writing_Adapted_Screenplay" title="Academy Award for Writing Adapted Screenplay">Academy Award for Writing Adapted Screenplay</a> - <a class="external" href="http://en.wikipedia.org/wiki/Alvin_Sargent" title="Alvin Sargent">Alvin Sargent</a></li>
	<li><a class="external" href="http://en.wikipedia.org/wiki/Golden_Globe_Award_for_Best_Motion_Picture_%E2%80%93_Drama" title="Golden Globe Award for Best Motion Picture â€“ Drama">Golden Globe Award for Best Motion Picture â€“ Drama</a></li>
	<li><a class="external" href="http://en.wikipedia.org/wiki/Golden_Globe_Award_for_Best_Director_-_Motion_Picture" title="Golden Globe Award for Best Director - Motion Picture">Golden Globe Award for Best Director</a> - Robert Redford</li>
	<li><a class="external" href="http://en.wikipedia.org/wiki/Golden_Globe_Award_for_Best_Actress_%E2%80%93_Motion_Picture_Drama" title="Golden Globe Award for Best Actress â€“ Motion Picture Drama">Golden Globe Award for Best Actress â€“ Motion Picture Drama</a> â€“ <a class="external" href="http://en.wikipedia.org/wiki/Mary_Tyler_Moore" title="Mary Tyler Moore">Mary Tyler Moore</a></li>
	<li><a class="external" href="http://en.wikipedia.org/wiki/Golden_Globe_Award_for_Best_Supporting_Actor_-_Motion_Picture" title="Golden Globe Award for Best Supporting Actor - Motion Picture">Golden Globe Award for Best Supporting Actor</a> - Timothy Hutton</li>
	<li><a class="external" href="http://en.wikipedia.org/wiki/Golden_Globe_Award" title="Golden Globe Award">Golden Globe Award for New Star of the Year in a Motion Picture â€“ Male</a> - Timothy Hutton</li>
	<li><a class="external" href="http://en.wikipedia.org/wiki/Writers_Guild_of_America" title="Writers Guild of America">WGA Award for Best Screenplay Based on Material from Another Medium</a> - Alvin Sargent</li>
	<li><a class="external" href="http://en.wikipedia.org/wiki/Directors_Guild_of_America_Awards" title="Directors Guild of America Awards">Directors Guild of America Award for Outstanding Directorial Achievement in Motion Pictures</a> - Robert Redford</li>
	<li><a class="external" href="http://en.wikipedia.org/wiki/New_York_Film_Critics_Circle" title="New York Film Critics Circle">New York Film Critics Circle Award for Best Picture</a></li>
      </ul>
      <ul xmlns="http://www.w3.org/1999/xhtml">
	<li><a class="external" href="http://en.wikipedia.org/wiki/Academy_Award_for_Best_Actress" title="Academy Award for Best Actress">Academy Award for Best Actress</a> - <a class="external" href="http://en.wikipedia.org/wiki/Mary_Tyler_Moore" title="Mary Tyler Moore">Mary Tyler Moore</a></li>
	<li><a class="external" href="http://en.wikipedia.org/wiki/Academy_Award_for_Best_Supporting_Actor" title="Academy Award for Best Supporting Actor">Academy Award for Best Supporting Actor</a> - <a class="external" href="http://en.wikipedia.org/wiki/Judd_Hirsch" title="Judd Hirsch">Judd Hirsch</a></li>
	<li><a class="external" href="http://en.wikipedia.org/wiki/Golden_Globe_Award_for_Best_Actor_%E2%80%93_Motion_Picture_Drama" title="Golden Globe Award for Best Actor â€“ Motion Picture Drama">Golden Globe Award for Best Actor â€“ Motion Picture Drama</a> - <a class="external" href="http://en.wikipedia.org/wiki/Donald_Sutherland" title="Donald Sutherland">Donald Sutherland</a></li>
	<li><a class="external" href="http://en.wikipedia.org/wiki/Golden_Globe_Award_for_Best_Supporting_Actor_-_Motion_Picture" title="Golden Globe Award for Best Supporting Actor - Motion Picture">Golden Globe Award for Best Supporting Actor</a> - Judd Hirsch</li>
	<li><a class="external" href="http://en.wikipedia.org/wiki/Golden_Globe" title="Golden Globe">Golden Globe Award for Best Screenplay - Motion Picture</a> - <a class="external" href="http://en.wikipedia.org/wiki/Alvin_Sargent" title="Alvin Sargent">Alvin Sargent</a></li>
	<li><a class="external" href="http://en.wikipedia.org/wiki/BAFTA_Award" title="BAFTA Award">BAFTA Award for Best Actress</a> - Mary Tyler Moore</li>
      </ul>
      <h2 xmlns="http://www.w3.org/1999/xhtml"> <span class="mw-headline" id="References">References</span></h2>
      <h2 xmlns="http://www.w3.org/1999/xhtml"> <span class="mw-headline" id="External_links">External links</span></h2>
      <ul xmlns="http://www.w3.org/1999/xhtml">
	<li><a href="http://www.imdb.com/title/tt0081283/" rel="nofollow"><i>Ordinary People</i></a> at the <a class="external" href="http://en.wikipedia.org/wiki/Internet_Movie_Database" title="Internet Movie Database">Internet Movie Database</a></li>
	<li><a href="http://www.allmovie.com/work/36600" rel="nofollow"><i>Ordinary People</i></a> at <a class="external" href="http://en.wikipedia.org/wiki/Allmovie" title="Allmovie">Allmovie</a></li>
	<li><a href="http://www.boxofficemojo.com/movies/?id=ordinarypeople.htm" rel="nofollow"><i>Ordinary People</i></a> at <a class="external" href="http://en.wikipedia.org/wiki/Box_Office_Mojo" title="Box Office Mojo">Box Office Mojo</a></li>
	<li><a href="http://www.rottentomatoes.com/m/ordinary_people/" rel="nofollow"><i>Ordinary People</i></a> at <a class="external" href="http://en.wikipedia.org/wiki/Rotten_Tomatoes" title="Rotten Tomatoes">Rotten Tomatoes</a></li>
      </ul>
    </wiki:description>
  </wiki:film>
</wiki:nominee>