<?xml version="1.0" encoding="UTF-8"?>
<wiki:nominee year="1950" span="1" winner="false" award="supporting-actor" xmlns:wiki="http://marklogic.com/wikipedia">
  <!--
                            Copyright (c) 2010 MarkLogic Corporation.
                            Permission is granted to copy, distribute and/or modify this document
                            under the terms of the GNU Free Documentation License, Version 1.2
                            or any later version published by the Free Software Foundation;
                            with no Invariant Sections, no Front-Cover Texts, and no Back-Cover Texts.
                            A copy of the license is included in the section entitled "GNU
                            Free Documentation License"
                            
                            Content derived from http://en.wikipedia.org/wiki/The_Asphalt_Jungle and http://en.wikipedia.org/wiki/Sam_Jaffe_(actor)
                            Modified in May 2009 by Mark Logic Corporation under the terms of the GNU Free Documentation License.
                        -->
  <wiki:name link="/wiki/Sam_Jaffe_(actor)">Sam Jaffe</wiki:name>
  <wiki:person link="/wiki/Sam_Jaffe_(actor)" name="Sam Jaffe">
    <wiki:oscar year="1950" span="1" winner="false" award="supporting-actor" film-link="/wiki/The_Asphalt_Jungle" film-title="The Asphalt Jungle"/>
    <wiki:image link="http://upload.wikimedia.org/wikipedia/en/thumb/3/39/Jaffe-Sam.jpg/220px-Jaffe-Sam.jpg"/>
    <wiki:birth>
      <wiki:date>1891-03-10</wiki:date>
      <wiki:place>
	<wiki:primary link="/wiki/New_York_City,_New_York">New York City, New York</wiki:primary>
	<wiki:secondary link=""/>
      <enrich><woeid xmlns="http://where.yahooapis.com/v1/schema.rng">2347591</woeid><placeTypeName code="8" xmlns="http://where.yahooapis.com/v1/schema.rng">State</placeTypeName><name xmlns="http://where.yahooapis.com/v1/schema.rng">New York</name><country code="US" type="Country" xmlns="http://where.yahooapis.com/v1/schema.rng">United States</country><admin1 code="US-NY" type="State" xmlns="http://where.yahooapis.com/v1/schema.rng">New York</admin1><admin2 xmlns="http://where.yahooapis.com/v1/schema.rng"/><admin3 xmlns="http://where.yahooapis.com/v1/schema.rng"/><locality1 xmlns="http://where.yahooapis.com/v1/schema.rng"/><locality2 xmlns="http://where.yahooapis.com/v1/schema.rng"/><postal xmlns="http://where.yahooapis.com/v1/schema.rng"/><centroid xmlns="http://where.yahooapis.com/v1/schema.rng"><latitude>42.855350</latitude><longitude>-76.501671</longitude></centroid><boundingBox xmlns="http://where.yahooapis.com/v1/schema.rng"><southWest><latitude>40.496029</latitude><longitude>-79.761971</longitude></southWest><northEast><latitude>45.012810</latitude><longitude>-71.856247</longitude></northEast></boundingBox><areaRank xmlns="http://where.yahooapis.com/v1/schema.rng">11</areaRank><popRank xmlns="http://where.yahooapis.com/v1/schema.rng">0</popRank></enrich></wiki:place>
    </wiki:birth>
    <wiki:death>
      <wiki:date>March 24, 1984</wiki:date>
      <wiki:place>
	<wiki:primary link="/wiki/Beverly_Hills,_California">Beverly Hills, California</wiki:primary>
	<wiki:secondary link=""/>
      </wiki:place>
    </wiki:death>
    <wiki:description>
      <p xmlns="http://www.w3.org/1999/xhtml"><b>Sam Jaffe</b> (March 10, 1891 â€“ March 24, 1984) was an <a class="external" href="http://en.wikipedia.org/wiki/United_States" title="United States">American</a> actor, teacher, musician and engineer. In 1951, he was nominated for the <a class="external" href="http://en.wikipedia.org/wiki/Academy_Award_for_Best_Supporting_Actor" title="Academy Award for Best Supporting Actor">Academy Award for Best Supporting Actor</a> for his performance in <i><a class="external" href="http://en.wikipedia.org/wiki/The_Asphalt_Jungle" title="The Asphalt Jungle">The Asphalt Jungle</a></i> (1950) and appeared in other classic films such as <i><a class="external" href="http://en.wikipedia.org/wiki/Ben-Hur_(1959_film)" title="Ben-Hur (1959 film)">Ben-Hur</a></i> (1959) and <i><a class="external" href="http://en.wikipedia.org/wiki/The_Day_the_Earth_Stood_Still_(1951_film)" title="The Day the Earth Stood Still (1951 film)">The Day the Earth Stood Still</a></i> (1951). He may be best remembered for playing the title role in <i><a class="external" href="http://en.wikipedia.org/wiki/Gunga_Din_(film)" title="Gunga Din (film)">Gunga Din</a></i> (1939), and the High Lama in <i><a class="external" href="http://en.wikipedia.org/wiki/Lost_Horizon_(film)" title="Lost Horizon (film)">Lost Horizon</a></i> (1937).</p>
      <h2 xmlns="http://www.w3.org/1999/xhtml"> <span class="mw-headline" id="Biography">Biography</span></h2>
      <p xmlns="http://www.w3.org/1999/xhtml">He was born as <b>Shalom Jaffe</b> to Heida (Ada) and Barnett Jaffe, a <a class="external" href="http://en.wikipedia.org/wiki/Russian-Jewish" title="Russian-Jewish">Russian-Jewish</a> family in <a class="external" href="http://en.wikipedia.org/wiki/New_York_City" title="New York City">New York City</a>, <a class="external" href="http://en.wikipedia.org/wiki/New_York" title="New York">New York</a>. His mother, Ada Jaffe, was a Yiddish actress in Odessa, Russia prior to moving to the United States; his father was a jeweler. He was the youngest of four children, and his siblings were Abraham, Sophie and Annie. As a child, he appeared in <a class="external" href="http://en.wikipedia.org/wiki/Yiddish" title="Yiddish">Yiddish</a> theater productions with his mother, who after moving to the United State became a prominent actress and <a class="external" href="http://en.wikipedia.org/wiki/Vaudeville" title="Vaudeville">vaudeville</a> star. He studied engineering at <a class="external" href="http://en.wikipedia.org/wiki/Columbia_University" title="Columbia University">Columbia University</a> and then worked for several years as a math teacher before turning to acting as a career. As a young man he lived in <a class="external" href="http://en.wikipedia.org/wiki/New_York_City" title="New York City">New York City</a>'s <a class="external" href="http://en.wikipedia.org/wiki/Greenwich_Village" title="Greenwich Village">Greenwich Village</a> in the same apartment building as a young <a class="external" href="http://en.wikipedia.org/wiki/John_Huston" title="John Huston">John Huston</a>. The two became good friends and remained friends for life. Sam was later to star in two of Huston's films: <i><a class="external" href="http://en.wikipedia.org/wiki/The_Asphalt_Jungle" title="The Asphalt Jungle">The Asphalt Jungle</a></i> and <i>The Barbarian &amp; the Geisha.</i> Jaffe's closest friends included <a class="external" href="http://en.wikipedia.org/wiki/Zero_Mostel" title="Zero Mostel">Zero Mostel</a>, <a class="external" href="http://en.wikipedia.org/wiki/Edward_G._Robinson" title="Edward G. Robinson">Edward G. Robinson</a>, <a class="external" href="http://en.wikipedia.org/wiki/Ray_Bradbury" title="Ray Bradbury">Ray Bradbury</a> and <a class="external" href="http://en.wikipedia.org/wiki/Igor_Stravinsky" title="Igor Stravinsky">Igor Stravinsky</a>. He began to work in film in <a class="external" href="http://en.wikipedia.org/wiki/1934_in_film" title="1934 in film">1934</a>, rising to prominence with his very first role as the mad Czar Peter III in <i><a class="external" href="http://en.wikipedia.org/wiki/The_Scarlet_Empress" title="The Scarlet Empress">The Scarlet Empress</a></i>.</p>
      <p xmlns="http://www.w3.org/1999/xhtml">Jaffe was <a class="external" href="http://en.wikipedia.org/wiki/Hollywood_ten" title="Hollywood ten">blacklisted</a> by the <a class="external" href="http://en.wikipedia.org/wiki/Hollywood" title="Hollywood">Hollywood</a> <a class="external" href="http://en.wikipedia.org/wiki/Movie_studio" title="Movie studio">movie studio</a> bosses during the 1950s, supposedly for being a Communist sympathizer. Despite this, he was hired by director <a class="external" href="http://en.wikipedia.org/wiki/William_Wyler" title="William Wyler">William Wyler</a> for his role in the <a class="external" href="http://en.wikipedia.org/wiki/1959_in_film" title="1959 in film">1959</a> <a class="external" href="http://en.wikipedia.org/wiki/Academy_Award" title="Academy Award">Academy Award</a> winning version of <i><a class="external" href="http://en.wikipedia.org/wiki/Ben-Hur_(1959_film)" title="Ben-Hur (1959 film)">Ben-Hur</a></i>.</p>
      <p xmlns="http://www.w3.org/1999/xhtml">Jaffe co-starred in the <a class="external" href="http://en.wikipedia.org/wiki/United_States" title="United States">American</a> TV series <i><a class="external" href="http://en.wikipedia.org/wiki/Ben_Casey" title="Ben Casey">Ben Casey</a></i> as Dr. David Zorba from 1961 to 1965 alongside <a class="external" href="http://en.wikipedia.org/wiki/Vince_Edwards" title="Vince Edwards">Vince Edwards</a> and had many guest starring roles on other series, including <a class="external" href="http://en.wikipedia.org/wiki/Batman_(TV_series)" title="Batman (TV series)">Batman (TV series)</a> as Mr. Zoltan Zorba, and the western <i><a class="external" href="http://en.wikipedia.org/wiki/Alias_Smith_and_Jones" title="Alias Smith and Jones">Alias Smith and Jones</a></i> starring <a class="external" href="http://en.wikipedia.org/wiki/Pete_Duel" title="Pete Duel">Pete Duel</a> and <a class="external" href="http://en.wikipedia.org/wiki/Ben_Murphy" title="Ben Murphy">Ben Murphy</a>. In 1975, he co-starred as a retired doctor, who is murdered by <a class="external" href="http://en.wikipedia.org/wiki/Janet_Leigh" title="Janet Leigh">Janet Leigh</a> in the <i><a class="external" href="http://en.wikipedia.org/wiki/Columbo_(TV_series)" title="Columbo (TV series)">Columbo</a></i> episode <i>Forgotten Lady</i>.</p>
      <p xmlns="http://www.w3.org/1999/xhtml">Jaffe was married to American operatic soprano and musical comedy star <a class="external" href="http://en.wikipedia.org/w/index.php?title=Lillian_Taiz&amp;action=edit&amp;redlink=1" title="Lillian Taiz (page does not exist)">Lillian Taiz</a> from 1926 until her death from cancer in 1941. In 1956, he married actress <a class="external" href="http://en.wikipedia.org/wiki/Bettye_Ackerman" title="Bettye Ackerman">Bettye Ackerman</a>, who later also starred with him in <i>Ben Casey</i>. She died on November 20, 2006. He had no children from either marriage.</p>
      <p xmlns="http://www.w3.org/1999/xhtml">Sam Jaffe died of <a class="external" href="http://en.wikipedia.org/wiki/Cancer" title="Cancer">cancer</a> in <a class="external" href="http://en.wikipedia.org/wiki/Beverly_Hills,_California" title="Beverly Hills, California">Beverly Hills, California</a>.</p>
      <h2 xmlns="http://www.w3.org/1999/xhtml"> <span class="mw-headline" id="Select_filmography">Select filmography</span></h2>
      <ul xmlns="http://www.w3.org/1999/xhtml">
	<li><i><a class="external" href="http://en.wikipedia.org/wiki/The_Law_and_Mr._Jones" title="The Law and Mr. Jones">The Law and Mr. Jones</a></i>, 1960â€“1961, two episodes as Martin Berger</li>
	<li><i><a class="external" href="http://en.wikipedia.org/wiki/Ben_Casey" title="Ben Casey">Ben Casey</a></i> (series, 1961â€“1965), with <a class="external" href="http://en.wikipedia.org/wiki/Vince_Edwards" title="Vince Edwards">Vince Edwards</a></li>
	<li><i><a class="external" href="http://en.wikipedia.org/wiki/QB_VII#Television_miniseries" title="QB VII">QB VII</a></i> (miniseries, 1974)</li>
	<li><i><a class="external" href="http://en.wikipedia.org/wiki/Alias_Smith_and_Jones" title="Alias Smith and Jones">Alias Smith and Jones</a></i> (1971â€“1972)</li>
	<li><i><a class="external" href="http://en.wikipedia.org/wiki/Buck_Rogers_in_the_25th_Century_(TV_series)" title="Buck Rogers in the 25th Century (TV series)">Buck Rogers in the 25th Century</a></i> (1979)</li>
	<li><i><a class="external" href="http://en.wikipedia.org/wiki/The_Streets_of_San_Francisco" title="The Streets of San Francisco">The Streets of San Francisco</a></i> as Alex Zubatuk in "Mr. Nobody" (1974) with <a class="external" href="http://en.wikipedia.org/wiki/Laurie_Heineman" title="Laurie Heineman">Laurie Heineman</a></li>
      </ul>
      <h2 xmlns="http://www.w3.org/1999/xhtml"> <span class="mw-headline" id="References">References</span></h2>
      <h2 xmlns="http://www.w3.org/1999/xhtml"> <span class="mw-headline" id="External_links">External links</span></h2>
      <ul xmlns="http://www.w3.org/1999/xhtml">
	<li><a href="http://www.imdb.com/name/nm0415488/" rel="nofollow">Sam Jaffe</a> at the <a class="external" href="http://en.wikipedia.org/wiki/Internet_Movie_Database" title="Internet Movie Database">Internet Movie Database</a></li>
	<li><a href="http://www.ibdb.com/person.asp?ID=46764" rel="nofollow">Sam Jaffe (actor)</a> at the <a class="external" href="http://en.wikipedia.org/wiki/Internet_Broadway_Database" title="Internet Broadway Database">Internet Broadway Database</a></li>
      </ul>
    </wiki:description>
  </wiki:person>
  <wiki:film-title link="/wiki/The_Asphalt_Jungle">The Asphalt Jungle</wiki:film-title>
  <wiki:film link="/wiki/The_Asphalt_Jungle" title="The Asphalt Jungle">
    <wiki:oscar-ref year="1950" span="1" winner="false" award="best-director" person-link="/wiki/John_Huston" person-name="John Huston"/>
    <wiki:oscar-ref year="1950" span="1" winner="false" award="supporting-actor" person-link="/wiki/Sam_Jaffe_(actor)" person-name="Sam Jaffe"/>
    <wiki:director link="/wiki/John_Huston">John Huston</wiki:director>
    <wiki:writer link="/wiki/W._R._Burnett">W. R. Burnett</wiki:writer>
    <wiki:writer link="/wiki/Ben_Maddow">Ben Maddow</wiki:writer>
    <wiki:distributor link="/wiki/Metro-Goldwyn-Mayer">Metro-Goldwyn-Mayer</wiki:distributor>
    <wiki:starring link="/wiki/Sterling_Hayden">Sterling Hayden</wiki:starring>
    <wiki:starring link="/wiki/Louis_Calhern">Louis Calhern</wiki:starring>
    <wiki:starring link="/wiki/Jean_Hagen">Jean Hagen</wiki:starring>
    <wiki:starring link="/wiki/James_Whitmore">James Whitmore</wiki:starring>
    <wiki:starring link="/wiki/Sam_Jaffe_(actor)">Sam Jaffe</wiki:starring>
    <wiki:starring link="/wiki/Marilyn_Monroe">Marilyn Monroe</wiki:starring>
    <wiki:language link="/wiki/English_language">English</wiki:language>
    <wiki:description>
      <wiki:abstract>
	<p xmlns="http://www.w3.org/1999/xhtml"><i><b>The Asphalt Jungle</b></i> is a 1950 <a class="external" href="http://en.wikipedia.org/wiki/Film_noir" title="Film noir">film noir</a> directed by <a class="external" href="http://en.wikipedia.org/wiki/John_Huston" title="John Huston">John Huston</a>. The <a class="external" href="http://en.wikipedia.org/wiki/Caper_film" title="Caper film">caper film</a> is based on the novel of the same name by <a class="external" href="http://en.wikipedia.org/wiki/W._R._Burnett" title="W. R. Burnett">W. R. Burnett</a> and stars an ensemble cast including <a class="external" href="http://en.wikipedia.org/wiki/Sterling_Hayden" title="Sterling Hayden">Sterling Hayden</a>, <a class="external" href="http://en.wikipedia.org/wiki/Jean_Hagen" title="Jean Hagen">Jean Hagen</a>, <a class="external" href="http://en.wikipedia.org/wiki/Sam_Jaffe_(actor)" title="Sam Jaffe (actor)">Sam Jaffe</a>, <a class="external" href="http://en.wikipedia.org/wiki/Louis_Calhern" title="Louis Calhern">Louis Calhern</a>, <a class="external" href="http://en.wikipedia.org/wiki/James_Whitmore" title="James Whitmore">James Whitmore</a>, and, in a minor but key role, <a class="external" href="http://en.wikipedia.org/wiki/Marilyn_Monroe" title="Marilyn Monroe">Marilyn Monroe</a>, an unknown at the time who was pictured but not mentioned on the posters.</p>
	<p xmlns="http://www.w3.org/1999/xhtml">The film tells the story of a group of men planning and executing a jewel robbery. It was nominated for four <a class="external" href="http://en.wikipedia.org/wiki/Academy_Awards" title="Academy Awards">Academy Awards</a>.</p>
	<p xmlns="http://www.w3.org/1999/xhtml">In 2008, <i>The Asphalt Jungle</i> was selected for preservation in the United States <a class="external" href="http://en.wikipedia.org/wiki/National_Film_Registry" title="National Film Registry">National Film Registry</a> by the <a class="external" href="http://en.wikipedia.org/wiki/Library_of_Congress" title="Library of Congress">Library of Congress</a> as being "culturally, historically, or aesthetically significant".</p>
	<h2 xmlns="http://www.w3.org/1999/xhtml"> <span class="mw-headline" id="Plot">Plot</span></h2>
	<p xmlns="http://www.w3.org/1999/xhtml">The criminal mastermind Erwin "Doc" Riedenschneider is out of prison. Doc has a keen eye for detail, not to mention an eye for a pretty girl. He has been planning a â€œcaperâ€&#157; â€“ a jewel heist, outlined by a fellow inmate when they were â€œbehind the wallsâ€&#157; for the previous seven years. In an unnamed <a class="external" href="http://en.wikipedia.org/wiki/Midwest" title="Midwest">Midwest</a> city, Doc goes to the betting parlor of a mid-level <a class="external" href="http://en.wikipedia.org/wiki/Bookie" title="Bookie">bookie</a> called "Cobby." He requests to be put in touch with Alonzo Emmerich, a crooked lawyer. It is his understanding that Emmerich is the kind of man who can be approached with such operations and has the money to finance them. Emmerich attentively listens. Doc says he will need $50,000 to hire a team of men to carry out the burglary. Emmerich agrees on the condition that he (not one or more â€œfencesâ€&#157;) should receive the jewels directly, pay off Doc, then be responsible for the disposal of the gems. Emmerich would therefore need to come up with an immediate $500,000 in cash to pay off Doc. Doc's hand-picked gang consists of Dix Handley, a hooligan from Kentucky who will provide the necessary muscle; Gus Minissi, a hunchbacked diner owner who is hired as the getaway driver, and Louie Ciavelli, a professional safecracker. Cobby will act as the go-between. Dix explains his ultimate goal to Doll Conovan, who is clearly in love with him. He sees the heist as a means to finance his dream of buying back the horse farm that his family lost during the <a class="external" href="http://en.wikipedia.org/wiki/Great_Depression" title="Great Depression">Great Depression</a>.</p>
      </wiki:abstract>
      <h2 xmlns="http://www.w3.org/1999/xhtml"> <span class="mw-headline" id="Cast">Cast</span></h2>
      <ul xmlns="http://www.w3.org/1999/xhtml">
	<li><a class="external" href="http://en.wikipedia.org/wiki/Sterling_Hayden" title="Sterling Hayden">Sterling Hayden</a> as Dix Handley</li>
	<li><a class="external" href="http://en.wikipedia.org/wiki/Louis_Calhern" title="Louis Calhern">Louis Calhern</a> as Alonzo D. Emmerich</li>
	<li><a class="external" href="http://en.wikipedia.org/wiki/Jean_Hagen" title="Jean Hagen">Jean Hagen</a> as Doll Conovan</li>
	<li><a class="external" href="http://en.wikipedia.org/wiki/James_Whitmore" title="James Whitmore">James Whitmore</a> as Gus Minissi</li>
	<li><a class="external" href="http://en.wikipedia.org/wiki/Sam_Jaffe_(actor)" title="Sam Jaffe (actor)">Sam Jaffe</a> as Doc Erwin Riedenschneider</li>
	<li><a class="external" href="http://en.wikipedia.org/wiki/John_McIntire" title="John McIntire">John McIntire</a> as Police Commissioner Hardy</li>
	<li><a class="external" href="http://en.wikipedia.org/wiki/Marc_Lawrence" title="Marc Lawrence">Marc Lawrence</a> as Cobby</li>
	<li><a class="external" href="http://en.wikipedia.org/wiki/Barry_Kelley" title="Barry Kelley">Barry Kelley</a> as Lt. Ditrich</li>
	<li><a class="external" href="http://en.wikipedia.org/wiki/Anthony_Caruso_(actor)" title="Anthony Caruso (actor)">Anthony Caruso</a> as Louis Ciavelli</li>
	<li>Teresa Celli as Maria Ciavelli</li>
	<li><a class="external" href="http://en.wikipedia.org/wiki/Marilyn_Monroe" title="Marilyn Monroe">Marilyn Monroe</a> as Angela Phinlay</li>
	<li><a class="external" href="http://en.wikipedia.org/wiki/Wee_Willie_Davis" title="Wee Willie Davis">William "Wee Willie" Davis</a> as Timmons</li>
	<li><a class="external" href="http://en.wikipedia.org/wiki/Dorothy_Tree" title="Dorothy Tree">Dorothy Tree</a> as May Emmerich</li>
	<li><a class="external" href="http://en.wikipedia.org/wiki/Brad_Dexter" title="Brad Dexter">Brad Dexter</a> as Bob Brannom</li>
	<li><a class="external" href="http://en.wikipedia.org/wiki/John_Maxwell_(actor)" title="John Maxwell (actor)">John Maxwell</a> as Dr. Swanson</li>
      </ul>
      <h2 xmlns="http://www.w3.org/1999/xhtml"> <span class="mw-headline" id="Background_and_production">Background and production</span></h2>
      <p xmlns="http://www.w3.org/1999/xhtml">The film was an adaptation by director <a class="external" href="http://en.wikipedia.org/wiki/John_Huston" title="John Huston">John Huston</a> and screenwriter <a class="external" href="http://en.wikipedia.org/wiki/Ben_Maddow" title="Ben Maddow">Ben Maddow</a> of the 1949 novel by <a class="external" href="http://en.wikipedia.org/wiki/W._R._Burnett" title="W. R. Burnett">W. R. Burnett</a>. It was backed by the major film studio <a class="external" href="http://en.wikipedia.org/wiki/Metro-Goldwyn-Mayer" title="Metro-Goldwyn-Mayer">Metro-Goldwyn-Mayer</a>, which allowed the production a relatively free hand. The PCA's main concerns with the script were the detailed depiction of the heist and the fact that the character of the <a class="external" href="http://en.wikipedia.org/wiki/Fence_(criminal)" title="Fence (criminal)">fence</a> Emmerich seemed to cheat justice by killing himself. Neither the studio nor the censors interfered significantly with the script, however, and both the heist and the suicide featured in the final cut.</p>
      <p xmlns="http://www.w3.org/1999/xhtml">Both Huston and war hero star <a class="external" href="http://en.wikipedia.org/wiki/Sterling_Hayden" title="Sterling Hayden">Sterling Hayden</a> were members of the <a class="external" href="http://en.wikipedia.org/wiki/Committee_for_the_First_Amendment" title="Committee for the First Amendment">Committee for the First Amendment</a>, which opposed the blacklisting of alleged communists active in the film industry during the <a class="external" href="http://en.wikipedia.org/wiki/Red_Scare" title="Red Scare">Red Scare</a>.</p>
      <h2 xmlns="http://www.w3.org/1999/xhtml"> <span class="mw-headline" id="Critical_reception">Critical reception</span></h2>
      <p xmlns="http://www.w3.org/1999/xhtml">When the film first opened, the staff at <i><a class="external" href="http://en.wikipedia.org/wiki/Variety_(magazine)" title="Variety (magazine)">Variety</a></i> liked the film, and wrote, "<i>The Asphalt Jungle</i> is a study in crime, hard-hitting in its expose of the underworld. Ironic realism is striven for and achieved in the writing, production and direction. An audience will quite easily pull for the crooks in their execution of the million-dollar jewelry theft around which the plot is built."</p>
      <p xmlns="http://www.w3.org/1999/xhtml"><a class="external" href="http://en.wikipedia.org/wiki/Bosley_Crowther" title="Bosley Crowther">Bosley Crowther</a>, the film critic for <i><a class="external" href="http://en.wikipedia.org/wiki/The_New_York_Times" title="The New York Times">The New York Times</a></i>, also liked the film, yet with a few caveats, writing, "This film, derived by Ben Maddow and John Huston from Mr. Burnett's book and directed by Mr. Huston in brilliantly naturalistic style, gives such an electrifying picture of the whole vicious circle of a crime...that one finds it hard to tag the item of repulsive exhibition in itself. Yet that is our inevitable judgment of this film, now on the Capitol's screen...But, in that meager interest, we've got to hand it to the boys, particularly to Mr. Huston: they've done a terrific job! From the very first shot, in which the camera picks up a prowling thug, sliding along between buildings to avoid a police car in the gray and liquid dawn, there is ruthless authority in this picture, the hardness and clarity of steel, and remarkably subtle suggestion that conveys a whole involvement of distorted personality and inveterate crime."</p>
      <p xmlns="http://www.w3.org/1999/xhtml">Film writer David M. Meyer noted, "The robbery is among the best-staged heists in <i>noir</i>. The simple visual treatment, the precise movements of the actors, and the absence of music on the sound track raise the tension to a boiling point."</p>
      <p xmlns="http://www.w3.org/1999/xhtml">The review aggregator <a class="external" href="http://en.wikipedia.org/wiki/Rotten_Tomatoes" title="Rotten Tomatoes">Rotten Tomatoes</a> reported that 96% of critics gave the film a positive review, based on twenty-five reviews.</p>
      <h2 xmlns="http://www.w3.org/1999/xhtml"> <span class="mw-headline" id="Legacy">Legacy</span></h2>
      <p xmlns="http://www.w3.org/1999/xhtml"><i>The Asphalt Jungle</i> was one of the most influential crime films of the 1950s.</p>
      <p xmlns="http://www.w3.org/1999/xhtml">The film spawned a television series <i>The Asphalt Jungle</i> starring <a class="external" href="http://en.wikipedia.org/wiki/Jack_Warden" title="Jack Warden">Jack Warden</a> which ran in the summer of 1961 on <a class="external" href="http://en.wikipedia.org/wiki/American_Broadcasting_Company" title="American Broadcasting Company">ABC</a>. The series, however, resembled the film in name only. None of the characters in the film appeared in the television scripts, and the plots were devoted to the exploits of the major case squad of the NYPD. One of the most notable features of the series was the theme song written by <a class="external" href="http://en.wikipedia.org/wiki/Duke_Ellington" title="Duke Ellington">Duke Ellington</a>.</p>
      <p xmlns="http://www.w3.org/1999/xhtml">Burnett's novel <i>The Asphalt Jungle</i> was also the basis of the western film <i><a class="external" href="http://en.wikipedia.org/wiki/The_Badlanders" title="The Badlanders">The Badlanders</a></i> (1958) directed by <a class="external" href="http://en.wikipedia.org/wiki/Delmer_Daves" title="Delmer Daves">Delmer Daves</a>.</p>
      <p xmlns="http://www.w3.org/1999/xhtml"><i>The Asphalt Jungle</i> instigated the crime thriller subgenre of <a class="external" href="http://en.wikipedia.org/wiki/Caper_film" title="Caper film">caper films</a>. The 1955 French film <i><a class="external" href="http://en.wikipedia.org/wiki/Rififi" title="Rififi">Rififi</a></i>, which critics such as <a class="external" href="http://en.wikipedia.org/wiki/Leonard_Maltin" title="Leonard Maltin">Leonard Maltin</a> have labeled as the best heist film ever, drew much inspiration from <i>The Asphalt Jungle</i>.</p>
      <p xmlns="http://www.w3.org/1999/xhtml">In 2008, <i>The Asphalt Jungle</i> was selected for preservation in the United States <a class="external" href="http://en.wikipedia.org/wiki/National_Film_Registry" title="National Film Registry">National Film Registry</a> by the <a class="external" href="http://en.wikipedia.org/wiki/Library_of_Congress" title="Library of Congress">Library of Congress</a> as being "culturally, historically, or aesthetically significant".</p>
      <h2 xmlns="http://www.w3.org/1999/xhtml"> <span class="mw-headline" id="Awards">Awards</span></h2>
      <ul xmlns="http://www.w3.org/1999/xhtml">
	<li><a class="external" href="http://en.wikipedia.org/wiki/Venice_Film_Festival" title="Venice Film Festival">Venice Film Festival</a>: Volpi Cup, Best Actor, Sam Jaffe; 1950.</li>
	<li><a class="external" href="http://en.wikipedia.org/wiki/National_Board_of_Review" title="National Board of Review">National Board of Review</a>: NBR Award, Best Director, John Huston; 1950.</li>
	<li><a class="external" href="http://en.wikipedia.org/wiki/Edgar_Award" title="Edgar Award">Edgar Allan Poe Awards</a>: Edgar, Best Motion Picture, Ben Maddow; 1951.</li>
      </ul>
      <ul xmlns="http://www.w3.org/1999/xhtml">
	<li>Venice Film Festival: Golden Lion, John Huston; 1950.</li>
	<li><a class="external" href="http://en.wikipedia.org/wiki/Academy_Awards" title="Academy Awards">Academy Awards</a>: Oscar, Best Actor in a Supporting Role, Sam Jaffe; Best Cinematography, Black-and-White, Harold Rosson; Best Director, John Huston; Best Writing, Screenplay, Ben Maddow and John Huston; 1951.</li>
	<li><a class="external" href="http://en.wikipedia.org/wiki/British_Academy_of_Film_and_Television_Arts" title="British Academy of Film and Television Arts">British Academy of Film and Television Arts</a>: BAFTA Film Award, Best Film from any Source, USA; 1951.</li>
	<li><a class="external" href="http://en.wikipedia.org/wiki/Directors_Guild_of_America" title="Directors Guild of America">Directors Guild of America</a>: DGA Award, Outstanding Directorial Achievement in Motion Pictures, John Huston; 1951.</li>
	<li><a class="external" href="http://en.wikipedia.org/wiki/Golden_Globes" title="Golden Globes">Golden Globes</a>: Golden Globe, Best Cinematography - Black and White, Harold Rosson; Best Motion Picture Director, John Huston; Best Screenplay, John Huston and Ben Maddow; 1951.</li>
	<li><a class="external" href="http://en.wikipedia.org/wiki/Writers_Guild_of_America" title="Writers Guild of America">Writers Guild of America</a>: WGA Screen Award; Best Written American Drama, Ben Maddow and John Huston; The Robert Meltzer Award (Screenplay Dealing Most Ably with Problems of the American Scene), Ben Maddow and John Huston; 1951.</li>
      </ul>
      <h2 xmlns="http://www.w3.org/1999/xhtml"> <span class="mw-headline" id="References">References</span></h2>
      <h2 xmlns="http://www.w3.org/1999/xhtml"> <span class="mw-headline" id="External_links">External links</span></h2>
      <ul xmlns="http://www.w3.org/1999/xhtml">
	<li><a href="http://www.imdb.com/title/tt0042208/" rel="nofollow"><i>The Asphalt Jungle</i></a> at the <a class="external" href="http://en.wikipedia.org/wiki/Internet_Movie_Database" title="Internet Movie Database">Internet Movie Database</a></li>
	<li><a href="http://tcmdb.com/title/title.jsp?stid=26" rel="nofollow"><i>The Asphalt Jungle</i></a> at the <a class="external" href="http://en.wikipedia.org/wiki/Turner_Classic_Movies" title="Turner Classic Movies">TCM Movie Database</a> (includes detailed plot and film clip)</li>
	<li><a href="http://www.noiroftheweek.com/2007/11/john-houston-part-2-asphalt-jungle.html" rel="nofollow"><i>The Asphalt Jungle</i></a> at Film Noir of the Week by film historian William Hare</li>
	<li><a href="http://www.youtube.com/watch?v=uB5pQeYDqn0" rel="nofollow"><i>The Asphalt Jungle</i></a> film trailer at <a class="external" href="http://en.wikipedia.org/wiki/You_Tube" title="You Tube">You Tube</a></li>
      </ul>
    </wiki:description>
  </wiki:film>
</wiki:nominee>