<?xml version="1.0" encoding="UTF-8"?>
<wiki:nominee year="1928" span="2" winner="false" award="lead-actress" xmlns:wiki="http://marklogic.com/wikipedia">
  <!--
                            Copyright (c) 2010 MarkLogic Corporation.
                            Permission is granted to copy, distribute and/or modify this document
                            under the terms of the GNU Free Documentation License, Version 1.2
                            or any later version published by the Free Software Foundation;
                            with no Invariant Sections, no Front-Cover Texts, and no Back-Cover Texts.
                            A copy of the license is included in the section entitled "GNU
                            Free Documentation License"
                            
                            Content derived from http://en.wikipedia.org/wiki/The_Broadway_Melody and http://en.wikipedia.org/wiki/Bessie_Love
                            Modified in May 2009 by Mark Logic Corporation under the terms of the GNU Free Documentation License.
                        -->
  <wiki:name link="/wiki/Bessie_Love">Bessie Love</wiki:name>
  <wiki:person link="/wiki/Bessie_Love" name="Bessie Love">
    <wiki:oscar year="1928" span="2" winner="false" award="lead-actress" film-link="/wiki/The_Broadway_Melody" film-title="The Broadway Melody"/>
    <wiki:image link="http://upload.wikimedia.org/wikipedia/commons/9/98/Earlybessielove.jpg"/>
    <wiki:birth>
      <wiki:date>1898-09-10</wiki:date>
      <wiki:place>
	<wiki:primary link="/wiki/Midland,_Texas">Midland</wiki:primary>
	<wiki:secondary link="/wiki/Texas">Texas</wiki:secondary>
      <enrich><woeid xmlns="http://where.yahooapis.com/v1/schema.rng">12590171</woeid><placeTypeName code="9" xmlns="http://where.yahooapis.com/v1/schema.rng">County</placeTypeName><name xmlns="http://where.yahooapis.com/v1/schema.rng">Midland</name><country code="US" type="Country" xmlns="http://where.yahooapis.com/v1/schema.rng">United States</country><admin1 code="US-TX" type="State" xmlns="http://where.yahooapis.com/v1/schema.rng">Texas</admin1><admin2 code="" type="County" xmlns="http://where.yahooapis.com/v1/schema.rng">Midland</admin2><admin3 xmlns="http://where.yahooapis.com/v1/schema.rng"/><locality1 xmlns="http://where.yahooapis.com/v1/schema.rng"/><locality2 xmlns="http://where.yahooapis.com/v1/schema.rng"/><postal xmlns="http://where.yahooapis.com/v1/schema.rng"/><centroid xmlns="http://where.yahooapis.com/v1/schema.rng"><latitude>31.869209</latitude><longitude>-102.031464</longitude></centroid><boundingBox xmlns="http://where.yahooapis.com/v1/schema.rng"><southWest><latitude>31.651320</latitude><longitude>-102.287354</longitude></southWest><northEast><latitude>32.087101</latitude><longitude>-101.775574</longitude></northEast></boundingBox><areaRank xmlns="http://where.yahooapis.com/v1/schema.rng">7</areaRank><popRank xmlns="http://where.yahooapis.com/v1/schema.rng">0</popRank></enrich></wiki:place>
    </wiki:birth>
    <wiki:death>
      <wiki:date>April 26, 1986</wiki:date>
      <wiki:place>
	<wiki:primary link="/wiki/London">London</wiki:primary>
	<wiki:secondary link="/wiki/England">England</wiki:secondary>
      </wiki:place>
    </wiki:death>
    <wiki:description>
      <wiki:abstract>
	<p xmlns="http://www.w3.org/1999/xhtml"><b>Bessie Love</b> (September 10, 1898 â€“ April 26, 1986) was an American <a class="external" href="http://en.wikipedia.org/wiki/Motion_picture" title="Motion picture">motion picture</a> actress who achieved prominence mainly in the <a class="external" href="http://en.wikipedia.org/wiki/Silent_films" title="Silent films">silent films</a> and early <a class="external" href="http://en.wikipedia.org/wiki/Talkie" title="Talkie">talkie</a> eras. With a small frame and delicate features, she played innocent young girls, <a class="external" href="http://en.wikipedia.org/wiki/Flapper" title="Flapper">flappers</a>, and wholesome leading ladies. In addition to her acting career, she wrote the 1919 movie <i>A Yankee Princess</i>.</p>
	<h2 xmlns="http://www.w3.org/1999/xhtml"> <span class="mw-headline" id="Early_life">Early life</span></h2>
	<p xmlns="http://www.w3.org/1999/xhtml">Love was born <b>Juanita Horton</b> in <a class="external" href="http://en.wikipedia.org/wiki/Midland,_Texas" title="Midland, Texas">Midland</a>, <a class="external" href="http://en.wikipedia.org/wiki/Texas" title="Texas">Texas</a>. She attended school in Midland until she was in the eighth grade, when her chiropractor father moved his family to <a class="external" href="http://en.wikipedia.org/wiki/Hollywood" title="Hollywood">Hollywood</a>. Bessie graduated from <a class="external" href="http://en.wikipedia.org/wiki/Los_Angeles_High_School" title="Los Angeles High School">Los Angeles High School</a> and then received from her parents (as a graduation present) of a trip around the United States. After six months of traveling, she finally returned home to Los Angeles.</p>
	<h2 xmlns="http://www.w3.org/1999/xhtml"> <span class="mw-headline" id="Career">Career</span></h2>
	<p xmlns="http://www.w3.org/1999/xhtml">To help with the family's financial situation, Love's mother sent her to <a class="external" href="http://en.wikipedia.org/wiki/American_Mutoscope_and_Biograph_Company" title="American Mutoscope and Biograph Company">Biograph Studios</a>, where she met pioneering film director <a class="external" href="http://en.wikipedia.org/wiki/D.W._Griffith" title="D.W. Griffith">D.W. Griffith</a>. Griffith, who introduced Bessie Love to films, also gave the actress her screen moniker. He gave her small roles in his films <i><a class="external" href="http://en.wikipedia.org/wiki/The_Birth_of_a_Nation" title="The Birth of a Nation">The Birth of a Nation</a></i> (1915) and in <i><a class="external" href="http://en.wikipedia.org/wiki/Intolerance_(film)" title="Intolerance (film)">Intolerance</a></i> (1916). She also appeared opposite <a class="external" href="http://en.wikipedia.org/wiki/William_S._Hart" title="William S. Hart">William S. Hart</a> in <i><a class="external" href="http://en.wikipedia.org/wiki/The_Aryan" title="The Aryan">The Aryan</a></i> and with <a class="external" href="http://en.wikipedia.org/wiki/Douglas_Fairbanks" title="Douglas Fairbanks">Douglas Fairbanks</a> in <i>The Good Bad Man, Reggie Mixes In</i>, and <i><a class="external" href="http://en.wikipedia.org/wiki/The_Mystery_of_the_Leaping_Fish" title="The Mystery of the Leaping Fish">The Mystery of the Leaping Fish</a></i> (all 1916).</p>
	<p xmlns="http://www.w3.org/1999/xhtml">In 1922 Love was selected one of the <a class="external" href="http://en.wikipedia.org/wiki/WAMPAS_Baby_Stars" title="WAMPAS Baby Stars">WAMPAS Baby Stars</a>. In 1923, she starred in <i><a class="external" href="http://en.wikipedia.org/wiki/Human_Wreckage" title="Human Wreckage">Human Wreckage</a></i> with <a class="external" href="http://en.wikipedia.org/wiki/Dorothy_Davenport" title="Dorothy Davenport">Dorothy Davenport</a> and produced by <a class="external" href="http://en.wikipedia.org/wiki/Thomas_H._Ince" title="Thomas H. Ince">Thomas Ince</a>.</p>
	<p xmlns="http://www.w3.org/1999/xhtml">As her roles got larger, so did her popularity. She performed the <a class="external" href="http://en.wikipedia.org/wiki/Charleston_(dance)" title="Charleston (dance)">Charleston</a> in the movie <i><a class="external" href="http://en.wikipedia.org/wiki/The_King_on_Main_Street_(1925_film)" title="The King on Main Street (1925 film)">The King on Main Street</a></i> in 1925. Also that same year she starred in <i><a class="external" href="http://en.wikipedia.org/wiki/The_Lost_World_(1925_film)" title="The Lost World (1925 film)">The Lost World</a></i>, a science fiction adventure based on the novel of the same name by <a class="external" href="http://en.wikipedia.org/wiki/Sir_Arthur_Conan_Doyle" title="Sir Arthur Conan Doyle">Sir Arthur Conan Doyle</a>. Three years later she starred in <i><a class="external" href="http://en.wikipedia.org/wiki/The_Matinee_Idol" title="The Matinee Idol">The Matinee Idol</a></i>, a romantic comedy directed by a young <a class="external" href="http://en.wikipedia.org/wiki/Frank_Capra" title="Frank Capra">Frank Capra</a>.</p>
	<p xmlns="http://www.w3.org/1999/xhtml">Love was able to successfully transition to <a class="external" href="http://en.wikipedia.org/wiki/Talkies" title="Talkies">talkies</a>, and in 1929 she was nominated for the <a class="external" href="http://en.wikipedia.org/wiki/Academy_Award_for_Best_Actress" title="Academy Award for Best Actress">Academy Award for Best Actress</a> for <i><a class="external" href="http://en.wikipedia.org/wiki/The_Broadway_Melody" title="The Broadway Melody">The Broadway Melody</a></i>. She also appeared in several other early <a class="external" href="http://en.wikipedia.org/wiki/Musicals" title="Musicals">musicals</a> including <i><a class="external" href="http://en.wikipedia.org/wiki/The_Hollywood_Revue_of_1929" title="The Hollywood Revue of 1929">The Hollywood Revue of 1929</a></i> (1929), <i><a class="external" href="http://en.wikipedia.org/wiki/Chasing_Rainbows" title="Chasing Rainbows">Chasing Rainbows</a></i> (1930), <i><a class="external" href="http://en.wikipedia.org/wiki/Good_News_(1930_film)" title="Good News (1930 film)">Good News</a></i> (1930), and <i><a class="external" href="http://en.wikipedia.org/wiki/They_Learned_About_Women" title="They Learned About Women">They Learned About Women</a></i> (1930).</p>
	<p xmlns="http://www.w3.org/1999/xhtml">However, by 1932 her American film career was in decline. She moved to England in 1935 and did stage work and occasional films there. As war came in Europe she returned to the US for a while, worked for the <a class="external" href="http://en.wikipedia.org/wiki/Red_Cross" title="Red Cross">Red Cross</a>, and entertained the troops. After the war she moved back to Britain where she kept her main residence, and continued to play small film roles for film companies in both the US and Britain. She appeared in films like <i><a class="external" href="http://en.wikipedia.org/wiki/The_Barefoot_Contessa" title="The Barefoot Contessa">The Barefoot Contessa</a></i> (1954) with <a class="external" href="http://en.wikipedia.org/wiki/Humphrey_Bogart" title="Humphrey Bogart">Humphrey Bogart</a>, and as an American tourist in <i><a class="external" href="http://en.wikipedia.org/wiki/The_Greengage_Summer" title="The Greengage Summer">The Greengage Summer</a></i> (1961) starring <a class="external" href="http://en.wikipedia.org/wiki/Kenneth_More" title="Kenneth More">Kenneth More</a>. She also played a small role as an American tourist in the <a class="external" href="http://en.wikipedia.org/wiki/James_Bond" title="James Bond">James Bond</a> thriller <i><a class="external" href="http://en.wikipedia.org/wiki/On_Her_Majesty%27s_Secret_Service_(film)" title="On Her Majesty's Secret Service (film)">On Her Majesty's Secret Service</a></i> (1969). She played a small but pivotal role as a switchboard operator in 1971's <i><a class="external" href="http://en.wikipedia.org/wiki/Sunday_Bloody_Sunday_(film)" title="Sunday Bloody Sunday (film)">Sunday Bloody Sunday</a></i>.</p>
	<p xmlns="http://www.w3.org/1999/xhtml">Her career came to a quick halt soon after that however, and she moved permanently to the <a class="external" href="http://en.wikipedia.org/wiki/United_Kingdom" title="United Kingdom">United Kingdom</a>, becoming a British citizen. She made a comeback in the 1980s with roles in <i><a class="external" href="http://en.wikipedia.org/wiki/Ragtime_(film)" title="Ragtime (film)">Ragtime</a></i> (1981), <a class="external" href="http://en.wikipedia.org/wiki/Warren_Beatty" title="Warren Beatty">Warren Beatty</a>'s <i><a class="external" href="http://en.wikipedia.org/wiki/Reds_(film)" title="Reds (film)">Reds</a></i> (1981), <i><a class="external" href="http://en.wikipedia.org/wiki/Lady_Chatterley%27s_Lover_(film)" title="Lady Chatterley's Lover (film)">Lady Chatterley's Lover</a></i> (1981) and (her final film) <i><a class="external" href="http://en.wikipedia.org/wiki/The_Hunger_(film)" title="The Hunger (film)">The Hunger</a></i> (1983) starring <a class="external" href="http://en.wikipedia.org/wiki/Catherine_Deneuve" title="Catherine Deneuve">Catherine Deneuve</a>, <a class="external" href="http://en.wikipedia.org/wiki/David_Bowie" title="David Bowie">David Bowie</a>, and <a class="external" href="http://en.wikipedia.org/wiki/Susan_Sarandon" title="Susan Sarandon">Susan Sarandon</a>. During her lifetime, Love featured in 131 films and TV episodes.</p>
	<h2 xmlns="http://www.w3.org/1999/xhtml"> <span class="mw-headline" id="Personal_life">Personal life</span></h2>
	<p xmlns="http://www.w3.org/1999/xhtml">In 1977 she published an autobiography, <i>From Hollywood with Love</i>. She was at this time living comfortably in a flat overlooking Londonâ€™s <a class="external" href="http://en.wikipedia.org/wiki/Clapham_Common" title="Clapham Common">Clapham Common</a> and had recently appeared in a television account of the <a class="external" href="http://en.wikipedia.org/wiki/Edward_%26_Mrs._Simpson" title="Edward &amp; Mrs. Simpson">abdication</a> of <a class="external" href="http://en.wikipedia.org/wiki/King_Edward_VIII" title="King Edward VIII">King Edward VIII</a>.</p>
	<p xmlns="http://www.w3.org/1999/xhtml">She recorded that during World War II in Britain when she found acting work hard to come by she had been the "continuity girl" on the film drama <i><a class="external" href="http://en.wikipedia.org/wiki/San_Demetrio_London" title="San Demetrio London">San Demetrio London</a></i>, an account of a ship badly damaged in the Atlantic but whose crew managed to bring her to port. She also says she had regular diet in the post-war era of stage roles as an American Tourist and similar roles, and was "Aunt Pittypat" in a large-scale musical version of <i>Gone With the Wind</i>.</p>
	<p xmlns="http://www.w3.org/1999/xhtml">Love was married once, from 1929 to 1935, to film producer William Hawks (the brother of film director <a class="external" href="http://en.wikipedia.org/wiki/Howard_Hawks" title="Howard Hawks">Howard Hawks</a>), and she had a daughter from that marriage. Love died in <a class="external" href="http://en.wikipedia.org/wiki/London" title="London">London</a>, <a class="external" href="http://en.wikipedia.org/wiki/England" title="England">England</a> from natural causes on April 26, 1986.</p>
	<p xmlns="http://www.w3.org/1999/xhtml">She has a star on the <a class="external" href="http://en.wikipedia.org/wiki/Hollywood_Walk_of_Fame" title="Hollywood Walk of Fame">Hollywood Walk of Fame</a> at 6777 Hollywood Boulevard, Los Angeles, California.</p>
	<h2 xmlns="http://www.w3.org/1999/xhtml"> <span class="mw-headline" id="References">References</span></h2>
	<h2 xmlns="http://www.w3.org/1999/xhtml"> <span class="mw-headline" id="External_links">External links</span></h2>
	<ul xmlns="http://www.w3.org/1999/xhtml">
	  <li><a href="http://www.imdb.com/name/nm0522281/" rel="nofollow">Bessie Love</a> at the <a class="external" href="http://en.wikipedia.org/wiki/Internet_Movie_Database" title="Internet Movie Database">Internet Movie Database</a></li>
	  <li><a href="http://silentladies.com/PLove1.html" rel="nofollow">Silent Ladies and Gents</a> features pictures of Bessie Love</li>
	  <li><a href="http://www.stanford.edu/~gdegroat/love.htm" rel="nofollow">Article</a> about Bessie Love</li>
	  <li><a href="http://www.findagrave.com/cgi-bin/fg.cgi?page=gr&amp;GRid=8710532" rel="nofollow">Bessie Love</a> at <a class="external" href="http://en.wikipedia.org/wiki/Find_a_Grave" title="Find a Grave">Find a Grave</a></li>
	  <li><a href="http://film.virtual-history.com/person.php?personid=1470" rel="nofollow">Literature on Bessie Love</a></li>
	</ul>
      </wiki:abstract>
    </wiki:description>
  </wiki:person>
  <wiki:film-title link="/wiki/The_Broadway_Melody">The Broadway Melody</wiki:film-title>
  <wiki:film link="/wiki/The_Broadway_Melody" title="The Broadway Melody">
    <wiki:oscar-ref year="1928" span="2" winner="false" award="lead-actress" person-link="/wiki/Bessie_Love" person-name="Bessie Love"/>
    <wiki:oscar-ref year="1928" span="2" winner="false" award="best-director" person-link="/wiki/Harry_Beaumont" person-name="Harry Beaumont"/>
    <wiki:oscar year="1928" span="2" winner="true" award="best-picture"/>
    <wiki:producer link="/wiki/Irving_Thalberg">Irving Thalberg</wiki:producer>
    <wiki:producer link="/wiki/Lawrence_Weingarten">Lawrence Weingarten</wiki:producer>
    <wiki:director link="/wiki/Harry_Beaumont">Harry Beaumont</wiki:director>
    <wiki:writer link="/wiki/Edmund_Goulding">Edmund Goulding</wiki:writer>
    <wiki:writer link="/w/index.php?title=Norman_Houston&amp;action=edit&amp;redlink=1">Norman Houston</wiki:writer>
    <wiki:writer link="/wiki/James_Gleason">James Gleason</wiki:writer>
    <wiki:distributor link="/wiki/Metro-Goldwyn-Mayer">Metro-Goldwyn-Mayer</wiki:distributor>
    <wiki:starring link="/wiki/Charles_King_(vaudevillian)">Charles King</wiki:starring>
    <wiki:starring link="/wiki/Anita_Page">Anita Page</wiki:starring>
    <wiki:starring link="/wiki/Bessie_Love">Bessie Love</wiki:starring>
    <wiki:description>
      <p xmlns="http://www.w3.org/1999/xhtml"><i><b>The Broadway Melody</b></i> (also known as <i><b>The Broadway Melody of 1929</b></i> ) is a 1929 American musical film and the first <a class="external" href="http://en.wikipedia.org/wiki/Sound_film" title="Sound film">sound film</a> to win an Academy Award for <a class="external" href="http://en.wikipedia.org/wiki/Best_Picture" title="Best Picture">Best Picture</a>. It was one of the first musicals to feature a <a class="external" href="http://en.wikipedia.org/wiki/Technicolor" title="Technicolor">Technicolor</a> sequence, which sparked the trend of color being used in a flurry of musicals that would hit the screens in 1929-1930. Today the Technicolor sequence is presumed <a class="external" href="http://en.wikipedia.org/wiki/Lost_film" title="Lost film">lost</a> and only a black and white copy survives in the complete film. The film was the first musical released by <a class="external" href="http://en.wikipedia.org/wiki/Metro-Goldwyn-Mayer" title="Metro-Goldwyn-Mayer">Metro-Goldwyn-Mayer</a> and was Hollywood's first all-talking musical.</p>
      <p xmlns="http://www.w3.org/1999/xhtml">The film was written by Norman Houston and <a class="external" href="http://en.wikipedia.org/wiki/James_Gleason" title="James Gleason">James Gleason</a> from a story by <a class="external" href="http://en.wikipedia.org/wiki/Edmund_Goulding" title="Edmund Goulding">Edmund Goulding</a>, and directed by <a class="external" href="http://en.wikipedia.org/wiki/Harry_Beaumont" title="Harry Beaumont">Harry Beaumont</a>. Original music was written by <a class="external" href="http://en.wikipedia.org/wiki/Arthur_Freed" title="Arthur Freed">Arthur Freed</a> and <a class="external" href="http://en.wikipedia.org/wiki/Nacio_Herb_Brown" title="Nacio Herb Brown">Nacio Herb Brown</a>, including the popular hit "<a class="external" href="http://en.wikipedia.org/wiki/You_Were_Meant_For_Me_(1929_song)" title="You Were Meant For Me (1929 song)">You Were Meant For Me</a>". The <a class="external" href="http://en.wikipedia.org/wiki/George_M._Cohan" title="George M. Cohan">George M. Cohan</a> classic "Give My Regards To Broadway" was also given its talkie debut in the film. Bessie Love was nominated for an <a class="external" href="http://en.wikipedia.org/wiki/Academy_Award_for_Best_Actress" title="Academy Award for Best Actress">Academy Award for Best Actress</a> for her performance.</p>
      <h2 xmlns="http://www.w3.org/1999/xhtml"> <span class="mw-headline" id="Plot">Plot</span></h2>
      <p xmlns="http://www.w3.org/1999/xhtml">The plot involves the romances of musical comedy stars, set against the backstage hubbub of a Broadway revue. <a class="external" href="http://en.wikipedia.org/wiki/Anita_Page" title="Anita Page">Anita Page</a> and <a class="external" href="http://en.wikipedia.org/wiki/Bessie_Love" title="Bessie Love">Bessie Love</a> play a vaudeville sister act who have come to New York for their big break on <a class="external" href="http://en.wikipedia.org/wiki/Broadway_theatre" title="Broadway theatre">Broadway</a>. <a class="external" href="http://en.wikipedia.org/wiki/Charles_King_(vaudevillian)" title="Charles King (vaudevillian)">Charles King</a> plays the song-and-dance man whose affection for one sister (Harriet alias Hank) is supplanted by his growing love for the younger, more beautiful sister (Queenie). Queenie tries to protect her sister and derail the love triangle by dating a wealthy but unscrupulous "stage door Johnny."</p>
      <h2 xmlns="http://www.w3.org/1999/xhtml"> <span class="mw-headline" id="Production">Production</span></h2>
      <p xmlns="http://www.w3.org/1999/xhtml">A <a class="external" href="http://en.wikipedia.org/wiki/Silent_film" title="Silent film">silent</a> version was also released, for there were still many motion picture theaters without sound equipment at the time. The film featured a musical sequence for "The Wedding of the Painted Doll" that was presented in early two-color <a class="external" href="http://en.wikipedia.org/wiki/Technicolor" title="Technicolor">Technicolor</a> (red and green). Color would quickly come to be associated with the musical genre, and numerous features were released in 1929 and 1930 that either featured color sequences or were filmed entirely in color, movies like <i><a class="external" href="http://en.wikipedia.org/wiki/On_With_the_Show" title="On With the Show">On With the Show</a></i> (1929), <i><a class="external" href="http://en.wikipedia.org/wiki/Gold_Diggers_of_Broadway_(film)" title="Gold Diggers of Broadway (film)">Gold Diggers of Broadway</a></i> (1929), <i><a class="external" href="http://en.wikipedia.org/wiki/Sally_(film)" title="Sally (film)">Sally</a></i> (1929), <i><a class="external" href="http://en.wikipedia.org/wiki/The_Life_of_the_Party_(1930_film)" title="The Life of the Party (1930 film)">The Life of the Party</a></i> (1930), and others.</p>
      <h2 xmlns="http://www.w3.org/1999/xhtml"> <span class="mw-headline" id="Musical_numbers">Musical numbers</span></h2>
      <p xmlns="http://www.w3.org/1999/xhtml"></p>
      <ul xmlns="http://www.w3.org/1999/xhtml">
	<li>Broadway Melody</li>
	<li>Love Boat</li>
	<li><a class="external" href="http://en.wikipedia.org/wiki/You_Were_Meant_For_Me_(1929_song)" title="You Were Meant For Me (1929 song)">You Were Meant For Me</a></li>
	<li>Wedding of the Painted Doll</li>
	<li>Boy Friend</li>
	<li>Truthful Parson Brown</li>
	<li>Lovely Lady</li>
      </ul>
      <h2 xmlns="http://www.w3.org/1999/xhtml"> <span class="mw-headline" id="Reception">Reception</span></h2>
      <p xmlns="http://www.w3.org/1999/xhtml">The film was a substantial success. It was the top grossing picture of 1929, and won the <a class="external" href="http://en.wikipedia.org/wiki/Academy_Award_for_Best_Picture" title="Academy Award for Best Picture">Academy Award for Best Picture</a>. Historically, it is often considered the first complete example of the <a class="external" href="http://en.wikipedia.org/wiki/Hollywood" title="Hollywood">Hollywood</a> musical. However, the film has since come to be seen as weak, clichÃ©-ridden, and overly melodramatic. Even in 1929, the creaky stereotypes of backstage show biz were something less than fresh. Most believe that the primary reason for its success in the <a class="external" href="http://en.wikipedia.org/wiki/Academy_Awards" title="Academy Awards">Academy Awards</a> was due to <a class="external" href="http://en.wikipedia.org/wiki/2nd_Academy_Awards" title="2nd Academy Awards">the films with which it competed</a> being equally unimpressive. <a class="external" href="http://en.wikipedia.org/wiki/Filmsite.org" title="Filmsite.org">Filmsite.org</a> describes the 1929 Oscars as follows: "The films nominated for this year's awards were some of the weakest films in the history of American cinema, reflecting the chaos of the transition from silents to sound films."</p>
      <h2 xmlns="http://www.w3.org/1999/xhtml"> <span class="mw-headline" id="Sequels">Sequels</span></h2>
      <p xmlns="http://www.w3.org/1999/xhtml">Three more movies were later made by MGM with similar titles, <i><a class="external" href="http://en.wikipedia.org/wiki/Broadway_Melody_of_1936" title="Broadway Melody of 1936">Broadway Melody of 1936</a></i>, <i><a class="external" href="http://en.wikipedia.org/wiki/Broadway_Melody_of_1938" title="Broadway Melody of 1938">Broadway Melody of 1938</a></i> and <i><a class="external" href="http://en.wikipedia.org/wiki/Broadway_Melody_of_1940" title="Broadway Melody of 1940">Broadway Melody of 1940</a></i>, were released by MGM. Although not direct sequels in the traditional sense, they all had the same basic premise of a group of people putting on a show (the films also had recurring cast members playing different roles, most notably dancer <a class="external" href="http://en.wikipedia.org/wiki/Eleanor_Powell" title="Eleanor Powell">Eleanor Powell</a> who appeared in all three).</p>
      <p xmlns="http://www.w3.org/1999/xhtml">The original movie was also remade in <a class="external" href="http://en.wikipedia.org/wiki/1940" title="1940">1940</a> as <i><a class="external" href="http://en.wikipedia.org/wiki/Two_Girls_on_Broadway" title="Two Girls on Broadway">Two Girls on Broadway</a></i>. Another <i>Broadway Melody</i> film was planned for 1942 (starring <a class="external" href="http://en.wikipedia.org/wiki/Gene_Kelly" title="Gene Kelly">Gene Kelly</a> and <a class="external" href="http://en.wikipedia.org/wiki/Eleanor_Powell" title="Eleanor Powell">Eleanor Powell</a>) but production was cancelled at the last minute. <i><a class="external" href="http://en.wikipedia.org/wiki/Broadway_Rhythm" title="Broadway Rhythm">Broadway Rhythm</a></i>, a 1944 musical by MGM, was originally to have been titled <i>Broadway Melody of 1944</i>.</p>
      <h2 xmlns="http://www.w3.org/1999/xhtml"> <span class="mw-headline" id="Awards_and_honors">Awards and honors</span></h2>
      <ul xmlns="http://www.w3.org/1999/xhtml">
	<li><a class="external" href="http://en.wikipedia.org/wiki/Best_Picture" title="Best Picture">Best Picture</a></li>
      </ul>
      <ul xmlns="http://www.w3.org/1999/xhtml">
	<li><a class="external" href="http://en.wikipedia.org/wiki/Academy_Award_for_Best_Actress" title="Academy Award for Best Actress">Best Actress</a> - <a class="external" href="http://en.wikipedia.org/wiki/Bessie_Love" title="Bessie Love">Bessie Love</a> (lost to <a class="external" href="http://en.wikipedia.org/wiki/Mary_Pickford" title="Mary Pickford">Mary Pickford</a> for <i><a class="external" href="http://en.wikipedia.org/wiki/Coquette_(film)" title="Coquette (film)">Coquette</a></i>)</li>
	<li><a class="external" href="http://en.wikipedia.org/wiki/Academy_Award_for_Best_Director" title="Academy Award for Best Director">Best Director</a> - <a class="external" href="http://en.wikipedia.org/wiki/Harry_Beaumont" title="Harry Beaumont">Harry Beaumont</a> (lost to <a class="external" href="http://en.wikipedia.org/wiki/Frank_Lloyd" title="Frank Lloyd">Frank Lloyd</a> for <a class="external" href="http://en.wikipedia.org/wiki/The_Divine_Lady" title="The Divine Lady">The Divine Lady</a>)</li>
      </ul>
      <p xmlns="http://www.w3.org/1999/xhtml">No nominations were announced prior to the 1930 ceremonies. Love and Beaumont are presumed to have been under consideration, and are listed as such by the <a class="external" href="http://en.wikipedia.org/wiki/Academy_of_Motion_Picture_Arts_and_Sciences" title="Academy of Motion Picture Arts and Sciences">Academy of Motion Picture Arts and Sciences</a>.</p>
      <h2 xmlns="http://www.w3.org/1999/xhtml"> <span class="mw-headline" id="See_also">See also</span></h2>
      <ul xmlns="http://www.w3.org/1999/xhtml">
	<li><a class="external" href="http://en.wikipedia.org/wiki/Early_Color_Feature_Filmography" title="Early Color Feature Filmography">Early Color Feature Filmography</a></li>
      </ul>
      <h2 xmlns="http://www.w3.org/1999/xhtml"> <span class="mw-headline" id="References">References</span></h2>
      <h2 xmlns="http://www.w3.org/1999/xhtml"> <span class="mw-headline" id="External_links">External links</span></h2>
      <ul xmlns="http://www.w3.org/1999/xhtml">
	<li><a href="http://www.imdb.com/title/tt0019729/" rel="nofollow"><i>The Broadway Melody</i></a> at the <a class="external" href="http://en.wikipedia.org/wiki/Internet_Movie_Database" title="Internet Movie Database">Internet Movie Database</a></li>
	<li><a href="http://tcmdb.com/title/title.jsp?stid=12482" rel="nofollow"><i>The Broadway Melody</i></a> at the <a class="external" href="http://en.wikipedia.org/wiki/Turner_Classic_Movies" title="Turner Classic Movies">TCM Movie Database</a></li>
	<li><a href="http://www.allmovie.com/work/7192" rel="nofollow"><i>The Broadway Melody</i></a> at <a class="external" href="http://en.wikipedia.org/wiki/Allmovie" title="Allmovie">Allmovie</a></li>
	<li><a href="http://www.rottentomatoes.com/m/broadway_melody/" rel="nofollow"><i>The Broadway Melody</i></a> at <a class="external" href="http://en.wikipedia.org/wiki/Rotten_Tomatoes" title="Rotten Tomatoes">Rotten Tomatoes</a></li>
      </ul>
    </wiki:description>
  </wiki:film>
</wiki:nominee>