<?xml version="1.0" encoding="UTF-8"?>
<wiki:nominee year="1942" span="1" winner="true" award="supporting-actor" xmlns:wiki="http://marklogic.com/wikipedia">
  <!--
                            Copyright (c) 2010 MarkLogic Corporation.
                            Permission is granted to copy, distribute and/or modify this document
                            under the terms of the GNU Free Documentation License, Version 1.2
                            or any later version published by the Free Software Foundation;
                            with no Invariant Sections, no Front-Cover Texts, and no Back-Cover Texts.
                            A copy of the license is included in the section entitled "GNU
                            Free Documentation License"
                            
                            Content derived from http://en.wikipedia.org/wiki/Johnny_Eager and http://en.wikipedia.org/wiki/Van_Heflin
                            Modified in May 2009 by Mark Logic Corporation under the terms of the GNU Free Documentation License.
                        -->
  <wiki:name link="/wiki/Van_Heflin">Van Heflin</wiki:name>
  <wiki:person link="/wiki/Van_Heflin" name="Van Heflin">
    <wiki:oscar year="1942" span="1" winner="true" award="supporting-actor" film-link="/wiki/Johnny_Eager" film-title="Johnny Eager"/>
    <wiki:image link="http://upload.wikimedia.org/wikipedia/commons/thumb/c/c4/Van_Heflin_in_Grand_Central_Murder_trailer.jpg/200px-Van_Heflin_in_Grand_Central_Murder_trailer.jpg"/>
    <wiki:birth>
      <wiki:date>1910-12-13</wiki:date>
      <wiki:place>
	<wiki:primary link="/wiki/Walters,_Oklahoma">Walters, Oklahoma</wiki:primary>
	<wiki:secondary link=""/>
      <enrich><woeid xmlns="http://where.yahooapis.com/v1/schema.rng">12589631</woeid><placeTypeName code="9" xmlns="http://where.yahooapis.com/v1/schema.rng">County</placeTypeName><name xmlns="http://where.yahooapis.com/v1/schema.rng">Cotton</name><country code="US" type="Country" xmlns="http://where.yahooapis.com/v1/schema.rng">United States</country><admin1 code="US-OK" type="State" xmlns="http://where.yahooapis.com/v1/schema.rng">Oklahoma</admin1><admin2 code="" type="County" xmlns="http://where.yahooapis.com/v1/schema.rng">Cotton</admin2><admin3 xmlns="http://where.yahooapis.com/v1/schema.rng"/><locality1 xmlns="http://where.yahooapis.com/v1/schema.rng"/><locality2 xmlns="http://where.yahooapis.com/v1/schema.rng"/><postal xmlns="http://where.yahooapis.com/v1/schema.rng"/><centroid xmlns="http://where.yahooapis.com/v1/schema.rng"><latitude>34.285648</latitude><longitude>-98.400482</longitude></centroid><boundingBox xmlns="http://where.yahooapis.com/v1/schema.rng"><southWest><latitude>34.064121</latitude><longitude>-98.661987</longitude></southWest><northEast><latitude>34.507191</latitude><longitude>-98.138969</longitude></northEast></boundingBox><areaRank xmlns="http://where.yahooapis.com/v1/schema.rng">7</areaRank><popRank xmlns="http://where.yahooapis.com/v1/schema.rng">0</popRank></enrich></wiki:place>
    </wiki:birth>
    <wiki:death>
      <wiki:date>July 23, 1971</wiki:date>
      <wiki:place>
	<wiki:primary link="/wiki/Hollywood,_California">Hollywood, California</wiki:primary>
	<wiki:secondary link=""/>
      </wiki:place>
    </wiki:death>
    <wiki:description>
      <wiki:abstract>
	<p xmlns="http://www.w3.org/1999/xhtml"><b>Emmett Evan "Van" Heflin, Jr.</b> (December 13, 1910 â€“ July 23, 1971) was an American film and theatre actor. He played mostly character parts over the course of his film career, but during the 1940s had a string of roles as a leading man. He won the <a class="external" href="http://en.wikipedia.org/wiki/Academy_Award_for_Best_Supporting_Actor" title="Academy Award for Best Supporting Actor">Academy Award for Best Supporting Actor</a> for his performance in <i><a class="external" href="http://en.wikipedia.org/wiki/Johnny_Eager" title="Johnny Eager">Johnny Eager</a></i> (1942).</p>
	<h2 xmlns="http://www.w3.org/1999/xhtml"> <span class="mw-headline" id="Early_life">Early life</span></h2>
	<p xmlns="http://www.w3.org/1999/xhtml">Heflin was born in <a class="external" href="http://en.wikipedia.org/wiki/Walters,_Oklahoma" title="Walters, Oklahoma">Walters, Oklahoma</a>, the son of Fannie B. and Dr. Emmett E. Heflin, a <a class="external" href="http://en.wikipedia.org/wiki/Dentist" title="Dentist">dentist</a>. He was of <a class="external" href="http://en.wikipedia.org/wiki/Irish_people" title="Irish people">Irish</a> and <a class="external" href="http://en.wikipedia.org/wiki/French_people" title="French people">French</a> ancestry. Heflin's sister was <a class="external" href="http://en.wikipedia.org/wiki/Daytime_Emmy" title="Daytime Emmy">Daytime Emmy</a>-nominated actress <a class="external" href="http://en.wikipedia.org/wiki/Frances_Heflin" title="Frances Heflin">Frances Heflin</a>. Heflin attended the <a class="external" href="http://en.wikipedia.org/wiki/University_of_Oklahoma" title="University of Oklahoma">University of Oklahoma</a>, where he was a member of <a class="external" href="http://en.wikipedia.org/wiki/Phi_Delta_Theta" title="Phi Delta Theta">Phi Delta Theta</a> fraternity.</p>
	<h2 xmlns="http://www.w3.org/1999/xhtml"> <span class="mw-headline" id="Career">Career</span></h2>
	<p xmlns="http://www.w3.org/1999/xhtml">Heflin began his acting career on <a class="external" href="http://en.wikipedia.org/wiki/Broadway_theater" title="Broadway theater">Broadway</a> in the early 1930s before being signed to a contract by <a class="external" href="http://en.wikipedia.org/wiki/RKO_Radio_Pictures" title="RKO Radio Pictures">RKO Radio Pictures</a>. He made his film debut in <i><a class="external" href="http://en.wikipedia.org/wiki/A_Woman_Rebels" title="A Woman Rebels">A Woman Rebels</a></i> (1936), opposite <a class="external" href="http://en.wikipedia.org/wiki/Katharine_Hepburn" title="Katharine Hepburn">Katharine Hepburn</a>. He was signed by <a class="external" href="http://en.wikipedia.org/wiki/Metro-Goldwyn-Mayer" title="Metro-Goldwyn-Mayer">Metro-Goldwyn-Mayer</a>, and was initially cast in supporting roles in films such as <i><a class="external" href="http://en.wikipedia.org/wiki/Santa_Fe_Trail_(film)" title="Santa Fe Trail (film)">Santa Fe Trail</a></i> (1940), and <i><a class="external" href="http://en.wikipedia.org/wiki/Johnny_Eager" title="Johnny Eager">Johnny Eager</a></i> (1942), winning an <a class="external" href="http://en.wikipedia.org/wiki/Academy_Award_for_Best_Supporting_Actor" title="Academy Award for Best Supporting Actor">Academy Award for Best Supporting Actor</a> for the latter performance.</p>
	<p xmlns="http://www.w3.org/1999/xhtml">MGM began to groom him as a leading man in <a class="external" href="http://en.wikipedia.org/wiki/B_movie" title="B movie">B movies</a>, and provided him with supporting roles in more prestigious productions. Heflin continued to hone his acting skills throughout the early 1940s. He provided a compelling characterization of the embattled President <a class="external" href="http://en.wikipedia.org/wiki/Andrew_Johnson" title="Andrew Johnson">Andrew Johnson</a> in <i><a class="external" href="http://en.wikipedia.org/wiki/Tennessee_Johnson" title="Tennessee Johnson">Tennessee Johnson</a></i> (1942), playing opposite (and at odds with) <a class="external" href="http://en.wikipedia.org/wiki/Lionel_Barrymore" title="Lionel Barrymore">Lionel Barrymore</a> who, in the role of Congressman <a class="external" href="http://en.wikipedia.org/wiki/Thaddeus_Stevens" title="Thaddeus Stevens">Thaddeus Stevens</a>, failed to have Johnson convicted in an impeachment trial by the slimmest of margins. According to the IMDB (Internet Movie Database), Heflin served during <a class="external" href="http://en.wikipedia.org/wiki/World_War_II" title="World War II">World War II</a> as a combat cameraman in the Ninth Air Force in Europe and with the <a class="external" href="http://en.wikipedia.org/wiki/First_Motion_Picture_Unit" title="First Motion Picture Unit">First Motion Picture Unit</a>.</p>
	<p xmlns="http://www.w3.org/1999/xhtml">His best-known film became the 1953 classic western <i><a class="external" href="http://en.wikipedia.org/wiki/Shane" title="Shane">Shane</a></i>, in which he co-starred with <a class="external" href="http://en.wikipedia.org/wiki/Alan_Ladd" title="Alan Ladd">Alan Ladd</a>. Among his other notable film credits are <i><a class="external" href="http://en.wikipedia.org/wiki/Presenting_Lily_Mars" title="Presenting Lily Mars">Presenting Lily Mars</a></i> (1943), <i><a class="external" href="http://en.wikipedia.org/wiki/The_Strange_Love_of_Martha_Ivers" title="The Strange Love of Martha Ivers">The Strange Love of Martha Ivers</a></i> (1946), <i><a class="external" href="http://en.wikipedia.org/wiki/Possessed_(1947_film)" title="Possessed (1947 film)">Possessed</a></i> (1947), <i><a class="external" href="http://en.wikipedia.org/wiki/Green_Dolphin_Street" title="Green Dolphin Street">Green Dolphin Street</a></i> (1947), <i><a class="external" href="http://en.wikipedia.org/wiki/Act_of_Violence" title="Act of Violence">Act of Violence</a></i> (1948), <i><a class="external" href="http://en.wikipedia.org/wiki/The_Three_Musketeers_(1948_film)" title="The Three Musketeers (1948 film)">The Three Musketeers</a></i> (1948), <i><a class="external" href="http://en.wikipedia.org/wiki/The_Prowler_(1951_film)" title="The Prowler (1951 film)">The Prowler</a></i> (1951) and <i><a class="external" href="http://en.wikipedia.org/wiki/3:10_to_Yuma_(1957_film)" title="3:10 to Yuma (1957 film)">3:10 to Yuma</a></i> (1957).</p>
	<p xmlns="http://www.w3.org/1999/xhtml">Heflin also performed on stage throughout his acting career. Credits include <i><a class="external" href="http://en.wikipedia.org/wiki/The_Philadelphia_Story_(play)" title="The Philadelphia Story (play)">The Philadelphia Story</a></i> on Broadway opposite <a class="external" href="http://en.wikipedia.org/wiki/Katharine_Hepburn" title="Katharine Hepburn">Katharine Hepburn</a> and <a class="external" href="http://en.wikipedia.org/wiki/Joseph_Cotten" title="Joseph Cotten">Joseph Cotten</a>, and the <a class="external" href="http://en.wikipedia.org/wiki/Arthur_Miller" title="Arthur Miller">Arthur Miller</a> plays <i><a class="external" href="http://en.wikipedia.org/wiki/A_Memory_of_Two_Mondays" title="A Memory of Two Mondays">A Memory of Two Mondays</a></i> and <i><a class="external" href="http://en.wikipedia.org/wiki/A_View_From_the_Bridge" title="A View From the Bridge">A View From the Bridge</a></i>.</p>
      </wiki:abstract>
      <p xmlns="http://www.w3.org/1999/xhtml">Heflin's last major role was in <i><a class="external" href="http://en.wikipedia.org/wiki/Airport_(1970_film)" title="Airport (1970 film)">Airport</a></i> (1970). He played "D. O. Guerrero", a failure who attempts to blow himself up on an airliner so that his wife (played by <a class="external" href="http://en.wikipedia.org/wiki/Maureen_Stapleton" title="Maureen Stapleton">Maureen Stapleton</a>) can collect on a <a class="external" href="http://en.wikipedia.org/wiki/Life_insurance" title="Life insurance">life insurance</a> policy.</p>
      <p xmlns="http://www.w3.org/1999/xhtml">He has two stars on the <a class="external" href="http://en.wikipedia.org/wiki/Hollywood_Walk_of_Fame" title="Hollywood Walk of Fame">Hollywood Walk of Fame</a>, for his contributions to motion pictures at 6309 Hollywood Boulevard, and for television at 6125 Hollywood Boulevard.</p>
      <h2 xmlns="http://www.w3.org/1999/xhtml"> <span class="mw-headline" id="Personal_life">Personal life</span></h2>
      <p xmlns="http://www.w3.org/1999/xhtml">After a brief early marriage he married RKO contract player Frances Neal. They had two daughters, actresses Vana O'Brien and Cathleen (Kate) Heflin, and a son, Tracy. Heflin was the grandfather of actor Ben O'Brien and actress Eleanor O'Brien. Heflin was the uncle of Marta Heflin and Mady Kaplan, both actresses, and director <a class="external" href="http://en.wikipedia.org/wiki/Jonathan_Kaplan" title="Jonathan Kaplan">Jonathan Kaplan</a>.</p>
      <p xmlns="http://www.w3.org/1999/xhtml">On July 6, 1971, Heflin had a <a class="external" href="http://en.wikipedia.org/wiki/Myocardial_infarction" title="Myocardial infarction">heart attack</a> while swimming in his pool. He reached the ladder where he managed to hang on unconscious for hours until he was found. He then lay unconscious for days, apparently never regaining consciousness. Van Heflin died at <a class="external" href="http://en.wikipedia.org/wiki/Cedars-Sinai_Medical_Center" title="Cedars-Sinai Medical Center">Cedars of Lebanon Hospital</a> on July 23, 1971, aged 60. He had left instructions forbidding a public funeral. Instead, his <a class="external" href="http://en.wikipedia.org/wiki/Cremation" title="Cremation">cremated</a> remains were scattered in the ocean.</p>
      <h2 xmlns="http://www.w3.org/1999/xhtml"> <span class="mw-headline" id="Filmography">Filmography</span></h2>
      <h2 xmlns="http://www.w3.org/1999/xhtml"> <span class="mw-headline" id="References">References</span></h2>
      <h2 xmlns="http://www.w3.org/1999/xhtml"> <span class="mw-headline" id="External_links">External links</span></h2>
      <ul xmlns="http://www.w3.org/1999/xhtml">
	<li><a href="http://www.imdb.com/name/nm0001336/" rel="nofollow">Van Heflin</a> at the <a class="external" href="http://en.wikipedia.org/wiki/Internet_Movie_Database" title="Internet Movie Database">Internet Movie Database</a></li>
	<li><a href="http://www.ibdb.com/person.asp?ID=44771" rel="nofollow">Van Heflin</a> at the <a class="external" href="http://en.wikipedia.org/wiki/Internet_Broadway_Database" title="Internet Broadway Database">Internet Broadway Database</a></li>
	<li><a href="http://www.findagrave.com/cgi-bin/fg.cgi?page=gr&amp;GRid=11799" rel="nofollow">Van Heflin</a> at <a class="external" href="http://en.wikipedia.org/wiki/Find_a_Grave" title="Find a Grave">Find a Grave</a></li>
	<li><a href="http://digital.library.okstate.edu/encyclopedia/entries/H/HE008.html" rel="nofollow">Encyclopedia of Oklahoma History and Culture - Heflin, Van</a></li>
      </ul>
    </wiki:description>
  </wiki:person>
  <wiki:film-title link="/wiki/Johnny_Eager">Johnny Eager</wiki:film-title>
  <wiki:film link="/wiki/Johnny_Eager" title="Johnny Eager">
    <wiki:oscar-ref year="1942" span="1" winner="true" award="supporting-actor" person-link="/wiki/Van_Heflin" person-name="Van Heflin"/>
    <wiki:director link="/wiki/Mervyn_LeRoy">Mervyn LeRoy</wiki:director>
    <wiki:writer link="/wiki/John_Lee_Mahin">John Lee Mahin</wiki:writer>
    <wiki:writer link="/wiki/James_Edward_Grant">James Edward Grant</wiki:writer>
    <wiki:distributor link="/wiki/MGM">MGM</wiki:distributor>
    <wiki:starring link="/wiki/Robert_Taylor_(actor)">Robert Taylor</wiki:starring>
    <wiki:starring link="/wiki/Lana_Turner">Lana Turner</wiki:starring>
    <wiki:starring link="/wiki/Edward_Arnold_(actor)">Edward Arnold</wiki:starring>
    <wiki:language link="/wiki/English_language">English</wiki:language>
    <wiki:description>
      <p xmlns="http://www.w3.org/1999/xhtml"><i><b>Johnny Eager</b></i> is a 1942 <a class="external" href="http://en.wikipedia.org/wiki/Film_noir" title="Film noir">film noir</a> starring <a class="external" href="http://en.wikipedia.org/wiki/Robert_Taylor_(actor)" title="Robert Taylor (actor)">Robert Taylor</a> and <a class="external" href="http://en.wikipedia.org/wiki/Lana_Turner" title="Lana Turner">Lana Turner</a>. <a class="external" href="http://en.wikipedia.org/wiki/Van_Heflin" title="Van Heflin">Van Heflin</a> won an <a class="external" href="http://en.wikipedia.org/wiki/Academy_Award_for_Best_Supporting_Actor" title="Academy Award for Best Supporting Actor">Academy Award for Best Supporting Actor</a>.</p>
      <p xmlns="http://www.w3.org/1999/xhtml">The film is featured in the comedy spoof <i><a class="external" href="http://en.wikipedia.org/wiki/Dead_Men_Don%27t_Wear_Plaid" title="Dead Men Don't Wear Plaid">Dead Men Don't Wear Plaid</a></i> (1982).</p>
      <h2 xmlns="http://www.w3.org/1999/xhtml"> <span class="mw-headline" id="Plot">Plot</span></h2>
      <p xmlns="http://www.w3.org/1999/xhtml">Johnny Eager (Robert Taylor) masquerades as a taxi driver for his gullible <a class="external" href="http://en.wikipedia.org/wiki/Probation_officer" title="Probation officer">parole officer</a>, A.J. Verne (<a class="external" href="http://en.wikipedia.org/wiki/Henry_O%27Neill" title="Henry O'Neill">Henry O'Neill</a>), but in reality, he is the ruthless head of a powerful gambling syndicate. Verne introduces him to socialite Lisbeth "Liz" Bard, a sociology student.</p>
      <p xmlns="http://www.w3.org/1999/xhtml">Johnny and Liz are attracted to each other, but then he discovers that she is the stepdaughter of his longtime nemesis, John Benson Farrell (<a class="external" href="http://en.wikipedia.org/wiki/Edward_Arnold_(actor)" title="Edward Arnold (actor)">Edward Arnold</a>). As a crusading prosecutor, Farrell was responsible for sending Johnny to prison, and now as the district attorney, he has gotten an injunction preventing Johnny's expensive <a class="external" href="http://en.wikipedia.org/wiki/Dog_racing" title="Dog racing">dog racing</a> track from opening.</p>
      <p xmlns="http://www.w3.org/1999/xhtml">Johnny decides to use Liz as leverage against her stepfather. When she comes to see him, he has Julio (<a class="external" href="http://en.wikipedia.org/wiki/Paul_Stewart_(actor)" title="Paul Stewart (actor)">Paul Stewart</a>), one of his underlings, burst in and pretend to try to kill him. During the faked struggle, Julio drops his gun. Lisbeth picks it up and shoots Julio when he seems to have the upper hand. Johnny then hustles her out of the room before she can realize that the gun is full of blanks and Julio's blood is actually ketchup. Later, Johnny threatens to expose her as a murderer unless Farrell removes the injunction. Farrell gives in.</p>
      <p xmlns="http://www.w3.org/1999/xhtml">Johnny is depicted as a man without a conscience. When childhood friend Lew Rankin (<a class="external" href="http://en.wikipedia.org/wiki/Barry_Nelson" title="Barry Nelson">Barry Nelson</a>) gets fed up with his subordinate role in the gang and starts plotting against him, Johnny murders him without the slightest qualm. He lies to his devoted girlfriend Garnet (<a class="external" href="http://en.wikipedia.org/wiki/Patricia_Dane" title="Patricia Dane">Patricia Dane</a>) to get her to go to Florida while he romances Liz. Mae (<a class="external" href="http://en.wikipedia.org/wiki/Glenda_Farrell" title="Glenda Farrell">Glenda Farrell</a>), a prior girlfriend, asks him to help get her incorruptible policeman husband transferred back to his old precinct because his long commute is straining their marriage. Johnny not only lies, claiming he no longer has any influence, he also hides the fact that he got the man transferred in the first place because he would not look the other way. When Jimmy Courtney (<a class="external" href="http://en.wikipedia.org/wiki/Robert_Sterling" title="Robert Sterling">Robert Sterling</a>), Liz's high society former boyfriend, becomes alarmed because Liz is going to pieces due to a guilty conscience, he offers Johnny all his money to leave the country and take Liz with him. Johnny cannot figure out his "angle", why he would do such a selfless thing. In fact, the only soft spot Johnny seems to have is for his intellectual, alcoholic right hand man, Jeff Hartnett (<a class="external" href="http://en.wikipedia.org/wiki/Van_Heflin" title="Van Heflin">Van Heflin</a>), and even he is not sure why. Jeff has an insight, telling his boss that "even Johnny Eager has to have one friend."</p>
      <p xmlns="http://www.w3.org/1999/xhtml">However, when Johnny learns that Liz intends to turn herself in, he discovers the meaning of love for the first time in his life. He confesses to her that he staged the whole incident, but she does not believe him. To prove his claim, he decides to produce a live Julio, but he has defected to Johnny's dissatisfied partner, Bill Halligan (<a class="external" href="http://en.wikipedia.org/wiki/Cy_Kendall" title="Cy Kendall">Cy Kendall</a>). Johnny manages to bring Julio (at gunpoint) to Liz, but in the process, touches off a gunfight with Halligan and his men. He kills Halligan and Julio, but is himself shot down by a policeman on his way home after his shift, who in a twist of fate turns out to be Mae's husband.</p>
      <h2 xmlns="http://www.w3.org/1999/xhtml"> <span class="mw-headline" id="Cast">Cast</span></h2>
      <ul xmlns="http://www.w3.org/1999/xhtml">
	<li><a class="external" href="http://en.wikipedia.org/wiki/Robert_Taylor_(actor)" title="Robert Taylor (actor)">Robert Taylor</a> as Johnny Eager</li>
	<li><a class="external" href="http://en.wikipedia.org/wiki/Lana_Turner" title="Lana Turner">Lana Turner</a> as Lisbeth Bard</li>
	<li><a class="external" href="http://en.wikipedia.org/wiki/Edward_Arnold_(actor)" title="Edward Arnold (actor)">Edward Arnold</a> as John Benson Farrell</li>
	<li><a class="external" href="http://en.wikipedia.org/wiki/Van_Heflin" title="Van Heflin">Van Heflin</a> as Jeff Hartnett</li>
	<li><a class="external" href="http://en.wikipedia.org/wiki/Robert_Sterling" title="Robert Sterling">Robert Sterling</a> as Jimmy Courtney</li>
	<li><a class="external" href="http://en.wikipedia.org/wiki/Patricia_Dane" title="Patricia Dane">Patricia Dane</a> as Garnet</li>
	<li><a class="external" href="http://en.wikipedia.org/wiki/Glenda_Farrell" title="Glenda Farrell">Glenda Farrell</a> as Mae Blythe Agridowski</li>
	<li><a class="external" href="http://en.wikipedia.org/wiki/Henry_O%27Neill" title="Henry O'Neill">Henry O'Neill</a> as A.J. Verne</li>
	<li><a class="external" href="http://en.wikipedia.org/wiki/Diana_Lewis" title="Diana Lewis">Diana Lewis</a> as Judy Sanford</li>
	<li><a class="external" href="http://en.wikipedia.org/wiki/Barry_Nelson" title="Barry Nelson">Barry Nelson</a> as Lew Rankin</li>
	<li><a class="external" href="http://en.wikipedia.org/wiki/Charles_Dingle" title="Charles Dingle">Charles Dingle</a> as A. Frazier Marco</li>
	<li><a class="external" href="http://en.wikipedia.org/wiki/Paul_Stewart_(actor)" title="Paul Stewart (actor)">Paul Stewart</a> as Julio</li>
	<li><a class="external" href="http://en.wikipedia.org/wiki/Cy_Kendall" title="Cy Kendall">Cy Kendall</a> as Bill Halligan</li>
	<li>Don Costello as Billiken</li>
	<li>Lou Lubin as Benjy</li>
	<li>Joe Downing as Ryan (as Joseph Downing)</li>
	<li><a class="external" href="http://en.wikipedia.org/wiki/Connie_Gilchrist" title="Connie Gilchrist">Connie Gilchrist</a> as Peg Fowler</li>
	<li><a class="external" href="http://en.wikipedia.org/wiki/Robin_Raymond" title="Robin Raymond">Robin Raymond</a> as Matilda "Matty" Fowler</li>
	<li>Leona Maricle as Miss Mines</li>
	<li>Byron Shores as Officer Joe Agridowski</li>
      </ul>
      <h2 xmlns="http://www.w3.org/1999/xhtml"> <span class="mw-headline" id="Reception">Reception</span></h2>
      <p xmlns="http://www.w3.org/1999/xhtml"><i><a class="external" href="http://en.wikipedia.org/wiki/The_New_York_Times" title="The New York Times">The New York Times</a></i> reviewer called the film "a tight tale of underworld terror that drives hardâ€”even in the clinches" and, though not a "serious drama", "as pure melodrama 'Johnny Eager' moves at a turbulent tempo." "Mr. Taylor and Miss Turner strike sparks in their distraught love affair. Van Heflin provides a sardonic portrait of Johnny's Boswell, full of long words and fancy quotations."</p>
      <p xmlns="http://www.w3.org/1999/xhtml"><a class="external" href="http://en.wikipedia.org/wiki/Emanuel_Levy" title="Emanuel Levy">Emanuel Levy</a> was less enthused, complaining that the plot "fails to make any sense." However, he complimented Van Heflin for "stealing every scene he is in".</p>
      <p xmlns="http://www.w3.org/1999/xhtml"><i><a class="external" href="http://en.wikipedia.org/wiki/Variety_(magazine)" title="Variety (magazine)">Variety</a></i> magazine reported, "Johnny Eager is an underworld meller with a few new twists to the usual trappings, but by and large it's the familiar tale ... of slick gangster vs innocent rich girl." However, the reviewer praised all three leads, singling Van Heflin out as "outstanding".</p>
      <h2 xmlns="http://www.w3.org/1999/xhtml"> <span class="mw-headline" id="References">References</span></h2>
      <h2 xmlns="http://www.w3.org/1999/xhtml"> <span class="mw-headline" id="External_links">External links</span></h2>
      <ul xmlns="http://www.w3.org/1999/xhtml">
	<li><a href="http://www.allmovie.com/work/26437" rel="nofollow"><i>Johnny Eager</i></a> at <a class="external" href="http://en.wikipedia.org/wiki/Allmovie" title="Allmovie">Allmovie</a></li>
	<li><a href="http://tcmdb.com/title/title.jsp?stid=2019" rel="nofollow"><i>Johnny Eager</i></a> at the <a class="external" href="http://en.wikipedia.org/wiki/Turner_Classic_Movies" title="Turner Classic Movies">TCM Movie Database</a></li>
	<li><a href="http://www.imdb.com/title/tt0033774/" rel="nofollow"><i>Johnny Eager</i></a> at the <a class="external" href="http://en.wikipedia.org/wiki/Internet_Movie_Database" title="Internet Movie Database">Internet Movie Database</a></li>
      </ul>
    </wiki:description>
  </wiki:film>
</wiki:nominee>