<?xml version="1.0" encoding="UTF-8"?>
<wiki:nominee year="2000" span="1" winner="false" award="supporting-actress" xmlns:wiki="http://marklogic.com/wikipedia">
  <!--
                            Copyright (c) 2010 MarkLogic Corporation.
                            Permission is granted to copy, distribute and/or modify this document
                            under the terms of the GNU Free Documentation License, Version 1.2
                            or any later version published by the Free Software Foundation;
                            with no Invariant Sections, no Front-Cover Texts, and no Back-Cover Texts.
                            A copy of the license is included in the section entitled "GNU
                            Free Documentation License"
                            
                            Content derived from http://en.wikipedia.org/wiki/Billy_Elliot and http://en.wikipedia.org/wiki/Julie_Walters
                            Modified in May 2009 by Mark Logic Corporation under the terms of the GNU Free Documentation License.
                        -->
  <wiki:name link="/wiki/Julie_Walters">Julie Walters</wiki:name>
  <wiki:person link="/wiki/Julie_Walters" name="Julie Walters">
    <wiki:oscar year="1983" span="1" winner="false" award="lead-actress" film-link="/wiki/Educating_Rita_(film)" film-title="Educating Rita"/>
    <wiki:oscar year="2000" span="1" winner="false" award="supporting-actress" film-link="/wiki/Billy_Elliot" film-title="Billy Elliot"/>
    <wiki:image link="http://upload.wikimedia.org/wikipedia/commons/thumb/e/ec/Birmingham_Walk_of_Stars_Julie_Walters.jpg/220px-Birmingham_Walk_of_Stars_Julie_Walters.jpg"/>
    <wiki:birth>
      <wiki:date>1950-02-22</wiki:date>
      <wiki:place>
	<wiki:primary link="/wiki/Smethwick">Smethwick</wiki:primary>
	<wiki:secondary link="/wiki/West_Midlands_(county)">West Midlands</wiki:secondary>
      <enrich><woeid xmlns="http://where.yahooapis.com/v1/schema.rng">12695866</woeid><placeTypeName code="10" xmlns="http://where.yahooapis.com/v1/schema.rng">Local Administrative Area</placeTypeName><name xmlns="http://where.yahooapis.com/v1/schema.rng">Sandwell Metropolitan Borough</name><country code="GB" type="Country" xmlns="http://where.yahooapis.com/v1/schema.rng">United Kingdom</country><admin1 code="GB-ENG" type="Country" xmlns="http://where.yahooapis.com/v1/schema.rng">England</admin1><admin2 code="GB-WMD" type="County" xmlns="http://where.yahooapis.com/v1/schema.rng">West Midlands</admin2><admin3 xmlns="http://where.yahooapis.com/v1/schema.rng"/><locality1 xmlns="http://where.yahooapis.com/v1/schema.rng"/><locality2 xmlns="http://where.yahooapis.com/v1/schema.rng"/><postal xmlns="http://where.yahooapis.com/v1/schema.rng"/><centroid xmlns="http://where.yahooapis.com/v1/schema.rng"><latitude>52.514881</latitude><longitude>-2.007690</longitude></centroid><boundingBox xmlns="http://where.yahooapis.com/v1/schema.rng"><southWest><latitude>52.460709</latitude><longitude>-2.097130</longitude></southWest><northEast><latitude>52.569038</latitude><longitude>-1.918250</longitude></northEast></boundingBox><areaRank xmlns="http://where.yahooapis.com/v1/schema.rng">4</areaRank><popRank xmlns="http://where.yahooapis.com/v1/schema.rng">0</popRank></enrich></wiki:place>
    </wiki:birth>
    <wiki:description>
      <wiki:abstract>
	<p xmlns="http://www.w3.org/1999/xhtml"><b>Julie Walters</b>, <a class="external" href="http://en.wikipedia.org/wiki/Order_of_the_British_Empire" title="Order of the British Empire">CBE</a> (born February 22, 1950) is an <a class="external" href="http://en.wikipedia.org/wiki/England" title="England">English</a> actress and <a class="external" href="http://en.wikipedia.org/wiki/Novelist" title="Novelist">novelist</a>.</p>
	<h2 xmlns="http://www.w3.org/1999/xhtml"> <span class="mw-headline" id="Early_life">Early life</span></h2>
	<p xmlns="http://www.w3.org/1999/xhtml"><b>Julia Mary Walters</b> was born in <a class="external" href="http://en.wikipedia.org/wiki/Smethwick" title="Smethwick">Smethwick</a>, <a class="external" href="http://en.wikipedia.org/wiki/Sandwell" title="Sandwell">Sandwell</a> to parents Mary Bridget (<a class="external" href="http://en.wikipedia.org/wiki/Married_and_maiden_names" title="Married and maiden names">nÃ©e</a> O'Brien), a postal clerk of <a class="external" href="http://en.wikipedia.org/wiki/Irish_Catholic" title="Irish Catholic">Irish Catholic</a> extraction, and Thomas Walters, a builder and decorator. The youngest of three children and only girl, Walters had an early education at a convent school and later at <a class="external" href="http://en.wikipedia.org/wiki/Holly_Lodge_High_School" title="Holly Lodge High School">Holly Lodge Grammar School for Girls</a> on Holly Lane in Smethwick, although she was asked to leave at the end of her lower sixth due to her "high jinks". In an interview with Alison Oddey, Walters said about her early schooling: "I was never going to be academic, so [my mother] suggested that I try teaching or nursing [...] I'd been asked to leave school, so I thought I'd better do it."</p>
	<p xmlns="http://www.w3.org/1999/xhtml">Her first job was in insurance at the age of 15. At 18 she trained as a nurse at the <a class="external" href="http://en.wikipedia.org/wiki/Queen_Elizabeth_Hospital,_Birmingham" title="Queen Elizabeth Hospital, Birmingham">Queen Elizabeth Hospital, Birmingham</a> and worked on the <a class="external" href="http://en.wikipedia.org/wiki/Ophthalmology" title="Ophthalmology">Ophthalmic</a>, <a class="external" href="http://en.wikipedia.org/wiki/Emergency_department" title="Emergency department">Casualty</a> and <a class="external" href="http://en.wikipedia.org/wiki/Coronary_care_unit" title="Coronary care unit">Coronary Care</a> wards during the 18 months she spent there. She fell madly in love with her first proper boyfriend who then left to study sociology in <a class="external" href="http://en.wikipedia.org/wiki/Manchester" title="Manchester">Manchester</a>. Walters decided to leave nursing and follow her boyfriend to Manchester and study English and Drama at Manchester Polytechnic (now <a class="external" href="http://en.wikipedia.org/wiki/Manchester_Metropolitan_University" title="Manchester Metropolitan University">Manchester Metropolitan University</a>) and pursued a career in the <a class="external" href="http://en.wikipedia.org/wiki/Performing_arts" title="Performing arts">performing arts</a>. Walters worked for the <a class="external" href="http://en.wikipedia.org/wiki/Everyman_Theatre" title="Everyman Theatre">Everyman Theatre Company</a> in <a class="external" href="http://en.wikipedia.org/wiki/Liverpool" title="Liverpool">Liverpool</a> in the mid 1970s, alongside several other notable performers: <a class="external" href="http://en.wikipedia.org/wiki/Bill_Nighy" title="Bill Nighy">Bill Nighy</a>, <a class="external" href="http://en.wikipedia.org/wiki/Pete_Postlethwaite" title="Pete Postlethwaite">Pete Postlethwaite</a>, <a class="external" href="http://en.wikipedia.org/wiki/Jonathan_Pryce" title="Jonathan Pryce">Jonathan Pryce</a>, <a class="external" href="http://en.wikipedia.org/wiki/Willy_Russell" title="Willy Russell">Willy Russell</a> and <a class="external" href="http://en.wikipedia.org/wiki/Alan_Bleasdale" title="Alan Bleasdale">Alan Bleasdale</a>.</p>
	<h2 xmlns="http://www.w3.org/1999/xhtml"> <span class="mw-headline" id="Career">Career</span></h2>
	<p xmlns="http://www.w3.org/1999/xhtml">Walters first received notice as the occasional partner of <a class="external" href="http://en.wikipedia.org/wiki/Comedienne" title="Comedienne">comedienne</a> <a class="external" href="http://en.wikipedia.org/wiki/Victoria_Wood" title="Victoria Wood">Victoria Wood</a>, whom she had briefly met in Manchester. The two first worked together in the 1978 theatre revue <i><a class="external" href="http://en.wikipedia.org/wiki/In_At_The_Death" title="In At The Death">In At The Death</a></i>, followed by the television adaptation of Wood's play <i><a class="external" href="http://en.wikipedia.org/wiki/Talent_(1978_play)" title="Talent (1978 play)">Talent</a></i>. They went on to appear in their own <a class="external" href="http://en.wikipedia.org/wiki/Granada_Television" title="Granada Television">Granada Television</a> series, <i><a class="external" href="http://en.wikipedia.org/wiki/Wood_and_Walters" title="Wood and Walters">Wood and Walters</a></i>, in 1982. They have continued to perform together frequently over the years. The Bafta-winning BBC follow-up, <i><a class="external" href="http://en.wikipedia.org/wiki/Victoria_Wood_As_Seen_On_TV" title="Victoria Wood As Seen On TV">Victoria Wood As Seen On TV</a></i>, featured one of Walters' best-known roles, Mrs. Overall in Wood's parodic <a class="external" href="http://en.wikipedia.org/wiki/Soap_opera" title="Soap opera">soap opera</a>, <i><a class="external" href="http://en.wikipedia.org/wiki/Acorn_Antiques" title="Acorn Antiques">Acorn Antiques</a></i> (she later appeared in <a class="external" href="http://en.wikipedia.org/wiki/Acorn_Antiques_The_Musical" title="Acorn Antiques The Musical">the musical version</a>, and received an <a class="external" href="http://en.wikipedia.org/wiki/Olivier_Award" title="Olivier Award">Olivier Award</a> nomination for her efforts). She also appeared as Petula Gordino in Wood's sitcom <i><a class="external" href="http://en.wikipedia.org/wiki/Dinnerladies" title="Dinnerladies">dinnerladies</a></i>.</p>
	<p xmlns="http://www.w3.org/1999/xhtml">Before making her London stage debut in <i>Educating Rita</i>, Walters had worked in regional theatre, stand-up comedy and cabaret. Her first serious acting role on TV was in the classic <i><a class="external" href="http://en.wikipedia.org/wiki/Boys_from_the_Blackstuff" title="Boys from the Blackstuff">Boys from the Blackstuff</a></i> in 1982, and she broke into films with her <a class="external" href="http://en.wikipedia.org/wiki/Academy_Awards" title="Academy Awards">Academy Award</a>-nominated, <a class="external" href="http://en.wikipedia.org/wiki/British_Academy_of_Film_and_Television_Arts" title="British Academy of Film and Television Arts">BAFTA</a> Best Actress award-winning and <a class="external" href="http://en.wikipedia.org/wiki/Golden_Globe_Award" title="Golden Globe Award">Golden Globe Award</a> Best Actress â€“ Motion Picture Musical/Comedy award-winning performance opposite <a class="external" href="http://en.wikipedia.org/wiki/Michael_Caine" title="Michael Caine">Michael Caine</a> in <i><a class="external" href="http://en.wikipedia.org/wiki/Educating_Rita_(film)" title="Educating Rita (film)">Educating Rita</a></i> (1983), a role she had created on the <a class="external" href="http://en.wikipedia.org/wiki/West_End_theatre" title="West End theatre">West End</a> stage. In 1985, she played Adrian Mole's mother Pauline in the TV adaptation of <a class="external" href="http://en.wikipedia.org/wiki/The_Secret_Diary_of_Adrian_Mole_(TV_series)" title="The Secret Diary of Adrian Mole (TV series)">The Secret Diary of Adrian Mole</a>. Walters starred as the lead in the 1987 film <i><a class="external" href="http://en.wikipedia.org/wiki/Personal_Services" title="Personal Services">Personal Services</a></i> - a dramatic comedy about a UK brothel owner. Walters played the lead character's wife, June, in the film <i><a class="external" href="http://en.wikipedia.org/wiki/Buster_(film)" title="Buster (film)">Buster</a></i>, released in 1988. She also appeared as <a class="external" href="http://en.wikipedia.org/w/index.php?title=Mrs._Peachum&amp;action=edit&amp;redlink=1" title="Mrs. Peachum (page does not exist)">Mrs. Peachum</a> in the 1989 film version of <i><a class="external" href="http://en.wikipedia.org/wiki/The_Threepenny_Opera" title="The Threepenny Opera">The Threepenny Opera</a></i>, which was renamed <i><a class="external" href="http://en.wikipedia.org/wiki/Mack_the_Knife" title="Mack the Knife">Mack the Knife</a></i> for the screen.</p>
	<p xmlns="http://www.w3.org/1999/xhtml">In 1991 she starred opposite <a class="external" href="http://en.wikipedia.org/wiki/Liza_Minnelli" title="Liza Minnelli">Liza Minnelli</a> in <i><a class="external" href="http://en.wikipedia.org/wiki/Stepping_Out_(play)" title="Stepping Out (play)">Stepping Out</a></i> and had a one-off television special, <i><a class="external" href="http://en.wikipedia.org/wiki/Julie_Walters_and_Friends" title="Julie Walters and Friends">Julie Walters and Friends</a></i>, which featured writing contributions from <a class="external" href="http://en.wikipedia.org/wiki/Victoria_Wood" title="Victoria Wood">Victoria Wood</a> and <a class="external" href="http://en.wikipedia.org/wiki/Alan_Bennett" title="Alan Bennett">Alan Bennett</a>. In 1998 she starred as the Fairy Godmother in the ITV Pantomime â€“ Jack and the Beanstalk, alongside actors Neil Morrissey, <a class="external" href="http://en.wikipedia.org/wiki/Adrian_Edmondson" title="Adrian Edmondson">Adrian Edmondson</a>, <a class="external" href="http://en.wikipedia.org/wiki/Paul_Merton" title="Paul Merton">Paul Merton</a>, <a class="external" href="http://en.wikipedia.org/wiki/Denise_van_Outen" title="Denise van Outen">Denise van Outen</a> and <a class="external" href="http://en.wikipedia.org/wiki/Julian_Clary" title="Julian Clary">Julian Clary</a>. The show was first broadcast 25 December 1998 on ITV1 and continues to be shown every year around Christmas on ITV2.</p>
	<p xmlns="http://www.w3.org/1999/xhtml">Walters has won numerous other acting awards, and was appointed Officer of the <a class="external" href="http://en.wikipedia.org/wiki/Order_of_the_British_Empire" title="Order of the British Empire">Order of the British Empire</a> (OBE) in 1999 and raised to Commander level (CBE) in the <a class="external" href="http://en.wikipedia.org/wiki/New_Year_Honours_2008" title="New Year Honours 2008">2008 New Year Honours</a> for her services to drama. In 2001, she won a <a class="external" href="http://en.wikipedia.org/wiki/Laurence_Olivier_Award" title="Laurence Olivier Award">Laurence Olivier Award</a> for her performance in <a class="external" href="http://en.wikipedia.org/wiki/Arthur_Miller" title="Arthur Miller">Arthur Miller</a>'s <i><a class="external" href="http://en.wikipedia.org/wiki/All_My_Sons" title="All My Sons">All My Sons</a></i>. She received her second Oscar nomination and won a BAFTA for her supporting role as the ballet teacher in <i><a class="external" href="http://en.wikipedia.org/wiki/Billy_Elliot" title="Billy Elliot">Billy Elliot</a></i> (2000). In 2002, she again won a BAFTA for her performance as <a class="external" href="http://en.wikipedia.org/wiki/Paul_Reiser" title="Paul Reiser">Paul Reiser</a>'s mother in <i>My Beautiful Son</i>.</p>
	<p xmlns="http://www.w3.org/1999/xhtml">Walters also played <a class="external" href="http://en.wikipedia.org/wiki/Molly_Weasley" title="Molly Weasley">Molly Weasley</a> in <i><a class="external" href="http://en.wikipedia.org/wiki/Harry_Potter_and_the_Sorcerer%27s_Stone_(film)" title="Harry Potter and the Sorcerer's Stone (film)">Harry Potter and the Sorcerer's Stone</a> (US title)</i> <a class="external" href="http://en.wikipedia.org/wiki/Harry_Potter_and_the_Philosopher%27s_Stone_(film)" title="Harry Potter and the Philosopher's Stone (film)">Harry Potter and the Philosopher's Stone (film)</a> <i>(UK Title)</i> (2001), <i><a class="external" href="http://en.wikipedia.org/wiki/Harry_Potter_and_the_Chamber_of_Secrets_(film)" title="Harry Potter and the Chamber of Secrets (film)">Harry Potter and the Chamber of Secrets</a></i> (2002), <i><a class="external" href="http://en.wikipedia.org/wiki/Harry_Potter_and_the_Prisoner_of_Azkaban_(film)" title="Harry Potter and the Prisoner of Azkaban (film)">Harry Potter and the Prisoner of Azkaban</a></i> (2004), <i><a class="external" href="http://en.wikipedia.org/wiki/Harry_Potter_and_the_Order_of_the_Phoenix_(film)" title="Harry Potter and the Order of the Phoenix (film)">Harry Potter and the Order of the Phoenix</a></i> (2007) and <i><a class="external" href="http://en.wikipedia.org/wiki/Harry_Potter_and_the_Half-Blood_Prince_(film)" title="Harry Potter and the Half-Blood Prince (film)">Harry Potter and the Half-Blood Prince</a></i> (2009). Also Harry Potter and The Deathly Hallows Part 1 &amp; 2 (2010 and 2011).</p>
	<p xmlns="http://www.w3.org/1999/xhtml">In 2003, Walters starred as a widow (Annie Clark) determined to make some good come out of her husband's death from cancer in <i><a class="external" href="http://en.wikipedia.org/wiki/Calendar_Girls" title="Calendar Girls">Calendar Girls</a></i>, which also starred <a class="external" href="http://en.wikipedia.org/wiki/Helen_Mirren" title="Helen Mirren">Helen Mirren</a> and <a class="external" href="http://en.wikipedia.org/wiki/Ciar%C3%A1n_Hinds" title="CiarÃ¡n Hinds">CiarÃ¡n Hinds</a>; in 2005, Walters again starred as inspirational real-life figure <a class="external" href="http://en.wikipedia.org/wiki/Marie_Stubbs" title="Marie Stubbs">Marie Stubbs</a> in the <a class="external" href="http://en.wikipedia.org/wiki/ITV1" title="ITV1">ITV1</a> drama <i>Head of the Class</i>.</p>
	<p xmlns="http://www.w3.org/1999/xhtml">In 2006, she came fourth in ITV's poll of the public's 50 Greatest Stars, coming four places above frequent co-star <a class="external" href="http://en.wikipedia.org/wiki/Victoria_Wood" title="Victoria Wood">Victoria Wood</a>. Also in 2006, she played the main role in an <a class="external" href="http://en.wikipedia.org/wiki/ITV" title="ITV">ITV</a> drama <i><a class="external" href="http://en.wikipedia.org/wiki/Driving_Lessons" title="Driving Lessons">Driving Lessons</a></i> alongside <a class="external" href="http://en.wikipedia.org/wiki/Rupert_Grint" title="Rupert Grint">Rupert Grint</a> (who played her son Ron in the <a class="external" href="http://en.wikipedia.org/wiki/Harry_Potter" title="Harry Potter">Harry Potter</a> series), and later a leading role in the <a class="external" href="http://en.wikipedia.org/wiki/BBC" title="BBC">BBC</a>'s adaptation of <a class="external" href="http://en.wikipedia.org/wiki/Phillip_Pullman" title="Phillip Pullman">Phillip Pullman</a>'s novel <i><a class="external" href="http://en.wikipedia.org/wiki/The_Ruby_in_the_Smoke" title="The Ruby in the Smoke">The Ruby in the Smoke</a></i>. In the summer of 2006, she published her first novel, <i>Maggie's Tree</i>. Walters starred in <a class="external" href="http://en.wikipedia.org/wiki/Asda" title="Asda">Asda</a>'s Christmas 2007 TV advertising campaign. She also appeared alongside <a class="external" href="http://en.wikipedia.org/wiki/Patrick_Stewart" title="Patrick Stewart">Patrick Stewart</a> in UK Nintendo DS Brain Training television advertisements, and in a <a class="external" href="http://en.wikipedia.org/wiki/Public_Information_Film" title="Public Information Film">Public Information Film</a> about smoke alarms. In summer 2008, Walters appeared in the movie version of <i><a class="external" href="http://en.wikipedia.org/wiki/Mamma_Mia!" title="Mamma Mia!">Mamma Mia!</a></i>, marking her second high profile musical, after <a class="external" href="http://en.wikipedia.org/wiki/Acorn_Antiques:_The_Musical!" title="Acorn Antiques: The Musical!">Acorn Antiques</a>.</p>
	<p xmlns="http://www.w3.org/1999/xhtml">Walters played <a class="external" href="http://en.wikipedia.org/wiki/Mary_Whitehouse" title="Mary Whitehouse">Mary Whitehouse</a> in the <a class="external" href="http://en.wikipedia.org/wiki/BBC" title="BBC">BBC</a> Drama <i><a class="external" href="http://en.wikipedia.org/wiki/Filth:_The_Mary_Whitehouse_Story" title="Filth: The Mary Whitehouse Story">Filth: The Mary Whitehouse Story</a></i>, an adaptation of the real-life story of Mrs. Whitehouse, who campaigned for "taste and decency on television". Walters commented, "I am very excited to be playing Mary Whitehouse, and to be looking at the time when she attacked the BBC and started to make her name." <i>Filth</i> won Best Motion Picture Made for Television, and Walters was nominated for Best Actress In A Miniseries Or A Motion Picture Made For Television, at the 2008 13th Annual Satellite Awards.</p>
	<p xmlns="http://www.w3.org/1999/xhtml">In 2009 Walters received a star in the <a class="external" href="http://en.wikipedia.org/wiki/Birmingham_Walk_of_Stars" title="Birmingham Walk of Stars">Birmingham Walk of Stars</a> on Birmingham's Golden Mile, <a class="external" href="http://en.wikipedia.org/wiki/Broad_Street,_Birmingham" title="Broad Street, Birmingham">Broad Street</a>. She said: "I am very honoured and happy that the people of Birmingham and the West Midlands want to include me in their Walk of Stars and I look forward to receiving my star. Birmingham and the West Midlands is where I'm from; these are my roots and in essence it has played a big part in making me the person I am today". Other awards include an International Emmy with Ben Whishaw for "A Short Stay In Switzerland".</p>
	<p xmlns="http://www.w3.org/1999/xhtml">Later that year Walters played the late MP and former <a class="external" href="http://en.wikipedia.org/wiki/Secretary_of_State_for_Northern_Ireland" title="Secretary of State for Northern Ireland">Secretary of State for Northern Ireland</a>, <a class="external" href="http://en.wikipedia.org/wiki/Mo_Mowlam" title="Mo Mowlam">Mo Mowlam</a> in a drama for <a class="external" href="http://en.wikipedia.org/wiki/Channel_4" title="Channel 4">Channel 4</a>, broadcast in early 2010. She had misgivings about taking on the role because of the differences in their physical appearance, but the result was highly praised by critics.</p>
	<h2 xmlns="http://www.w3.org/1999/xhtml"> <span class="mw-headline" id="Personal_life">Personal life</span></h2>
	<p xmlns="http://www.w3.org/1999/xhtml">Walters met her husband, Grant Roffey, an <a class="external" href="http://en.wikipedia.org/wiki/The_Automobile_Association" title="The Automobile Association">AA</a> patrol man, in a whirlwind romance. The couple have a daughter, Maisie Mae Roffey (born 1988, <a class="external" href="http://en.wikipedia.org/wiki/City_of_Westminster" title="City of Westminster">City of Westminster</a>, <a class="external" href="http://en.wikipedia.org/wiki/London" title="London">London</a>), but did not marry until 1997, 11 years into their relationship, when they went to <a class="external" href="http://en.wikipedia.org/wiki/New_York" title="New York">New York</a>. The couple live on an organic farm run by Roffey in <a class="external" href="http://en.wikipedia.org/wiki/West_Sussex" title="West Sussex">West Sussex</a>.</p>
	<p xmlns="http://www.w3.org/1999/xhtml">In 2008, Walters revealed to <i><a class="external" href="http://en.wikipedia.org/wiki/The_Daily_Mirror" title="The Daily Mirror">The Daily Mirror</a></i> that, as a young girl, she and three other girls were abducted by an unknown assailant and subjected to sexual assault. "He tried to get us into a derelict house", she stated. "He touched me. It was nothing horrific, but it could have been. It was the start of a sexual assault. There were three of us, plus a little one, and you'd think there'd have been safety in numbers. But we were so frightened of him, we would have done anything." She kept the ordeal secret until she told her husband in 1995, aged 45.</p>
	<h2 xmlns="http://www.w3.org/1999/xhtml"> <span class="mw-headline" id="Filmography">Filmography</span></h2>
	<h2 xmlns="http://www.w3.org/1999/xhtml"> <span class="mw-headline" id="Theatreography">Theatreography</span></h2>
	<ul xmlns="http://www.w3.org/1999/xhtml">
	  <li>(London debut) Irene Tinsley, Funny Peculiar, Mermaid Theatre, then Garrick Theatre, London, 1976</li>
	  <li>Vera, Breezeblock Park, Mermaid Theatre, then Whitehall Theatre, London, 1977</li>
	  <li>Irene Goodnight, Flaming Bodies, ICA Theatre, London, 1979</li>
	  <li>Rita, Educating Rita, Royal Shakespeare Company, London, 1980</li>
	  <li>Having a Ball, Lyric Hammersmith Theatre, London, 1981</li>
	  <li>Fool for Love, Royal National Theatre, London, 1984â€“1985</li>
	  <li>Macbeth, Leicester Haymarket Theatre, 1985</li>
	  <li>When I Was a Girl I Used to Scream and Shout, Whitehall Theatre, 1986</li>
	  <li>Frankie and Johnny in the Claire de Lune, Comedy Theatre, 1989</li>
	  <li>Serafina, The Rose Tattoo, Playhouse, London, 1991</li>
	  <li>All My Sons, Royal National Theatre, 2000</li>
	  <li>Acorn Antiques: The Musical, 2005</li>
	  <li>Also appeared in The Taming of the Shrew, produced in Liverpool, England; and in Jumpers, Royal Exchange; performed with *Everyman Theatre, Liverpool, and Bristol Old Vic.</li>
	</ul>
	<h2 xmlns="http://www.w3.org/1999/xhtml"> <span class="mw-headline" id="Awards">Awards</span></h2>
      </wiki:abstract>
      <h2 xmlns="http://www.w3.org/1999/xhtml"> <span class="mw-headline" id="Styles">Styles</span></h2>
      <ul xmlns="http://www.w3.org/1999/xhtml">
	<li>Julie Walters (1950â€“1999)</li>
	<li>Julie Walters OBE (1999â€“2008)</li>
	<li>Julie Walters CBE (2008â€“present)</li>
      </ul>
      <h2 xmlns="http://www.w3.org/1999/xhtml"> <span class="mw-headline" id="References">References</span></h2>
      <h2 xmlns="http://www.w3.org/1999/xhtml"> <span class="mw-headline" id="External_links">External links</span></h2>
      <ul xmlns="http://www.w3.org/1999/xhtml">
	<li><a href="http://www.imdb.com/name/nm910278/" rel="nofollow">Julie Walters</a> at the <a class="external" href="http://en.wikipedia.org/wiki/Internet_Movie_Database" title="Internet Movie Database">Internet Movie Database</a></li>
	<li><a href="http://www.screenonline.org.uk/people/id/528276/" rel="nofollow">Julie Walters</a> at the <a class="external" href="http://en.wikipedia.org/wiki/British_Film_Institute" title="British Film Institute">British Film Institute</a>'s <a class="external" href="http://en.wikipedia.org/wiki/Screenonline" title="Screenonline">Screenonline</a></li>
	<li><a href="http://www.screenonline.org.uk/tours/walters/tourwalters.html" rel="nofollow">A Conversation with Julie Walters</a> â€“ interactive video interview presented by BFI Screenonline and British Telecom</li>
	<li><a href="http://news.bbc.co.uk/2/hi/entertainment/7163471.stm" rel="nofollow">Walters named as CBE</a></li>
      </ul>
    </wiki:description>
  </wiki:person>
  <wiki:film-title link="/wiki/Billy_Elliot">Billy Elliot</wiki:film-title>
  <wiki:film link="/wiki/Billy_Elliot" title="Billy Elliot">
    <wiki:oscar-ref year="2000" span="1" winner="false" award="best-director" person-link="/wiki/Stephen_Daldry" person-name="Stephen Daldry"/>
    <wiki:oscar-ref year="2000" span="1" winner="false" award="supporting-actress" person-link="/wiki/Julie_Walters" person-name="Julie Walters"/>
    <wiki:director link="/wiki/Stephen_Daldry">Stephen Daldry</wiki:director>
    <wiki:writer link="/wiki/Lee_Hall_(playwright)">Lee Hall</wiki:writer>
    <wiki:distributor link="/wiki/Universal_Focus">Universal Focus</wiki:distributor>
    <wiki:distributor link="/wiki/StudioCanal">StudioCanal</wiki:distributor>
    <wiki:distributor link="/wiki/BBC_Films">BBC Films</wiki:distributor>
    <wiki:distributor link="/wiki/Tiger_Aspect_Productions">Tiger Aspect Pictures</wiki:distributor>
    <wiki:distributor link="/wiki/Working_Title_Films#WT2_Productions">WT Productions</wiki:distributor>
    <wiki:starring link="/wiki/Jamie_Bell">Jamie Bell</wiki:starring>
    <wiki:starring link="/wiki/Julie_Walters">Julie Walters</wiki:starring>
    <wiki:starring link="/wiki/Gary_Lewis_(actor)">Gary Lewis</wiki:starring>
    <wiki:starring link="/wiki/Jamie_Draven">Jamie Draven</wiki:starring>
    <wiki:description>
      <wiki:abstract>
	<p xmlns="http://www.w3.org/1999/xhtml"><i><b>Billy Elliot</b></i> is a 2000 British <a class="external" href="http://en.wikipedia.org/wiki/Drama_film" title="Drama film">drama film</a> written by <a class="external" href="http://en.wikipedia.org/wiki/Lee_Hall_(playwright)" title="Lee Hall (playwright)">Lee Hall</a> and was directed by <a class="external" href="http://en.wikipedia.org/wiki/Stephen_Daldry" title="Stephen Daldry">Stephen Daldry</a>. Set in the fictional town of 'Everington' in the real <a class="external" href="http://en.wikipedia.org/wiki/County_Durham" title="County Durham">County Durham</a>, UK, it stars <a class="external" href="http://en.wikipedia.org/wiki/Jamie_Bell" title="Jamie Bell">Jamie Bell</a> as 11-year-old Billy, an aspiring dancer, <a class="external" href="http://en.wikipedia.org/wiki/Gary_Lewis_(actor)" title="Gary Lewis (actor)">Gary Lewis</a> as his <a class="external" href="http://en.wikipedia.org/wiki/Coal_miner" title="Coal miner">coal miner</a> father, <a class="external" href="http://en.wikipedia.org/wiki/Jamie_Draven" title="Jamie Draven">Jamie Draven</a> as Billy's older brother, and <a class="external" href="http://en.wikipedia.org/wiki/Julie_Walters" title="Julie Walters">Julie Walters</a> as his ballet teacher. In 2001, author <a class="external" href="http://en.wikipedia.org/wiki/Melvin_Burgess" title="Melvin Burgess">Melvin Burgess</a> was commissioned to write the novelisation of the film based on Lee Hall's screenplay. The story was adapted for the <a class="external" href="http://en.wikipedia.org/wiki/West_End_theatre" title="West End theatre">West End</a> stage as <i><a class="external" href="http://en.wikipedia.org/wiki/Billy_Elliot_the_Musical" title="Billy Elliot the Musical">Billy Elliot the Musical</a></i> in 2005; it opened in Australia in 2007 and Broadway in 2008.</p>
	<p xmlns="http://www.w3.org/1999/xhtml">When the film was released in the United States, the <a class="external" href="http://en.wikipedia.org/wiki/Motion_Picture_Association_of_America" title="Motion Picture Association of America">Motion Picture Association of America</a> awarded it an R rating due to "<a class="external" href="http://en.wikipedia.org/wiki/Profanity" title="Profanity">language</a>". When released on video, it was re-cut to a PG-13 for, "some thematic elements". This edited version removes many uses of profanity.</p>
	<h2 xmlns="http://www.w3.org/1999/xhtml"> <span class="mw-headline" id="Plot">Plot</span></h2>
	<p xmlns="http://www.w3.org/1999/xhtml">The film is set during the <a class="external" href="http://en.wikipedia.org/wiki/UK_miners%27_strike_(1984%E2%80%931985)" title="UK miners' strike (1984â€“1985)">1984â€“1985 UK miners' strike</a>, and centres on the character, 11-year-old Billy Elliot, (<a class="external" href="http://en.wikipedia.org/wiki/Jamie_Bell" title="Jamie Bell">Jamie Bell</a>), his love of dance, and his hope to become a professional ballet dancer. Billy lives with his widowed father, Jackie (<a class="external" href="http://en.wikipedia.org/wiki/Gary_Lewis_(actor)" title="Gary Lewis (actor)">Gary Lewis</a>), older brother, Tony (<a class="external" href="http://en.wikipedia.org/wiki/Jamie_Draven" title="Jamie Draven">Jamie Draven</a>), and his invalid <a class="external" href="http://en.wikipedia.org/wiki/Grandmother" title="Grandmother">Nan</a> (<a class="external" href="http://en.wikipedia.org/wiki/Jean_Heywood" title="Jean Heywood">Jean Heywood</a>), who once aspired to be a professional dancer. Both Jackie and Tony are coal miners out on strike.</p>
	<p xmlns="http://www.w3.org/1999/xhtml">Jackie takes Billy to the Sports Centre to learn <a class="external" href="http://en.wikipedia.org/wiki/Boxing" title="Boxing">boxing</a>, but Billy dislikes the sport. He is instead drawn to a <a class="external" href="http://en.wikipedia.org/wiki/Ballet" title="Ballet">ballet</a> class that is using the gym while their usual basement studio in the Sports Centre is temporarily being used as a soup kitchen for striking miners. Unknown to Billy's father, he joins the ballet class. When Jackie discovers this after the boxing coach mentions Billy's absence, he forbids Billy to take any more ballet. But passionate about dancing, Billy secretly continues his lessons with his dance teacher Georgia Wilkinson's (<a class="external" href="http://en.wikipedia.org/wiki/Julie_Walters" title="Julie Walters">Julie Walters</a>) help.</p>
	<p xmlns="http://www.w3.org/1999/xhtml">Georgia believes Billy is talented enough to study at the <a class="external" href="http://en.wikipedia.org/wiki/Royal_Ballet_School" title="Royal Ballet School">Royal Ballet School</a> in <a class="external" href="http://en.wikipedia.org/wiki/London" title="London">London</a>, but due to Tony's arrest during a skirmish between police and striking miners, Billy misses the audition. Georgia goes to Billy's house to tell Jackie about the missed opportunity. Jackie and Tony, fearing that Billy will be considered a "<a class="external" href="http://en.wikipedia.org/wiki/Homosexuality" title="Homosexuality">poof</a>", are outraged at the prospect of him becoming a professional ballet dancer.</p>
      </wiki:abstract>
      <p xmlns="http://www.w3.org/1999/xhtml">The film's final scene is set fourteen years later (approximately 1999), when Billy has finally attained his goal: the mature Billy (dancer/actor <a class="external" href="http://en.wikipedia.org/wiki/Adam_Cooper_(dancer)" title="Adam Cooper (dancer)">Adam Cooper</a>) takes the stage to perform the lead in <i><a class="external" href="http://en.wikipedia.org/wiki/Swan_Lake_(Bourne)" title="Swan Lake (Bourne)">Matthew Bourne's Swan Lake</a></i>, as Jackie, Tony, and Billy's boyhood friend, Michael, watch in the audience.</p>
      <h2 xmlns="http://www.w3.org/1999/xhtml"> <span class="mw-headline" id="Cast">Cast</span></h2>
      <ul xmlns="http://www.w3.org/1999/xhtml">
	<li><a class="external" href="http://en.wikipedia.org/wiki/Jamie_Bell" title="Jamie Bell">Jamie Bell</a> as Billy Elliot</li>
	<li><a class="external" href="http://en.wikipedia.org/wiki/Julie_Walters" title="Julie Walters">Julie Walters</a> as Georgia Wilkinson</li>
	<li><a class="external" href="http://en.wikipedia.org/wiki/Gary_Lewis_(actor)" title="Gary Lewis (actor)">Gary Lewis</a> as Jackie Elliot</li>
	<li><a class="external" href="http://en.wikipedia.org/wiki/Jamie_Draven" title="Jamie Draven">Jamie Draven</a> as Tony Elliot</li>
	<li><a class="external" href="http://en.wikipedia.org/wiki/Jean_Heywood" title="Jean Heywood">Jean Heywood</a> as Grandma</li>
	<li><a class="external" href="http://en.wikipedia.org/w/index.php?title=Stuart_Wells&amp;action=edit&amp;redlink=1" title="Stuart Wells (page does not exist)">Stuart Wells</a> as Michael Caffrey</li>
	<li><a class="external" href="http://en.wikipedia.org/w/index.php?title=Nicola_Blackwell&amp;action=edit&amp;redlink=1" title="Nicola Blackwell (page does not exist)">Nicola Blackwell</a> as Debbie Wilkinson</li>
	<li><a class="external" href="http://en.wikipedia.org/w/index.php?title=Colin_Maclachlan&amp;action=edit&amp;redlink=1" title="Colin Maclachlan (page does not exist)">Colin Maclachlan</a> as Tom Wilkinson</li>
	<li><a class="external" href="http://en.wikipedia.org/w/index.php?title=Billy_Fane&amp;action=edit&amp;redlink=1" title="Billy Fane (page does not exist)">Billy Fane</a> as Mr. Braithwaite</li>
	<li><a class="external" href="http://en.wikipedia.org/w/index.php?title=Janine_Blirkett&amp;action=edit&amp;redlink=1" title="Janine Blirkett (page does not exist)">Janine Blirkett</a> as Jenny Elliot</li>
	<li><a class="external" href="http://en.wikipedia.org/wiki/Adam_Cooper_(dancer)" title="Adam Cooper (dancer)">Adam Cooper</a> as Billy Elliot, age 25</li>
	<li><a class="external" href="http://en.wikipedia.org/w/index.php?title=Merryn_Owen&amp;action=edit&amp;redlink=1" title="Merryn Owen (page does not exist)">Merryn Owen</a> as Michael Caffrey, age 25</li>
	<li><a class="external" href="http://en.wikipedia.org/wiki/Stephen_Mangan" title="Stephen Mangan">Stephen Mangan</a> as Dr Crane</li>
      </ul>
      <h2 xmlns="http://www.w3.org/1999/xhtml"> <span class="mw-headline" id="Production">Production</span></h2>
      <p xmlns="http://www.w3.org/1999/xhtml">Street scenes were filmed in <a class="external" href="http://en.wikipedia.org/wiki/Easington,_County_Durham" title="Easington, County Durham">Easington, County Durham</a>, a former mining village. As <a class="external" href="http://en.wikipedia.org/wiki/Easington_Colliery" title="Easington Colliery">Easington Colliery</a> closed in 1983 the mining scenes were filmed at the <a class="external" href="http://en.wikipedia.org/wiki/Ellington,_Northumberland" title="Ellington, Northumberland">Ellington and Lynemouth</a> colliery in <a class="external" href="http://en.wikipedia.org/wiki/Northumberland" title="Northumberland">Northumberland</a>, with some filming in <a class="external" href="http://en.wikipedia.org/wiki/Dawdon" title="Dawdon">Dawdon</a> and <a class="external" href="http://en.wikipedia.org/wiki/Newcastle_upon_Tyne" title="Newcastle upon Tyne">Newcastle upon Tyne</a>. The producers used over 400 Easington people as extras.</p>
      <h2 xmlns="http://www.w3.org/1999/xhtml"> <span class="mw-headline" id="Awards_and_nominations">Awards and nominations</span></h2>
      <ul xmlns="http://www.w3.org/1999/xhtml">
	<li><a class="external" href="http://en.wikipedia.org/wiki/British_Independent_Film_Awards" title="British Independent Film Awards">British Independent Film Awards</a>, UK - Best British Independent Film <b>WINNER</b></li>
	<li><a class="external" href="http://en.wikipedia.org/wiki/British_Independent_Film_Awards" title="British Independent Film Awards">British Independent Film Awards</a>, UK - Best Director - Stephen Daldry <b>WINNER</b></li>
	<li><a class="external" href="http://en.wikipedia.org/wiki/British_Independent_Film_Awards" title="British Independent Film Awards">British Independent Film Awards</a>, UK - Best Newcomer - Jamie Bell <b>WINNER</b></li>
	<li><a class="external" href="http://en.wikipedia.org/wiki/British_Independent_Film_Awards" title="British Independent Film Awards">British Independent Film Awards</a>, UK - Best Screenplay <b>WINNER</b></li>
	<li><a class="external" href="http://en.wikipedia.org/wiki/British_Independent_Film_Awards" title="British Independent Film Awards">British Independent Film Awards</a>, UK - Best Actress - Julie Walters (Nomination)</li>
	<li><a class="external" href="http://en.wikipedia.org/wiki/Motovun_Film_Festival" title="Motovun Film Festival">Propeller of Motovun</a>, <a class="external" href="http://en.wikipedia.org/wiki/Croatia" title="Croatia">Croatia</a> <b>WINNER</b></li>
      </ul>
      <ul xmlns="http://www.w3.org/1999/xhtml">
	<li><a class="external" href="http://en.wikipedia.org/wiki/Academy_Award_for_Best_Supporting_Actress" title="Academy Award for Best Supporting Actress">Best Actress in a Supporting Role</a> - Julie Walters (Nomination)</li>
	<li><a class="external" href="http://en.wikipedia.org/wiki/Academy_Award_for_Best_Director" title="Academy Award for Best Director">Best Director</a> - Stephen Daldry (Nomination)</li>
	<li><a class="external" href="http://en.wikipedia.org/wiki/Academy_Award_for_Best_Original_Screenplay" title="Academy Award for Best Original Screenplay">Best Original Screenplay</a> - Lee Hall (Nomination)</li>
      </ul>
      <ul xmlns="http://www.w3.org/1999/xhtml">
	<li>Best British Film <b>WINNER</b></li>
	<li>Best Actor in a Leading Role - Jamie Bell <b>WINNER</b></li>
	<li>Best Actress in a Supporting Role - Julie Walters <b>WINNER</b></li>
      </ul>
      <ul xmlns="http://www.w3.org/1999/xhtml">
	<li>Best Motion Picture (Drama) (Nomination)</li>
      </ul>
      <ul xmlns="http://www.w3.org/1999/xhtml">
	<li>London Critics Circle Film Awards, - British Actress of the Year - Julie Walters <b>WINNER</b></li>
	<li>Amanda Awards, Norway - Best Foreign Feature Film <b>WINNER</b></li>
	<li><a class="external" href="http://en.wikipedia.org/wiki/American_Cinema_Editors" title="American Cinema Editors">American Cinema Editors</a> - Best Edited Dramatic Feature Film (Nomination)</li>
	<li>Angel Awards - Best Feature Film (Nomination)</li>
	<li><a class="external" href="http://en.wikipedia.org/wiki/Art_Directors_Guild" title="Art Directors Guild">Art Directors Guild</a> - Feature Film (Nomination)</li>
	<li><a class="external" href="http://en.wikipedia.org/wiki/Australian_Film_Institute" title="Australian Film Institute">Australian Film Institute</a> - Best Foreign Film (Nomination)</li>
      </ul>
      <p xmlns="http://www.w3.org/1999/xhtml">In 2004, the <a class="external" href="http://en.wikipedia.org/wiki/Magazine" title="Magazine">magazine</a> <i><a class="external" href="http://en.wikipedia.org/wiki/Total_Film" title="Total Film">Total Film</a></i> named <i>Billy Elliot</i> the 39th greatest British film of all time.</p>
      <h2 xmlns="http://www.w3.org/1999/xhtml"> <span class="mw-headline" id="Soundtrack">Soundtrack</span></h2>
      <p xmlns="http://www.w3.org/1999/xhtml">The soundtrack was released on 11 March 2002, and includes several well-known rock and punk rock songs. The soundtrack also contains pieces of dialogue from the film.</p>
      <h2 xmlns="http://www.w3.org/1999/xhtml"> <span class="mw-headline" id="See_also">See also</span></h2>
      <ul xmlns="http://www.w3.org/1999/xhtml">
	<li><i><a class="external" href="http://en.wikipedia.org/wiki/Billy_Elliot_the_Musical" title="Billy Elliot the Musical">Billy Elliot the Musical</a></i></li>
	<li><i><a class="external" href="http://en.wikipedia.org/wiki/The_Stars_Look_Down" title="The Stars Look Down">The Stars Look Down</a></i></li>
      </ul>
      <h2 xmlns="http://www.w3.org/1999/xhtml"> <span class="mw-headline" id="References">References</span></h2>
      <h2 xmlns="http://www.w3.org/1999/xhtml"> <span class="mw-headline" id="External_links">External links</span></h2>
      <ul xmlns="http://www.w3.org/1999/xhtml">
	<li><span class="official website"><a href="http://www.billyelliot.com/" rel="nofollow">Official website</a></span></li>
	<li><a href="http://www.imdb.com/title/tt0249462/" rel="nofollow"><i>Billy Elliot</i></a> at the <a class="external" href="http://en.wikipedia.org/wiki/Internet_Movie_Database" title="Internet Movie Database">Internet Movie Database</a></li>
	<li><a href="http://www.allmovie.com/work/1:201730" rel="nofollow"><i>Billy Elliot</i></a> at <a class="external" href="http://en.wikipedia.org/wiki/Allmovie" title="Allmovie">Allmovie</a></li>
	<li><a href="http://www.boxofficemojo.com/movies/?id=billyelliot.htm" rel="nofollow"><i>Billy Elliot</i></a> at <a class="external" href="http://en.wikipedia.org/wiki/Box_Office_Mojo" title="Box Office Mojo">Box Office Mojo</a></li>
	<li><a href="http://www.rottentomatoes.com/m/billy_elliot/" rel="nofollow"><i>Billy Elliot</i></a> at <a class="external" href="http://en.wikipedia.org/wiki/Rotten_Tomatoes" title="Rotten Tomatoes">Rotten Tomatoes</a></li>
	<li><a href="http://www.musicaltalk.co.uk/episodes_0054.html" rel="nofollow">MusicalTalk podcast episode featuring a discussion on Billy Elliot</a></li>
      </ul>
    </wiki:description>
  </wiki:film>
</wiki:nominee>