<?xml version="1.0" encoding="UTF-8"?>
<wiki:nominee year="1965" span="1" winner="false" award="supporting-actress" xmlns:wiki="http://marklogic.com/wikipedia">
  <!--
                            Copyright (c) 2010 MarkLogic Corporation.
                            Permission is granted to copy, distribute and/or modify this document
                            under the terms of the GNU Free Documentation License, Version 1.2
                            or any later version published by the Free Software Foundation;
                            with no Invariant Sections, no Front-Cover Texts, and no Back-Cover Texts.
                            A copy of the license is included in the section entitled "GNU
                            Free Documentation License"
                            
                            Content derived from http://en.wikipedia.org/wiki/Othello_(1965_film) and http://en.wikipedia.org/wiki/Maggie_Smith
                            Modified in May 2009 by Mark Logic Corporation under the terms of the GNU Free Documentation License.
                        -->
  <wiki:name link="/wiki/Maggie_Smith">Maggie Smith</wiki:name>
  <wiki:person link="/wiki/Maggie_Smith" name="Maggie Smith">
    <wiki:oscar year="1969" span="1" winner="true" award="lead-actress" film-link="/wiki/The_Prime_of_Miss_Jean_Brodie" film-title="The Prime of Miss Jean Brodie"/>
    <wiki:oscar year="1972" span="1" winner="false" award="lead-actress" film-link="/wiki/Travels_with_My_Aunt" film-title="Travels with My Aunt"/>
    <wiki:oscar year="1965" span="1" winner="false" award="supporting-actress" film-link="/wiki/Othello_(1965_film)" film-title="Othello"/>
    <wiki:oscar year="1978" span="1" winner="true" award="supporting-actress" film-link="/wiki/California_Suite_(film)" film-title="California Suite"/>
    <wiki:oscar year="1986" span="1" winner="false" award="supporting-actress" film-link="/wiki/A_Room_with_a_View_(film)" film-title="A Room with a View"/>
    <wiki:oscar year="2001" span="1" winner="false" award="supporting-actress" film-link="/wiki/Gosford_Park" film-title="Gosford Park"/>
    <wiki:image link="http://upload.wikimedia.org/wikipedia/commons/1/19/Dame_Maggie_Smith-cropped.jpg"/>
    <wiki:birth>
      <wiki:date>1934-12-28</wiki:date>
      <wiki:place>
	<wiki:primary link="/wiki/Municipal_Borough_of_Ilford">Ilford</wiki:primary>
	<wiki:secondary link="/wiki/Essex">Essex</wiki:secondary>
      <enrich><woeid xmlns="http://where.yahooapis.com/v1/schema.rng">12695835</woeid><placeTypeName code="10" xmlns="http://where.yahooapis.com/v1/schema.rng">Local Administrative Area</placeTypeName><name xmlns="http://where.yahooapis.com/v1/schema.rng">London Borough of Redbridge</name><country code="GB" type="Country" xmlns="http://where.yahooapis.com/v1/schema.rng">United Kingdom</country><admin1 code="GB-ENG" type="Country" xmlns="http://where.yahooapis.com/v1/schema.rng">England</admin1><admin2 code="GB-LND" type="County" xmlns="http://where.yahooapis.com/v1/schema.rng">Greater London</admin2><admin3 xmlns="http://where.yahooapis.com/v1/schema.rng"/><locality1 type="Town" xmlns="http://where.yahooapis.com/v1/schema.rng">London</locality1><locality2 xmlns="http://where.yahooapis.com/v1/schema.rng"/><postal xmlns="http://where.yahooapis.com/v1/schema.rng"/><centroid xmlns="http://where.yahooapis.com/v1/schema.rng"><latitude>51.586418</latitude><longitude>0.080420</longitude></centroid><boundingBox xmlns="http://where.yahooapis.com/v1/schema.rng"><southWest><latitude>51.543800</latitude><longitude>0.011750</longitude></southWest><northEast><latitude>51.629028</latitude><longitude>0.149100</longitude></northEast></boundingBox><areaRank xmlns="http://where.yahooapis.com/v1/schema.rng">4</areaRank><popRank xmlns="http://where.yahooapis.com/v1/schema.rng">0</popRank></enrich></wiki:place>
    </wiki:birth>
    <wiki:description>
      <wiki:abstract>
	<p xmlns="http://www.w3.org/1999/xhtml"><b>Dame Margaret Cross</b>, <a class="external" href="http://en.wikipedia.org/wiki/Order_of_the_British_Empire" title="Order of the British Empire">DBE</a> (born 28 December 1934), better known as <b>Maggie Smith</b>, is an <a class="external" href="http://en.wikipedia.org/wiki/English_people" title="English people">English</a> film, stage, and television actress who made her stage debut in 1952. She has won numerous awards for acting, including five <a class="external" href="http://en.wikipedia.org/wiki/BAFTA_Award" title="BAFTA Award">BAFTA Awards</a>, two <a class="external" href="http://en.wikipedia.org/wiki/Academy_Awards" title="Academy Awards">Academy Awards</a>, two <a class="external" href="http://en.wikipedia.org/wiki/Golden_Globe" title="Golden Globe">Golden Globes</a>, two <a class="external" href="http://en.wikipedia.org/wiki/Emmy_Award" title="Emmy Award">Emmy Awards</a> and a <a class="external" href="http://en.wikipedia.org/wiki/Tony_Award" title="Tony Award">Tony Award</a>.</p>
	<h2 xmlns="http://www.w3.org/1999/xhtml"> <span class="mw-headline" id="Early_life">Early life</span></h2>
	<p xmlns="http://www.w3.org/1999/xhtml"><b>Margaret Natalie Smith</b> was born in Ilford, <a class="external" href="http://en.wikipedia.org/wiki/Essex" title="Essex">Essex</a>; the daughter of Margaret (<i>nÃ©e</i> Hutton), a <a class="external" href="http://en.wikipedia.org/wiki/Glasgow" title="Glasgow">Glasgow</a>-born secretary, and Nathaniel Smith, a <a class="external" href="http://en.wikipedia.org/wiki/Newcastle_upon_Tyne" title="Newcastle upon Tyne">Newcastle upon Tyne</a>-born public health pathologist who worked at <a class="external" href="http://en.wikipedia.org/wiki/Oxford_University" title="Oxford University">Oxford University</a>. She has older twin brothers, Alistair and Ian.</p>
	<h2 xmlns="http://www.w3.org/1999/xhtml"> <span class="mw-headline" id="Career">Career</span></h2>
	<p xmlns="http://www.w3.org/1999/xhtml">Smith has had an extensive career both on screen and in live theatre, and is known as one of Britain's pre-eminent actresses. She began her career at the <a class="external" href="http://en.wikipedia.org/wiki/Oxford_Playhouse" title="Oxford Playhouse">Oxford Playhouse</a> with Frank Shelley and made her first film in 1956. She became a fixture at the <a class="external" href="http://en.wikipedia.org/wiki/Royal_National_Theatre" title="Royal National Theatre">Royal National Theatre</a> in the 1960s, most notably for playing <a class="external" href="http://en.wikipedia.org/wiki/Desdemona_(Othello)" title="Desdemona (Othello)">Desdemona</a> in <i><a class="external" href="http://en.wikipedia.org/wiki/Othello" title="Othello">Othello</a></i> opposite <a class="external" href="http://en.wikipedia.org/wiki/Laurence_Olivier" title="Laurence Olivier">Laurence Olivier</a> and winning her first <a class="external" href="http://en.wikipedia.org/wiki/Academy_Award" title="Academy Award">Oscar</a> nomination for her performance in the <a class="external" href="http://en.wikipedia.org/wiki/Othello_(1965_film)" title="Othello (1965 film)">1965 film version</a>.</p>
	<p xmlns="http://www.w3.org/1999/xhtml">In 1969 she won the <a class="external" href="http://en.wikipedia.org/wiki/Academy_Award_for_Best_Actress" title="Academy Award for Best Actress">Academy Award for Best Actress</a> for her performance as an unorthodox <a class="external" href="http://en.wikipedia.org/wiki/Scottish_people" title="Scottish people">Scottish</a> schoolteacher in <i><a class="external" href="http://en.wikipedia.org/wiki/The_Prime_of_Miss_Jean_Brodie_(film)" title="The Prime of Miss Jean Brodie (film)">The Prime of Miss Jean Brodie</a></i>, a role originally created on stage by <a class="external" href="http://en.wikipedia.org/wiki/Vanessa_Redgrave" title="Vanessa Redgrave">Vanessa Redgrave</a> in 1966 in London. (<a class="external" href="http://en.wikipedia.org/wiki/Zoe_Caldwell" title="Zoe Caldwell">Zoe Caldwell</a> won the <a class="external" href="http://en.wikipedia.org/wiki/Tony_Award_for_Best_Performance_by_a_Leading_Actress_in_a_Play" title="Tony Award for Best Performance by a Leading Actress in a Play">Tony Award for Best Actress in a Play</a> when she created the role in New York.) Smith was also awarded the 1978 <a class="external" href="http://en.wikipedia.org/wiki/Academy_Award_for_Best_Supporting_Actress" title="Academy Award for Best Supporting Actress">Academy Award for Best Supporting Actress</a> for her role as the brittle actress Diana Barry in <i><a class="external" href="http://en.wikipedia.org/wiki/California_Suite_(film)" title="California Suite (film)">California Suite</a>,</i> acting opposite <a class="external" href="http://en.wikipedia.org/wiki/Michael_Caine" title="Michael Caine">Michael Caine</a>. Afterwards, on hearing that <a class="external" href="http://en.wikipedia.org/wiki/Michael_Palin" title="Michael Palin">Michael Palin</a> was about to embark on a film (<i><a class="external" href="http://en.wikipedia.org/wiki/The_Missionary" title="The Missionary">The Missionary</a></i>) with Smith, Caine is supposed to have humorously telephoned Palin, warning him that she would steal the film. She also starred with Palin in the <a class="external" href="http://en.wikipedia.org/wiki/Black_comedy" title="Black comedy">black comedy</a> <i><a class="external" href="http://en.wikipedia.org/wiki/A_Private_Function" title="A Private Function">A Private Function</a></i> in 1984.</p>
	<p xmlns="http://www.w3.org/1999/xhtml">Smith appeared in <i><a class="external" href="http://en.wikipedia.org/wiki/Sister_Act" title="Sister Act">Sister Act</a></i> in 1992 and had a major role in the 1999 film <i><a class="external" href="http://en.wikipedia.org/wiki/Tea_With_Mussolini" title="Tea With Mussolini">Tea With Mussolini</a>,</i> where she appeared as the formidable Lady Hester. Indeed, many of her more mature roles have centred on what Smith refers to as her "gallery of grotesques", playing waspish, sarcastic or plain rude characters. Recent examples of this would include the judgmental sister in <i><a class="external" href="http://en.wikipedia.org/wiki/Ladies_in_Lavender" title="Ladies in Lavender">Ladies in Lavender</a></i> and the cantankerous snob Constance, Countess of Trentham in <i><a class="external" href="http://en.wikipedia.org/wiki/Gosford_Park" title="Gosford Park">Gosford Park</a>,</i> for which she received another <a class="external" href="http://en.wikipedia.org/wiki/Academy_Award" title="Academy Award">Oscar</a> nomination, and Violet, Dowager Countess of Grantham, in <i><a class="external" href="http://en.wikipedia.org/wiki/Downton_Abbey" title="Downton Abbey">Downton Abbey</a></i>.</p>
	<p xmlns="http://www.w3.org/1999/xhtml">Other notable roles include the querulous Charlotte Bartlett in the <a class="external" href="http://en.wikipedia.org/wiki/Merchant_Ivory_Productions" title="Merchant Ivory Productions">Merchant-Ivory</a> production of <i><a class="external" href="http://en.wikipedia.org/wiki/A_Room_with_a_View_(film)" title="A Room with a View (film)">A Room with a View</a></i>, a vivid supporting turn as the aged Duchess of York in <a class="external" href="http://en.wikipedia.org/wiki/Ian_McKellen" title="Ian McKellen">Ian McKellen</a>'s film of <i><a class="external" href="http://en.wikipedia.org/wiki/Richard_III_(1995_film)" title="Richard III (1995 film)">Richard III</a></i>, and a little known but powerful performance as Lila Fisher in the 1973 film <i><a class="external" href="http://en.wikipedia.org/wiki/Love_and_Pain_and_the_Whole_Damn_Thing" title="Love and Pain and the Whole Damn Thing">Love and Pain and the Whole Damn Thing</a></i> with <a class="external" href="http://en.wikipedia.org/wiki/Timothy_Bottoms" title="Timothy Bottoms">Timothy Bottoms</a>. Due to the international success of the <i><a class="external" href="http://en.wikipedia.org/wiki/Harry_Potter_(film_series)" title="Harry Potter (film series)">Harry Potter</a></i> movies, she is now widely known for playing the role of Professor <a class="external" href="http://en.wikipedia.org/wiki/Minerva_McGonagall" title="Minerva McGonagall">Minerva McGonagall</a>, opposite <a class="external" href="http://en.wikipedia.org/wiki/Daniel_Radcliffe" title="Daniel Radcliffe">Daniel Radcliffe</a>, with whom she had previously worked in the 1999 BBC television adaptation of <i><a class="external" href="http://en.wikipedia.org/wiki/David_Copperfield_(1999_film)" title="David Copperfield (1999 film)">David Copperfield</a></i>, playing Betsie Trottwood. She also plays an older Wendy in the Peter Pan movie, <i><a class="external" href="http://en.wikipedia.org/wiki/Hook_(film)" title="Hook (film)">Hook</a></i> and Mrs. Medlock in <i><a class="external" href="http://en.wikipedia.org/wiki/The_Secret_Garden_(1993_film)" title="The Secret Garden (1993 film)">The Secret Garden</a></i>.</p>
	<p xmlns="http://www.w3.org/1999/xhtml">She appeared in numerous productions at the <a class="external" href="http://en.wikipedia.org/wiki/Stratford_Shakespeare_Festival" title="Stratford Shakespeare Festival">Stratford Shakespeare Festival</a> in <a class="external" href="http://en.wikipedia.org/wiki/Stratford,_Ontario" title="Stratford, Ontario">Stratford</a>, <a class="external" href="http://en.wikipedia.org/wiki/Ontario" title="Ontario">Ontario</a>, to acclaim from 1976 through to 1980. These roles included Queen Elizabeth in <i><a class="external" href="http://en.wikipedia.org/wiki/Richard_III_(play)" title="Richard III (play)">Richard III</a></i>, Virginia Woolf in <i>Virginia</i>, and countless lead roles with long-time Stratford icon <a class="external" href="http://en.wikipedia.org/wiki/Brian_Bedford" title="Brian Bedford">Brian Bedford</a> including the <a class="external" href="http://en.wikipedia.org/wiki/No%C3%ABl_Coward" title="NoÃ«l Coward">NoÃ«l Coward</a> comedy <i><a class="external" href="http://en.wikipedia.org/wiki/Private_Lives" title="Private Lives">Private Lives</a></i>.</p>
	<p xmlns="http://www.w3.org/1999/xhtml">On stage, her many roles have included the title character in the stage production of <a class="external" href="http://en.wikipedia.org/wiki/Alan_Bennett" title="Alan Bennett">Alan Bennett</a>'s <i>The Lady in the Van</i> and starring as Amanda in a revival of <i><a class="external" href="http://en.wikipedia.org/wiki/Private_Lives" title="Private Lives">Private Lives</a></i>. She won a Tony Award in 1990 for Best Actress in a Play for <a class="external" href="http://en.wikipedia.org/wiki/Peter_Shaffer" title="Peter Shaffer">Peter Shaffer</a>'s <i><a class="external" href="http://en.wikipedia.org/wiki/Lettice_and_Lovage" title="Lettice and Lovage">Lettice and Lovage</a></i>, in which she starred as an eccentric tour guide in an English stately home. More recently, she appeared in <a class="external" href="http://en.wikipedia.org/wiki/Edward_Albee" title="Edward Albee">Edward Albee</a>'s <i><a class="external" href="http://en.wikipedia.org/wiki/The_Lady_from_Dubuque" title="The Lady from Dubuque">The Lady from Dubuque</a></i> at <a class="external" href="http://en.wikipedia.org/wiki/Theatre_Royal_Haymarket" title="Theatre Royal Haymarket">Theatre Royal Haymarket</a> in 2007. She was awarded Commander of the <a class="external" href="http://en.wikipedia.org/wiki/Order_of_the_British_Empire" title="Order of the British Empire">Order of the British Empire</a> (CBE) in 1970, and was raised to Dame Commander (DBE) in 1990.</p>
	<h2 xmlns="http://www.w3.org/1999/xhtml"> <span class="mw-headline" id="Personal_life">Personal life</span></h2>
	<p xmlns="http://www.w3.org/1999/xhtml">Smith has been married twice. She married <a class="external" href="http://en.wikipedia.org/wiki/Robert_Stephens" title="Robert Stephens">Robert Stephens</a> on 29 June 1967 at the Greenwich <a class="external" href="http://en.wikipedia.org/wiki/Register_Office" title="Register Office">Register Office</a>. The couple had two sons: actors <a class="external" href="http://en.wikipedia.org/wiki/Chris_Larkin" title="Chris Larkin">Chris Larkin</a> (born in 1967) and <a class="external" href="http://en.wikipedia.org/wiki/Toby_Stephens" title="Toby Stephens">Toby Stephens</a> (born in 1969). They divorced on 6 May 1974.</p>
	<p xmlns="http://www.w3.org/1999/xhtml">She married playwright <a class="external" href="http://en.wikipedia.org/wiki/Beverley_Cross" title="Beverley Cross">Beverley Cross</a> on 23 August 1975 at the <a class="external" href="http://en.wikipedia.org/wiki/Guildford" title="Guildford">Guildford</a> Register Office, and they remained together until his death on 20 March 1998.</p>
      </wiki:abstract>
      <p xmlns="http://www.w3.org/1999/xhtml">In 2007 the <i>Sunday</i> <i>Telegraph'</i>s Mandrake diary disclosed that she had been diagnosed with <a class="external" href="http://en.wikipedia.org/wiki/Breast_cancer" title="Breast cancer">breast cancer</a>. She was subsequently reported to have made a full recovery.</p>
      <h2 xmlns="http://www.w3.org/1999/xhtml"> <span class="mw-headline" id="Filmography">Filmography</span></h2>
      <h2 xmlns="http://www.w3.org/1999/xhtml"> <span class="mw-headline" id="See_also">See also</span></h2>
      <ul xmlns="http://www.w3.org/1999/xhtml">
	<li><a class="external" href="http://en.wikipedia.org/wiki/Tale_Spinners_For_Children" title="Tale Spinners For Children">Tale Spinners For Children</a></li>
	<li><a class="external" href="http://en.wikipedia.org/wiki/University_College_Players" title="University College Players">University College Players</a></li>
      </ul>
      <h2 xmlns="http://www.w3.org/1999/xhtml"> <span class="mw-headline" id="References">References</span></h2>
      <h2 xmlns="http://www.w3.org/1999/xhtml"> <span class="mw-headline" id="External_links">External links</span></h2>
      <ul xmlns="http://www.w3.org/1999/xhtml">
	<li><a href="http://www.imdb.com/name/nm0001749/" rel="nofollow">Maggie Smith</a> at the <a class="external" href="http://en.wikipedia.org/wiki/Internet_Movie_Database" title="Internet Movie Database">Internet Movie Database</a></li>
	<li><a href="http://www.ibdb.com/person.asp?ID=60421" rel="nofollow">Maggie Smith</a> at the <a class="external" href="http://en.wikipedia.org/wiki/Internet_Broadway_Database" title="Internet Broadway Database">Internet Broadway Database</a></li>
	<li><i><a href="http://www.guardian.co.uk/arts/features/story/0,11710,1355444,00.html" rel="nofollow">You have to laugh</a></i> - <a class="external" href="http://en.wikipedia.org/wiki/The_Guardian" title="The Guardian">The Guardian</a>, 20 November 2004, in-depth interview and profile.</li>
	<li><a href="http://www.screenonline.org.uk/people/id/480249/" rel="nofollow">Maggie Smith</a> at the <a class="external" href="http://en.wikipedia.org/wiki/British_Film_Institute" title="British Film Institute">British Film Institute</a>'s <a class="external" href="http://en.wikipedia.org/wiki/Screenonline" title="Screenonline">Screenonline</a></li>
      </ul>
    </wiki:description>
  </wiki:person>
  <wiki:film-title link="/wiki/Othello_(1965_film)">Othello</wiki:film-title>
  <wiki:film link="/wiki/Othello_(1965_film)" title="Othello">
    <wiki:oscar-ref year="1965" span="1" winner="false" award="lead-actor" person-link="/wiki/Laurence_Olivier" person-name="Laurence Olivier"/>
    <wiki:oscar-ref year="1965" span="1" winner="false" award="supporting-actor" person-link="/wiki/Frank_Finlay" person-name="Frank Finlay"/>
    <wiki:oscar-ref year="1965" span="1" winner="false" award="supporting-actress" person-link="/wiki/Joyce_Redman" person-name="Joyce Redman"/>
    <wiki:oscar-ref year="1965" span="1" winner="false" award="supporting-actress" person-link="/wiki/Maggie_Smith" person-name="Maggie Smith"/>
    <wiki:producer link="/wiki/John_Brabourne">John Brabourne</wiki:producer>
    <wiki:producer link="/wiki/Anthony_Havelock-Allan">Anthony Havelock-Allan</wiki:producer>
    <wiki:director link="/wiki/Stuart_Burge">Stuart Burge</wiki:director>
    <wiki:writer link="/wiki/William_Shakespeare">William Shakespeare</wiki:writer>
    <wiki:distributor link="/wiki/Warner_Bros.">Warner Bros.</wiki:distributor>
    <wiki:distributor link="/w/index.php?title=British_Home_Entertainment&amp;action=edit&amp;redlink=1">British Home Entertainment</wiki:distributor>
    <wiki:starring link="/wiki/Laurence_Olivier">Laurence Olivier</wiki:starring>
    <wiki:starring link="/wiki/Maggie_Smith">Maggie Smith</wiki:starring>
    <wiki:starring link="/wiki/Frank_Finlay">Frank Finlay</wiki:starring>
    <wiki:starring link="/wiki/Joyce_Redman">Joyce Redman</wiki:starring>
    <wiki:description>
      <p xmlns="http://www.w3.org/1999/xhtml"><i><b>Othello</b></i> is a 1965 film based on the <a class="external" href="http://en.wikipedia.org/wiki/Royal_National_Theatre" title="Royal National Theatre">National Theatre</a>'s staging of <a class="external" href="http://en.wikipedia.org/wiki/William_Shakespeare" title="William Shakespeare">Shakespeare</a>'s <i><a class="external" href="http://en.wikipedia.org/wiki/Othello" title="Othello">Othello</a></i> (1964-66) staged by <a class="external" href="http://en.wikipedia.org/wiki/John_Dexter" title="John Dexter">John Dexter</a>. Directed by <a class="external" href="http://en.wikipedia.org/wiki/Stuart_Burge" title="Stuart Burge">Stuart Burge</a>, the film starred <a class="external" href="http://en.wikipedia.org/wiki/Laurence_Olivier" title="Laurence Olivier">Laurence Olivier</a>, <a class="external" href="http://en.wikipedia.org/wiki/Maggie_Smith" title="Maggie Smith">Maggie Smith</a>, <a class="external" href="http://en.wikipedia.org/wiki/Frank_Finlay" title="Frank Finlay">Frank Finlay</a>, and <a class="external" href="http://en.wikipedia.org/wiki/Joyce_Redman" title="Joyce Redman">Joyce Redman</a>, providing film debuts for both <a class="external" href="http://en.wikipedia.org/wiki/Derek_Jacobi" title="Derek Jacobi">Derek Jacobi</a> and <a class="external" href="http://en.wikipedia.org/wiki/Michael_Gambon" title="Michael Gambon">Michael Gambon</a>.</p>
      <h2 xmlns="http://www.w3.org/1999/xhtml"> <span class="mw-headline" id="Background">Background</span></h2>
      <p xmlns="http://www.w3.org/1999/xhtml">The film retains virtually all of Shakespeare's original play and does not change the order of scenes, as Olivier's <i><a class="external" href="http://en.wikipedia.org/wiki/Hamlet_(1948_film)" title="Hamlet (1948 film)">Hamlet</a></i> or <i><a class="external" href="http://en.wikipedia.org/wiki/Richard_III_(1955_film)" title="Richard III (1955 film)">Richard III</a></i> do. The only major omission is the Fool's scene. <a class="external" href="http://en.wikipedia.org/wiki/Derek_Jacobi" title="Derek Jacobi">Derek Jacobi</a> (<a class="external" href="http://en.wikipedia.org/wiki/Michael_Cassio" title="Michael Cassio">Cassio</a>) and <a class="external" href="http://en.wikipedia.org/wiki/Michael_Gambon" title="Michael Gambon">Michael Gambon</a> both made their film debuts in Othello and would go onto become giants of the stage and screen. <a class="external" href="http://en.wikipedia.org/wiki/Edward_Hardwicke" title="Edward Hardwicke">Edward Hardwicke</a>, would go on to work with the National for seven years and then become best known as <a class="external" href="http://en.wikipedia.org/wiki/John_Watson" title="John Watson">Dr. Watson</a> in TV series <i><a class="external" href="http://en.wikipedia.org/wiki/The_Adventures_of_Sherlock_Holmes_(TV_series)" title="The Adventures of Sherlock Holmes (TV series)">The Adventures of Sherlock Holmes</a></i>.</p>
      <p xmlns="http://www.w3.org/1999/xhtml">The film of Othello used enlarged duplicates of the original stage settings, rather than having elaborate new sets built. Olivier's former backers for his Shakespeare films were all dead by 1965, and he was not able to raise the money to do an unstaged film version. Olivier had in fact been planning on doing <i><a class="external" href="http://en.wikipedia.org/wiki/Macbeth" title="Macbeth">Macbeth</a></i>, but the film's main backer, <a class="external" href="http://en.wikipedia.org/wiki/Alexander_Korda" title="Alexander Korda">Alexander Korda</a>, died a year after the release of <i><a class="external" href="http://en.wikipedia.org/wiki/Richard_III_(1955_film)" title="Richard III (1955 film)">Richard III</a></i>. The National Theatre had already produced a staged film of <a class="external" href="http://en.wikipedia.org/wiki/Anton_Chekhov" title="Anton Chekhov">Chekhov's</a> <i><a class="external" href="http://en.wikipedia.org/wiki/Uncle_Vanya_(1963_film)" title="Uncle Vanya (1963 film)">Uncle Vanya</a></i> (1963) and would later produce, <a class="external" href="http://en.wikipedia.org/wiki/August_Strindberg" title="August Strindberg">Strindberg's</a> <i><a class="external" href="http://en.wikipedia.org/wiki/Dance_of_Death_(film)" title="Dance of Death (film)">The Dance of Death</a></i> (1969). The Olivier <i>Othello</i> is the first English-language filmed version of the play in English that was made in <a class="external" href="http://en.wikipedia.org/wiki/Technicolor" title="Technicolor">Technicolor</a> and widescreen (there had been a Russian one in 1955). In the U.S., it did not play the usual several-week run given to most films; instead, it played for only two days.  The film was exhibited as a roadshow presentation. </p>
      <h2 xmlns="http://www.w3.org/1999/xhtml"> <span class="mw-headline" id="Reception">Reception</span></h2>
      <p xmlns="http://www.w3.org/1999/xhtml">Olivier played <a class="external" href="http://en.wikipedia.org/wiki/Othello_(character)" title="Othello (character)">Othello</a> in <a class="external" href="http://en.wikipedia.org/wiki/Blackface" title="Blackface">blackface</a>. He also adopted an exotic accent of his own invention, developed a special walk, and learned how to speak in a voice considerably deeper than his normal one. Columnist Inez Robb disparagingly compared Olivier's performance to the blacked up <a class="external" href="http://en.wikipedia.org/wiki/Al_Jolson" title="Al Jolson">Al Jolson</a> in <i><a class="external" href="http://en.wikipedia.org/wiki/The_Jazz_Singer_(1927_film)" title="The Jazz Singer (1927 film)">The Jazz Singer</a></i>. She described Olivier's performance as "high <a class="external" href="http://en.wikipedia.org/wiki/Camp_(style)" title="Camp (style)">camp</a>", and said "I was certainly in tune with the gentleman sitting next to me who kept asking 'When does he sing <i><a class="external" href="http://en.wikipedia.org/wiki/Mammy" title="Mammy">Mammy</a></i>?" Noted film critic <a class="external" href="http://en.wikipedia.org/wiki/Pauline_Kael" title="Pauline Kael">Pauline Kael</a> gave the production and Olivier's portrayal one of her most glowing reviews, shaming the major movie studios for giving Olivier so little money to make the film that he and the public had to be content with what was almost literally a filmed stage production. <a class="external" href="http://en.wikipedia.org/wiki/John_Simon_(critic)" title="John Simon (critic)">John Simon</a>, while disagreeing with the approach the production's interpretation took, declared that "Olivier plays this misconceived Othello spectacularly, in a manner that is always a perverse joy to behold." </p>
      <p xmlns="http://www.w3.org/1999/xhtml">It is, so far, the only Shakespeare film in which all the leading actors and actresses were nominated for <a class="external" href="http://en.wikipedia.org/wiki/Academy_Awards" title="Academy Awards">Oscars</a>. Finlay (Iago) was nominated for <a class="external" href="http://en.wikipedia.org/wiki/Academy_Award_for_Best_Supporting_Actor" title="Academy Award for Best Supporting Actor">Best <i>Supporting</i> Actor</a> despite playing the role with the most lines in the play: 1117 to Olivier's 856.</p>
      <h2 xmlns="http://www.w3.org/1999/xhtml"> <span class="mw-headline" id="Cast">Cast</span></h2>
      <ul xmlns="http://www.w3.org/1999/xhtml">
	<li><a class="external" href="http://en.wikipedia.org/wiki/Sir_Laurence_Olivier" title="Sir Laurence Olivier">Sir Laurence Olivier</a> - <a class="external" href="http://en.wikipedia.org/wiki/Othello" title="Othello">Othello</a></li>
	<li><a class="external" href="http://en.wikipedia.org/wiki/Maggie_Smith" title="Maggie Smith">Maggie Smith</a> - <a class="external" href="http://en.wikipedia.org/wiki/Desdemona" title="Desdemona">Desdemona</a></li>
	<li><a class="external" href="http://en.wikipedia.org/wiki/Joyce_Redman" title="Joyce Redman">Joyce Redman</a> - <a class="external" href="http://en.wikipedia.org/wiki/Emilia_(Othello)" title="Emilia (Othello)">Emilia</a></li>
	<li><a class="external" href="http://en.wikipedia.org/wiki/Frank_Finlay" title="Frank Finlay">Frank Finlay</a> - <a class="external" href="http://en.wikipedia.org/wiki/Iago" title="Iago">Iago</a></li>
	<li><a class="external" href="http://en.wikipedia.org/wiki/Derek_Jacobi" title="Derek Jacobi">Derek Jacobi</a> - <a class="external" href="http://en.wikipedia.org/wiki/Michael_Cassio" title="Michael Cassio">Michael Cassio</a></li>
	<li><a class="external" href="http://en.wikipedia.org/wiki/Robert_Lang_(actor)" title="Robert Lang (actor)">Robert Lang</a> - <a class="external" href="http://en.wikipedia.org/wiki/Roderigo" title="Roderigo">Roderigo</a></li>
      </ul>
      <h2 xmlns="http://www.w3.org/1999/xhtml"> <span class="mw-headline" id="See_also">See also</span></h2>
      <ul xmlns="http://www.w3.org/1999/xhtml">
	<li><a class="external" href="http://en.wikipedia.org/wiki/Shakespeare_on_screen" title="Shakespeare on screen">Shakespeare on screen</a></li>
      </ul>
      <h2 xmlns="http://www.w3.org/1999/xhtml"> <span class="mw-headline" id="References">References</span></h2>
      <h2 xmlns="http://www.w3.org/1999/xhtml"> <span class="mw-headline" id="External_links">External links</span></h2>
      <ul xmlns="http://www.w3.org/1999/xhtml">
	<li><a href="http://www.imdb.com/title/tt0059555/" rel="nofollow"><i>Othello</i></a> at the <a class="external" href="http://en.wikipedia.org/wiki/Internet_Movie_Database" title="Internet Movie Database">Internet Movie Database</a></li>
      </ul>
    </wiki:description>
  </wiki:film>
</wiki:nominee>