<?xml version="1.0" encoding="UTF-8"?>
<wiki:nominee year="1959" span="1" winner="false" award="best-director" xmlns:wiki="http://marklogic.com/wikipedia">
  <!--
                            Copyright (c) 2010 MarkLogic Corporation.
                            Permission is granted to copy, distribute and/or modify this document
                            under the terms of the GNU Free Documentation License, Version 1.2
                            or any later version published by the Free Software Foundation;
                            with no Invariant Sections, no Front-Cover Texts, and no Back-Cover Texts.
                            A copy of the license is included in the section entitled "GNU
                            Free Documentation License"
                            
                            Content derived from http://en.wikipedia.org/wiki/Some_Like_It_Hot and http://en.wikipedia.org/wiki/Billy_Wilder
                            Modified in May 2009 by Mark Logic Corporation under the terms of the GNU Free Documentation License.
                        -->
  <wiki:name link="/wiki/Billy_Wilder">Billy Wilder</wiki:name>
  <wiki:person link="/wiki/Billy_Wilder" name="Billy Wilder">
    <wiki:oscar year="1944" span="1" winner="false" award="best-director" film-link="/wiki/Double_Indemnity" film-title="Double Indemnity"/>
    <wiki:oscar year="1945" span="1" winner="true" award="best-director" film-link="/wiki/The_Lost_Weekend_(film)" film-title="The Lost Weekend"/>
    <wiki:oscar year="1950" span="1" winner="false" award="best-director" film-link="/wiki/Sunset_Boulevard_(film)" film-title="Sunset Boulevard"/>
    <wiki:oscar year="1953" span="1" winner="false" award="best-director" film-link="/wiki/Stalag_17" film-title="Stalag 17"/>
    <wiki:oscar year="1954" span="1" winner="false" award="best-director" film-link="/wiki/Sabrina_(1954_film)" film-title="Sabrina"/>
    <wiki:oscar year="1957" span="1" winner="false" award="best-director" film-link="/wiki/Witness_for_the_Prosecution" film-title="Witness for the Prosecution"/>
    <wiki:oscar year="1959" span="1" winner="false" award="best-director" film-link="/wiki/Some_Like_It_Hot" film-title="Some Like It Hot"/>
    <wiki:oscar year="1960" span="1" winner="true" award="best-director" film-link="/wiki/The_Apartment" film-title="The Apartment"/>
    <wiki:image link="http://upload.wikimedia.org/wikipedia/en/thumb/e/ef/BillyWilderParamountPubPhoto1942.png/220px-BillyWilderParamountPubPhoto1942.png"/>
    <wiki:birth>
      <wiki:date>1906-06-22</wiki:date>
      <wiki:place>
	<wiki:primary link="/wiki/Sucha_Beskidzka /wiki/Sucha_Beskidzka">SuchaSucha Beskidzka</wiki:primary>
	<wiki:secondary link="/wiki/Galicia_(Central_Europe) /wiki/Poland">GaliciaPoland</wiki:secondary>
      <enrich/></wiki:place>
    </wiki:birth>
    <wiki:death>
      <wiki:date>March 27, 2002</wiki:date>
      <wiki:place>
	<wiki:primary link="/wiki/Beverly_Hills,_California">Beverly Hills, California</wiki:primary>
	<wiki:secondary link="/wiki/United_States">United States</wiki:secondary>
      </wiki:place>
    </wiki:death>
    <wiki:description>
      <wiki:abstract>
	<p xmlns="http://www.w3.org/1999/xhtml"><b>Billy Wilder</b> (22 June 1906Â â€“ 27 March 2002) was an Austrian-born American <a class="external" href="http://en.wikipedia.org/wiki/Filmmaker" title="Filmmaker">filmmaker</a>, <a class="external" href="http://en.wikipedia.org/wiki/Screenwriter" title="Screenwriter">screenwriter</a>, <a class="external" href="http://en.wikipedia.org/wiki/Film_producer" title="Film producer">producer</a>, <a class="external" href="http://en.wikipedia.org/wiki/Artist" title="Artist">artist</a>, and <a class="external" href="http://en.wikipedia.org/wiki/Journalist" title="Journalist">journalist</a>, whose career spanned more than 50 years and 60 <a class="external" href="http://en.wikipedia.org/wiki/Film" title="Film">films</a>. He is regarded as one of the most brilliant and versatile filmmakers of <a class="external" href="http://en.wikipedia.org/wiki/Hollywood" title="Hollywood">Hollywood</a>'s golden age. Wilder is one of only five people who have won three Academy Awards for <a class="external" href="http://en.wikipedia.org/wiki/Film_producer" title="Film producer">producing</a>, <a class="external" href="http://en.wikipedia.org/wiki/Film_director" title="Film director">directing</a> and <a class="external" href="http://en.wikipedia.org/wiki/Screenwriter" title="Screenwriter">writing</a> the same film (<i>The Apartment</i>).</p>
	<p xmlns="http://www.w3.org/1999/xhtml">He first became a screenwriter in the late 1920s while living in Berlin. After the rise of <a class="external" href="http://en.wikipedia.org/wiki/Adolf_Hitler" title="Adolf Hitler">Adolf Hitler</a>, Wilder, who was <a class="external" href="http://en.wikipedia.org/wiki/Jew" title="Jew">Jewish</a>, left for <a class="external" href="http://en.wikipedia.org/wiki/Paris" title="Paris">Paris</a>, where he made his directorial debut. He relocated to <a class="external" href="http://en.wikipedia.org/wiki/Hollywood,_California" title="Hollywood, California">Hollywood</a> in 1933, and in 1939 he had a hit as a co-writer of the screenplay to the screwball comedy <i><a class="external" href="http://en.wikipedia.org/wiki/Ninotchka" title="Ninotchka">Ninotchka</a></i>. Wilder established his directorial reputation after helming <i><a class="external" href="http://en.wikipedia.org/wiki/Double_Indemnity_(film)" title="Double Indemnity (film)">Double Indemnity</a></i> (<a class="external" href="http://en.wikipedia.org/wiki/1944_in_film" title="1944 in film">1944</a>), a <i><a class="external" href="http://en.wikipedia.org/wiki/Film_noir" title="Film noir">film noir</a></i> he co-wrote with mystery novelist <a class="external" href="http://en.wikipedia.org/wiki/Raymond_Chandler" title="Raymond Chandler">Raymond Chandler</a>. Wilder earned the <a class="external" href="http://en.wikipedia.org/wiki/Academy_Award_for_Directing" title="Academy Award for Directing">Best Director</a> and <a class="external" href="http://en.wikipedia.org/wiki/Academy_Award_for_Writing_Adapted_Screenplay" title="Academy Award for Writing Adapted Screenplay">Best Screenplay</a> <a class="external" href="http://en.wikipedia.org/wiki/Academy_Awards" title="Academy Awards">Academy Awards</a> for the adaptation of a <a class="external" href="http://en.wikipedia.org/wiki/Charles_R._Jackson" title="Charles R. Jackson">Charles R. Jackson</a> story <i><a class="external" href="http://en.wikipedia.org/wiki/The_Lost_Weekend_(film)" title="The Lost Weekend (film)">The Lost Weekend</a></i>, about <a class="external" href="http://en.wikipedia.org/wiki/Alcoholism" title="Alcoholism">alcoholism</a>. In <a class="external" href="http://en.wikipedia.org/wiki/1950_in_film" title="1950 in film">1950</a>, Wilder co-wrote and directed the critically acclaimed <i><a class="external" href="http://en.wikipedia.org/wiki/Sunset_Boulevard_(film)" title="Sunset Boulevard (film)">Sunset Boulevard</a></i>.</p>
	<p xmlns="http://www.w3.org/1999/xhtml">From the mid-1950s on, Wilder made mostly comedies. Among the classics Wilder created in this period are the farces <i><a class="external" href="http://en.wikipedia.org/wiki/The_Seven_Year_Itch" title="The Seven Year Itch">The Seven Year Itch</a></i> (<a class="external" href="http://en.wikipedia.org/wiki/1955_in_film" title="1955 in film">1955</a>) and <i><a class="external" href="http://en.wikipedia.org/wiki/Some_Like_It_Hot" title="Some Like It Hot">Some Like It Hot</a></i> (<a class="external" href="http://en.wikipedia.org/wiki/1959_in_film" title="1959 in film">1959</a>), satires such as <i><a class="external" href="http://en.wikipedia.org/wiki/The_Apartment" title="The Apartment">The Apartment</a></i> (<a class="external" href="http://en.wikipedia.org/wiki/1960_in_film" title="1960 in film">1960</a>), and the romantic comedy <a class="external" href="http://en.wikipedia.org/wiki/Sabrina_(1954_film)" title="Sabrina (1954 film)"><i>Sabrina</i></a> (<a class="external" href="http://en.wikipedia.org/wiki/1954_in_film" title="1954 in film">1954</a>). He directed fourteen different actors in Oscar-nominated performances. Wilder was recognized with the <a class="external" href="http://en.wikipedia.org/wiki/American_Film_Institute" title="American Film Institute">AFI</a> Life Achievement Award in 1986. In <a class="external" href="http://en.wikipedia.org/wiki/1988_in_film" title="1988 in film">1988</a>, Wilder was awarded the <a class="external" href="http://en.wikipedia.org/wiki/Irving_G._Thalberg_Memorial_Award" title="Irving G. Thalberg Memorial Award">Irving G. Thalberg Memorial Award</a>. In 1993, he was awarded the <a class="external" href="http://en.wikipedia.org/wiki/National_Medal_of_Arts" title="National Medal of Arts">National Medal of Arts</a>. Wilder holds a significant place in the history of Hollywood censorship for expanding the range of acceptable subject matter.</p>
	<h2 xmlns="http://www.w3.org/1999/xhtml"> <span class="mw-headline" id="Life_and_career">Life and career</span></h2>
	<p xmlns="http://www.w3.org/1999/xhtml">Born <b>Samuel Wilder</b> to a <a class="external" href="http://en.wikipedia.org/wiki/Jewish" title="Jewish">Jewish</a> family in <a class="external" href="http://en.wikipedia.org/wiki/Sucha_Beskidzka" title="Sucha Beskidzka">Sucha Beskidzka</a>, <a class="external" href="http://en.wikipedia.org/wiki/Austria-Hungary" title="Austria-Hungary">Austria-Hungary</a> (now <a class="external" href="http://en.wikipedia.org/wiki/Poland" title="Poland">Poland</a>) to Max Wilder and Eugenia Dittler, Wilder was nicknamed Billie by his mother (he changed that to "Billy" after arriving in America). His parents had a successful and well-known cake shop in Sucha Beskidzka's train station and unsuccessfully tried to convince their son to inherit the business. Soon the family moved to <a class="external" href="http://en.wikipedia.org/wiki/Vienna" title="Vienna">Vienna</a>, where Wilder attended school. After dropping out of the <a class="external" href="http://en.wikipedia.org/wiki/University_of_Vienna" title="University of Vienna">University of Vienna</a>, Wilder became a journalist. To advance his career Wilder decided to move to <a class="external" href="http://en.wikipedia.org/wiki/Berlin" title="Berlin">Berlin</a>, <a class="external" href="http://en.wikipedia.org/wiki/Germany" title="Germany">Germany</a>. While in Berlin, before achieving success as a writer, Wilder allegedly worked as a <a class="external" href="http://en.wikipedia.org/wiki/Taxi_dancer" title="Taxi dancer">taxi dancer</a>.</p>
	<p xmlns="http://www.w3.org/1999/xhtml">After writing crime and sports stories as a <a class="external" href="http://en.wikipedia.org/wiki/Stringer_(journalism)" title="Stringer (journalism)">stringer</a> for local newspapers, he was eventually offered a regular job at a Berlin <a class="external" href="http://en.wikipedia.org/wiki/Tabloid" title="Tabloid">tabloid</a>. Developing an interest in film, he began working as a screenwriter. He collaborated with several other tyros (with <a class="external" href="http://en.wikipedia.org/wiki/Fred_Zinnemann" title="Fred Zinnemann">Fred Zinnemann</a> and <a class="external" href="http://en.wikipedia.org/wiki/Robert_Siodmak" title="Robert Siodmak">Robert Siodmak</a> on the 1929 feature <i><a class="external" href="http://en.wikipedia.org/wiki/Menschen_am_Sonntag" title="Menschen am Sonntag">People on Sunday</a></i>). After the <a class="external" href="http://en.wikipedia.org/wiki/Rise_of_Adolf_Hitler" title="Rise of Adolf Hitler">rise of Adolf Hitler</a>, Wilder, a <a class="external" href="http://en.wikipedia.org/wiki/Jew" title="Jew">Jew</a>, left for <a class="external" href="http://en.wikipedia.org/wiki/Paris" title="Paris">Paris</a>, where he made his directorial debut with the 1934 film <i><a class="external" href="http://en.wikipedia.org/wiki/Mauvaise_Graine" title="Mauvaise Graine">Mauvaise Graine</a></i>. He relocated to Hollywood prior to its release. His mother, grandmother, and stepfather perished at the <a class="external" href="http://en.wikipedia.org/wiki/Auschwitz_concentration_camp" title="Auschwitz concentration camp">Auschwitz concentration camp</a>.</p>
	<p xmlns="http://www.w3.org/1999/xhtml">After arriving in <a class="external" href="http://en.wikipedia.org/wiki/Hollywood,_California" title="Hollywood, California">Hollywood</a> in 1933, Wilder continued his career as a screenwriter. He became a <a class="external" href="http://en.wikipedia.org/wiki/Naturalized" title="Naturalized">naturalized</a> citizen of the United States in 1934. Wilder's first significant success was <i><a class="external" href="http://en.wikipedia.org/wiki/Ninotchka" title="Ninotchka">Ninotchka</a></i> in <a class="external" href="http://en.wikipedia.org/wiki/1939_in_film" title="1939 in film">1939</a>, a collaboration with fellow <a class="external" href="http://en.wikipedia.org/wiki/Germany" title="Germany">German</a> immigrant <a class="external" href="http://en.wikipedia.org/wiki/Ernst_Lubitsch" title="Ernst Lubitsch">Ernst Lubitsch</a>. This <a class="external" href="http://en.wikipedia.org/wiki/Screwball_comedy" title="Screwball comedy">screwball comedy</a> starred <a class="external" href="http://en.wikipedia.org/wiki/Greta_Garbo" title="Greta Garbo">Greta Garbo</a> (generally known as a <a class="external" href="http://en.wikipedia.org/wiki/Tragedy" title="Tragedy">tragic</a> heroine in film <a class="external" href="http://en.wikipedia.org/wiki/Melodrama" title="Melodrama">melodramas</a>), and was popularly and critically acclaimed. With the byline, "Garbo Laughs!", it also took Garbo's career in a new direction. The film also marked Wilder's first <a class="external" href="http://en.wikipedia.org/wiki/Academy_Awards" title="Academy Awards">Academy Award</a> nomination, which he shared with co-writer <a class="external" href="http://en.wikipedia.org/wiki/Charles_Brackett" title="Charles Brackett">Charles Brackett</a> (although their collaboration on <i><a class="external" href="http://en.wikipedia.org/wiki/Bluebeard%27s_Eighth_Wife" title="Bluebeard's Eighth Wife">Bluebeard's Eighth Wife</a></i> and <i><a class="external" href="http://en.wikipedia.org/wiki/Midnight_(1939_film)" title="Midnight (1939 film)">Midnight</a></i> had been well received). For twelve years Wilder co-wrote many of his films with Brackett, from <a class="external" href="http://en.wikipedia.org/wiki/1938_in_film" title="1938 in film">1938</a> through <a class="external" href="http://en.wikipedia.org/wiki/1950_in_film" title="1950 in film">1950</a>. He followed <i>Ninotchka</i> with a series of <a class="external" href="http://en.wikipedia.org/wiki/Box_office" title="Box office">box office</a> hits in 1942, including his <i><a class="external" href="http://en.wikipedia.org/wiki/Hold_Back_the_Dawn" title="Hold Back the Dawn">Hold Back the Dawn</a></i> and <i><a class="external" href="http://en.wikipedia.org/wiki/Ball_of_Fire" title="Ball of Fire">Ball of Fire</a></i>, as well as his directorial feature debut, <i><a class="external" href="http://en.wikipedia.org/wiki/The_Major_and_the_Minor" title="The Major and the Minor">The Major and the Minor</a></i>.</p>
	<p xmlns="http://www.w3.org/1999/xhtml">He had a major impact his third film as director with <i><a class="external" href="http://en.wikipedia.org/wiki/Double_Indemnity_(film)" title="Double Indemnity (film)">Double Indemnity</a></i> (1944), a <i><a class="external" href="http://en.wikipedia.org/wiki/Film_noir" title="Film noir">film noir</a></i>, nominated for Best Director and Screenplay, which was co-written with mystery novelist <a class="external" href="http://en.wikipedia.org/wiki/Raymond_Chandler" title="Raymond Chandler">Raymond Chandler</a>; the two men though did not get along. <i>Double Indemnity</i> not only set conventions for the <i>noir</i> genre (such as "venetian blind" lighting and voice-over narration), but was also a landmark in the battle against Hollywood censorship. The original <a class="external" href="http://en.wikipedia.org/wiki/James_M._Cain" title="James M. Cain">James M. Cain</a> novel <i>Double Indemnity</i> featured two love triangles and a murder plotted for insurance money. While the book was highly popular with the reading public, it had been considered unfilmable under the <a class="external" href="http://en.wikipedia.org/wiki/Hays_Code" title="Hays Code">Hays Code</a>, because adultery was central to its plot. <i>Double Indemnity</i> is credited by some as the first true film noir, combining the stylistic elements of <i><a class="external" href="http://en.wikipedia.org/wiki/Citizen_Kane" title="Citizen Kane">Citizen Kane</a></i> with the narrative elements of <i><a class="external" href="http://en.wikipedia.org/wiki/The_Maltese_Falcon_(1941_film)" title="The Maltese Falcon (1941 film)">The Maltese Falcon</a></i> (1941). Wilder was the Editors Supervisor in the 1945 US Army Signal Corps documentary/propaganda film <i><a class="external" href="http://en.wikipedia.org/wiki/Death_Mills" title="Death Mills">Death Mills</a></i>.</p>
	<p xmlns="http://www.w3.org/1999/xhtml">Two years later, Wilder earned the <a class="external" href="http://en.wikipedia.org/wiki/Academy_Award_for_Directing" title="Academy Award for Directing">Best Director</a> and <a class="external" href="http://en.wikipedia.org/wiki/Academy_Award_for_Writing_Adapted_Screenplay" title="Academy Award for Writing Adapted Screenplay">Best Screenplay</a> <a class="external" href="http://en.wikipedia.org/wiki/Academy_Awards" title="Academy Awards">Academy Awards</a> for the adaptation of a <a class="external" href="http://en.wikipedia.org/wiki/Charles_R._Jackson" title="Charles R. Jackson">Charles R. Jackson</a> story <i><a class="external" href="http://en.wikipedia.org/wiki/The_Lost_Weekend_(film)" title="The Lost Weekend (film)">The Lost Weekend</a></i> (1945), the first major American film to make a serious examination of <a class="external" href="http://en.wikipedia.org/wiki/Alcoholism" title="Alcoholism">alcoholism</a>, another difficult theme under the <a class="external" href="http://en.wikipedia.org/wiki/Motion_Picture_Production_Code" title="Motion Picture Production Code">Production Code</a>. In <a class="external" href="http://en.wikipedia.org/wiki/1950_in_film" title="1950 in film">1950</a>, Wilder co-wrote and directed the dark and cynical and critically acclaimed <i><a class="external" href="http://en.wikipedia.org/wiki/Sunset_Boulevard_(film)" title="Sunset Boulevard (film)">Sunset Boulevard</a></i>, which paired rising star <a class="external" href="http://en.wikipedia.org/wiki/William_Holden" title="William Holden">William Holden</a> with <a class="external" href="http://en.wikipedia.org/wiki/Gloria_Swanson" title="Gloria Swanson">Gloria Swanson</a>. Swanson played Norma Desmond, a reclusive silent film star who dreams of a <a href="http://en.wiktionary.org/wiki/comeback" title="wiktionary:comeback">comeback</a>; Holden is an aspiring screenwriter who becomes a <a class="external" href="http://en.wikipedia.org/wiki/Kept_man" title="Kept man">kept man</a>.</p>
	<p xmlns="http://www.w3.org/1999/xhtml">In 1951, Wilder followed <i>Sunset Boulevard</i> with <i><a class="external" href="http://en.wikipedia.org/wiki/Ace_in_the_Hole_(film)" title="Ace in the Hole (film)">Ace in the Hole</a></i> (aka <i>The Big Carnival</i>), a tale of media exploitation of a caving accident. It was a critical and commercial failure at the time, but its reputation has grown over the years. In the fifties, Wilder also directed two adaptations of Broadway plays, the prisoner of war drama <i><a class="external" href="http://en.wikipedia.org/wiki/Stalag_17" title="Stalag 17">Stalag 17</a></i> (1953), which resulted in a Best Actor Oscar for <a class="external" href="http://en.wikipedia.org/wiki/William_Holden" title="William Holden">William Holden</a>, and the <a class="external" href="http://en.wikipedia.org/wiki/Agatha_Christie" title="Agatha Christie">Agatha Christie</a> mystery <i><a class="external" href="http://en.wikipedia.org/wiki/Witness_for_the_Prosecution" title="Witness for the Prosecution">Witness for the Prosecution</a></i> (1957). In the mid 1950s, Wilder became interested in doing a film with one of the classic slapstick comedy acts of the Hollywood Golden Age. He first considered, and rejected, a project to star <a class="external" href="http://en.wikipedia.org/wiki/Laurel_and_Hardy" title="Laurel and Hardy">Laurel and Hardy</a>. He then held discussions with <a class="external" href="http://en.wikipedia.org/wiki/Groucho_Marx" title="Groucho Marx">Groucho Marx</a> concerning a new <a class="external" href="http://en.wikipedia.org/wiki/Marx_Brothers" title="Marx Brothers">Marx Brothers</a> comedy, tentatively titled "A Day at the U.N." This project was abandoned when <a class="external" href="http://en.wikipedia.org/wiki/Chico_Marx" title="Chico Marx">Chico Marx</a> died in 1961.</p>
	<p xmlns="http://www.w3.org/1999/xhtml">From the mid-1950s onwards, Wilder made mostly comedies. Among the classics Wilder created in this period are the farces <i><a class="external" href="http://en.wikipedia.org/wiki/The_Seven_Year_Itch" title="The Seven Year Itch">The Seven Year Itch</a></i> (<a class="external" href="http://en.wikipedia.org/wiki/1955_in_film" title="1955 in film">1955</a>) and <i><a class="external" href="http://en.wikipedia.org/wiki/Some_Like_It_Hot" title="Some Like It Hot">Some Like It Hot</a></i> (<a class="external" href="http://en.wikipedia.org/wiki/1959_in_film" title="1959 in film">1959</a>), satires such as <i><a class="external" href="http://en.wikipedia.org/wiki/The_Apartment" title="The Apartment">The Apartment</a></i> (<a class="external" href="http://en.wikipedia.org/wiki/1960_in_film" title="1960 in film">1960</a>), and the romantic comedy <i><a class="external" href="http://en.wikipedia.org/wiki/Sabrina_(1954_film)" title="Sabrina (1954 film)">Sabrina</a></i> (<a class="external" href="http://en.wikipedia.org/wiki/1954_in_film" title="1954 in film">1954</a>). Wilder's humor is sometimes sardonic. In <i><a class="external" href="http://en.wikipedia.org/wiki/Love_in_the_Afternoon_(1957_film)" title="Love in the Afternoon (1957 film)">Love in the Afternoon</a></i> (<a class="external" href="http://en.wikipedia.org/wiki/1957_in_film" title="1957 in film">1957</a>), a young and innocent <a class="external" href="http://en.wikipedia.org/wiki/Audrey_Hepburn" title="Audrey Hepburn">Audrey Hepburn</a> does not wish to be young or innocent with playboy <a class="external" href="http://en.wikipedia.org/wiki/Gary_Cooper" title="Gary Cooper">Gary Cooper</a>, and pretends to be a married woman in search of extramarital amusement.</p>
	<p xmlns="http://www.w3.org/1999/xhtml">In 1959 Wilder introduced crossdressing to American film audiences with <i><a class="external" href="http://en.wikipedia.org/wiki/Some_Like_It_Hot" title="Some Like It Hot">Some Like It Hot</a></i>. In this comedy <a class="external" href="http://en.wikipedia.org/wiki/Jack_Lemmon" title="Jack Lemmon">Jack Lemmon</a> and <a class="external" href="http://en.wikipedia.org/wiki/Tony_Curtis" title="Tony Curtis">Tony Curtis</a> play musicians on the run from a Chicago gang, who disguise themselves as women and become romantically involved with <a class="external" href="http://en.wikipedia.org/wiki/Marilyn_Monroe" title="Marilyn Monroe">Marilyn Monroe</a> and <a class="external" href="http://en.wikipedia.org/wiki/Joe_E._Brown_(comedian)" title="Joe E. Brown (comedian)">Joe E. Brown</a>. In <a class="external" href="http://en.wikipedia.org/wiki/1959_in_film" title="1959 in film">1959</a>, Wilder began to collaborate with writer-producer <a class="external" href="http://en.wikipedia.org/wiki/I._A._L._Diamond" title="I. A. L. Diamond">I. A. L. Diamond</a>, an association that continued until the end of both men's careers. After winning three <a class="external" href="http://en.wikipedia.org/wiki/Academy_Awards" title="Academy Awards">Academy Awards</a> for <a class="external" href="http://en.wikipedia.org/wiki/1960_in_film" title="1960 in film">1960</a>'s <i><a class="external" href="http://en.wikipedia.org/wiki/The_Apartment" title="The Apartment">The Apartment</a></i> (for Best Picture, Director, and Screenplay), Wilder's career slowed. His <a class="external" href="http://en.wikipedia.org/wiki/Cold_War" title="Cold War">Cold War</a> farce <i><a class="external" href="http://en.wikipedia.org/wiki/One,_Two,_Three" title="One, Two, Three">One, Two, Three</a></i> (1961) featured a rousing comic performance by <a class="external" href="http://en.wikipedia.org/wiki/James_Cagney" title="James Cagney">James Cagney</a>, but was followed by the lesser films <i><a class="external" href="http://en.wikipedia.org/wiki/Irma_la_Douce" title="Irma la Douce">Irma la Douce</a></i> and <i><a class="external" href="http://en.wikipedia.org/wiki/Kiss_Me,_Stupid" title="Kiss Me, Stupid">Kiss Me, Stupid</a></i>. Wilder gained his last Oscar nomination for his screenplay <i><a class="external" href="http://en.wikipedia.org/wiki/The_Fortune_Cookie" title="The Fortune Cookie">The Fortune Cookie</a></i> (1966). His 1970 film <i><a class="external" href="http://en.wikipedia.org/wiki/The_Private_Life_of_Sherlock_Holmes" title="The Private Life of Sherlock Holmes">The Private Life of Sherlock Holmes</a></i> was intended as a major <a class="external" href="http://en.wikipedia.org/wiki/Roadshow" title="Roadshow">roadshow</a> release, but was heavily cut by the studio and has never been fully restored. Later films such as <i><a class="external" href="http://en.wikipedia.org/wiki/Fedora_(film)" title="Fedora (film)">Fedora</a></i> (1978) and <i><a class="external" href="http://en.wikipedia.org/wiki/Buddy_Buddy" title="Buddy Buddy">Buddy Buddy</a></i> (1981) failed to impress critics or the public.</p>
	<p xmlns="http://www.w3.org/1999/xhtml">After that Wilder never ceased to complain that Hollywood was making a big mistake by not giving him any films to direct. He did so at film festivals, in interviews, on television, and whenever he had the opportunitty. He often hinted that he was being discriminated against, due to his age. His complaining did not help: for whatever reason, the studios were unwilling to hire him. One "consolation" which Wilder had in his later years, besides his art collection (see "Trivia," below), was the Andrew Lloyd Webber <a class="external" href="http://en.wikipedia.org/wiki/Sunset_Boulevard_(musical)" title="Sunset Boulevard (musical)">stage musical</a> version of <i>Sunset Boulevard</i>. The musical itself had an uneven success and is generally considered to be one of the least of Webber's musicals.</p>
	<p xmlns="http://www.w3.org/1999/xhtml">Wilder's directorial choices reflected his belief in the primacy of writing. He avoided the exuberant cinematography of <a class="external" href="http://en.wikipedia.org/wiki/Alfred_Hitchcock" title="Alfred Hitchcock">Alfred Hitchcock</a> and <a class="external" href="http://en.wikipedia.org/wiki/Orson_Welles" title="Orson Welles">Orson Welles</a> because, in Wilder's opinion, shots that called attention to themselves would distract the audience from the story. Wilder's pictures have tight plotting and memorable dialogue. Despite his conservative directorial style, his subject matter often pushed the boundaries of mainstream entertainment. Once a subject was chosen, he would begin to visualize in terms of specific artists. His belief was that no matter how talented the actor, none was without limitations and the end result would be better if you bent the script to their personality rather than force a performance beyond their limitations. Wilder was skilled at working with actors, coaxing <a class="external" href="http://en.wikipedia.org/wiki/Silent_film" title="Silent film">silent era</a> legends <a class="external" href="http://en.wikipedia.org/wiki/Gloria_Swanson" title="Gloria Swanson">Gloria Swanson</a> and <a class="external" href="http://en.wikipedia.org/wiki/Erich_von_Stroheim" title="Erich von Stroheim">Erich von Stroheim</a> out of retirement for roles in <i><a class="external" href="http://en.wikipedia.org/wiki/Sunset_Boulevard_(film)" title="Sunset Boulevard (film)">Sunset Boulevard</a></i>. For <i><a class="external" href="http://en.wikipedia.org/wiki/Stalag_17" title="Stalag 17">Stalag 17</a></i>, Wilder squeezed an Oscar-winning performance out of a reluctant <a class="external" href="http://en.wikipedia.org/wiki/William_Holden" title="William Holden">William Holden</a> (Holden wanted to make his character more likeable; Wilder refused). Wilder sometimes cast against type for major parts such as <a class="external" href="http://en.wikipedia.org/wiki/Fred_MacMurray" title="Fred MacMurray">Fred MacMurray</a> in <i><a class="external" href="http://en.wikipedia.org/wiki/Double_Indemnity_(film)" title="Double Indemnity (film)">Double Indemnity</a></i> and <i><a class="external" href="http://en.wikipedia.org/wiki/The_Apartment" title="The Apartment">The Apartment</a></i>. Many today know MacMurray as a wholesome family man from the television series <i><a class="external" href="http://en.wikipedia.org/wiki/My_Three_Sons" title="My Three Sons">My Three Sons</a></i>, but he played a womanizing schemer in Wilder's films. <a class="external" href="http://en.wikipedia.org/wiki/Humphrey_Bogart" title="Humphrey Bogart">Humphrey Bogart</a> shed his tough guy image to give one of his warmest performances in <i><a class="external" href="http://en.wikipedia.org/wiki/Sabrina_(1954_film)" title="Sabrina (1954 film)">Sabrina</a></i>. <a class="external" href="http://en.wikipedia.org/wiki/James_Cagney" title="James Cagney">James Cagney</a>, not usually known for comedy, was memorable in a high-octane comic role for Wilder's <i><a class="external" href="http://en.wikipedia.org/wiki/One,_Two,_Three" title="One, Two, Three">One, Two, Three</a></i>. Wilder coaxed a very effective, and in some ways memorable performance out of <a class="external" href="http://en.wikipedia.org/wiki/Marilyn_Monroe" title="Marilyn Monroe">Marilyn Monroe</a> in <i><a class="external" href="http://en.wikipedia.org/wiki/Some_Like_It_Hot" title="Some Like It Hot">Some Like It Hot</a></i>.</p>
	<p xmlns="http://www.w3.org/1999/xhtml">In total, he directed fourteen different actors in Oscar-nominated performances: <a class="external" href="http://en.wikipedia.org/wiki/Barbara_Stanwyck" title="Barbara Stanwyck">Barbara Stanwyck</a> in <i><a class="external" href="http://en.wikipedia.org/wiki/Double_Indemnity_(film)" title="Double Indemnity (film)">Double Indemnity</a></i>, <a class="external" href="http://en.wikipedia.org/wiki/Ray_Milland" title="Ray Milland">Ray Milland</a> in <i><a class="external" href="http://en.wikipedia.org/wiki/The_Lost_Weekend_(film)" title="The Lost Weekend (film)">The Lost Weekend</a></i>, <a class="external" href="http://en.wikipedia.org/wiki/William_Holden" title="William Holden">William Holden</a> in <i><a class="external" href="http://en.wikipedia.org/wiki/Sunset_Boulevard_(film)" title="Sunset Boulevard (film)">Sunset Boulevard</a></i> and <i><a class="external" href="http://en.wikipedia.org/wiki/Stalag_17" title="Stalag 17">Stalag 17</a></i>, <a class="external" href="http://en.wikipedia.org/wiki/Gloria_Swanson" title="Gloria Swanson">Gloria Swanson</a> in <i><a class="external" href="http://en.wikipedia.org/wiki/Sunset_Boulevard_(film)" title="Sunset Boulevard (film)">Sunset Boulevard</a></i>, <a class="external" href="http://en.wikipedia.org/wiki/Erich_von_Stroheim" title="Erich von Stroheim">Erich von Stroheim</a> in <i><a class="external" href="http://en.wikipedia.org/wiki/Sunset_Boulevard_(film)" title="Sunset Boulevard (film)">Sunset Boulevard</a></i>, <a class="external" href="http://en.wikipedia.org/wiki/Nancy_Olson" title="Nancy Olson">Nancy Olson</a> in <i><a class="external" href="http://en.wikipedia.org/wiki/Sunset_Boulevard_(film)" title="Sunset Boulevard (film)">Sunset Boulevard</a></i>, <a class="external" href="http://en.wikipedia.org/wiki/Robert_Strauss" title="Robert Strauss">Robert Strauss</a> in <i><a class="external" href="http://en.wikipedia.org/wiki/Stalag_17" title="Stalag 17">Stalag 17</a></i>, <a class="external" href="http://en.wikipedia.org/wiki/Audrey_Hepburn" title="Audrey Hepburn">Audrey Hepburn</a> in <i><a class="external" href="http://en.wikipedia.org/wiki/Sabrina_(1954_film)" title="Sabrina (1954 film)">Sabrina</a></i>, <a class="external" href="http://en.wikipedia.org/wiki/Charles_Laughton" title="Charles Laughton">Charles Laughton</a> in <i><a class="external" href="http://en.wikipedia.org/wiki/Witness_for_the_Prosecution" title="Witness for the Prosecution">Witness for the Prosecution</a></i>, <a class="external" href="http://en.wikipedia.org/wiki/Elsa_Lanchester" title="Elsa Lanchester">Elsa Lanchester</a> in <i><a class="external" href="http://en.wikipedia.org/wiki/Witness_for_the_Prosecution" title="Witness for the Prosecution">Witness for the Prosecution</a></i>, <a class="external" href="http://en.wikipedia.org/wiki/Jack_Lemmon" title="Jack Lemmon">Jack Lemmon</a> in <i><a class="external" href="http://en.wikipedia.org/wiki/Some_Like_It_Hot" title="Some Like It Hot">Some Like It Hot</a></i> and <i><a class="external" href="http://en.wikipedia.org/wiki/The_Apartment" title="The Apartment">The Apartment</a></i>, <a class="external" href="http://en.wikipedia.org/wiki/Jack_Kruschen" title="Jack Kruschen">Jack Kruschen</a> in <i><a class="external" href="http://en.wikipedia.org/wiki/The_Apartment" title="The Apartment">The Apartment</a></i>, <a class="external" href="http://en.wikipedia.org/wiki/Shirley_MacLaine" title="Shirley MacLaine">Shirley MacLaine</a> in <i><a class="external" href="http://en.wikipedia.org/wiki/The_Apartment" title="The Apartment">The Apartment</a></i> and <i><a class="external" href="http://en.wikipedia.org/wiki/Irma_la_Douce" title="Irma la Douce">Irma la Douce</a></i> and <a class="external" href="http://en.wikipedia.org/wiki/Walter_Matthau" title="Walter Matthau">Walter Matthau</a> in <i><a class="external" href="http://en.wikipedia.org/wiki/The_Fortune_Cookie" title="The Fortune Cookie">The Fortune Cookie</a></i>. Milland, Holden and Matthau won Oscars for their performances in Wilder films. Wilder mentored <a class="external" href="http://en.wikipedia.org/wiki/Jack_Lemmon" title="Jack Lemmon">Jack Lemmon</a> and was the first director to pair him with Walter Matthau, in <i><a class="external" href="http://en.wikipedia.org/wiki/The_Fortune_Cookie" title="The Fortune Cookie">The Fortune Cookie</a></i> (<a class="external" href="http://en.wikipedia.org/wiki/1966_in_film" title="1966 in film">1966</a>). Wilder had great respect for Lemmon, calling him the hardest working actor he had ever met. Lemmon starred in seven of Wilder's films.</p>
	<p xmlns="http://www.w3.org/1999/xhtml">Wilder's work has had to meet some critical challenges. Although he is admired by many critics and filmgoers, he has not won approval from noted critic <a class="external" href="http://en.wikipedia.org/wiki/David_Thomson_(film_critic)" title="David Thomson (film critic)">David Thomson</a>, author of <i>A Biographical Dictionary of Film</i>, and other works. Thomson summarizes his attitude toward Wilder by saying, "I remain skeptical." Thomson emphasizes that, although Wilder created some brilliant films, he also directed some poor ones, especially at the end of his career. Thomson notes that critic <a class="external" href="http://en.wikipedia.org/wiki/Andrew_Sarris" title="Andrew Sarris">Andrew Sarris</a> did not approve of Wilder for a long time but then changed his attitude much later.</p>
	<p xmlns="http://www.w3.org/1999/xhtml">Wilder's films often lacked any discernible political tone or sympathies, which was not unintentional. He was less interested in current political fashions than in human nature and the issues that confronted ordinary people. He was not affected by the Hollywood blacklist, and had little sympathy for those who were. Of the blacklisted '<a class="external" href="http://en.wikipedia.org/wiki/Hollywood_blacklist" title="Hollywood blacklist">Hollywood Ten</a>' Wilder famously quipped, "Of the ten, two had talent, and the rest were just unfriendly". Wilder reveled in poking fun at those who took politics too seriously. In <i>Ball of Fire</i>, his <a class="external" href="http://en.wikipedia.org/wiki/Burlesque" title="Burlesque">burlesque</a> queen 'Sugarpuss' points at her sore throat and complains "Pink? It's as red as the <i><a class="external" href="http://en.wikipedia.org/wiki/Daily_Worker" title="Daily Worker">Daily Worker</a></i> and twice as sore." Later, she gives the overbearing and unsmiling <a class="external" href="http://en.wikipedia.org/wiki/Housemaid" title="Housemaid">housemaid</a> the name "<a class="external" href="http://en.wikipedia.org/wiki/Francisco_Franco" title="Francisco Franco">Franco</a>". Wilder is sometimes confused with director <a class="external" href="http://en.wikipedia.org/wiki/William_Wyler" title="William Wyler">William Wyler</a>; the confusion is understandable, as both were <a class="external" href="http://en.wikipedia.org/wiki/German_language" title="German language">German</a>-speaking <a class="external" href="http://en.wikipedia.org/wiki/Jew" title="Jew">Jews</a> with similar backgrounds and names. However, their output as directors was quite different, with Wyler preferring to direct epics and heavy dramas and Wilder noted for his comedies and <a class="external" href="http://en.wikipedia.org/wiki/Film_noir" title="Film noir">film noir</a> type dramas.</p>
	<p xmlns="http://www.w3.org/1999/xhtml">Wilder was recognized with the <a class="external" href="http://en.wikipedia.org/wiki/American_Film_Institute" title="American Film Institute">AFI</a> Life Achievement Award in 1986. In <a class="external" href="http://en.wikipedia.org/wiki/1988_in_film" title="1988 in film">1988</a>, Wilder was awarded the <a class="external" href="http://en.wikipedia.org/wiki/Irving_G._Thalberg_Memorial_Award" title="Irving G. Thalberg Memorial Award">Irving G. Thalberg Memorial Award</a>. In 1993, he was awarded the <a class="external" href="http://en.wikipedia.org/wiki/National_Medal_of_Arts" title="National Medal of Arts">National Medal of Arts</a>. He has a star on the <a class="external" href="http://en.wikipedia.org/wiki/Hollywood_Walk_of_Fame" title="Hollywood Walk of Fame">Hollywood Walk of Fame</a>. Wilder became well known for owning one of the finest and most extensive art collections in Hollywood, mainly collecting modern art. As he described it in the mid 80â€™s, â€œItâ€™s a sickness. I donâ€™t know how to stop myself. Call it bulimia if you want â€“ or curiosity or passion. I have some Impressionists, some Picassos from every period, some mobiles by Calder. I also collect tiny Japanese trees, glass paperweights and Chinese vases. Name an object and I collect it.â€&#157;  A few years before he died, Wilder agreed to a sale of most of the collection at an auction, netting a very large sum of money. He said that he was not selling the art to make money, but that he had enjoyed it as much as he could; he wanted others to have a chance to own it.</p>
	<p xmlns="http://www.w3.org/1999/xhtml">Wilderâ€™s artistic ambitions led him to create a series of works all his own. By the early 90â€™s, Wilder had amassed a beguiling assortment of plastic-artistic constructions, many of which were made in collaboration with artist Bruce Houston. In 1993, art dealer Louis Stern, a long time friend, helped organize an exhibition of Wilderâ€™s work at his Beverly Hills gallery. The exhibition was entitled <i>Billy Wilderâ€™s MarchÃ© aux Puces</i> and the <i>Variations on the Theme of Queen Nefertete</i> segment was an unqualified crowd pleaser. This series featured busts of the ravishing Egyptian queen wrapped <i>a la <a class="external" href="http://en.wikipedia.org/wiki/Christo" title="Christo">Christo</a></i> or splattered <i>a la <a class="external" href="http://en.wikipedia.org/wiki/Jackson_Pollock" title="Jackson Pollock">Jackson Pollock</a></i> or sporting a Campbellâ€™s soup can in homage to <a class="external" href="http://en.wikipedia.org/wiki/Warhol" title="Warhol">Warhol</a>.</p>
	<p xmlns="http://www.w3.org/1999/xhtml">Wilder died in 2002 of <a class="external" href="http://en.wikipedia.org/wiki/Pneumonia" title="Pneumonia">pneumonia</a> at the age of 95 after battling health problems, including cancer, in <a class="external" href="http://en.wikipedia.org/wiki/Los_Angeles,_California" title="Los Angeles, California">Los Angeles</a>, <a class="external" href="http://en.wikipedia.org/wiki/California" title="California">California</a> and was interred in the <a class="external" href="http://en.wikipedia.org/wiki/Westwood_Village_Memorial_Park_Cemetery" title="Westwood Village Memorial Park Cemetery">Westwood Village Memorial Park Cemetery</a> in <a class="external" href="http://en.wikipedia.org/wiki/Westwood,_Los_Angeles,_California" title="Westwood, Los Angeles, California">Westwood, Los Angeles, California</a> near <a class="external" href="http://en.wikipedia.org/wiki/Jack_Lemmon" title="Jack Lemmon">Jack Lemmon</a>. <a class="external" href="http://en.wikipedia.org/wiki/Marilyn_Monroe" title="Marilyn Monroe">Marilyn Monroe</a>'s crypt is located in the same cemetery. Wilder died the same day as two other comedy legends: <a class="external" href="http://en.wikipedia.org/wiki/Milton_Berle" title="Milton Berle">Milton Berle</a> and <a class="external" href="http://en.wikipedia.org/wiki/Dudley_Moore" title="Dudley Moore">Dudley Moore</a>. The next day, French top-ranking newspaper <i><a class="external" href="http://en.wikipedia.org/wiki/Le_Monde" title="Le Monde">Le Monde</a></i> titled its first-page obituary, "Billy Wilder is dead. Nobody is perfect." This was a reference to the famous closing line of his film <i>Some Like it Hot</i> spoken by <a class="external" href="http://en.wikipedia.org/wiki/Joe_E._Brown_(comedian)" title="Joe E. Brown (comedian)">Joe E. Brown</a> after <a class="external" href="http://en.wikipedia.org/wiki/Jack_Lemmon" title="Jack Lemmon">Jack Lemmon</a> reveals he is not female.</p>
	<p xmlns="http://www.w3.org/1999/xhtml">Wilder holds a significant place in the history of Hollywood censorship for expanding the range of acceptable subject matter. He is responsible for two of the film noir era's most definitive films in <i><a class="external" href="http://en.wikipedia.org/wiki/Double_Indemnity_(film)" title="Double Indemnity (film)">Double Indemnity</a></i> and <i><a class="external" href="http://en.wikipedia.org/wiki/Sunset_Boulevard_(film)" title="Sunset Boulevard (film)">Sunset Boulevard</a></i>. Along with <a class="external" href="http://en.wikipedia.org/wiki/Woody_Allen" title="Woody Allen">Woody Allen</a> and the <a class="external" href="http://en.wikipedia.org/wiki/Marx_Brothers" title="Marx Brothers">Marx Brothers</a>, he leads the list of films on the <a class="external" href="http://en.wikipedia.org/wiki/AFI%27s_100_Years..._100_Laughs" title="AFI's 100 Years... 100 Laughs">American Film Institute's list of 100 funniest American films</a> with 5 films written and holds the honor of holding the top spot with <i><a class="external" href="http://en.wikipedia.org/wiki/Some_Like_it_Hot" title="Some Like it Hot">Some Like it Hot</a></i>. Also on the list are <i><a class="external" href="http://en.wikipedia.org/wiki/The_Apartment" title="The Apartment">The Apartment</a></i> and <i><a class="external" href="http://en.wikipedia.org/wiki/The_Seven_Year_Itch" title="The Seven Year Itch">The Seven Year Itch</a></i> which he directed, and <i><a class="external" href="http://en.wikipedia.org/wiki/Ball_of_Fire" title="Ball of Fire">Ball of Fire</a></i> and <i><a class="external" href="http://en.wikipedia.org/wiki/Ninotchka" title="Ninotchka">Ninotchka</a></i> which he co-wrote. The <a class="external" href="http://en.wikipedia.org/wiki/American_Film_Institute" title="American Film Institute">American Film Institute</a> has ranked four of Wilder's films among their <a class="external" href="http://en.wikipedia.org/wiki/AFI%27s_100_Years..._100_Movies" title="AFI's 100 Years... 100 Movies">top 100 American films of the 20th century</a>: <i>Sunset Boulevard</i> (no. 12), <i>Some Like It Hot</i> (no. 14), <i>Double Indemnity</i> (no. 38) and <i>The Apartment</i> (no. 93). For the <a class="external" href="http://en.wikipedia.org/wiki/AFI%27s_100_Years%E2%80%A6100_Movies_(10th_Anniversary_Edition)" title="AFI's 100 Yearsâ€¦100 Movies (10th Anniversary Edition)">tenth anniversary edition of their list</a>, the AFI moved <i>Sunset Blvd.</i> to #16, <i>Some Like it Hot</i> to #22, <i>Double Indemnity</i> to #29 and <i>The Apartment</i> to #80.</p>
	<p xmlns="http://www.w3.org/1999/xhtml">Spanish filmmaker <a class="external" href="http://en.wikipedia.org/wiki/Fernando_Trueba" title="Fernando Trueba">Fernando Trueba</a> said in his acceptance speech for the 1993 Best Non-English Speaking Film <a class="external" href="http://en.wikipedia.org/wiki/Academy_Awards" title="Academy Awards">Oscar</a>: "I would like to believe in God in order to thank him. But I just believe in Billy Wilder... so, thank you Mr. Wilder." According to Trueba, Wilder called him the day after and told him: "Fernando, it's God." Wilder's 12 <a class="external" href="http://en.wikipedia.org/wiki/Academy_Award" title="Academy Award">Academy Award</a> nominations for screenwriting were a record until 1997 when <a class="external" href="http://en.wikipedia.org/wiki/Woody_Allen" title="Woody Allen">Woody Allen</a> received a 13th nomination for <i><a class="external" href="http://en.wikipedia.org/wiki/Deconstructing_Harry" title="Deconstructing Harry">Deconstructing Harry</a></i>.</p>
	<h2 xmlns="http://www.w3.org/1999/xhtml"> <span class="mw-headline" id="Filmography">Filmography</span></h2>
	<h2 xmlns="http://www.w3.org/1999/xhtml"> <span class="mw-headline" id="Awards">Awards</span></h2>
	<p xmlns="http://www.w3.org/1999/xhtml">With eight nominations for <a class="external" href="http://en.wikipedia.org/wiki/Academy_Award_for_Best_Director" title="Academy Award for Best Director">Academy Award for Best Director</a>, Wilder is the second most nominated director in the history of the Academy Awards, behind <a class="external" href="http://en.wikipedia.org/wiki/William_Wyler" title="William Wyler">William Wyler</a>. Out of these nominations, Wilder won two Oscars.</p>
	<p xmlns="http://www.w3.org/1999/xhtml">Writers Guild of America west (WGAw) - Laurel Award, 1957 (with <a class="external" href="http://en.wikipedia.org/wiki/Charles_Brackett" title="Charles Brackett">Charles Brackett</a>) and 1980 (with <a class="external" href="http://en.wikipedia.org/wiki/I.A.L._Diamond" title="I.A.L. Diamond">I.A.L. Diamond</a>)</p>
      </wiki:abstract>
      <h2 xmlns="http://www.w3.org/1999/xhtml"> <span class="mw-headline" id="Academy_Award_Nominations">Academy Award Nominations</span></h2>
      <h2 xmlns="http://www.w3.org/1999/xhtml"> <span class="mw-headline" id="Trivia">Trivia</span></h2>
      <ul xmlns="http://www.w3.org/1999/xhtml">
	<li>Wilder's assistant was producer <a class="external" href="http://en.wikipedia.org/wiki/Thomas_L._Miller" title="Thomas L. Miller">Thomas L. Miller</a>, who is known for his work on such shows as <i><a class="external" href="http://en.wikipedia.org/wiki/Happy_Days" title="Happy Days">Happy Days</a></i>.</li>
      </ul>
      <ul xmlns="http://www.w3.org/1999/xhtml">
	<li>Wilder used the song "<a class="external" href="http://en.wikipedia.org/wiki/Isn%27t_It_Romantic" title="Isn't It Romantic">Isn't It Romantic</a>" in many of his films.</li>
      </ul>
      <h2 xmlns="http://www.w3.org/1999/xhtml"> <span class="mw-headline" id="Notes">Notes</span></h2>
      <h2 xmlns="http://www.w3.org/1999/xhtml"> <span class="mw-headline" id="See_also">See also</span></h2>
      <ul xmlns="http://www.w3.org/1999/xhtml">
	<li><a class="external" href="http://en.wikipedia.org/wiki/Billy_Wilder_filmography" title="Billy Wilder filmography">Billy Wilder filmography</a></li>
	<li><a class="external" href="http://en.wikipedia.org/wiki/List_of_film_collaborations" title="List of film collaborations">List of film collaborations</a></li>
	<li><a class="external" href="http://en.wikipedia.org/wiki/David_Niven" title="David Niven">David Niven</a></li>
	<li><a class="external" href="http://en.wikipedia.org/wiki/Ruth_Chatterton" title="Ruth Chatterton">Ruth Chatterton</a></li>
	<li><a class="external" href="http://en.wikipedia.org/wiki/Laurence_Olivier" title="Laurence Olivier">Laurence Olivier</a></li>
      </ul>
      <h2 xmlns="http://www.w3.org/1999/xhtml"> <span class="mw-headline" id="References">References</span></h2>
      <ul xmlns="http://www.w3.org/1999/xhtml">
	<li><span class="citation news">Clinton, Paul (2002-03-29). <a href="http://archives.cnn.com/2002/SHOWBIZ/Movies/03/28/billy.wilder.obit/" rel="nofollow">"Legendary director Billy Wilder dead at 95"</a>. <i>CNN</i><span class="printonly">. <a href="http://archives.cnn.com/2002/SHOWBIZ/Movies/03/28/billy.wilder.obit/" rel="nofollow">http://archives.cnn.com/2002/SHOWBIZ/Movies/03/28/billy.wilder.obit/</a></span><span class="reference-accessdate">. Retrieved January 20, 2006</span>.</span><span class="Z3988" title="ctx_ver=Z39.88-2004&amp;rft_val_fmt=info%3Aofi%2Ffmt%3Akev%3Amtx%3Ajournal&amp;rft.genre=article&amp;rft.atitle=Legendary+director+Billy+Wilder+dead+at+95&amp;rft.jtitle=CNN&amp;rft.aulast=Clinton%2C+Paul&amp;rft.au=Clinton%2C+Paul&amp;rft.date=2002-03-29&amp;rft_id=http%3A%2F%2Farchives.cnn.com%2F2002%2FSHOWBIZ%2FMovies%2F03%2F28%2Fbilly.wilder.obit%2F&amp;rfr_id=info:sid/en.wikipedia.org:Billy_Wilder"><span style="display: none;">Â </span></span></li>
      </ul>
      <h2 xmlns="http://www.w3.org/1999/xhtml"> <span class="mw-headline" id="Literature">Literature</span></h2>
      <ul xmlns="http://www.w3.org/1999/xhtml">
	<li><a class="external" href="http://en.wikipedia.org/wiki/Richard_Armstrong" title="Richard Armstrong">Armstrong, Richard</a>, <i>Billy Wilder, American Film Realist</i> (McFarland &amp; Company, Inc.: 2000)</li>
	<li><a class="external" href="http://en.wikipedia.org/w/index.php?title=Dan_Auiler&amp;action=edit&amp;redlink=1" title="Dan Auiler (page does not exist)">Dan Auiler</a>, "Some Like it Hot" (Taschen, 2001)</li>
	<li><a class="external" href="http://en.wikipedia.org/wiki/Charlotte_Chandler" title="Charlotte Chandler">Chandler, Charlotte</a>, <i>Nobody's Perfect. Billy Wilder. A Personal Biography</i> (New York: Schuster &amp; Schuster, 2002)</li>
	<li><a class="external" href="http://en.wikipedia.org/wiki/Cameron_Crowe" title="Cameron Crowe">Crowe, Cameron</a>, <i>Conversations with Wilder</i> (New York: Knopf, 2001)</li>
	<li><a class="external" href="http://en.wikipedia.org/w/index.php?title=Georges-Claude_Guilbert&amp;action=edit&amp;redlink=1" title="Georges-Claude Guilbert (page does not exist)">Guilbert, Georges-Claude</a>, <i>Literary Readings of Billy Wilder</i> (Newcastle: Cambridge Scholars Publishing, 2007)</li>
	<li><a class="external" href="http://en.wikipedia.org/w/index.php?title=Daniel_Hermsdorf&amp;action=edit&amp;redlink=1" title="Daniel Hermsdorf (page does not exist)">Hermsdorf, Daniel</a>, <i>Billy Wilder. Filme - Motive - Kontroverses</i> (Bochum: Paragon-Verlag, 2006)</li>
	<li><a class="external" href="http://en.wikipedia.org/w/index.php?title=Glenn_Hopp&amp;action=edit&amp;redlink=1" title="Glenn Hopp (page does not exist)">Hopp, Glenn</a>, <i>Billy Wilder</i> (Pocket Essentials: 2001)</li>
	<li><a class="external" href="http://en.wikipedia.org/w/index.php?title=Glenn_Hopp&amp;action=edit&amp;redlink=1" title="Glenn Hopp (page does not exist)">Hopp, Glenn</a> / <a class="external" href="http://en.wikipedia.org/w/index.php?title=Paul_Duncan&amp;action=edit&amp;redlink=1" title="Paul Duncan (page does not exist)">Duncan, Paul</a>, <i>Billy Wilder</i> (KÃ¶ln / New York: Taschen, 2003)</li>
	<li><a class="external" href="http://en.wikipedia.org/wiki/Robert_Horton_(actor)" title="Robert Horton (actor)">Horton, Robert</a>, <i>Billy Wilder Interviews</i> (University Press of Mississippi, 2001)</li>
	<li><a class="external" href="http://en.wikipedia.org/w/index.php?title=Andreas_Hutter&amp;action=edit&amp;redlink=1" title="Andreas Hutter (page does not exist)">Hutter, Andreas</a> / Kamolz, Klaus, <i>Billie Wilder. Eine europÃ¤ische Karriere</i> (Vienna, Cologne, Weimar: Boehlau, 1998)</li>
	<li><a class="external" href="http://en.wikipedia.org/w/index.php?title=Lanin_A._Gyurko&amp;action=edit&amp;redlink=1" title="Lanin A. Gyurko (page does not exist)">Gyurko, Lanin A.</a>, <i>The Shattered Screen. Myth and Demythification in the Art of Carlos Fuentes and Billy Wilder</i> (New Orleans: University Press of the South, 2009)</li>
	<li><a class="external" href="http://en.wikipedia.org/w/index.php?title=J%C3%A9r%C3%B4me_Jacobs&amp;action=edit&amp;redlink=1" title="JÃ©rÃ´me Jacobs (page does not exist)">Jacobs, JÃ©rÃ´me</a>, <i>Billy Wilder</i> (Paris: Rivages CinÃ©ma, 2006)</li>
	<li><a class="external" href="http://en.wikipedia.org/w/index.php?title=Kevin_Lally&amp;action=edit&amp;redlink=1" title="Kevin Lally (page does not exist)">Lally, Kevin</a>, <i>Wilder Times: The Life of Billy Wilder</i> (Henry Holt &amp; Co: 1st ed edition, May 1996)</li>
	<li><a class="external" href="http://en.wikipedia.org/wiki/Ed_Sikov" title="Ed Sikov">Sikov, Ed</a>, <i>On Sunset Boulevard. The Life and Times of Billy Wilder</i> (New York: Hyperion, 1999)</li>
	<li>Neil Sinyard &amp; Adrian Turner, "Journey Down Sunset Boulevard" (BCW, Isle of Wight, UK, 1979)</li>
	<li><a class="external" href="http://en.wikipedia.org/wiki/Tom_Wood" title="Tom Wood">Wood, Tom</a>, <i>The Bright Side of Billy Wilder, Primarily</i> (New York: Doubleday &amp; Company, Inc, 1969)</li>
	<li><a class="external" href="http://en.wikipedia.org/wiki/Maurice_Zolotow" title="Maurice Zolotow">Zolotow, Maurice</a>, <i>Billy Wilder in Hollywood</i> (Pompton Plains: Limelight Editions, 2004)</li>
	<li><a class="external" href="http://en.wikipedia.org/wiki/Hellmuth_Karasek" title="Hellmuth Karasek">Hellmuth Karasek</a>, <i>Billy Wilder, eine Nahaufnahme</i> (Heyne, 2002)</li>
      </ul>
      <h2 xmlns="http://www.w3.org/1999/xhtml"> <span class="mw-headline" id="External_links">External links</span></h2>
      <ul xmlns="http://www.w3.org/1999/xhtml">
	<li><a href="http://www.imdb.com/name/nm0000697/" rel="nofollow">Billy Wilder</a> at the <a class="external" href="http://en.wikipedia.org/wiki/Internet_Movie_Database" title="Internet Movie Database">Internet Movie Database</a></li>
	<li><a href="http://www.ibdb.com/person.asp?ID=11229" rel="nofollow">Billy Wilder</a> at the <a class="external" href="http://en.wikipedia.org/wiki/Internet_Broadway_Database" title="Internet Broadway Database">Internet Broadway Database</a></li>
	<li><a href="http://tcmdb.com/participant/participant.jsp?participantId=206104" rel="nofollow">Billy Wilder</a> at the <a class="external" href="http://en.wikipedia.org/wiki/Turner_Classic_Movies" title="Turner Classic Movies">TCM Movie Database</a></li>
	<li><a href="http://www.pbs.org/wnet/americanmasters/database/wilder_b.html" rel="nofollow">American Master - Billy Wilder</a></li>
	<li><a href="http://www.lib.berkeley.edu/MRC/wilderbib.html" rel="nofollow">Wilder Bibliography (via UC Berkeley)</a></li>
	<li><a href="http://www.npr.org/templates/story/story.php?storyId=5503804" rel="nofollow">Billy Wilder Tribute</a> at <a class="external" href="http://en.wikipedia.org/wiki/National_Public_Radio" title="National Public Radio">NPR</a></li>
	<li><a href="http://www.nea.gov/honors/medals/medalists_year.html#93" rel="nofollow">Lifetime Honors - National Medal of Arts</a>.</li>
	<li><a href="http://www.wga.org/awards/awardssub.aspx?id=1523" rel="nofollow">Writers Guild of America, west - Laurel Award Recipients</a></li>
	<li><a href="http://www.dga.org/index2.php3" rel="nofollow">Directors Guild of America</a></li>
      </ul>
    </wiki:description>
  </wiki:person>
  <wiki:film-title link="/wiki/Some_Like_It_Hot">Some Like It Hot</wiki:film-title>
  <wiki:film link="/wiki/Some_Like_It_Hot" title="Some Like It Hot">
    <wiki:oscar-ref year="1959" span="1" winner="false" award="lead-actor" person-link="/wiki/Jack_Lemmon" person-name="Jack Lemmon"/>
    <wiki:oscar-ref year="1959" span="1" winner="false" award="best-director" person-link="/wiki/Billy_Wilder" person-name="Billy Wilder"/>
    <wiki:director link="/wiki/Billy_Wilder">Billy Wilder</wiki:director>
    <wiki:distributor link="/wiki/United_Artists">United Artists</wiki:distributor>
    <wiki:starring link="/wiki/Marilyn_Monroe">Marilyn Monroe</wiki:starring>
    <wiki:starring link="/wiki/Tony_Curtis">Tony Curtis</wiki:starring>
    <wiki:starring link="/wiki/Jack_Lemmon">Jack Lemmon</wiki:starring>
    <wiki:starring link="/wiki/George_Raft">George Raft</wiki:starring>
    <wiki:starring link="/wiki/Joe_E._Brown_(comedian)">Joe E. Brown</wiki:starring>
    <wiki:starring link="/wiki/Pat_O%27Brien_(actor)">Pat O'Brien</wiki:starring>
    <wiki:budget link="/wiki/United_States_dollar">$</wiki:budget>
    <wiki:description>
      <p xmlns="http://www.w3.org/1999/xhtml"><i><b>Some Like It Hot</b></i> is a 1959 American comedy film directed by <a class="external" href="http://en.wikipedia.org/wiki/Billy_Wilder" title="Billy Wilder">Billy Wilder</a> and starring <a class="external" href="http://en.wikipedia.org/wiki/Marilyn_Monroe" title="Marilyn Monroe">Marilyn Monroe</a>, <a class="external" href="http://en.wikipedia.org/wiki/Tony_Curtis" title="Tony Curtis">Tony Curtis</a> and <a class="external" href="http://en.wikipedia.org/wiki/Jack_Lemmon" title="Jack Lemmon">Jack Lemmon</a>. The supporting cast includes <a class="external" href="http://en.wikipedia.org/wiki/George_Raft" title="George Raft">George Raft</a>, <a class="external" href="http://en.wikipedia.org/wiki/Joe_E._Brown_(comedian)" title="Joe E. Brown (comedian)">Joe E. Brown</a>, <a class="external" href="http://en.wikipedia.org/wiki/Pat_O%27Brien_(actor)" title="Pat O'Brien (actor)">Pat O'Brien</a> and <a class="external" href="http://en.wikipedia.org/wiki/Nehemiah_Persoff" title="Nehemiah Persoff">Nehemiah Persoff</a>. The film was adapted by Billy Wilder and <a class="external" href="http://en.wikipedia.org/wiki/I._A._L._Diamond" title="I. A. L. Diamond">I. A. L. Diamond</a> from the story by Robert Thoeren and Michael Logan. Logan had already written the story â€“ but without the gangsters â€“ for a German film, <i>Fanfaren der Liebe</i> (directed by <a class="external" href="http://en.wikipedia.org/wiki/Kurt_Hoffmann" title="Kurt Hoffmann">Kurt Hoffmann</a>, 1951), so Wilder's film is considered by some as a <a class="external" href="http://en.wikipedia.org/wiki/Remake" title="Remake">remake</a>.</p>
      <p xmlns="http://www.w3.org/1999/xhtml">During 1981, after the worldwide success of the French comedy <i><a class="external" href="http://en.wikipedia.org/wiki/La_Cage_aux_Folles_(film)" title="La Cage aux Folles (film)">La Cage aux Folles</a></i>, <a class="external" href="http://en.wikipedia.org/wiki/United_Artists" title="United Artists">United Artists</a> re-released <i>Some Like It Hot</i> to theatres. In 2000, the <a class="external" href="http://en.wikipedia.org/wiki/American_Film_Institute" title="American Film Institute">American Film Institute</a> listed <i>Some Like It Hot</i> as the <a class="external" href="http://en.wikipedia.org/wiki/AFI%27s_100_Years..._100_Laughs" title="AFI's 100 Years... 100 Laughs">greatest American comedy film of all time</a>.</p>
      <h2 xmlns="http://www.w3.org/1999/xhtml"> <span class="mw-headline" id="Plot">Plot</span></h2>
      <p xmlns="http://www.w3.org/1999/xhtml">Two struggling musicians, Joe and Jerry (<a class="external" href="http://en.wikipedia.org/wiki/Tony_Curtis" title="Tony Curtis">Tony Curtis</a> and <a class="external" href="http://en.wikipedia.org/wiki/Jack_Lemmon" title="Jack Lemmon">Jack Lemmon</a>), witness what looks like the <a class="external" href="http://en.wikipedia.org/wiki/Saint_Valentine%27s_Day_massacre" title="Saint Valentine's Day massacre">Saint Valentine's Day massacre</a> of 1929. When the Chicago gangsters, led by 'Spats' Columbo (<a class="external" href="http://en.wikipedia.org/wiki/George_Raft" title="George Raft">George Raft</a>), see them, the duo flee for their lives. They escape and decide to leave town, taking a job that requires them to disguise themselves as women, playing in an all-girl musical band headed to <a class="external" href="http://en.wikipedia.org/wiki/Florida" title="Florida">Florida</a>. Calling themselves Josephine and Geraldine (later Jerry changes his pseudonym to Daphne), they join the band and board a train. Joe and Jerry both become enamored of "Sugar Kane" (<a class="external" href="http://en.wikipedia.org/wiki/Marilyn_Monroe" title="Marilyn Monroe">Marilyn Monroe</a>), the band's <a class="external" href="http://en.wikipedia.org/wiki/Singer" title="Singer">vocalist</a> and <a class="external" href="http://en.wikipedia.org/wiki/Ukulele" title="Ukulele">ukulele</a> player, and struggle for her affection while maintaining their disguises.</p>
      <p xmlns="http://www.w3.org/1999/xhtml">In Florida, Joe woos Sugar by assuming a second disguise as a millionaire named "Junior", the heir to <a class="external" href="http://en.wikipedia.org/wiki/Shell_Oil_Company" title="Shell Oil Company">Shell Oil</a>, while mimicking <a class="external" href="http://en.wikipedia.org/wiki/Cary_Grant" title="Cary Grant">Cary Grant</a>'s voice. An actual millionaire, Osgood Fielding III (<a class="external" href="http://en.wikipedia.org/wiki/Joe_E._Brown_(comedian)" title="Joe E. Brown (comedian)">Joe E. Brown</a>), becomes enamored of Jerry in his Daphne guise. One night Osgood asks Daphne out to his yacht. Joe convinces Daphne to keep Osgood ashore while he goes on the yacht with Sugar. That night Osgood proposes to Daphne who, in a state of excitement, accepts, believing he can receive a large settlement from Osgood immediately following their wedding ceremony.</p>
      <p xmlns="http://www.w3.org/1999/xhtml">When the mobsters arrive at the same hotel for a conference honoring "Friends of Italian Opera", Spats and his gang see Joe and Jerry. After several humorous chases (and witnessing yet another mob murder), Jerry, Joe, Sugar, and Osgood escape to the millionaire's yacht. Enroute, Joe reveals to Sugar his true identity and Sugar tells Joe that she's in love with him regardless. Joe tells her that he is not good enough for her, that she would be getting the "fuzzy end of the lollipop" yet again, but Sugar loves him anyway. Jerry, for his part, tries to explain to Osgood that he cannot marry him, but Osgood is oblivious to all of Jerry's objections and remains determined to go through with the marriage--he says that he already told his mother and that the wedding is on. Finally, becoming exasperated, Jerry removes his wig and yells, "I'm a man!", prompting Osgood to utter the film's memorable last line "Well, nobody's <a class="external" href="http://en.wikipedia.org/wiki/Perfect" title="Perfect">perfect</a>."</p>
      <h2 xmlns="http://www.w3.org/1999/xhtml"> <span class="mw-headline" id="Cast">Cast</span></h2>
      <ul xmlns="http://www.w3.org/1999/xhtml">
	<li><a class="external" href="http://en.wikipedia.org/wiki/Marilyn_Monroe" title="Marilyn Monroe">Marilyn Monroe</a> as 'Sugar' Kane Kowalczyk</li>
	<li><a class="external" href="http://en.wikipedia.org/wiki/Tony_Curtis" title="Tony Curtis">Tony Curtis</a> as Joe/"Josephine"/"Junior"</li>
	<li><a class="external" href="http://en.wikipedia.org/wiki/Jack_Lemmon" title="Jack Lemmon">Jack Lemmon</a> as Jerry/"Geraldine"/"Daphne"</li>
	<li><a class="external" href="http://en.wikipedia.org/wiki/George_Raft" title="George Raft">George Raft</a> as 'Spats' Colombo</li>
	<li><a class="external" href="http://en.wikipedia.org/wiki/Pat_O%27Brien_(actor)" title="Pat O'Brien (actor)">Pat O'Brien</a> as Detective Mulligan</li>
	<li><a class="external" href="http://en.wikipedia.org/wiki/Joe_E._Brown_(comedian)" title="Joe E. Brown (comedian)">Joe E. Brown</a> as Osgood Fielding III</li>
	<li><a class="external" href="http://en.wikipedia.org/wiki/Nehemiah_Persoff" title="Nehemiah Persoff">Nehemiah Persoff</a> as 'Little Bonaparte'</li>
	<li><a class="external" href="http://en.wikipedia.org/wiki/Joan_Shawlee" title="Joan Shawlee">Joan Shawlee</a> as Sweet Sue</li>
	<li>Billy Gray as Sig Poliakoff</li>
	<li><a class="external" href="http://en.wikipedia.org/wiki/George_E._Stone" title="George E. Stone">George E. Stone</a> as 'Toothpick' Charlie</li>
	<li>Dave Barry as Beinstock</li>
	<li><a class="external" href="http://en.wikipedia.org/wiki/Mike_Mazurki" title="Mike Mazurki">Mike Mazurki</a> as Spats's henchman</li>
	<li><a class="external" href="http://en.wikipedia.org/wiki/Harry_Wilson_(actor)" title="Harry Wilson (actor)">Harry Wilson</a> as Spats's henchman</li>
	<li>Beverly Wills as Dolores</li>
	<li>Barbara Drew as Nellie</li>
	<li>Edward G. Robinson, Jr. as Johnny Paradise</li>
      </ul>
      <h2 xmlns="http://www.w3.org/1999/xhtml"> <span class="mw-headline" id="Production">Production</span></h2>
      <p xmlns="http://www.w3.org/1999/xhtml">The film was planned originally to be filmed in color, but after several screen tests, it had to be changed to black and white because of a very obvious 'green tint' around the heavy make-up required by Curtis and Lemmon when portraying Josephine and Daphne. The Florida segment was filmed at the <a class="external" href="http://en.wikipedia.org/wiki/Hotel_Del_Coronado" title="Hotel Del Coronado">Hotel Del Coronado</a> in <a class="external" href="http://en.wikipedia.org/wiki/Coronado,_California" title="Coronado, California">Coronado, California</a>.</p>
      <p xmlns="http://www.w3.org/1999/xhtml"><i>Some Like It Hot</i> received a "C" (Condemned) rating from the <a class="external" href="http://en.wikipedia.org/wiki/National_Legion_of_Decency" title="National Legion of Decency">National Legion of Decency</a> (formerly the Catholic Legion of Decency). The film, along with <a class="external" href="http://en.wikipedia.org/wiki/Alfred_Hitchcock" title="Alfred Hitchcock">Alfred Hitchcock</a>'s <i><a class="external" href="http://en.wikipedia.org/wiki/Psycho_(1960_film)" title="Psycho (1960 film)">Psycho</a></i> (1960) and several other films, contributed to the end of the <a class="external" href="http://en.wikipedia.org/wiki/Production_Code" title="Production Code">Production Code</a> in the mid-1960s. It was released by <a class="external" href="http://en.wikipedia.org/wiki/United_Artists" title="United Artists">United Artists</a> without the <a class="external" href="http://en.wikipedia.org/wiki/MPAA" title="MPAA">MPAA</a> logo in the credits or title sequence, since the film did not receive Production Code approval.</p>
      <p xmlns="http://www.w3.org/1999/xhtml">Tony Curtis is frequently quoted as saying that kissing Marilyn Monroe was like "kissing Hitler". During a 2001 interview with <a class="external" href="http://en.wikipedia.org/wiki/Leonard_Maltin" title="Leonard Maltin">Leonard Maltin</a>, Curtis stated that he never made this claim. In his 2008 autobiography, Curtis notes that he did make the statement to the film crew, but it was meant in a joking manner. During his appearance at the Jules Verne Festival in France (2008), Curtis revealed on the set of <a class="external" href="http://en.wikipedia.org/wiki/Laurent_Ruquier" title="Laurent Ruquier">Laurent Ruquier</a>'s TV show that he and Marilyn were lovers in the late 1940s when they were first struggling for recognition in films.</p>
      <p xmlns="http://www.w3.org/1999/xhtml">The film's title is a line in the <a class="external" href="http://en.wikipedia.org/wiki/Nursery_rhyme" title="Nursery rhyme">nursery rhyme</a> "<a class="external" href="http://en.wikipedia.org/wiki/Pease_Porridge_Hot" title="Pease Porridge Hot">Pease Porridge Hot</a>". It also occurs as dialogue in the film when Joe, as "Junior", tells Sugar he prefers classical music over hot jazz. The film's working title was "Not Tonight, Josephine".</p>
      <p xmlns="http://www.w3.org/1999/xhtml">The movie is not to be confused with the 1939 comedy <i><a class="external" href="http://en.wikipedia.org/wiki/Some_Like_It_Hot_(1939_film)" title="Some Like It Hot (1939 film)">Some Like It Hot</a></i> starring <a class="external" href="http://en.wikipedia.org/wiki/Bob_Hope" title="Bob Hope">Bob Hope</a>, which it doesn't resemble except for the title.</p>
      <h2 xmlns="http://www.w3.org/1999/xhtml"> <span class="mw-headline" id="Awards_and_honors">Awards and honors</span></h2>
      <p xmlns="http://www.w3.org/1999/xhtml">The film was awarded an <a class="external" href="http://en.wikipedia.org/wiki/Academy_Awards" title="Academy Awards">Academy Award</a> for <a class="external" href="http://en.wikipedia.org/wiki/Academy_Award_for_Costume_Design" title="Academy Award for Costume Design">Best Costume Design, Black-and-White</a> (<a class="external" href="http://en.wikipedia.org/wiki/Orry-Kelly" title="Orry-Kelly">Orry-Kelly</a>) and was nominated for <a class="external" href="http://en.wikipedia.org/wiki/Academy_Award_for_Best_Actor" title="Academy Award for Best Actor">Best Actor in a Leading Role</a> (<a class="external" href="http://en.wikipedia.org/wiki/Jack_Lemmon" title="Jack Lemmon">Jack Lemmon</a>), <a class="external" href="http://en.wikipedia.org/wiki/Academy_Award_for_Best_Art_Direction" title="Academy Award for Best Art Direction">Best Art Direction-Set Decoration, Black-and-White</a> (<a class="external" href="http://en.wikipedia.org/wiki/Ted_Haworth" title="Ted Haworth">Ted Haworth</a>, <a class="external" href="http://en.wikipedia.org/wiki/Edward_G._Boyle" title="Edward G. Boyle">Edward G. Boyle</a>), <a class="external" href="http://en.wikipedia.org/wiki/Academy_Award_for_Best_Cinematography" title="Academy Award for Best Cinematography">Best Cinematography, Black-and-White</a>, <a class="external" href="http://en.wikipedia.org/wiki/Academy_Award_for_Best_Picture" title="Academy Award for Best Picture">Best Director</a> and <a class="external" href="http://en.wikipedia.org/wiki/Academy_Award_for_Writing_Adapted_Screenplay" title="Academy Award for Writing Adapted Screenplay">Best Writing, Screenplay Based on Material from Another Medium</a>.</p>
      <p xmlns="http://www.w3.org/1999/xhtml">It won the <a class="external" href="http://en.wikipedia.org/wiki/Golden_Globe" title="Golden Globe">Golden Globe</a> for Best Motion Picture - Comedy. Marilyn Monroe won the Golden Globe for Best Actress in Musical or Comedy, and Jack Lemmon for Best Actor in Musical or Comedy. Marilyn Monroe won Donatello Award (Italian Oscar)!</p>
      <p xmlns="http://www.w3.org/1999/xhtml">The film has been acclaimed worldwide as one of the greatest films ever made. In 1989, it was selected for preservation in the United States <a class="external" href="http://en.wikipedia.org/wiki/National_Film_Registry" title="National Film Registry">National Film Registry</a> by the <a class="external" href="http://en.wikipedia.org/wiki/Library_of_Congress" title="Library of Congress">Library of Congress</a> as being "culturally, historically, or aesthetically significant," going in on the first year of voting.</p>
      <p xmlns="http://www.w3.org/1999/xhtml">In 2000, readers of <i><a class="external" href="http://en.wikipedia.org/wiki/Total_Film" title="Total Film">Total Film</a></i> magazine voted it the eighth greatest comedy film of all time. In 2002, <a class="external" href="http://en.wikipedia.org/wiki/Channel_4" title="Channel 4">Channel 4</a> ranked <i>Some Like It Hot</i> as the fifth greatest film ever made in their 100 Greatest Films Poll.</p>
      <p xmlns="http://www.w3.org/1999/xhtml"><b><a class="external" href="http://en.wikipedia.org/wiki/American_Film_Institute" title="American Film Institute">American Film Institute</a> recognition</b></p>
      <ul xmlns="http://www.w3.org/1999/xhtml">
	<li>1998 - <a class="external" href="http://en.wikipedia.org/wiki/AFI%27s_100_Years..._100_Movies" title="AFI's 100 Years... 100 Movies">AFI's 100 Years... 100 Movies</a> - #14</li>
	<li>2000 - <a class="external" href="http://en.wikipedia.org/wiki/AFI%27s_100_Years..._100_Laughs" title="AFI's 100 Years... 100 Laughs">AFI's 100 Years... 100 Laughs</a> - #1</li>
	<li>2005 - <a class="external" href="http://en.wikipedia.org/wiki/AFI%27s_100_Years..._100_Movie_Quotes" title="AFI's 100 Years... 100 Movie Quotes">AFI's 100 Years... 100 Movie Quotes</a>:
<ul>
	    <li>"Well, nobody's perfect." - #48</li>
	  </ul>
</li>
	<li>2007 - <a class="external" href="http://en.wikipedia.org/wiki/AFI%27s_100_Years..._100_Movies_(10th_Anniversary_Edition)" title="AFI's 100 Years... 100 Movies (10th Anniversary Edition)">AFI's 100 Years... 100 Movies (10th Anniversary Edition)</a> - #22</li>
      </ul>
      <h2 xmlns="http://www.w3.org/1999/xhtml"> <span class="mw-headline" id="Soundtrack">Soundtrack</span></h2>
      <ul xmlns="http://www.w3.org/1999/xhtml">
	<li>"I'm Through With Love", by <a class="external" href="http://en.wikipedia.org/wiki/Gus_Kahn" title="Gus Kahn">Gus Kahn</a>, <a class="external" href="http://en.wikipedia.org/wiki/Matty_Malneck" title="Matty Malneck">Matty Malneck</a>, <a class="external" href="http://en.wikipedia.org/wiki/Jay_Livingston" title="Jay Livingston">Jay Livingston</a>. Performed by Marilyn Monroe.</li>
	<li>"<a class="external" href="http://en.wikipedia.org/wiki/I_Wanna_Be_Loved_by_You" title="I Wanna Be Loved by You">I Wanna Be Loved By You</a>", by <a class="external" href="http://en.wikipedia.org/wiki/Bert_Kalmar" title="Bert Kalmar">Bert Kalmar</a>, <a class="external" href="http://en.wikipedia.org/wiki/Herbert_Stothart" title="Herbert Stothart">Herbert Stothart</a>, <a class="external" href="http://en.wikipedia.org/wiki/Harry_Ruby" title="Harry Ruby">Harry Ruby</a>. Sung by Monroe.</li>
	<li>"Some Like It Hot", by Matty Malneck and I.A.L. Diamond. Performed by Monroe</li>
	<li>"<a class="external" href="http://en.wikipedia.org/wiki/Runnin%27_Wild_(1922_song)" title="Runnin' Wild (1922 song)">Runnin' Wild</a>", by A.H. Gibbs, Joe Grey, <a class="external" href="http://en.wikipedia.org/wiki/Leo_Wood" title="Leo Wood">Leo Wood</a>. Sung by Monroe.</li>
	<li>"Down Among the Sheltering Palms", by Olmar-Brockman.</li>
	<li>"Sugar Blues", by Williams-Fletcher.</li>
	<li>"By the Beautiful Sea", by <a class="external" href="http://en.wikipedia.org/wiki/Harry_Carroll" title="Harry Carroll">Harry Carroll</a>, Harold Atteridge.</li>
	<li>"<a class="external" href="http://en.wikipedia.org/wiki/Sweet_Georgia_Brown" title="Sweet Georgia Brown">Sweet Georgia Brown</a>", by <a class="external" href="http://en.wikipedia.org/wiki/Ben_Bernie" title="Ben Bernie">Ben Bernie</a>, <a class="external" href="http://en.wikipedia.org/wiki/Maceo_Pinkard" title="Maceo Pinkard">Maceo Pinkard</a>, <a class="external" href="http://en.wikipedia.org/wiki/Kenneth_Casey" title="Kenneth Casey">Kenneth Casey</a>.</li>
	<li>"La Cumparsita", written by <a class="external" href="http://en.wikipedia.org/wiki/Gerardo_Matos_Rodr%C3%ADguez" title="Gerardo Matos RodrÃ­guez">Gerardo Matos RodrÃ­guez</a>.</li>
	<li>"Stairway to the Stars", music by Matt Malneck and <a class="external" href="http://en.wikipedia.org/wiki/Frank_Signorelli" title="Frank Signorelli">Frank Signorelli</a>.</li>
	<li>"<a class="external" href="http://en.wikipedia.org/wiki/Liebestr%C3%A4ume" title="LiebestrÃ¤ume">LiebestrÃ¤ume</a>" by <a class="external" href="http://en.wikipedia.org/wiki/Franz_Liszt" title="Franz Liszt">Franz Liszt</a></li>
      </ul>
      <h2 xmlns="http://www.w3.org/1999/xhtml"> <span class="mw-headline" id="Adaptations">Adaptations</span></h2>
      <p xmlns="http://www.w3.org/1999/xhtml">During 1972, a <a class="external" href="http://en.wikipedia.org/wiki/Musical_Theatre" title="Musical Theatre">musical play</a> based on the screenplay of the film, entitled <a class="external" href="http://en.wikipedia.org/wiki/Sugar_(musical)" title="Sugar (musical)"><i>Sugar</i></a>, opened on <a class="external" href="http://en.wikipedia.org/wiki/Broadway_Theatre" title="Broadway Theatre">Broadway</a>, starring <a class="external" href="http://en.wikipedia.org/wiki/Elaine_Joyce" title="Elaine Joyce">Elaine Joyce</a>, <a class="external" href="http://en.wikipedia.org/wiki/Robert_Morse" title="Robert Morse">Robert Morse</a>, <a class="external" href="http://en.wikipedia.org/wiki/Tony_Roberts_(actor)" title="Tony Roberts (actor)">Tony Roberts</a> and <a class="external" href="http://en.wikipedia.org/wiki/Cyril_Ritchard" title="Cyril Ritchard">Cyril Ritchard</a>, with book by <a class="external" href="http://en.wikipedia.org/wiki/Peter_Stone" title="Peter Stone">Peter Stone</a>, lyrics by <a class="external" href="http://en.wikipedia.org/wiki/Bob_Merrill" title="Bob Merrill">Bob Merrill</a>, and (all-new) music by <a class="external" href="http://en.wikipedia.org/wiki/Jule_Styne" title="Jule Styne">Jule Styne</a>. A 1991 production of this show in <a class="external" href="http://en.wikipedia.org/wiki/London" title="London">London</a> featured <a class="external" href="http://en.wikipedia.org/wiki/Tommy_Steele" title="Tommy Steele">Tommy Steele</a> and retained the original title. In 2002, Tony Curtis performed in a stage production of the film. He portrayed the character originally played by Joe E. Brown.</p>
      <h2 xmlns="http://www.w3.org/1999/xhtml"> <span class="mw-headline" id="See_also">See also</span></h2>
      <ul xmlns="http://www.w3.org/1999/xhtml">
	<li><a class="external" href="http://en.wikipedia.org/wiki/Cross-dressing_in_film_and_television" title="Cross-dressing in film and television">Cross-dressing in film and television</a></li>
	<li><a class="external" href="http://en.wikipedia.org/wiki/Bollywood" title="Bollywood">Bollywood</a> remake <i><a class="external" href="http://en.wikipedia.org/wiki/Rafoo_Chakkar" title="Rafoo Chakkar">Rafoo Chakkar</a></i></li>
      </ul>
      <h2 xmlns="http://www.w3.org/1999/xhtml"> <span class="mw-headline" id="Notes">Notes</span></h2>
      <h2 xmlns="http://www.w3.org/1999/xhtml"> <span class="mw-headline" id="External_links">External links</span></h2>
      <ul xmlns="http://www.w3.org/1999/xhtml">
	<li><a href="http://www.imdb.com/title/tt0053291/" rel="nofollow"><i>Some Like It Hot</i></a> at the <a class="external" href="http://en.wikipedia.org/wiki/Internet_Movie_Database" title="Internet Movie Database">Internet Movie Database</a></li>
	<li><a href="http://tcmdb.com/title/title.jsp?stid=16637" rel="nofollow"><i>Some Like It Hot</i></a> at the <a class="external" href="http://en.wikipedia.org/wiki/Turner_Classic_Movies" title="Turner Classic Movies">TCM Movie Database</a></li>
	<li><a href="http://www.allmovie.com/work/45555" rel="nofollow"><i>Some Like It Hot</i></a> at <a class="external" href="http://en.wikipedia.org/wiki/Allmovie" title="Allmovie">Allmovie</a></li>
	<li><a class="external" href="http://en.wikipedia.org/wiki/Roger_Ebert" title="Roger Ebert">Roger Ebert</a>'s <a href="http://rogerebert.suntimes.com/apps/pbcs.dll/article?AID=%2F20000109%2FREVIEWS08%2F1090301%2F1023" rel="nofollow">review of <i>Some Like It Hot</i></a></li>
	<li><a href="http://film.virtual-history.com/film.php?filmid=1819" rel="nofollow">Literature</a></li>
      </ul>
      <p xmlns="http://www.w3.org/1999/xhtml"><span id="interwiki-hu-fa"></span></p>
    </wiki:description>
  </wiki:film>
</wiki:nominee>